{"type":"FeatureCollection","name":"Bristol Bay Watershed","bbox":[-162.271345,55.867403,-152.779332,60.927855],"features":[{"type":"Feature","id":"bristol-bay-watershed","properties":{"name":"Bristol Bay Watershed","description":"Unified watershed draining to Bristol Bay, Alaska","drainage_groups":["Nushagak","Kvichak","Togiak","Naknek","Egegik","Ugashik","Port Heiden"],"source":"U.S. Geological Survey Watershed Boundary Dataset (WBD)","source_service":"https://hydro.nationalmap.gov/arcgis/rest/services/wbd/MapServer/4","source_huc_level":"HUC-8","source_huc8_codes":["19030201","19030202","19030203","19030204","19030205","19030206","19030301","19030302","19030303","19030304","19030305","19030306"],"source_huc8_names":["Port Heiden","Ugashik Bay","Egegik Bay","Naknek","Lake Clark","Lake Iliamna","Upper Nushagak River","Mulchatna River","Lower Nushagak River","Wood River","Togiak","Nushagak Bay"],"source_area_sq_km":117075.59,"coordinate_reference_system":"WGS 84 (EPSG:4326)","web_simplification_tolerance_degrees":0.0005},"geometry":{"type":"MultiPolygon","coordinates":[[[[-158.23181516443245,56.8946152252522],[-158.22573043933016,56.892947451125394],[-158.22487186192092,56.88951819409094],[-158.22395071325892,56.88868540286855],[-158.21820687185755,56.886789266339825],[-158.2157640453762,56.88467875635857],[-158.21233190337415,56.88350048811548],[-158.20957475637485,56.88051935860991],[-158.2094848457947,56.8737207436793],[-158.20411370282832,56.867919655605526],[-158.1976199352513,56.864252518077194],[-158.1878115486676,56.86038330744709],[-158.17886842745042,56.86029189007681],[-158.16783673487578,56.858741486678134],[-158.15033099633786,56.85840906912894],[-158.13005676148538,56.86239203225199],[-158.1203122451184,56.8651670754718],[-158.10427950738955,56.86412950813644],[-158.09999007346744,56.866901527966164],[-158.084115816521,56.869697107245784],[-158.07634287672548,56.878105643944146],[-158.07242763603497,56.87800397507089],[-158.05780458585392,56.87406961063428],[-158.0438274342436,56.87179150067391],[-158.0318184366236,56.87265571485383],[-158.02169172752738,56.87646604526153],[-158.017742720962,56.87687918838356],[-158.01301572844477,56.87660290552252],[-158.00600350538807,56.87414043693402],[-157.9954732164724,56.87239176790789],[-157.9870247283119,56.86628427089701],[-157.9874647213414,56.861148749422625],[-157.98316800747227,56.85811382017625],[-157.9700768543452,56.85380331206161],[-157.96201833562932,56.85256978083751],[-157.95124596062604,56.84656898278594],[-157.94809820548,56.84592306286838],[-157.94550087775292,56.846971743173235],[-157.9413284502949,56.846708060524854],[-157.92750549450312,56.84246236267744],[-157.92889707291314,56.84032645964658],[-157.92872660141825,56.833669324128344],[-157.93239860887257,56.83101659004514],[-157.93449084266146,56.82816680900534],[-157.93561549476962,56.81820707762336],[-157.92777998731458,56.816263421183194],[-157.9187320830094,56.81235880010001],[-157.91472157867796,56.81223893326398],[-157.9128704643894,56.81309436562319],[-157.9033467566142,56.81051250470976],[-157.89201326154512,56.80465662957874],[-157.88911039073878,56.80108984522857],[-157.88841463477146,56.79388764583108],[-157.8889528289329,56.78815797737693],[-157.89276075598121,56.782113385684134],[-157.8970251843991,56.77924325435581],[-157.9081503700353,56.7758093342614],[-157.9172392069747,56.77099349384377],[-157.9203527758343,56.77082639021559],[-157.922467432471,56.77238753013699],[-157.9297486560395,56.77280033965744],[-157.93548525791803,56.771866101494254],[-157.9367592324843,56.76959662437421],[-157.93079681749956,56.76395362545875],[-157.92847584479156,56.76273186053476],[-157.90967532940033,56.76315654974645],[-157.90764362140035,56.76094405407068],[-157.90593306201274,56.76058347418729],[-157.89820172229975,56.76274442540533],[-157.8908156536595,56.76331417649372],[-157.8838577193887,56.76248969730082],[-157.8785080623272,56.760499379318],[-157.87162778202278,56.761533977100704],[-157.86668165178023,56.76132599783433],[-157.84700994573492,56.756963621981676],[-157.8395739864604,56.75360794412038],[-157.8381082296658,56.75239072233247],[-157.83771153453463,56.75093549058296],[-157.8404374695694,56.74970654633026],[-157.85006216235556,56.75049863449172],[-157.85349244394666,56.74817824468239],[-157.86325439571502,56.74588241416363],[-157.86512375299034,56.74466999521599],[-157.86657885486733,56.7395688632995],[-157.87283403439645,56.732875441091664],[-157.87145728088356,56.7281848667191],[-157.87358327156423,56.72306206263763],[-157.87267013138296,56.71648999340403],[-157.87547284003512,56.7143052120222],[-157.87585476506638,56.71276320879854],[-157.87957101904,56.71146361052565],[-157.88579333819595,56.70777215908166],[-157.88899141516757,56.70532487944642],[-157.8907890401709,56.702839369321005],[-157.89967315734523,56.7019216239196],[-157.9098207235257,56.69695486702134],[-157.9158995745443,56.69536152038452],[-157.92508947913973,56.69532990214462],[-157.93143887128087,56.69188530480004],[-157.93772681596167,56.69042948003522],[-157.94582560255847,56.69209469953718],[-157.95047606400337,56.694686850605855],[-157.9519794215808,56.69763107644918],[-157.95324153119878,56.69835481643941],[-157.96060396516395,56.698529869648745],[-157.96462705848577,56.700360452231955],[-157.9683148259834,56.70050568729092],[-157.97176616677973,56.69793128997173],[-157.97426501849037,56.69691799715703],[-157.9781707855479,56.69683957255525],[-157.97873802583575,56.69592291199082],[-157.9792079722901,56.690236647763726],[-157.98076474010105,56.68810668935372],[-157.98077375110168,56.685695029420636],[-157.9794674497616,56.68096514985525],[-157.97690908556166,56.678371823053354],[-157.98249765406453,56.6748452715387],[-157.9862123314948,56.67387475658651],[-157.99232243669877,56.669864835088795],[-157.99901023588555,56.669743661407566],[-158.00078822641166,56.67129803300486],[-158.00607407613847,56.672486781064265],[-158.01098984152782,56.67581632359978],[-158.0196216587698,56.67681035659399],[-158.02279365405548,56.678068641675054],[-158.0237120871104,56.677871786371895],[-158.02563277591767,56.67494735264113],[-158.02906238287403,56.67360246087814],[-158.0390768959845,56.673118755065445],[-158.04186065647238,56.67224408938436],[-158.04495335836623,56.6681491611233],[-158.04826446675676,56.66684089296035],[-158.06322428186317,56.669116633430875],[-158.07643305590193,56.67279679568366],[-158.08133442668716,56.67080198233931],[-158.0817857232179,56.66968904195727],[-158.07683654229663,56.662055606689336],[-158.0758501355208,56.65866266337057],[-158.07119535677265,56.6560752230217],[-158.06930913722115,56.6546584838258],[-158.06937860663697,56.65392433350716],[-158.07465758784517,56.650719443841965],[-158.0918713802039,56.6490900472841],[-158.09469561249028,56.645368495404156],[-158.09384105863523,56.63992530517112],[-158.09467351662923,56.63854430325948],[-158.10588143710308,56.635458315622316],[-158.1146601738098,56.63512637440556],[-158.11382045024178,56.631179650891916],[-158.11588291745542,56.62838778107086],[-158.11535513027653,56.626933721869456],[-158.118281188397,56.625287085258286],[-158.120098335588,56.62147011440687],[-158.12154720764852,56.620223061374624],[-158.121748803073,56.61899361754828],[-158.12087144638275,56.617863374123154],[-158.12658541430937,56.61497358080053],[-158.13098602013778,56.60972067840585],[-158.13263281261496,56.606021485764195],[-158.13905751052638,56.60461617705267],[-158.1392145746656,56.603600269609245],[-158.13716141848988,56.60111317406827],[-158.1405567726844,56.59702947841199],[-158.14515083609916,56.593901070859566],[-158.151640198338,56.592405404079614],[-158.15907792459868,56.591664476060004],[-158.1659015661244,56.5934965247983],[-158.16830968619476,56.59141718735958],[-158.1709923071614,56.58743191942338],[-158.1701584325242,56.583995929100205],[-158.17181987562535,56.581970801197755],[-158.17509636474148,56.57910551458339],[-158.1777013533013,56.57810003613977],[-158.17805491312916,56.57686425293998],[-158.18159633698215,56.57518730335495],[-158.1823659632119,56.573306962996824],[-158.18141706379413,56.571814170490555],[-158.18184535986038,56.57080119559839],[-158.18638039407944,56.5707864217223],[-158.1897737665905,56.567602869440314],[-158.19513708972238,56.56465009694682],[-158.19554469489265,56.56301036402247],[-158.19735408692782,56.56116497109596],[-158.2103852209158,56.559769406852986],[-158.21437999125502,56.56316616654146],[-158.21779115939185,56.56240518968907],[-158.2318592744078,56.565035028036654],[-158.23488311055368,56.56629777990181],[-158.2382726670214,56.569144691561],[-158.2430430697264,56.570930499059074],[-158.2458649816644,56.57356903807436],[-158.2499911054611,56.57493522176538],[-158.2529783990395,56.57809539400205],[-158.2572503095254,56.57937065369611],[-158.26469454408027,56.57517190572685],[-158.26507124450984,56.57240640498741],[-158.26907920660904,56.56921291075444],[-158.28461113805858,56.56636603838111],[-158.27926717631604,56.56213513307969],[-158.27927715210728,56.56133619537234],[-158.28505893026144,56.5602466530407],[-158.29599961002307,56.55476614883219],[-158.30163477234308,56.55332445134852],[-158.30524024158424,56.55335257293915],[-158.30806467599157,56.55005718214425],[-158.3120970318423,56.54755987833237],[-158.32499439949794,56.54575706120127],[-158.32922844329963,56.54584744179957],[-158.33451120102524,56.54320453830083],[-158.34709053812085,56.53918587187722],[-158.35465988284201,56.5392262364101],[-158.36485895752256,56.53330918129044],[-158.36562199371141,56.53124204634089],[-158.37140015973984,56.52866492484089],[-158.374540558582,56.52482842367401],[-158.37583486831133,56.52482418080339],[-158.3780179002159,56.52714794867601],[-158.37993945140585,56.52795529306679],[-158.38637984558025,56.52874776406578],[-158.39191232148013,56.52801840217422],[-158.3947633559013,56.526744850464254],[-158.4020542875631,56.52733429211821],[-158.40682193962667,56.52644676890975],[-158.41138112595053,56.52431155252108],[-158.41196419994355,56.52270700689418],[-158.4134219204096,56.521697967230146],[-158.41376255348052,56.52001671307807],[-158.41538680453226,56.51910137095877],[-158.41667271321708,56.51560254234145],[-158.41603246684608,56.51009193739618],[-158.41727491503747,56.50794965106109],[-158.42543885644182,56.50525347802654],[-158.43102798279844,56.507586700253476],[-158.43686798525775,56.5083557147682],[-158.44515672062138,56.50158840278953],[-158.44669131711282,56.49760915696223],[-158.44898875755365,56.49671118201556],[-158.4580486103504,56.4965184411408],[-158.46420480811162,56.499884701444515],[-158.46842180548248,56.500955143349],[-158.48303204299265,56.50166664325312],[-158.49022579221207,56.50059958795262],[-158.4965454078965,56.501476203752425],[-158.50173913269597,56.510439785234816],[-158.49965704268328,56.51140204006467],[-158.49594510601293,56.51532079229403],[-158.5012767078355,56.51971462554084],[-158.50556020838516,56.520010839303325],[-158.50928451845022,56.52144046880002],[-158.5192062095407,56.51937094771545],[-158.52820630191323,56.51635097258139],[-158.541689541814,56.514830167827675],[-158.54629220659757,56.517067181626366],[-158.56157088320558,56.5160326471035],[-158.56498422616372,56.51703019322857],[-158.56912550723422,56.51949786838453],[-158.5754296880654,56.51834543010381],[-158.58402997174602,56.51423785029163],[-158.5903821342915,56.514095604503474],[-158.5965467537585,56.51534395972158],[-158.59858391453227,56.514452994043225],[-158.60037439433574,56.516538702780146],[-158.60286783279852,56.517213726394466],[-158.60561260999629,56.516595162655605],[-158.60720465285186,56.5150505830654],[-158.60983581382746,56.51743210033038],[-158.60799340241743,56.521097637643344],[-158.60726569607036,56.52703150387301],[-158.6183928903395,56.53185499892054],[-158.62094082060742,56.53438215254983],[-158.62166077449356,56.536180540597734],[-158.62583144035534,56.536990485649845],[-158.63552369902732,56.535776113886115],[-158.63806496918568,56.533752353141196],[-158.64776500367475,56.53260797685455],[-158.6521855835435,56.52968387227145],[-158.66730783381615,56.528813284629685],[-158.67431657230784,56.529326048192104],[-158.6761506069279,56.53150896460305],[-158.68098288738628,56.53363240504647],[-158.68001983770617,56.537236498770895],[-158.6785366895277,56.538806384223484],[-158.68129645331936,56.540724998337716],[-158.68269737600497,56.543766382081934],[-158.6905845653349,56.5454425547668],[-158.69332678772403,56.54439413902018],[-158.6986369620321,56.54477204735342],[-158.7074203394356,56.53932152764193],[-158.70837237577032,56.53705865385361],[-158.72068093009662,56.53064158409873],[-158.73182255490246,56.53324319591157],[-158.73605211072103,56.53285932747271],[-158.74082141837965,56.53070626959045],[-158.7514875190916,56.53322497290558],[-158.76773270030031,56.53301084177304],[-158.77331483866234,56.53190504685235],[-158.77577275055225,56.5332629308039],[-158.7760847561117,56.53564760071243],[-158.77434680259952,56.53959743058986],[-158.77309555720655,56.54073139736591],[-158.77428397263193,56.542881558680456],[-158.77395438075416,56.54650440809431],[-158.77694953099808,56.54799793800501],[-158.77750478416675,56.55025877907031],[-158.77942269178993,56.55183777879323],[-158.78401210103314,56.55322508637913],[-158.788148023653,56.55293236296101],[-158.78830364419954,56.553525435746366],[-158.78777544379565,56.55523004907948],[-158.78548853340658,56.55637673253627],[-158.78574260661335,56.55890632503416],[-158.78382000169955,56.562635233513106],[-158.78600056413538,56.56423224969236],[-158.7806577172021,56.568781688374195],[-158.77698228896318,56.570425511849585],[-158.77938374533076,56.574696183870195],[-158.78724572793385,56.57806526066611],[-158.79080692819787,56.578708515411755],[-158.79714671914525,56.57818533024692],[-158.80530074674215,56.57390838222641],[-158.81269504035714,56.57214377601151],[-158.81595209082886,56.569502489324385],[-158.81861967309933,56.56397393113499],[-158.81717346005212,56.56009369975773],[-158.82371543841373,56.55779158856566],[-158.82879060985024,56.55714990876721],[-158.83471855737585,56.55452536200678],[-158.83739401787136,56.5545606502666],[-158.84355810912902,56.55693808676112],[-158.85677769798548,56.55739082097684],[-158.868432056901,56.56077311937509],[-158.88517455443417,56.56126555621408],[-158.89819308056715,56.565503062492354],[-158.90639583098837,56.566895989062466],[-158.91795181360055,56.56602538323829],[-158.93757672730104,56.56957524168311],[-158.94805152907824,56.56818951441343],[-158.95689859074716,56.56945017344103],[-158.96388574182427,56.569207972065485],[-158.96947891329464,56.5682666800298],[-158.97674565332585,56.56425248023722],[-158.984509335084,56.562220454287214],[-159.00437602585163,56.561605588929076],[-159.0290365608616,56.56274903103103],[-159.0359597509922,56.56179206232666],[-159.0519291682733,56.557200133179386],[-159.06787563449723,56.55598770418251],[-159.07650336799796,56.55257744507127],[-159.08019483565624,56.54749652794133],[-159.08287500242557,56.54550514051153],[-159.09364364672544,56.547137132512255],[-159.10818803503034,56.545936674279055],[-159.1173234217695,56.53807702481483],[-159.12439740310364,56.530679906732374],[-159.13214373569872,56.52646775146172],[-159.13718602789749,56.52621087901979],[-159.14585338878035,56.52801127021322],[-159.14986307474658,56.53117927799349],[-159.1526761975678,56.53231120121232],[-159.15952675621273,56.53143332614598],[-159.16143806032025,56.53047474803927],[-159.1629980432016,56.527569207393775],[-159.16206476638493,56.52418617559249],[-159.15914096752743,56.51945351190982],[-159.15943054574748,56.51587189866206],[-159.16195801059658,56.51063450199901],[-159.16189405953148,56.50897608347466],[-159.16527844799137,56.50819678622197],[-159.1708193276307,56.5054930905335],[-159.1721371193216,56.50456758616652],[-159.1730485203645,56.501812551972996],[-159.17451458977277,56.500896001191734],[-159.18385329849838,56.50004763084104],[-159.18963134774577,56.49813112609787],[-159.20140731249967,56.4914657635993],[-159.21021406586345,56.48272418507988],[-159.21734933475784,56.470822586057665],[-159.22596823332776,56.460359946414066],[-159.22503970500568,56.455351062317504],[-159.22643293721416,56.44991232840413],[-159.22929998230862,56.44556013121267],[-159.23434925351887,56.44130056734307],[-159.23562517024274,56.438919835169486],[-159.23556928335398,56.43615093876335],[-159.23130324785006,56.42922071917167],[-159.2306538422565,56.42586704048555],[-159.23185165944957,56.41818180641029],[-159.23140700416374,56.41298722267639],[-159.23502970309207,56.40740376331854],[-159.2587376654731,56.39431742772871],[-159.26371215463084,56.39020012514476],[-159.27085669863055,56.38227597279236],[-159.27967718633676,56.375099457909286],[-159.2839027814832,56.370238865905414],[-159.2861607786965,56.363855295101324],[-159.2851427880536,56.35998981640156],[-159.29334340677272,56.3500438070995],[-159.29290546908857,56.34024431830618],[-159.29590814002802,56.33400400715499],[-159.29683601257992,56.329852095782805],[-159.29558237407505,56.325867191194035],[-159.29556957757384,56.321662914616866],[-159.29201071472622,56.318155833950534],[-159.28870970519606,56.311724397782655],[-159.28899473614413,56.306050463762524],[-159.29515914810028,56.29764964466884],[-159.29582133312715,56.29357095778268],[-159.29908322551825,56.287541708825984],[-159.31096022648705,56.28331448682182],[-159.32030065997802,56.28221184891237],[-159.32100598300312,56.27874463869984],[-159.323913206147,56.27556693677233],[-159.3239114068215,56.27051014748721],[-159.32534138282,56.26810296717948],[-159.32487312609666,56.266185653867105],[-159.33098792679465,56.26060924229351],[-159.33587718828986,56.24856759540883],[-159.34097642738942,56.241273663176635],[-159.34445160049026,56.2381049307949],[-159.3379283942231,56.23557753287743],[-159.33634654904264,56.23254700835355],[-159.32634131642737,56.23269446424053],[-159.31800105998724,56.23096960083629],[-159.31423872693117,56.228864174355344],[-159.31122237195498,56.22818794042725],[-159.30779849445352,56.225344830863854],[-159.29937902367334,56.22114117930809],[-159.29687325224003,56.217662922049584],[-159.29092250906578,56.213446648872484],[-159.29123642085023,56.20883389963772],[-159.28901618431988,56.20655794705497],[-159.2911420043206,56.203168074943264],[-159.29058725241183,56.19738431431742],[-159.29870404663686,56.1969730412034],[-159.31067024941504,56.193165068132735],[-159.3158515289546,56.19014102367524],[-159.32395575395213,56.18160476506772],[-159.34569267875082,56.18187534306266],[-159.35783765525372,56.180615671653726],[-159.3762525445547,56.17700099210117],[-159.38825264436184,56.1757763438677],[-159.39706866744103,56.171298952176194],[-159.40152843002588,56.172144156990335],[-159.4129778248346,56.18095550649115],[-159.41702105209689,56.182644311979054],[-159.4251437428634,56.18254140961304],[-159.43300937172822,56.187609017477804],[-159.4411591233444,56.18803510708993],[-159.45135163583174,56.180476941570454],[-159.45668888176922,56.1774616650567],[-159.45833633360982,56.17483911819105],[-159.45701967469452,56.17233055622425],[-159.45874329109478,56.168833886217676],[-159.46804471883777,56.16453878318309],[-159.4689345827717,56.160194690820845],[-159.47080269049047,56.15855126160763],[-159.4857533894933,56.15185193499385],[-159.49731179755673,56.14977579937124],[-159.49860448942025,56.148707766022376],[-159.4984516258033,56.14763199215943],[-159.49739072174097,56.145634326837026],[-159.49445825414094,56.143702685794764],[-159.49258056049982,56.13936440707535],[-159.48980761572793,56.135577157874415],[-159.49201219911447,56.133164956724706],[-159.49908315582107,56.12855547615006],[-159.50299853575044,56.12427934977463],[-159.50346361872585,56.12175413734289],[-159.50213799552233,56.12076883127225],[-159.50208854596093,56.11840111599131],[-159.5057096863122,56.114874121906674],[-159.50694788277735,56.10938788076996],[-159.50976168472496,56.106702093003925],[-159.51797657497895,56.10375529941464],[-159.5190464478211,56.100522467556495],[-159.51760348757347,56.09740992006378],[-159.51096990351073,56.09251998463111],[-159.509513842233,56.08925220640132],[-159.5112450413126,56.08578191129812],[-159.51165285668864,56.082869961526605],[-159.5100599622302,56.0773831965622],[-159.50852584813407,56.075779701497055],[-159.5070742910092,56.0713598259988],[-159.50685487390774,56.06242776022048],[-159.5092884755895,56.05865151544767],[-159.51417846382174,56.05509926590331],[-159.52235711963044,56.054193054448085],[-159.52693625843506,56.05172550188961],[-159.5266654172752,56.046984973074046],[-159.52471004002322,56.04380704796953],[-159.52491082067576,56.03766793486197],[-159.53003122947334,56.03601473968623],[-159.53461315844518,56.035932658349154],[-159.5415600308616,56.034468129587054],[-159.5484144333976,56.03618711931066],[-159.55820180120028,56.03729691440165],[-159.56259157873626,56.03919437096208],[-159.56739657735946,56.03992514428137],[-159.57163167668162,56.03711497198411],[-159.58049733078195,56.0352608001364],[-159.5842430917177,56.03308812877377],[-159.58467661687718,56.03181340272979],[-159.5825896085883,56.028107554660686],[-159.58457941826515,56.027510103428675],[-159.58603220428532,56.02469656272729],[-159.58848570724382,56.02461182376787],[-159.59951685094785,56.027330226186194],[-159.60559227938523,56.024421435909396],[-159.6155867852177,56.02151183807512],[-159.62070714999783,56.0170536697922],[-159.62748827246455,56.013966156809175],[-159.6368967964574,56.011102889908486],[-159.6388335067178,56.00968437232429],[-159.64114963211648,56.005380548121636],[-159.64594094670298,56.00372945091361],[-159.65012646530965,56.000735579758214],[-159.65222239117438,55.997715380498995],[-159.6567544645463,55.99595672805727],[-159.66153427620557,55.99907036061453],[-159.66933945204502,56.00067153616549],[-159.6789031815628,56.00437823896403],[-159.68360572103964,56.00378072795213],[-159.6880798045667,56.00112065032771],[-159.69570442172903,55.9992634012393],[-159.7098475272066,56.001153650026666],[-159.72338868778198,55.99985260267834],[-159.72814711863919,55.99802873357496],[-159.73558027157677,55.99720642192715],[-159.74640664790502,56.0003532410244],[-159.7532046488176,56.000177666811],[-159.7589601440632,56.00240740774501],[-159.76475419050917,56.002516503687],[-159.7707893618454,56.004526428779705],[-159.77247523193574,56.00629488444225],[-159.77544244816755,56.00758042341527],[-159.78986229943132,56.01116357114968],[-159.7934564867309,56.00651615845542],[-159.79803212120757,56.00554278430261],[-159.80019021677813,56.00387563308834],[-159.80220095630278,56.003546971048856],[-159.8064368712952,56.00365033221035],[-159.8109735233801,56.00587800840703],[-159.81818425165673,56.00665242280286],[-159.82343321116812,56.00610085735941],[-159.82678280248714,56.003590061589335],[-159.83428122791156,56.00027722331139],[-159.83725386817108,55.996930033222945],[-159.8363463523418,55.99163367674319],[-159.83702090447517,55.98829405116914],[-159.83857173082885,55.98589804883665],[-159.83677976790682,55.98364644102924],[-159.8432017232617,55.98007420581328],[-159.84850022486097,55.97549895693274],[-159.85877024219442,55.975001436338545],[-159.8663745511431,55.976507148012175],[-159.87783485868593,55.976903590745266],[-159.88996577655462,55.96976042924862],[-159.90255786074414,55.966233628868686],[-159.9151246690365,55.96516981806128],[-159.91578586591652,55.96372691674864],[-159.9198893431849,55.96039131574696],[-159.92679422115842,55.959135256334676],[-159.93063189861232,55.95672406031654],[-159.93780191613857,55.95582067280808],[-159.94047790664013,55.9536253208667],[-159.9453461035402,55.953887335596306],[-159.94813875195953,55.95249276348364],[-159.95629052568336,55.95170280482715],[-159.96002738251798,55.95239669107841],[-159.9635749355762,55.94656005328796],[-159.9719010148045,55.94528979086814],[-159.98033063115753,55.9420598742581],[-159.99208830172063,55.934382424518624],[-159.99503342388803,55.93392222218057],[-159.99460763232483,55.93144123146346],[-159.99544131741752,55.93040393499884],[-160.00863863973305,55.92692981033346],[-160.0176663813517,55.926036460337905],[-160.0238951486148,55.921752854659196],[-160.0285824841055,55.91987166970704],[-160.02790052356596,55.91646885727811],[-160.02831634921944,55.914262446264885],[-160.03348879562475,55.91211284651272],[-160.0408100921398,55.91247351045681],[-160.0410689057563,55.91101535180902],[-160.04476861096575,55.906993974968366],[-160.04955360141267,55.903584162912665],[-160.04801164861735,55.89829806476197],[-160.04813790772883,55.89259836232279],[-160.05043638662212,55.89147013368854],[-160.0553218338706,55.892429406993436],[-160.06204005180956,55.89131367182485],[-160.0684226977859,55.88875509618971],[-160.0671642793454,55.88750414744947],[-160.0681160354058,55.88625403803751],[-160.0685750296002,55.883236951625776],[-160.07080797908847,55.88213068980509],[-160.0714428571273,55.880191344456996],[-160.0954259231742,55.867902798402525],[-160.10017584878227,55.867402980965],[-160.11146746259618,55.86807734199843],[-160.11232072197893,55.87243795492804],[-160.11187012254084,55.873624453898216],[-160.11544862795046,55.87822526940877],[-160.12016746735816,55.880249877018116],[-160.13041906294012,55.879126890235824],[-160.13618926540352,55.879894978740346],[-160.1374786811112,55.8825547931287],[-160.1407778140607,55.884824062129944],[-160.15147948087136,55.889491934954854],[-160.15412930255036,55.89152774200615],[-160.15490834402263,55.89417586667546],[-160.1565282418385,55.8961508846399],[-160.15571518296306,55.89758493286183],[-160.1564671977217,55.89843379942361],[-160.16134887294433,55.90126749734623],[-160.17588954761382,55.90539940746371],[-160.17788502925336,55.91023400123111],[-160.1808184409827,55.91191123614415],[-160.18801324482428,55.909551461289595],[-160.19131499097296,55.90763036647432],[-160.1901076031288,55.90537994686066],[-160.19095546633162,55.90434389811557],[-160.194781591451,55.90341868081403],[-160.20682675344773,55.903835288383725],[-160.20921386012694,55.90285168998267],[-160.21173965590629,55.89903833697498],[-160.21583958303265,55.89731608877548],[-160.22355577086176,55.896471132477366],[-160.23517516734645,55.898859235044725],[-160.24341271401025,55.895003542315905],[-160.2571242140281,55.895021676858725],[-160.25946605460015,55.89413448366405],[-160.26359109682525,55.89040677006907],[-160.269809546039,55.88876077979643],[-160.2751866385476,55.88878029558874],[-160.28017119512472,55.89009829691555],[-160.28394884984633,55.888905549774734],[-160.29940715986677,55.892010871034024],[-160.303619377302,55.89117575370438],[-160.30708022676558,55.89152499813116],[-160.3124365987338,55.89001809032032],[-160.31713001042905,55.89106490291784],[-160.3191703602221,55.89480773072174],[-160.31839592800557,55.89765294076186],[-160.32133839026142,55.90054721318041],[-160.3308248772411,55.903701222861436],[-160.33447815661836,55.904090601490054],[-160.3391454057793,55.90631581728317],[-160.34199040711502,55.90611590647195],[-160.35455348919558,55.90893129182475],[-160.3570581215651,55.91659778360239],[-160.35979314036396,55.918453369431326],[-160.3646114574096,55.919948753083645],[-160.3637142030358,55.92146576848755],[-160.36406958285042,55.92373549826846],[-160.36538526889026,55.924656484738776],[-160.36597046470402,55.9268756844482],[-160.3652671512102,55.93023910178183],[-160.3716384577527,55.93469574945371],[-160.37555793669472,55.93629645888496],[-160.37930685610704,55.940322600892074],[-160.38146360869624,55.93914411429358],[-160.3880005466108,55.937742032078845],[-160.39271147006423,55.93918501056491],[-160.39762234682178,55.942303387465635],[-160.4014818811849,55.94351133909129],[-160.40493673349567,55.94350182310246],[-160.41032930217995,55.94217956941985],[-160.42647661193845,55.94689203539828],[-160.43270426888387,55.947820882350804],[-160.44053366150678,55.94778682154691],[-160.44766841027663,55.950338230038874],[-160.45809768723186,55.949442304226324],[-160.46340723631252,55.950773686841934],[-160.46827080239734,55.95356883578808],[-160.46919581471337,55.95894601460727],[-160.47238066039918,55.96335546378317],[-160.47481926210375,55.97552049447194],[-160.47638333231967,55.97802920449003],[-160.48087718147795,55.981102389779075],[-160.48216711012364,55.983015628990145],[-160.4835447772232,55.99146698529154],[-160.48285455847125,55.99553884120877],[-160.48437635217323,55.99809664617428],[-160.48179087951297,56.000255043015336],[-160.48196051467633,56.002694782187305],[-160.48655517008078,56.00611677423154],[-160.4923844951646,56.00889063869295],[-160.50018678471707,56.009750687518505],[-160.5017371619131,56.01766802592464],[-160.50366478212115,56.01928730460912],[-160.50168155350207,56.02105790369069],[-160.5032650273281,56.02501003537072],[-160.50459622278137,56.026516259127426],[-160.50863616310798,56.02688984594871],[-160.51068556522418,56.02892425394483],[-160.5237093806375,56.02663359184172],[-160.5345535714562,56.023714161409885],[-160.54104819512762,56.02109016992696],[-160.54976305263452,56.01509949872009],[-160.55051266350145,56.01427101186535],[-160.55022318319777,56.01311838225131],[-160.5529290822084,56.01249173296154],[-160.55595410592704,56.010535604529544],[-160.57403622151756,55.993648689078206],[-160.57899447003328,55.98650404429199],[-160.58103549266448,55.98119090909165],[-160.584765305809,55.97897091999841],[-160.62860469247184,56.043033543020606],[-160.6162954671041,56.0515826918513],[-160.61061688740978,56.06033874481071],[-160.6062904581693,56.06549811062984],[-160.60060972880652,56.070696378589645],[-160.59108634352648,56.077104567008526],[-160.58730507128928,56.08052830654764],[-160.57444970436472,56.09452680281854],[-160.5708787394136,56.10109001552182],[-160.5665434384114,56.10668014464881],[-160.56102005525884,56.11193316807945],[-160.5537173700399,56.11719898484917],[-160.54635088736774,56.124803765500765],[-160.54547463291036,56.12682651356615],[-160.54703351086394,56.13742132384976],[-160.54596272353683,56.144357178538215],[-160.5416930139234,56.15362074774256],[-160.53410287679668,56.16305977513363],[-160.5335987584289,56.17195200676862],[-160.5297070086831,56.18243343540054],[-160.52528989810796,56.19018784677914],[-160.51583515579372,56.20279524773486],[-160.51051750929912,56.21214264380483],[-160.50465317507204,56.219339448795544],[-160.50097997016348,56.22635469690363],[-160.4962109805084,56.23902451511527],[-160.4878283702993,56.251711824392544],[-160.47726673287514,56.270800087579865],[-160.4657837662276,56.287859630468986],[-160.45951620701558,56.29487090230508],[-160.43964731178224,56.31200811595924],[-160.42051344686044,56.32417504692694],[-160.38220100696685,56.34504031403449],[-160.3625120344035,56.35247508783011],[-160.3341291575372,56.35932468010199],[-160.3071189486459,56.372732451011444],[-160.29829457931942,56.37758780008516],[-160.27736197189014,56.39401739017565],[-160.2466036520703,56.415179527593686],[-160.2309508837403,56.425029001842525],[-160.21175832649112,56.43514900498759],[-160.20134605194926,56.439045906797546],[-160.1887899623549,56.44237832218357],[-160.16004785639308,56.45316544723512],[-160.14838809231443,56.45654901177157],[-160.12717519344855,56.460650436755586],[-160.1079286007384,56.46211439878068],[-160.03868946440141,56.49263830856877],[-160.01777083565628,56.504142709470365],[-159.99960560703738,56.51252631553673],[-159.96277506756238,56.53641500722248],[-159.90919937243928,56.568799557728084],[-159.8921278732215,56.578201798859105],[-159.87821730474008,56.5842068130309],[-159.83145414527078,56.600570157574786],[-159.68494844547124,56.640497564796995],[-159.66417595824979,56.64767350391901],[-159.62285580876636,56.65893750016872],[-159.56055475213574,56.68213704375811],[-159.55079382444686,56.689629976793626],[-159.53333908147098,56.69945950947416],[-159.49917144045057,56.715774840008],[-159.47759420556667,56.72307369787597],[-159.4574731532331,56.72758360755594],[-159.4378512057697,56.73722949480144],[-159.42388230249034,56.74260993701828],[-159.39893078699018,56.750170342140564],[-159.3802234439619,56.75464986435172],[-159.35762783754944,56.75789061108451],[-159.32139487087616,56.76559880745358],[-159.3044852858018,56.77312912974009],[-159.27795832292267,56.78319007257841],[-159.26384461660936,56.78714309719858],[-159.24978297126006,56.78955790179593],[-159.19793459898608,56.81028915770682],[-159.15374679714702,56.82402981925022],[-159.14113972097377,56.82718599798914],[-159.10969645102114,56.8401092795102],[-159.09519376969826,56.84902414422772],[-159.07862468743912,56.85552792224801],[-159.0287626995658,56.88334609115637],[-159.01297337114292,56.89349259488347],[-158.99407704952836,56.90327676237758],[-158.9719042073566,56.91192188027915],[-158.96353144807284,56.91646342497089],[-158.9497603978365,56.92241640370859],[-158.91398271980708,56.93448351092741],[-158.89751166620331,56.938382360979546],[-158.88645844101129,56.942334576863686],[-158.87343676089338,56.94558323859188],[-158.85525101116014,56.952476553062624],[-158.84060289708432,56.95587883949333],[-158.824617594894,56.9578720861747],[-158.78582647602317,56.97025983661117],[-158.78605372014567,56.980065687835854],[-158.7825067716537,56.990538181116946],[-158.76591798844206,57.013267215163395],[-158.7637609124593,57.01902570326396],[-158.760046668017,57.02521870442031],[-158.7535987324858,57.03282540059919],[-158.74759730276998,57.03833669852023],[-158.73615823858697,57.04682776403187],[-158.72432993349307,57.05972504391379],[-158.71341219580546,57.06851919588187],[-158.70619920557098,57.07616130338319],[-158.69252385735342,57.08836017009379],[-158.66300272429234,57.1114503732627],[-158.65396043445767,57.117248673089],[-158.64272845260896,57.12995805287303],[-158.63274942564715,57.13825089936791],[-158.6147317830429,57.156291747135036],[-158.5649816273376,57.19421230096827],[-158.51361982663894,57.23552358419812],[-158.5045817534962,57.25293031832999],[-158.49116751588733,57.269980892635964],[-158.4720877771564,57.285885760765055],[-158.45724665375357,57.29576158194134],[-158.44601171375263,57.30441372575028],[-158.41670357214372,57.32034806576481],[-158.39754461458108,57.32740514225149],[-158.37934175463664,57.33592712434714],[-158.36536604033077,57.341381733206156],[-158.34651461202253,57.34625039597023],[-158.32629669435187,57.34868804442106],[-158.31128110464616,57.35590916089243],[-158.28749177735824,57.364555189296894],[-158.25083470885284,57.37489652119654],[-158.2303971674682,57.38211473503286],[-158.19592782186973,57.39063563839327],[-158.19134520838162,57.396575331407654],[-158.18491170159055,57.402607120083665],[-158.17698347721839,57.408096371635416],[-158.1677145738786,57.41293603551023],[-158.1222640506688,57.430609297908326],[-158.10610365784652,57.43770115977767],[-158.09481889727988,57.44107954073594],[-158.07294390142204,57.44601072654732],[-158.0467255457756,57.47041350988247],[-158.02715710107216,57.492081390732245],[-158.0132658023519,57.503438516947426],[-158.00477225829,57.5092813845635],[-157.988252639067,57.51773503731084],[-157.97257468467137,57.52430088282917],[-157.9593010343028,57.52888113431521],[-157.93771412097004,57.53451065998948],[-157.89491682764748,57.56272604825762],[-157.88401503954773,57.567918532725116],[-157.8708036630896,57.57239179785144],[-157.86654694221687,57.57483683785326],[-157.874343093581,57.579389484098975],[-157.88144623153428,57.5847224678158],[-157.88754426427917,57.59086382886794],[-157.8915305581154,57.59656649141174],[-157.89446362309508,57.60334594046035],[-157.89556667251728,57.60940821042914],[-157.8952850461841,57.615497447553274],[-157.89362232478035,57.62152287417766],[-157.88890351232212,57.629842108852436],[-157.88240736690457,57.63685210790584],[-157.87010343261383,57.64582229558846],[-157.86159277295081,57.65076417580851],[-157.84207512528178,57.65851908501556],[-157.80626070705557,57.66691183143451],[-157.8008064196197,57.69323460490948],[-157.80159478111307,57.71032319474394],[-157.79848860718485,57.72556239843707],[-157.7886213252545,57.747401712563885],[-157.77403630075943,57.768492475433646],[-157.76563711842994,57.7847574520947],[-157.7621534293002,57.79338316459584],[-157.75720012421348,57.81133165612687],[-157.75297298126983,57.82089922392999],[-157.74771008978672,57.84647381631817],[-157.74319728527763,57.85877924793986],[-157.7393950535482,57.87748971591132],[-157.7369742699273,57.88483978708558],[-157.73748341347076,57.892473459493274],[-157.7369837758996,57.89768826242566],[-157.7354387948835,57.903727274420476],[-157.73233019730068,57.91034321817922],[-157.72753837067447,57.94473188672136],[-157.72393963071306,57.954369553816264],[-157.72004484017,57.976815075465154],[-157.7156168923193,57.993508575846924],[-157.7145826682209,58.00389443021614],[-157.70977496926193,58.01718443831184],[-157.7049651314143,58.04955939022237],[-157.70175797067844,58.064630913309955],[-157.69809507663274,58.07692532861052],[-157.69600592765852,58.093666882593155],[-157.69310862011875,58.10387489863645],[-157.68825190638296,58.114681378880455],[-157.68235603320454,58.12249586232201],[-157.67853345732885,58.131102799295974],[-157.6706714567595,58.14368240788873],[-157.6620183278857,58.15371386683157],[-157.64646277972733,58.1669362534358],[-157.63758832573043,58.17829895908495],[-157.65588886308905,58.1831684160838],[-157.67124477954013,58.18972407357415],[-157.68369003409643,58.19782131458228],[-157.69264165157958,58.20695068678012],[-157.69746853675636,58.214953340577516],[-157.70017427496856,58.22424143798929],[-157.6996454313709,58.238305981938176],[-157.69770116897394,58.246135667842005],[-157.7042264431629,58.25278018417296],[-157.708957090925,58.260199858631395],[-157.71159508807992,58.26846766572847],[-157.71176722415294,58.27610340657389],[-158.06160201518986,58.542850426172386],[-158.07959323025676,58.539482296501724],[-158.09767933885874,58.53807098871318],[-158.11429743769133,58.53837398826226],[-158.14096813550753,58.5408225598357],[-158.16275585464564,58.53803846298357],[-158.1822755666432,58.5368737892353],[-158.20183326929245,58.53729735934849],[-158.22294222948668,58.53896216846163],[-158.60612162418238,58.45466322623196],[-158.6094995753149,58.44507422657818],[-158.6173596058789,58.43451559913884],[-158.63143378901464,58.42200609589884],[-158.64422536297758,58.41402503638573],[-158.65574282942362,58.40905168227202],[-158.66711316889408,58.4054718580114],[-158.6793200644729,58.402756235187475],[-158.69244335662586,58.40092557018023],[-158.70021933991353,58.39395693500946],[-158.7146830433362,58.383235708911876],[-158.7313312438157,58.37348820531451],[-158.7426686052338,58.36841023739625],[-158.77300954621305,58.35840982095801],[-158.81006195878342,58.349919735778954],[-158.82752530582312,58.3470774243176],[-158.8494700163369,58.34514002019403],[-158.87030352072568,58.34104853200598],[-158.8866356884983,58.33969023593172],[-158.90273326842103,58.33975586860015],[-158.9174148995384,58.341045935030536],[-158.93000369769058,58.34319354871105],[-158.9426157056147,58.346396615321375],[-158.9734449159852,58.350995219426466],[-158.99325996440382,58.343913074391146],[-159.0149912316128,58.33976023524269],[-159.03921882446994,58.33840362957325],[-159.0634903314697,58.3402697297473],[-159.09035941772478,58.345944421030026],[-159.12022375483517,58.356391137392215],[-159.13616273629614,58.36390660950797],[-159.1485382761965,58.37288285363652],[-159.15372448209703,58.378329894115026],[-159.15713666892336,58.38323380541927],[-159.1609526251137,58.39346752681278],[-159.16131373977314,58.39868520656641],[-159.16063390195262,58.40389416151097],[-159.15892010593504,58.409037261232555],[-159.15591939152628,58.41446746332627],[-159.1658543453436,58.426396759348606],[-159.17146519206548,58.43504234650035],[-159.19131717292035,58.455821013473624],[-159.2672410397991,58.527516068029456],[-159.29525951327375,58.557200625795424],[-159.3271684905309,58.59275724372088],[-159.3385243195146,58.606534578315475],[-159.37954692002648,58.64898553473678],[-159.41586449632146,58.68482693304359],[-159.4450149584451,58.71085459393364],[-159.46839327954103,58.73009848678437],[-159.5068065535286,58.75654780547348],[-159.52576067544356,58.76630943285332],[-159.54313549980014,58.774015200523074],[-159.55743200788385,58.77922895695492],[-159.56993953545228,58.78089823010478],[-159.59036031966355,58.77899304605658],[-159.61042868670404,58.77935644251931],[-159.6235377369665,58.780801209425015],[-159.64087205449033,58.784353109668444],[-159.6665611209747,58.7877107074268],[-159.7033488404551,58.784788228076614],[-159.71126245552577,58.77686712763683],[-159.72197185862765,58.76951320800142],[-159.7481951442284,58.75464366903671],[-159.76688967189077,58.747335510740015],[-159.78048474036635,58.74397031093261],[-159.79606314166554,58.74162840640986],[-159.82792469236728,58.73143329317894],[-159.87162091811658,58.72019566499627],[-159.88639609349943,58.71805263255451],[-159.89964331453402,58.71708550669226],[-159.91434268737825,58.71707650768599],[-159.92922386665958,58.71823175965657],[-159.9452266437771,58.720722661189725],[-159.95745191439505,58.72354931705219],[-159.96880415371086,58.72723244525512],[-159.98025818831803,58.732310023215604],[-159.9908940346695,58.73834731467619],[-159.99921903591945,58.7448688377855],[-160.00757486465506,58.754205980547475],[-160.01188033440332,58.76246269670256],[-160.02268687772673,58.767289724935154],[-160.03148705991424,58.77253656266803],[-160.0379710187866,58.7776109063235],[-160.0437372417133,58.78370348574896],[-160.05248590012937,58.78909445475266],[-160.05925355505332,58.79457049064983],[-160.09330015078416,58.802181802640995],[-160.0982637640388,58.79681574909355],[-160.10457980083513,58.7916834780496],[-160.12091958003316,58.78261437447284],[-160.14200711900116,58.775241245932186],[-160.16564367609686,58.770900611503755],[-160.1880166081167,58.769817666302586],[-160.21119563976345,58.771507262804676],[-160.23304366729818,58.77600519562383],[-160.25711956524648,58.78375639728629],[-160.2697687616268,58.789454230105484],[-160.27966266962218,58.79570378240405],[-160.29192028767517,58.79977437922264],[-160.3034093574768,58.80503330906433],[-160.31301742424367,58.81106713630196],[-160.32069108133564,58.81780596567577],[-160.3271704776647,58.82675715545991],[-160.3306857147289,58.83738450792703],[-160.33213948530263,58.84935813369811],[-160.32998008268333,58.860091432065914],[-160.33554406519514,58.86559312217951],[-160.34109821295127,58.87304932796372],[-160.59102228286696,58.83466866898903],[-160.58754499872524,58.82664378494119],[-160.58669149949236,58.817960792067],[-160.58875224643222,58.80678274983377],[-160.5937005362247,58.797572837739246],[-160.60027956470196,58.79039458863908],[-160.61398206090573,58.77128343515585],[-160.6297163675174,58.75325154880798],[-160.6491521094938,58.73339231157071],[-160.68441848442978,58.701186692517226],[-160.69032681274956,58.690677914469106],[-160.6951328094011,58.68472199491869],[-160.70545905138988,58.6658536409376],[-160.70975734539564,58.66019027523878],[-160.71624596382944,58.65410817800371],[-160.72721647574332,58.646017844823],[-160.7344452332077,58.636180128665664],[-160.7573858995888,58.61472695793875],[-160.76358356627844,58.60795057089654],[-160.7718763000434,58.59607641690123],[-160.78266965430183,58.57369420267331],[-160.78665585291665,58.56799723919083],[-160.79449428618457,58.55953419606739],[-160.805762381206,58.55034626392027],[-160.821046334518,58.540540254354674],[-160.8552191704957,58.524181986309436],[-160.8766227493571,58.517372094892714],[-160.90562533980184,58.51135027054829],[-160.92518035289515,58.50550224948764],[-160.9413675361742,58.50273513130317],[-160.9578174443345,58.501526741891034],[-160.9727657394456,58.50173137703867],[-160.9874697709529,58.50315573181401],[-161.00331502040052,58.50613637941786],[-161.0141207543419,58.50672295859786],[-161.0301901945383,58.50172822444615],[-161.04559413582282,58.498475369264966],[-161.06184117474757,58.4966701027132],[-161.08009941672762,58.49642016430116],[-161.09874914361018,58.49804897386471],[-161.11445649267853,58.5008759327086],[-161.12899081086906,58.505085998878165],[-161.14191142333098,58.51055174143698],[-161.15183508173197,58.51640843276079],[-161.169124960497,58.52937883013249],[-161.1762524724389,58.537743433564174],[-161.18029772899544,58.54617690810637],[-161.1814307965212,58.55223824876891],[-161.18114226933002,58.55832658891722],[-161.17943581883654,58.56435113044874],[-161.1762975624763,58.570280403107745],[-161.1792981933417,58.575948393774325],[-161.1816757051154,58.5837837157167],[-161.18292212565694,58.596121634198596],[-161.18055654171363,58.605603067821484],[-161.17504785679574,58.61433946775345],[-161.21763863641763,58.641556065962554],[-161.23179087776165,58.64745413415679],[-161.24273997653418,58.64178076208219],[-161.2534064599284,58.63759762137079],[-161.3262768696131,58.615643509562126],[-161.37797784182368,58.6063174808868],[-161.39442174744127,58.60422671495662],[-161.45584978085455,58.59202723100068],[-161.46181563548853,58.584457996512995],[-161.47088077397243,58.57662216750899],[-161.4809581880174,58.57049268960939],[-161.49371651712832,58.564909905986056],[-161.51306023748364,58.55827151848095],[-161.5282626552089,58.55473965706501],[-161.54682609172187,58.55237237762581],[-161.56584705727707,58.55177227481873],[-161.5676921232088,58.54620926456625],[-161.57120054295825,58.5400965092526],[-161.57602097014652,58.534336426882184],[-161.58194354754332,58.52909270176633],[-161.59721029721933,58.519925635519435],[-161.6167792863018,58.51277905747475],[-161.6389918259243,58.50834050531625],[-161.65381404607857,58.506949885494485],[-161.66903232356015,58.506734586380354],[-161.69339790842469,58.502667994721186],[-161.70828294417353,58.50191887576163],[-161.72416367617652,58.50243456190041],[-161.74227272236092,58.49987006475319],[-161.76079825715544,58.49892969528252],[-161.7855994198299,58.50059361161883],[-161.80618875673457,58.50463407887306],[-161.83038974239128,58.512197375248896],[-161.84028168038122,58.51684893376808],[-161.8488427921255,58.52217493119152],[-161.8598601808259,58.53235723784224],[-161.8637624237926,58.53809539283664],[-161.86629925447684,58.54403943121141],[-161.86744173455014,58.55358233129994],[-161.8663411995124,58.55964529251642],[-161.86350042924167,58.56654179313148],[-161.8642775860485,58.57253612880867],[-161.88344989527116,58.57638879667101],[-161.91164568180983,58.57770719398914],[-161.92428707632186,58.57489159043917],[-161.93911727082093,58.57281766555828],[-161.96799217652784,58.57201289485046],[-161.9882216510247,58.56850067734262],[-162.00899082436104,58.56741243992663],[-162.02720838882837,58.56832755612059],[-162.04550157617132,58.57119784451815],[-162.06131053368145,58.56984927987392],[-162.078760084395,58.56963946890927],[-162.09361492058056,58.57065966331134],[-162.10798714226968,58.57275131318067],[-162.1259330193642,58.57647539155498],[-162.14205515293855,58.581188963271785],[-162.1704115151309,58.58618057735912],[-162.18284735713965,58.58920303898574],[-162.21182441836237,58.59884663880028],[-162.23765327168817,58.60981313177182],[-162.25181340293534,58.61770652346404],[-162.2623267577096,58.62681623990181],[-162.26608921383487,58.63165445757746],[-162.2692257759725,58.63752084810071],[-162.2708062449339,58.64267639965386],[-162.2713446870304,58.64788980219],[-162.1742947227967,58.64795010618102],[-162.1662658790279,58.648885595755125],[-162.15499547533614,58.64600441972868],[-162.14752463358082,58.64197938368191],[-162.13758140897465,58.64092795713851],[-162.13056662751606,58.63756271573773],[-162.12238262403645,58.636589678422126],[-162.11804104650537,58.63481615252023],[-162.11216680565732,58.63593692501638],[-162.10509921314147,58.6349876352682],[-162.0993515000012,58.63523770088264],[-162.08142967889168,58.631895837465954],[-162.0762252344959,58.63193807236878],[-162.07453189042238,58.62930595832824],[-162.0754043854303,58.62704779289376],[-162.07158036416533,58.62619793931313],[-162.0606517712358,58.628898009482974],[-162.05448082313762,58.628638822841886],[-162.05181199041226,58.62955435214158],[-162.04682393489708,58.62925611970155],[-162.03510489728112,58.63068433165083],[-162.03384868420463,58.631318924865695],[-162.03199641558095,58.636032601491436],[-162.01667675243982,58.634889062177386],[-162.0139015133707,58.635829541730814],[-162.0095709626597,58.63960654212436],[-162.00639523038245,58.64105079230904],[-162.00347808265133,58.640754931404786],[-161.98421730554284,58.6339746714368],[-161.97234471889533,58.63364447740459],[-161.9660774291779,58.63118223280735],[-161.95950390647502,58.63105622008018],[-161.95650599840317,58.63024730696144],[-161.95260740708818,58.63192673765976],[-161.9347618502513,58.63501025781013],[-161.92371303488903,58.635198863518646],[-161.91220390301217,58.63790137978755],[-161.90073010906204,58.63710572830834],[-161.88543276456411,58.63418044782956],[-161.87404901414476,58.63499823070288],[-161.865224174101,58.63778278567975],[-161.85461525115693,58.63956584569102],[-161.85132211086867,58.642295990587755],[-161.8428199052508,58.64521210192358],[-161.83498409775848,58.64975248387014],[-161.8214874415189,58.654185325098894],[-161.81717543922193,58.65727730470776],[-161.81145310528507,58.65862304489516],[-161.80899329076337,58.66064980871947],[-161.80467480442667,58.660530833998905],[-161.79437997472672,58.662595403473546],[-161.7875144501492,58.665751959199014],[-161.78442200158025,58.66988439050293],[-161.7834071406678,58.67339238082546],[-161.7794866753756,58.676005127091294],[-161.77023559730597,58.67894191972657],[-161.76372479228132,58.679184285413214],[-161.7684952758347,58.68235975416533],[-161.76996141980317,58.685716686692516],[-161.77483263863587,58.688253937894686],[-161.77085389513962,58.69127183533536],[-161.7705686809352,58.6935962993875],[-161.77747913026013,58.70997546966769],[-161.76995393683686,58.71060507275578],[-161.76017668406428,58.70947558617175],[-161.74179981326276,58.71338399467095],[-161.7384533292163,58.71676423951372],[-161.73645944208636,58.72121117078504],[-161.7352819627513,58.72203850396731],[-161.73203195776637,58.7299431349051],[-161.72918323920197,58.72674604405683],[-161.72505938275305,58.72533597517637],[-161.7162474362286,58.72438719420839],[-161.70497636149534,58.72195245367327],[-161.6916022390538,58.722016801123765],[-161.6829390427606,58.7239153418125],[-161.67806768648566,58.72400349711323],[-161.67411078552553,58.72794140535433],[-161.66797560564703,58.73032523430095],[-161.67097785797156,58.73313133254565],[-161.67120632559946,58.734368176132826],[-161.6702657921919,58.73524119989625],[-161.6588631142695,58.73926698245707],[-161.6529790925647,58.740358864543666],[-161.64536268061423,58.74055861767008],[-161.63695759635328,58.73789573524897],[-161.61888788739518,58.7366499401466],[-161.59971459900885,58.733323684970166],[-161.5988243883252,58.734652413910716],[-161.6009708650859,58.73608160213779],[-161.60104097949213,58.73750644364068],[-161.59911681689962,58.741295209324534],[-161.59657775659687,58.74409967891269],[-161.59611997692468,58.74604064748778],[-161.5968806289848,58.749236266099736],[-161.58490953398152,58.75298217266234],[-161.58140169993362,58.75321531990332],[-161.57962531379863,58.7552341803435],[-161.5655649224975,58.75693274511395],[-161.55748700106975,58.761313346603345],[-161.5544104805291,58.761265105700694],[-161.54939512161917,58.762734364509086],[-161.54711729858755,58.76383810138272],[-161.54308766193716,58.76797911690353],[-161.5333966025161,58.77112601302176],[-161.53054705660335,58.774125525611936],[-161.5247572034931,58.771199694676284],[-161.51773672491896,58.7694174186604],[-161.5117534690196,58.76650244910205],[-161.49797068678566,58.76274262218732],[-161.49462106312728,58.760999564771055],[-161.48765290423188,58.755156282902405],[-161.4842362806264,58.755355889532886],[-161.4809196790378,58.75759054819389],[-161.48308104088278,58.75955637066867],[-161.48224712132978,58.76274308105067],[-161.4837411436148,58.76324263478236],[-161.48361396462843,58.76401543042595],[-161.48161297631623,58.76571400860269],[-161.47572654173652,58.76570029278619],[-161.47481952357393,58.767207368941996],[-161.46947624095773,58.76922812282789],[-161.46958508173586,58.77085452679095],[-161.465957249834,58.773259839465695],[-161.468820751973,58.77730245766581],[-161.4680622208353,58.77925999584399],[-161.45842756213935,58.78112180536843],[-161.44863214004184,58.78406361074318],[-161.44294187775725,58.78383273894512],[-161.43987815371784,58.785209477889246],[-161.43651457473152,58.78407802836587],[-161.4340900514241,58.78498388051126],[-161.43337765775937,58.78670882025596],[-161.43340507703678,58.79341629855295],[-161.43447230434043,58.79586014930226],[-161.42896852422396,58.797553916611506],[-161.4214589812496,58.80414894211806],[-161.4192040904105,58.80521677474371],[-161.41641480797858,58.808094679002245],[-161.41481251265068,58.81182223932479],[-161.41463889974733,58.81548956069793],[-161.40377147490213,58.819254251460464],[-161.3981814960443,58.827404161178315],[-161.39552203184905,58.826447758636434],[-161.39115756254955,58.827904247411794],[-161.38168262610776,58.82789441035052],[-161.37515408205118,58.826222569698906],[-161.3738764926642,58.824095984763645],[-161.354354109077,58.82502419411604],[-161.34318463290404,58.82179927948554],[-161.3265055959558,58.82022700285465],[-161.3148194241028,58.82301964821911],[-161.30225314581648,58.82307170600437],[-161.30173661812137,58.823203087597946],[-161.30306336781226,58.82685117871479],[-161.30191934084004,58.828675971417255],[-161.30105412667754,58.833188261445976],[-161.29644090848598,58.83500606759847],[-161.29161794176042,58.835152384724914],[-161.28899337531735,58.838135328498],[-161.28519745874434,58.83984252679606],[-161.28366285326976,58.84256904663259],[-161.27768860298113,58.843997765170116],[-161.27741848316845,58.84638476994499],[-161.27896516110215,58.848056836535534],[-161.27842294967473,58.84986632599278],[-161.27959612248637,58.852745395360266],[-161.2780319615406,58.85742435209498],[-161.274480894273,58.85976750486949],[-161.27480875779216,58.86286642195219],[-161.28419063056714,58.863272601802215],[-161.28657618944914,58.86434242104733],[-161.29262875845748,58.86933569663564],[-161.2959679454889,58.87450185213534],[-161.29614928570038,58.87604084684214],[-161.29423296270534,58.87699111678128],[-161.29371486116187,58.87925833548459],[-161.29234843557984,58.88086594573708],[-161.29282981399447,58.88363116418925],[-161.2900666869104,58.884620762484325],[-161.29281755109253,58.88944319467744],[-161.2962862967475,58.893122914969],[-161.29510398896778,58.896862264640426],[-161.299588501037,58.89948977424336],[-161.2985909785078,58.899928876426976],[-161.29869851493214,58.90089186672279],[-161.30184523521902,58.906298432550976],[-161.30126373597267,58.90913666849452],[-161.29958407503756,58.91009898335273],[-161.29639088849433,58.91542820339091],[-161.29226029288412,58.9192579253425],[-161.2924521658423,58.92188649567871],[-161.29170579340197,58.92326758982846],[-161.30385101873821,58.92432000222553],[-161.31884125978323,58.92698851859567],[-161.3251627583365,58.92676309480686],[-161.32461803971117,58.92803734126441],[-161.32014647955174,58.930797159470345],[-161.3121246390489,58.93333752206208],[-161.31277139910398,58.94049249212057],[-161.3155840323434,58.94213078117077],[-161.31567400670392,58.94635269930417],[-161.31410517002712,58.94823964623429],[-161.3141358142564,58.95028446283834],[-161.31909019282992,58.950959603685256],[-161.3253885813242,58.955096698153206],[-161.32702117053842,58.96179401780087],[-161.32993784036583,58.964765096380816],[-161.33519871602942,58.962534120895036],[-161.33659004380945,58.96344958737505],[-161.35173446360503,58.96662887008404],[-161.34532842010879,58.96953200912822],[-161.3432349170004,58.972417516629235],[-161.3420087588584,58.977092218130856],[-161.34946555994583,58.98128691779459],[-161.34560756888837,58.98298420570697],[-161.3429193630956,58.985819812963456],[-161.34300504171242,58.98776591392131],[-161.34449481047457,58.98934520743623],[-161.33814136333822,58.989477096857314],[-161.32885960780166,58.99201043125603],[-161.3250966908406,58.995150411994956],[-161.32642122528603,58.99955086240455],[-161.32159773484267,59.00037917521466],[-161.31627167921866,59.00372218206409],[-161.3085748653553,59.00352138646553],[-161.30790830553303,59.00649092467071],[-161.3089393495953,59.00798176708787],[-161.30670347878575,59.01302363456813],[-161.30017148789344,59.02014432753435],[-161.30006003571273,59.02066701395247],[-161.30756973229904,59.022059366060866],[-161.30871929558836,59.024270300180234],[-161.30726493841473,59.02653289497628],[-161.31214978469032,59.02960354767457],[-161.31529213018172,59.03290659911851],[-161.31910720153152,59.03497534543696],[-161.3194467638106,59.03795011274593],[-161.3221559344855,59.040971577343456],[-161.3216575877934,59.04851630077055],[-161.31745315695508,59.05120242736917],[-161.31265869018023,59.05237257484639],[-161.31034521032,59.05498970174524],[-161.30533966730118,59.056917353623355],[-161.30462667535852,59.059157031377914],[-161.3063723346192,59.06152558927423],[-161.30563978455615,59.062982235127265],[-161.3034336623555,59.06419695645177],[-161.29190469298229,59.06241853409403],[-161.2847338966167,59.05760157201423],[-161.28014361780424,59.05625358885679],[-161.2572682930803,59.05681256835373],[-161.2571866308311,59.05817493898952],[-161.25559833844184,59.058876926533515],[-161.2516803318386,59.05839135614458],[-161.24653914231357,59.06092332548313],[-161.2455219125437,59.06245918273647],[-161.24382584567655,59.0622227062283],[-161.2419060911172,59.06350308963498],[-161.24287644230392,59.064774640564615],[-161.23706983920692,59.06606851619447],[-161.23606667076618,59.06813892110454],[-161.23320299076076,59.06990537984417],[-161.22271079759966,59.07355111974449],[-161.21764045011622,59.07643467096055],[-161.2106774753983,59.077230765015464],[-161.19766052221544,59.07615474719611],[-161.194582913815,59.07470054046581],[-161.19360372320583,59.071504305617346],[-161.19066249972676,59.06822590740403],[-161.1694015185353,59.06372683400557],[-161.16857823952685,59.06246127250313],[-161.1646492905451,59.06265164948204],[-161.16089804988613,59.06471405706323],[-161.15691442224966,59.06568019164377],[-161.15512075881682,59.07063599695436],[-161.14909591720803,59.07291926548248],[-161.15026186486983,59.07507279612535],[-161.15043163298378,59.07764464685823],[-161.14439428772454,59.07969885381889],[-161.1313916545856,59.08083652964735],[-161.1312134378164,59.08300686157305],[-161.12954118079588,59.086253688825124],[-161.12131515053397,59.090186131510194],[-161.1180182993053,59.09407651381657],[-161.11142472171375,59.09564326789627],[-161.11034316448468,59.09868518300446],[-161.10080653534243,59.100145200090246],[-161.09253341719005,59.09799842454962],[-161.0819050924324,59.09710794828487],[-161.08044598856083,59.09818185545229],[-161.08081304557584,59.099576508216245],[-161.0863934995967,59.104949343424906],[-161.0841013080121,59.107407094689705],[-161.0846786211092,59.11033879345916],[-161.08630852346238,59.11114819809666],[-161.08402921012572,59.11295520854542],[-161.08347003042093,59.11579451492198],[-161.07852556295992,59.11742362799393],[-161.07222743946866,59.11828366210069],[-161.06908027990565,59.12095973421259],[-161.06679073116462,59.12183016243009],[-161.0577888053306,59.12230155133821],[-161.0515099093797,59.12361825619672],[-161.0499524768154,59.1244102918598],[-161.0487776807481,59.127035805634556],[-161.04546923226908,59.128592049471735],[-161.03311122029652,59.12482814028904],[-161.025841775438,59.124629761411285],[-161.02560425818197,59.119347526257016],[-161.01854968045794,59.11621244953],[-161.00049200982292,59.116520112761314],[-160.98229595551504,59.11362144191597],[-160.986876055517,59.10861498325646],[-160.9673857795147,59.10358614619068],[-160.96168019286966,59.0989614140786],[-160.95994901714627,59.09582415028621],[-160.95485882857318,59.09241779201577],[-160.9461895426007,59.09475414095481],[-160.93880069726785,59.093616330416374],[-160.93038477662967,59.09608816598605],[-160.9285912344694,59.09582574342488],[-160.92772911230804,59.098738835840415],[-160.92866663995264,59.100437550246454],[-160.92646502010822,59.10297787345364],[-160.9155328473923,59.10331819032315],[-160.92150651108105,59.10784192447804],[-160.92802775183438,59.11135425049603],[-160.93438296505857,59.11678651852583],[-160.935343012569,59.118757963967546],[-160.93483242902616,59.120161433780076],[-160.92217352634916,59.12659738319365],[-160.91096815888739,59.12332172780802],[-160.9060795756202,59.120807778796795],[-160.88301987437916,59.1239454007154],[-160.88128895557395,59.12629244764028],[-160.88227640709044,59.12746317251413],[-160.88062682354771,59.128372517265554],[-160.8809504110861,59.12996070751188],[-160.88401173303043,59.13469076909184],[-160.884730488564,59.13748111593244],[-160.88796881095868,59.13866609437619],[-160.8822258175669,59.140996770152874],[-160.876525285742,59.14170044487102],[-160.87305014138727,59.14381417842979],[-160.8666689443935,59.14554788336775],[-160.86451957775253,59.14879580818699],[-160.86535422763586,59.15087294131589],[-160.85945162158438,59.1531726315766],[-160.85915908700878,59.153761412781044],[-160.8620475928554,59.15727793607732],[-160.86145621214092,59.15860872663446],[-160.86193905031791,59.160245821414286],[-160.8706105093151,59.16601718617955],[-160.87012429616757,59.16749534101373],[-160.8679934258383,59.16936627859122],[-160.86456618504442,59.17057951866665],[-160.86906302828754,59.17351404379898],[-160.86930858726203,59.17711297059945],[-160.87466781677114,59.178568429808585],[-160.87980377360967,59.178927084454685],[-160.87984823482637,59.17988027589667],[-160.8784654688893,59.181558841508576],[-160.87364751655966,59.184049892180866],[-160.86718582602484,59.184735698323095],[-160.86229704872156,59.18633181433108],[-160.8614928454382,59.190674120261775],[-160.86304679253917,59.19351591159156],[-160.86485606060685,59.19466249557083],[-160.86491057127657,59.195631793356625],[-160.85778113244834,59.197692441260436],[-160.85337556522464,59.20075316223332],[-160.85059081389502,59.20126249695177],[-160.84659913915027,59.2004606434376],[-160.83667884224505,59.20390668835226],[-160.83026319486012,59.20317391456272],[-160.82673416236815,59.2061301649175],[-160.82092043473264,59.20670292833599],[-160.81726023203947,59.20586308401618],[-160.81551798458025,59.20392892701721],[-160.81497729669556,59.20292540669836],[-160.81634418311333,59.199108385703234],[-160.810085763361,59.2023028231124],[-160.8089397843497,59.20591707081886],[-160.80660108249123,59.20753003463223],[-160.799158075035,59.20861704066447],[-160.79605024371514,59.20536556936895],[-160.79034858540285,59.20711578910967],[-160.78420811714227,59.210417252197246],[-160.7812567022763,59.21511569903474],[-160.77946004026703,59.21632093786508],[-160.7636526116895,59.216988057697456],[-160.7586216400599,59.218854656317],[-160.74654310834532,59.21552683051026],[-160.74004037109023,59.22167244635953],[-160.73341563722965,59.2210221090761],[-160.71963792149387,59.22177297956857],[-160.71786956000932,59.22325906222905],[-160.71664677324458,59.22710514630046],[-160.708582614007,59.22771238058789],[-160.70499701639824,59.22969316462514],[-160.6975791698548,59.23204313191413],[-160.69468362301293,59.232211281526105],[-160.69135376049417,59.23094973298205],[-160.68690686897077,59.23049062533992],[-160.68283091967592,59.23152158325841],[-160.68086479048833,59.22766791813717],[-160.67185448067778,59.22748084254885],[-160.66743233684213,59.225625227942245],[-160.65187376136123,59.233146361899124],[-160.64471641726703,59.231888312917306],[-160.6400418513281,59.22912775049955],[-160.63693029649136,59.22857971471311],[-160.63308944169628,59.22902937327074],[-160.62407386506322,59.23555808853729],[-160.61959752496819,59.23418126767009],[-160.6106416638436,59.23370058899036],[-160.60824802281903,59.23202655384851],[-160.59923752346396,59.237202158029696],[-160.59344440138437,59.23772505383066],[-160.59145427100898,59.238876487296125],[-160.59602024051156,59.244356637980495],[-160.59658409415073,59.24646748773277],[-160.5950795543904,59.24933261802186],[-160.59225504272797,59.25121396203736],[-160.59318009816317,59.252676160547],[-160.59027611614084,59.25568846599352],[-160.59027819035083,59.25761763986206],[-160.58895580377725,59.25949922500489],[-160.57743874426808,59.26420738779742],[-160.57592460151733,59.263959129994724],[-160.5654376679922,59.267028665667176],[-160.5568338817803,59.271091216483605],[-160.5589564543713,59.27253151391192],[-160.56756092869267,59.27540244438873],[-160.57339148985835,59.282538690830265],[-160.56976654514182,59.28419227772447],[-160.56913554692665,59.28538924317688],[-160.55975754499224,59.2847347095145],[-160.55727272855958,59.28549008460536],[-160.55183987312978,59.2894497113892],[-160.5543539638609,59.293785635629305],[-160.54703220112023,59.29674643311726],[-160.54350831507654,59.29733878864619],[-160.53959980905572,59.29986987654305],[-160.5343541436665,59.30060561196521],[-160.52987371354195,59.30399823306253],[-160.51588981558385,59.30599651225163],[-160.51265282000085,59.304630288821144],[-160.50512109133385,59.29876089233256],[-160.4990531099302,59.299865663106566],[-160.49527739107805,59.29745639641186],[-160.48812178971548,59.295654571253884],[-160.4848329352894,59.29381288037561],[-160.4814241207387,59.29407790198657],[-160.4772414354184,59.29325449082737],[-160.47720648736058,59.28916920817501],[-160.47950073249396,59.280976578164584],[-160.4854598156273,59.27659303392203],[-160.48515846139222,59.27561490735728],[-160.48204250930218,59.273879217314345],[-160.48161579516918,59.272639946689104],[-160.4817690747061,59.26972934154659],[-160.48352185581035,59.2679041413744],[-160.48353892919067,59.26643269886877],[-160.48246937435212,59.26497714517284],[-160.48290856249116,59.26218598170547],[-160.48696596876192,59.25984488238762],[-160.4789319102729,59.254801741439096],[-160.47674029047425,59.25492987494373],[-160.47075647851773,59.25877967552253],[-160.46811847687124,59.25898903848715],[-160.46060211029393,59.263810075459276],[-160.45992950211487,59.26519939549404],[-160.46069215921463,59.26682309173199],[-160.46022287392034,59.26848879293513],[-160.45706327269065,59.27082260671015],[-160.45091530798902,59.27149004631882],[-160.4476539716551,59.2738859142996],[-160.44403764447705,59.275019703043725],[-160.4439881787459,59.27809683590485],[-160.44164148816964,59.28321318285697],[-160.44309222513266,59.28869241746103],[-160.43797146329717,59.289963957836825],[-160.428922165705,59.28957032383538],[-160.41777497942923,59.29131634737331],[-160.41228554810283,59.290135161632776],[-160.40820801956968,59.29031021630938],[-160.40552753839006,59.29097665330134],[-160.40648241070613,59.29467259242977],[-160.3977394377275,59.29589122361172],[-160.39492253569384,59.29531650985251],[-160.38915445325455,59.29715242178929],[-160.38842583421913,59.29912315407559],[-160.3852103550838,59.300146320313004],[-160.37576220460718,59.298979162264224],[-160.38115900166147,59.30205050181518],[-160.38349885516013,59.30687853237733],[-160.38666083872195,59.308671476451785],[-160.39097589259597,59.30861287357533],[-160.39396796970328,59.309707452040215],[-160.3977758653106,59.31370271148838],[-160.3977103790247,59.31573007732815],[-160.40559408019638,59.32017449209584],[-160.41676959214973,59.32430391918936],[-160.41763290727374,59.327049516897524],[-160.423088768558,59.3305812663667],[-160.42288449435736,59.333646734909436],[-160.42468972898936,59.33508798672545],[-160.4228162718031,59.336956140933324],[-160.42171656950362,59.34269853742129],[-160.42063986497374,59.34376358863868],[-160.41576186925053,59.34365965178344],[-160.4051383262252,59.3414696476076],[-160.4033113577532,59.342552244677094],[-160.40271080703627,59.34495672057077],[-160.40648581442275,59.348309041477656],[-160.40227661532688,59.35214596133879],[-160.4076297973775,59.3559293987871],[-160.4003892809661,59.36255726721839],[-160.4007901469751,59.36332531260818],[-160.40530604887527,59.36359091600879],[-160.40741322524062,59.36589363444286],[-160.41454699215186,59.36935319244316],[-160.4208014826731,59.37015594982014],[-160.42351385045214,59.37231416066171],[-160.43005539492754,59.37340555413247],[-160.43092021023804,59.37496707787949],[-160.4311801189009,59.381236927018215],[-160.43494668032702,59.38278930966459],[-160.43419631487524,59.38614898451319],[-160.42996949263014,59.388686670361146],[-160.4275769610249,59.39260680177305],[-160.4209307367678,59.396377737717614],[-160.4222207013461,59.39936971436429],[-160.42538554334718,59.39993990221085],[-160.4193981534009,59.40157061987227],[-160.41515263002822,59.404223151175174],[-160.42080402849868,59.40772679274978],[-160.41191311646747,59.41391058441309],[-160.41994386915624,59.41603739341311],[-160.43163489640335,59.41654853525846],[-160.43758198702767,59.418264341158554],[-160.4417146011523,59.42071532595958],[-160.44107948595823,59.42487134003623],[-160.44306161863264,59.428067901220075],[-160.4386031711814,59.429270681837856],[-160.43641560008973,59.4306576902172],[-160.43469378750655,59.43368309357991],[-160.43153931026723,59.43534666468759],[-160.43040709254774,59.43849577592616],[-160.4308068626121,59.44057666194895],[-160.42800029479753,59.442089346824076],[-160.42532376171354,59.445657884419916],[-160.42630468517285,59.44683186658424],[-160.43659023797085,59.44531469421452],[-160.4448155217327,59.447029824077454],[-160.44671790467115,59.44886489433399],[-160.4475226244858,59.45539431046328],[-160.44895551551738,59.45694694030581],[-160.45311235900186,59.457143265464616],[-160.45567593343048,59.45867833243329],[-160.46229748096673,59.460089652521475],[-160.46278364291027,59.4633884392348],[-160.46790274915068,59.466210381213564],[-160.46902504587618,59.46888577943339],[-160.47170211705102,59.47126718714048],[-160.47210812142345,59.472705636956874],[-160.4660169895366,59.47503049089605],[-160.45396521054948,59.48232713905325],[-160.4510286645981,59.48611897024228],[-160.45268105627443,59.48978045508199],[-160.45162505701353,59.491952047873696],[-160.43979393929445,59.491998863353174],[-160.4345626523397,59.494298832290944],[-160.4350799211449,59.496984989385595],[-160.43246744153393,59.50051208111001],[-160.42963983787033,59.502629133472446],[-160.4202401299437,59.50089864149352],[-160.41243632403504,59.50082444451403],[-160.4093724580618,59.50132634212419],[-160.40387541530998,59.50396357797782],[-160.40496842336393,59.50729629719133],[-160.4043974451862,59.50905538983413],[-160.40225937036837,59.51096618907101],[-160.40006293020988,59.51168229231381],[-160.39612213424616,59.51916835985869],[-160.3905073636831,59.51890721089669],[-160.3878338884644,59.52056485074132],[-160.38455761763882,59.525803166276276],[-160.38381883147107,59.528474015255426],[-160.38443961673974,59.53033410213021],[-160.381954355641,59.532784331450515],[-160.37905694210002,59.534070723779465],[-160.37732876585136,59.536522240441776],[-160.36499965447814,59.53880053572516],[-160.36393002687612,59.539348783571086],[-160.36388660770515,59.5411074429727],[-160.36243998772107,59.542857699533116],[-160.3483638570378,59.543137781650735],[-160.34184372929712,59.54211625483709],[-160.33244242865746,59.53848408864704],[-160.32632364572783,59.539397047050166],[-160.32449124334667,59.54426780907366],[-160.31800142206876,59.54900458367414],[-160.31388812980754,59.55099214555278],[-160.31563566475054,59.55196774307621],[-160.31562172379566,59.55474623540508],[-160.3218943566924,59.557778513406184],[-160.31613669291374,59.559792679602964],[-160.30928758055646,59.56405445634849],[-160.30874216573676,59.56537884179957],[-160.31980781642582,59.57156753770905],[-160.31355941019393,59.57440688404358],[-160.31299774395245,59.57504477276474],[-160.31390879375402,59.57645197329398],[-160.31225383199765,59.577123255651884],[-160.30821542599352,59.57842433022298],[-160.29477722223118,59.58043483835548],[-160.2995768615054,59.58468024469032],[-160.30951368381852,59.587086717641974],[-160.3184096964839,59.59299803760472],[-160.32214272829205,59.59407873596478],[-160.32332185873065,59.59629395558832],[-160.32529743460182,59.59770722561248],[-160.34046364213623,59.602437559493815],[-160.34407417158744,59.60445912850935],[-160.3499794662965,59.605585478695964],[-160.34916621069,59.60648552533462],[-160.35144041351106,59.61025150063188],[-160.35627953553868,59.613530882160426],[-160.36142885930863,59.61425585408983],[-160.36282117882874,59.61558231014563],[-160.3595331472595,59.620628813033306],[-160.36168027619706,59.62749378392606],[-160.36550536106733,59.63101287355226],[-160.37308505168565,59.632116453542515],[-160.3795224868095,59.63518422335587],[-160.38249959618753,59.63981320141853],[-160.38213317877302,59.64107198287338],[-160.38823700295654,59.64159715048256],[-160.3972232037815,59.63992005668806],[-160.4105151034251,59.64056273757306],[-160.41295644229632,59.642897454868006],[-160.42061179351944,59.64338382536689],[-160.42656676147047,59.645098352334806],[-160.4295942330983,59.646802770870764],[-160.42818156853363,59.64834193437199],[-160.42865318136285,59.65078205150518],[-160.42445390595594,59.65245706659395],[-160.4227299580773,59.65435500434385],[-160.4221456704603,59.65703751041581],[-160.423391304976,59.660337315107995],[-160.4210434600646,59.661960105004376],[-160.41967381402222,59.66431804885772],[-160.41985599236187,59.66723050234578],[-160.42074759992576,59.669287385359894],[-160.42670825511084,59.6727775604028],[-160.42726899608763,59.67548063993692],[-160.43381771450888,59.677872655490916],[-160.4354970538471,59.68281243714437],[-160.43429501636876,59.68623160262423],[-160.43571156614706,59.687651829279304],[-160.4345985166791,59.688584441867874],[-160.43417318684993,59.69188932938566],[-160.43562970806508,59.69567525678987],[-160.4396773029363,59.699277492189836],[-160.4380429224814,59.70105659036932],[-160.43793096275263,59.70362063160787],[-160.43558389668055,59.706045441149676],[-160.42768472651966,59.70870245362682],[-160.4237548370018,59.71141407357608],[-160.4155257587562,59.71276887059494],[-160.40698934978388,59.716677394335704],[-160.4016528018374,59.71605794948103],[-160.3841369141334,59.717249618808985],[-160.37836474256287,59.71693669499761],[-160.37370299648137,59.71744816296989],[-160.3645522898734,59.72070664436335],[-160.3613870687833,59.72054302635248],[-160.35807413591436,59.718755220822146],[-160.35469822755078,59.71544306091693],[-160.35036758970324,59.71509775009928],[-160.34954679453654,59.71259807045556],[-160.34604208033764,59.7099983265319],[-160.3432044793232,59.704311864944614],[-160.3415179130385,59.702655600997375],[-160.34164898981487,59.70095018542195],[-160.34435433995483,59.69837648809557],[-160.3477798335255,59.696188090015795],[-160.35051232716012,59.695751165811345],[-160.3517160687425,59.692294937693205],[-160.35653235739224,59.69042113073717],[-160.3515344383752,59.688160811908354],[-160.35313606355987,59.685792702653714],[-160.34952961695168,59.68443900147745],[-160.34852065707233,59.68294114310543],[-160.34927139622323,59.68189316093817],[-160.3485340985639,59.68082133625093],[-160.33976892911295,59.67834100774743],[-160.33530841733318,59.67569164203584],[-160.33135443410112,59.67509877382156],[-160.32729486738214,59.6719526612994],[-160.3231077704355,59.67053075977688],[-160.3229964709684,59.66694700059094],[-160.3252884846866,59.66540524625827],[-160.32692444527805,59.6622149101938],[-160.32290832917107,59.65948665999894],[-160.32158352433277,59.65731655204006],[-160.32143741604673,59.65554809996957],[-160.32234942974063,59.653747985709934],[-160.31893442220428,59.6483753762964],[-160.31432352525945,59.64550366555741],[-160.31068541213915,59.64455159216732],[-160.30729330445607,59.64750123757033],[-160.30173981875828,59.649675966357385],[-160.2937518761827,59.6474232155255],[-160.283717483355,59.647806602576445],[-160.27052088687824,59.647137063689314],[-160.26546056369506,59.648373831140674],[-160.26894044935784,59.65104926149695],[-160.27850250890748,59.663861508166754],[-160.2823241181959,59.66577935722894],[-160.2830911473962,59.66963713995425],[-160.28513873850872,59.67202124895014],[-160.2845760356114,59.67367070189082],[-160.2793338574821,59.678730987452056],[-160.27496159170425,59.678939045761545],[-160.26544804297663,59.68435446013463],[-160.26306791980042,59.68423839783536],[-160.25822083690278,59.685766460217145],[-160.25061218998957,59.68515359869005],[-160.24618767909314,59.68589761597095],[-160.24341757928582,59.686944977768455],[-160.2426745746295,59.6896716266576],[-160.23833099205868,59.690850549028305],[-160.2328128442876,59.694489921432215],[-160.21630921417838,59.69717705170435],[-160.20923142847897,59.69554416787547],[-160.20616107577106,59.698456269871265],[-160.1907454977104,59.695362720494494],[-160.18829495559902,59.693525102238326],[-160.1821927097555,59.69826398297277],[-160.17699293300595,59.6989464044495],[-160.17900604767615,59.70179155388791],[-160.1800934376664,59.70538623388799],[-160.17690799370254,59.707902052624526],[-160.17564450157735,59.70990799213934],[-160.18589108186507,59.71301671767149],[-160.19132037547476,59.717228654815735],[-160.19621733463362,59.72306871613819],[-160.20221281660397,59.724180726621874],[-160.20709870672192,59.723836716588586],[-160.20828656519177,59.72570872623735],[-160.2145644029273,59.73035723531623],[-160.21430047969343,59.73220205500688],[-160.2075692667256,59.73307198608197],[-160.20127617469825,59.73628780990215],[-160.20077628919213,59.73972786380519],[-160.19919787288111,59.74188240014301],[-160.187495978714,59.74573272235289],[-160.17363800659245,59.747430387209214],[-160.16647199375572,59.75192562012425],[-160.1485543929314,59.74859936470435],[-160.14129654172996,59.75055896869682],[-160.139800493744,59.75187680022856],[-160.13220528023754,59.747965465073925],[-160.1231040456489,59.746135263778854],[-160.1143317624392,59.74856426043437],[-160.11280720372272,59.75000885664098],[-160.11357568100726,59.753351320673026],[-160.11249733345875,59.7547370988565],[-160.1053587758321,59.75632645213974],[-160.08324771888724,59.75711638429826],[-160.0788301780191,59.75962864428952],[-160.0766111308582,59.76207790681401],[-160.07054277036542,59.76453207008684],[-160.0620154909714,59.758129468875005],[-160.04910908626394,59.75694568342103],[-160.04751295966713,59.7588506409907],[-160.04947989733853,59.76461915885549],[-160.04878450518888,59.76728440004484],[-160.04412383349245,59.77182920386028],[-160.0449613849341,59.77495868116676],[-160.0445533880984,59.77648485611868],[-160.04572424505318,59.779141122696785],[-160.04440525680633,59.78089973092046],[-160.04241845289246,59.78171559460086],[-160.04208895174455,59.782627520470335],[-160.0263095218578,59.7809997824635],[-160.0032323061637,59.78401708782669],[-160.00135643340758,59.78517071722305],[-160.00073190575748,59.786776439040416],[-160.00264032088305,59.79338118216912],[-160.00019454253763,59.79560372179586],[-159.99692387450455,59.79636249111016],[-159.9922605060656,59.79504710108724],[-159.98885044016168,59.79278442802769],[-159.98202320717144,59.795535423341086],[-159.9774131905756,59.79253801627226],[-159.97608063866628,59.791071699985956],[-159.9747695106782,59.787467351400124],[-159.9715458056698,59.78453443869234],[-159.97563917599294,59.78185647796641],[-159.97610860681434,59.78051233840929],[-159.97969026171737,59.778562958981624],[-159.97673299792055,59.776362659474664],[-159.9746373649066,59.770376825891574],[-159.97157069529138,59.76774217686652],[-159.9683211466506,59.76225359973706],[-159.96732698292226,59.76124688420727],[-159.95905437950452,59.758566911788876],[-159.95618200470545,59.756152212573134],[-159.94524633035655,59.75182750918494],[-159.94304560792912,59.75012864309867],[-159.94565496409783,59.741259818763744],[-159.94816736869117,59.73842041441349],[-159.94317699372596,59.73635522684193],[-159.93496721937746,59.736724094620044],[-159.93412059045983,59.734828651285774],[-159.92988552347705,59.733288793623906],[-159.92482888158992,59.72629062757821],[-159.90851084611333,59.72129737304608],[-159.90509607573225,59.71893153975897],[-159.90186817738808,59.71818540069022],[-159.89200870002097,59.71666667728132],[-159.88455832637936,59.71699874718162],[-159.8781563818958,59.71608813969824],[-159.87234565104,59.71708426477966],[-159.86739100566686,59.718906999724226],[-159.86429512014365,59.72432599544586],[-159.8598719414488,59.72406433357197],[-159.85377646620753,59.725326556253634],[-159.84393129630791,59.72496099198874],[-159.84472014019653,59.72685300636496],[-159.8438468986886,59.73162293526376],[-159.84074363979357,59.73345802207148],[-159.83625686576644,59.73457192875238],[-159.83329575628193,59.73786950720577],[-159.83323356771146,59.740981887331586],[-159.836442349008,59.743854539407934],[-159.83385447874426,59.74538047833379],[-159.83155437749357,59.74941188562401],[-159.83325781593592,59.75130174152325],[-159.8373884070545,59.752912783167986],[-159.83829981169066,59.75397905380924],[-159.83414389347092,59.7580733104438],[-159.83425572384235,59.7595754956025],[-159.8355762544965,59.76123422255877],[-159.85214606079776,59.765958541260936],[-159.85235364439194,59.769078125061355],[-159.84683722677607,59.77496897436435],[-159.84745816475836,59.77719270454472],[-159.84457225773784,59.77877006614473],[-159.84492495248807,59.779689291915645],[-159.84732271947476,59.7807471292463],[-159.84607548955114,59.78188964068339],[-159.84760457128505,59.784721901751],[-159.84424171095094,59.787274161465085],[-159.84458002097853,59.78832756942335],[-159.84266572727776,59.79001456329234],[-159.84271226450105,59.79352275794686],[-159.8318384238881,59.7997824411512],[-159.83186433579246,59.80187978243284],[-159.82216509721076,59.801390766396196],[-159.8160778217914,59.80213510688416],[-159.80884512701115,59.80548563885814],[-159.80734232010101,59.809099744999074],[-159.80598555230657,59.810289425301804],[-159.80828268552355,59.812721204163125],[-159.81875447165635,59.81911029472233],[-159.83363629053815,59.82017299646925],[-159.843303720674,59.824233450750754],[-159.8494357833985,59.824369965190634],[-159.85596053117465,59.82586243389697],[-159.8635132525715,59.8314299322812],[-159.86396525068648,59.83196955627683],[-159.85704216745543,59.84420115097457],[-159.86169857395092,59.84633561982326],[-159.86442937156622,59.84909775132826],[-159.86569159976185,59.85161954541442],[-159.86730862566375,59.85958609784257],[-159.87559789732163,59.865324206530616],[-159.88909886188128,59.871305617046495],[-159.8926286022457,59.87623648821983],[-159.89619004056323,59.87790986985656],[-159.9065113741573,59.885688748697206],[-159.91085351852533,59.88722643848433],[-159.91311033175913,59.89007568988819],[-159.89220787987563,59.89184412750014],[-159.87398084896185,59.896619622487044],[-159.88757564973943,59.90448836940914],[-159.88913057151248,59.90805698767432],[-159.8984144201237,59.91260553484497],[-159.90568409584924,59.91729392405456],[-159.91018484227223,59.919052588459564],[-159.90992862658354,59.921327951807505],[-159.91131332928836,59.92164795069019],[-159.9124188257214,59.92393589718437],[-159.91185970261046,59.925944917940605],[-159.9123317160883,59.926947860523086],[-159.93261179178677,59.929542220444205],[-159.93418407529927,59.92995228299853],[-159.93462799486494,59.93116935247885],[-159.93299421987456,59.933798834578255],[-159.9330420605533,59.93789866672346],[-159.93147760406183,59.942833551844984],[-159.92080231358457,59.945903826034396],[-159.91810950392596,59.947340058812756],[-159.91739343255847,59.94868832303135],[-159.91172308682206,59.950619289668396],[-159.91042092222384,59.95661046925779],[-159.9034826260235,59.961745179337676],[-159.9086634995245,59.965197362453914],[-159.90926572739602,59.9670593646459],[-159.90368653820306,59.974442068840396],[-159.89561593534998,59.97863428317738],[-159.89527403565455,59.98122490901107],[-159.89351000764287,59.98208516557755],[-159.89222665197013,59.985633150776145],[-159.88387785075503,59.9891499787688],[-159.8830154689806,59.991839815087275],[-159.88167771043592,59.993157985105604],[-159.88143365883445,59.99522910274395],[-159.87503155445071,59.99913620010356],[-159.87119674262257,60.000287692221086],[-159.87126582306792,60.002984030513],[-159.86833621839872,60.005497674526374],[-159.87236137694737,60.011062552591284],[-159.87023306502007,60.013121214938586],[-159.87060592694843,60.01564202092594],[-159.8675858969644,60.018731875452254],[-159.86847714250723,60.02071479187784],[-159.8715363300545,60.02430011392944],[-159.87747163388397,60.02463004324681],[-159.87757463740937,60.02563658569515],[-159.88479376942547,60.02802400308619],[-159.88921340516484,60.031159640591376],[-159.88863171906888,60.032376437586755],[-159.87929637992394,60.03435300530913],[-159.872041273974,60.03982550715062],[-159.87513153065368,60.04314237807205],[-159.87553095127336,60.044517403007504],[-159.87830764651153,60.046373183471836],[-159.87510462880581,60.04922907980253],[-159.86739401951465,60.05254424614903],[-159.859539562997,60.04880693320455],[-159.8543023435681,60.048750626879745],[-159.84285673515828,60.045551453651036],[-159.84393010334517,60.04510385489366],[-159.84831917211042,60.03823490343345],[-159.85137754758063,60.03512490249933],[-159.84902384565353,60.033339570627085],[-159.84291131410004,60.031585379182154],[-159.8421748590604,60.030034318730266],[-159.8372068808918,60.02758118639126],[-159.8114124303465,60.0261514752442],[-159.81079860702127,60.02572041288134],[-159.81166779353399,60.02411836067117],[-159.80974087850345,60.02321040166506],[-159.7882089240998,60.02698880759541],[-159.78497112721953,60.025393484440954],[-159.78284400915322,60.02640131188565],[-159.77634405038728,60.025691101642884],[-159.7601073178338,60.02783878598428],[-159.75641096783195,60.02279213395677],[-159.75001516243503,60.02164386308205],[-159.74411142630296,60.01363301300166],[-159.74254157363157,60.01255621434591],[-159.74045704469285,60.01175588103694],[-159.73464379406272,60.0118789008751],[-159.73205589774784,60.011125526271805],[-159.72721422630144,60.011537052152256],[-159.72135916628136,60.00965224990873],[-159.71721380326622,60.00965207254322],[-159.71530755038555,60.01311608938853],[-159.71911672160056,60.015597551074485],[-159.71846128202318,60.018601058943005],[-159.7082379779828,60.02252302685997],[-159.70374771040755,60.02172335675287],[-159.69031315650022,60.023670445370925],[-159.68018196121747,60.02222051238637],[-159.67445794922767,60.02376106123712],[-159.67000793336373,60.02705265974156],[-159.66000864220575,60.02577358810237],[-159.6546066295329,60.02770641503669],[-159.64585504710055,60.0280262433813],[-159.64205218116055,60.026152884932834],[-159.64109922225603,60.023879225809736],[-159.64134870237672,60.02025787524201],[-159.63223671944567,60.01487085510564],[-159.62934174752564,60.01410312519308],[-159.62259711462576,60.01596420131413],[-159.61850950250363,60.01570421953642],[-159.61528743332738,60.01151728083705],[-159.61595817840055,60.009149707219564],[-159.6115695525048,60.00531697785635],[-159.6060070593997,60.003898245636556],[-159.60181502082068,60.001811467316834],[-159.60104146535986,59.9987673033276],[-159.589962913965,59.99618119350273],[-159.58203942820603,59.997527170709404],[-159.57548576815242,59.99665730721842],[-159.567638036423,59.99402960053805],[-159.5501801008346,60.00515041568676],[-159.5397684910461,60.00529742961018],[-159.536200392619,60.007352512207895],[-159.53278015958267,60.0066364027492],[-159.52732484447415,60.00682454175003],[-159.5213264699286,60.00560482330938],[-159.51718583564505,60.00585251150752],[-159.5136807252891,60.00393815575169],[-159.5090104928231,60.00285366817229],[-159.50071960240112,60.00420661835562],[-159.49845158268417,60.005558649611615],[-159.49989806342938,60.00778712321341],[-159.49211219058876,60.01079658960596],[-159.48887858704427,60.01464789531595],[-159.48883527567116,60.016689898171585],[-159.48806244065918,60.017262740845425],[-159.4799507901875,60.01902631922658],[-159.47445649448383,60.02095367896635],[-159.47246214651818,60.022637149025705],[-159.46519915156344,60.0243220247906],[-159.4595857176935,60.0265824808212],[-159.44974398744307,60.02765695300742],[-159.4466963998411,60.02959747947794],[-159.4430410399657,60.02838817290714],[-159.434837994897,60.03032411871676],[-159.42947297844083,60.02957016774562],[-159.42596516056258,60.03029913882153],[-159.4184812078957,60.03503604387297],[-159.41708876889965,60.03742335327893],[-159.41397534197387,60.03968026804546],[-159.414129274586,60.04219068355556],[-159.4127769633337,60.0435019992068],[-159.4235958351361,60.043977742182975],[-159.43672611797862,60.04776366180769],[-159.43835553344493,60.048858568367834],[-159.43903603961198,60.05207504302615],[-159.44359825595325,60.054038364979185],[-159.4476478846103,60.05409249371215],[-159.45171636531182,60.05529983344399],[-159.45588790703098,60.05402345712963],[-159.46535582403718,60.05288048192244],[-159.472831550831,60.052946258505216],[-159.47808189734118,60.053907395400685],[-159.48325644760092,60.056202009752035],[-159.4874554894459,60.06012902111089],[-159.49884454801025,60.06195071420603],[-159.50089961310596,60.06395612724077],[-159.50608346362384,60.06628646884648],[-159.5182037705924,60.06897548528923],[-159.52885345638913,60.07528228840448],[-159.53407299607497,60.0727165283934],[-159.54357155731043,60.07196242187221],[-159.54452150057054,60.07057113010254],[-159.548582570171,60.06839914634053],[-159.55306637526607,60.06704893449982],[-159.5559115589598,60.067305709071924],[-159.5668656945861,60.07145462264849],[-159.57247251685556,60.06900853841658],[-159.57903798616184,60.068273573067295],[-159.5817757708735,60.06499150832543],[-159.58835788775866,60.06501478140499],[-159.58811114660125,60.06289215316249],[-159.5960718154265,60.05983594201315],[-159.60830675461185,60.057622121562204],[-159.6125637521657,60.05873564886443],[-159.62191216449298,60.06396551441033],[-159.6333425958661,60.06878961030342],[-159.64229500207003,60.07061115336011],[-159.64691944830432,60.0701209581111],[-159.6559731700993,60.073320517896896],[-159.657723955147,60.073133000671476],[-159.66189276958096,60.06867078295736],[-159.6677164963639,60.06665511045421],[-159.6774572802309,60.06773795771184],[-159.68559784028508,60.07092907160259],[-159.69408426340172,60.07087368595522],[-159.6960190243179,60.074298419624114],[-159.69898372436865,60.075925588985086],[-159.71395838413505,60.081368617191515],[-159.7222484903278,60.08200165444223],[-159.72439831421127,60.08466411553787],[-159.72341821540536,60.08794506614451],[-159.72431083896385,60.09130727441804],[-159.7202608869133,60.09302891336013],[-159.72199345772034,60.09582326674287],[-159.7154224529952,60.10013167791185],[-159.71285794521708,60.10092516887096],[-159.70130221143825,60.10049715107843],[-159.6925148931256,60.102657233479135],[-159.69270648131786,60.104425204812436],[-159.69820686759914,60.108249409126806],[-159.69877595212824,60.10964986927787],[-159.69438015049,60.116580715094834],[-159.68846445508655,60.120840560384536],[-159.68367446192184,60.12164252679609],[-159.67420771182717,60.12556805776058],[-159.67398387770956,60.127268147361406],[-159.67033802200982,60.129702148841744],[-159.66662989150132,60.13433261766899],[-159.6587660098597,60.13412399502632],[-159.65027555600244,60.13239329030305],[-159.64546743393694,60.134552666916115],[-159.63933213458253,60.1360269811844],[-159.6205726138093,60.13665494883109],[-159.61886735987176,60.139281148642404],[-159.6124968258804,60.14131372973977],[-159.610364801216,60.14243031751107],[-159.60855624551237,60.144951824941465],[-159.60255381686991,60.147129215202405],[-159.60354108243513,60.15147085220088],[-159.60255985534525,60.15491132068225],[-159.59496435258134,60.16246065238248],[-159.59645219894875,60.16399090319005],[-159.59591783879694,60.16445303226063],[-159.59671405066754,60.16642164653066],[-159.5933838306193,60.167212852199896],[-159.5910474014985,60.168796607747836],[-159.58977298046955,60.1710336263584],[-159.59267573269827,60.17243560800072],[-159.59184783904425,60.17343404445414],[-159.59221037304175,60.17484918502483],[-159.59722462253228,60.178745216992624],[-159.5987377573733,60.182033638486956],[-159.60705288883324,60.18508320362338],[-159.6064944655099,60.18809423461218],[-159.60433296083283,60.18941683372909],[-159.59602473831575,60.19980563510289],[-159.589916978613,60.200272001567406],[-159.5856864894449,60.202883624935176],[-159.58589072501798,60.20526632155607],[-159.58355286398265,60.20759895196176],[-159.584345636204,60.21026538511683],[-159.5814499034109,60.213631267170655],[-159.58121995625777,60.219143751403905],[-159.57177886833585,60.22135794925435],[-159.56844031641336,60.22142320825095],[-159.56677434220992,60.222790127996824],[-159.56377175750873,60.22290337457647],[-159.56305131763403,60.22408577357674],[-159.56025284453844,60.22442921121682],[-159.55834489024858,60.22097484002612],[-159.5513649041342,60.2182156550838],[-159.554331872431,60.21651574339629],[-159.5548671111352,60.21550787641221],[-159.554375155058,60.21405726009957],[-159.5520117225798,60.211349603510996],[-159.54518206144337,60.20909957530646],[-159.54386798248953,60.204786483532665],[-159.52712140391006,60.19833514916382],[-159.52296337285276,60.197884766413935],[-159.52267755947207,60.194472912585326],[-159.52133283269572,60.19259436294594],[-159.5128691737867,60.18770042504995],[-159.50906254839722,60.18823599760967],[-159.48891411541376,60.18597321242073],[-159.48425702709702,60.18639328591605],[-159.48086363122977,60.18813568007776],[-159.4759703578585,60.188719763410965],[-159.46414298431756,60.18529024665965],[-159.44938925082224,60.185092139593394],[-159.44158548354113,60.1817717579442],[-159.4325082708015,60.18171367291194],[-159.42849697774926,60.174483701024364],[-159.41392172692446,60.1726034037584],[-159.407453333161,60.17437740232136],[-159.40597847463593,60.17609462099006],[-159.40573945180344,60.17861105835692],[-159.3846758601243,60.17858958357875],[-159.3814062440184,60.179259632838225],[-159.38120127003012,60.18058893909068],[-159.3776262797282,60.18222833975013],[-159.37508664001206,60.186191314587894],[-159.3714063644639,60.188441187039096],[-159.37793490582553,60.18983715567232],[-159.38831882504547,60.190046970539925],[-159.38595666458167,60.19384131755179],[-159.3852037137785,60.19895316589613],[-159.38569415978765,60.20319472591988],[-159.38326664778526,60.20833913548745],[-159.3777845026941,60.21258541179275],[-159.37746047138802,60.21589350508716],[-159.38716373172727,60.214978706066994],[-159.39074731261826,60.21536040119758],[-159.39284744529343,60.216428311101595],[-159.39224819084552,60.21800899327596],[-159.39291261627068,60.22054967758173],[-159.38987726462116,60.22275380279863],[-159.39800464459347,60.22733961545717],[-159.4026325430534,60.231803081018754],[-159.40439752507586,60.234980123318174],[-159.4151418816254,60.23822401800627],[-159.419381786036,60.238707651664406],[-159.423691679987,60.24142918429395],[-159.4259969528388,60.24481816462781],[-159.42654345462,60.24724092599503],[-159.42375478573743,60.2531736162488],[-159.41840413424094,60.255548171295075],[-159.41486624975013,60.258440177713624],[-159.40162463779617,60.26637206261963],[-159.39737219739578,60.26545125775545],[-159.39233631108326,60.26102406656856],[-159.38470102283372,60.25947042486456],[-159.38223767793295,60.259447821168756],[-159.3753442741406,60.26214954498338],[-159.36900411398562,60.259492050387685],[-159.36314052895347,60.26023156266688],[-159.35808881342734,60.26142359252466],[-159.35580231267008,60.26398090834291],[-159.35354531258673,60.26408307437776],[-159.34712717147855,60.26280467669466],[-159.33954550995654,60.26359682867553],[-159.33494862403518,60.261555836640746],[-159.32983027597285,60.26058651501561],[-159.31702548779205,60.26070758431071],[-159.3107072267671,60.25919561396976],[-159.29391570098235,60.262225855896794],[-159.29398864687835,60.26381475674684],[-159.29151342175797,60.265807191173344],[-159.29127595929916,60.26699899526017],[-159.286227363622,60.26677316463213],[-159.26687685020653,60.272501843178745],[-159.26442397696704,60.27572384361947],[-159.26024652612995,60.27785802312911],[-159.26017962679407,60.28145334483315],[-159.26287381087508,60.284046261728385],[-159.2614394978104,60.28602758789111],[-159.2618992672509,60.28907174157638],[-159.26105970627793,60.29054469356738],[-159.25703311671302,60.2917177649926],[-159.2562554775109,60.292430307942986],[-159.25672283052904,60.293230633744614],[-159.25317386352262,60.294506178863195],[-159.24937179169325,60.3001420873524],[-159.24424353072177,60.30213078156315],[-159.24140422380665,60.30725892663378],[-159.24159226455183,60.308812947159396],[-159.23218258891876,60.31368113046624],[-159.22891248323103,60.3130654256098],[-159.21671111588446,60.31366814318339],[-159.21487702736553,60.31673056096077],[-159.21224983963842,60.31835568917902],[-159.21319536498396,60.32058712017364],[-159.21589245331828,60.32281702880756],[-159.2164016292011,60.324267649661834],[-159.21011671813105,60.329254584678814],[-159.21303126434114,60.33161450661143],[-159.21260341563593,60.33486326260611],[-159.20945991221612,60.336608476509106],[-159.2118110171137,60.338126117601064],[-159.21213755202456,60.34131561213438],[-159.20281101816596,60.34856132261266],[-159.2014839944889,60.350972767171456],[-159.19626202845353,60.351775525382855],[-159.19336377408945,60.35430755965584],[-159.1781554966536,60.354802459883196],[-159.1737878751658,60.35656364169077],[-159.16740133499272,60.361310879012095],[-159.15452087542732,60.36236514132601],[-159.1539254415143,60.366075845195425],[-159.1514300492158,60.36937809541783],[-159.14007943046076,60.36981119674705],[-159.1306275250262,60.373237629273596],[-159.12568518657244,60.37724112749771],[-159.12269352089353,60.38097743300092],[-159.1223837494442,60.38289823168116],[-159.12490787256044,60.38513230398403],[-159.1162894815387,60.388901630075964],[-159.11122735813169,60.38843207463179],[-159.10927439195794,60.391782907985124],[-159.1096567176378,60.394218572611614],[-159.10461792437707,60.39722012069413],[-159.1029609288349,60.39953748543644],[-159.103226015387,60.40337550180519],[-159.10145168280076,60.407290588054664],[-159.1043393963333,60.41047332803425],[-159.1018362093531,60.412281500302186],[-159.09765116415855,60.41371720584924],[-159.0931956658764,60.41968735411258],[-159.090738259738,60.420426333483995],[-159.09332599705112,60.42501850971801],[-159.09291801907995,60.42691278683391],[-159.09639016934986,60.428931318245034],[-159.09310464318193,60.43182094051313],[-159.09388242252126,60.433264677714476],[-159.08690015648264,60.43662409698057],[-159.08837155379888,60.43799665615133],[-159.08810600012282,60.44021621730277],[-159.08265311765206,60.44689972508425],[-159.08114390934716,60.450188106098935],[-159.09060615439063,60.45324421374898],[-159.08997449232052,60.456649983327445],[-159.08788566045158,60.4590187124292],[-159.0735453011073,60.45886063454933],[-159.0629644819569,60.46220315701247],[-159.05655438166883,60.46752324893673],[-159.0486848325561,60.4699815427983],[-159.0487942581375,60.47206667287159],[-159.0469888716902,60.47426833109359],[-159.04834523524275,60.475690700589745],[-159.0480051052284,60.476627752857],[-159.03631681424963,60.481191545871226],[-159.03450520607063,60.48586816332665],[-159.0256080965623,60.48708055001568],[-159.02395338543593,60.488213477316386],[-159.01743531932883,60.488746431378665],[-159.01210687777942,60.49160908291528],[-159.00830076173472,60.49267175449378],[-159.00620769610583,60.49449259393292],[-159.0060627089173,60.495940790734245],[-159.0026643651295,60.49756182457679],[-158.98643509038948,60.49853867486375],[-158.97639864401305,60.49742501499412],[-158.97616369683698,60.49829531385831],[-158.9789922805626,60.500455718462746],[-158.97757469862006,60.501088955361645],[-158.97725124493067,60.50218293211398],[-158.97946743095744,60.50408530465307],[-158.97672777864832,60.50651049019494],[-158.97293716662708,60.50637611589345],[-158.96544639574716,60.50827987816478],[-158.96390294186705,60.50952947933429],[-158.9637964762345,60.510721870257875],[-158.9590700873852,60.51309729365222],[-158.9465077032956,60.51770314296648],[-158.94318927902532,60.5180706558831],[-158.94263738106423,60.5194884308242],[-158.93656977066476,60.523421609699334],[-158.93714712957598,60.526406240392596],[-158.93037768161471,60.52977852678321],[-158.9288729559031,60.53301922339056],[-158.91706399692717,60.534590186487705],[-158.9094374007763,60.538771639645674],[-158.9002123073746,60.53724597226575],[-158.8951815118148,60.53843078995762],[-158.88171104775398,60.53922694064718],[-158.8697099121893,60.53491493802167],[-158.85917526285124,60.53359676688376],[-158.8546490959023,60.53374389042996],[-158.84465538867212,60.53596469467797],[-158.84401840138898,60.53355312019151],[-158.8416878831828,60.53070615822643],[-158.8416036831929,60.528283656405115],[-158.83321742672197,60.523104497952204],[-158.82993121334292,60.522200812870956],[-158.81525957957635,60.52331672683731],[-158.8099413913976,60.525710758404266],[-158.80562434146705,60.526029712508134],[-158.8027066843911,60.523317514098764],[-158.7975576444888,60.52263903348595],[-158.787991843456,60.5229340757158],[-158.78585618420797,60.521506923034934],[-158.78705863131802,60.51994183997417],[-158.78728284003319,60.51806986584145],[-158.78544469112913,60.51678233939638],[-158.78412815887629,60.51423534793506],[-158.7839152904933,60.5100156058749],[-158.77854406667853,60.50968426801033],[-158.77391772859224,60.50439806204734],[-158.76998455842698,60.50409587109946],[-158.76333298380402,60.505845643911954],[-158.75606985679693,60.50634811566727],[-158.7536142365093,60.505001555788844],[-158.74457636997906,60.50361874594786],[-158.74583707463196,60.50037386278701],[-158.74981055400065,60.49795073827644],[-158.75070609259222,60.49589091328819],[-158.74987348278293,60.494341555278595],[-158.74643664798182,60.4917101716619],[-158.7442465598107,60.491174072983796],[-158.74381001451525,60.489656798199],[-158.732976469631,60.48775211676121],[-158.728653252766,60.483771316903194],[-158.72324630654563,60.48346217417295],[-158.71862715677827,60.47866642289057],[-158.7127549119868,60.476963593724975],[-158.71237826276123,60.47430713484727],[-158.71568102939605,60.46859805996145],[-158.71322672514034,60.466054241574476],[-158.70487909712497,60.46264428304835],[-158.7050777918894,60.4607762475596],[-158.70609271029406,60.45959907176736],[-158.7164726993846,60.45338791213343],[-158.71844041230207,60.45061480699778],[-158.7187843439867,60.448198829907966],[-158.7204429142755,60.4472394527343],[-158.7349445849937,60.444408557813254],[-158.74009801406453,60.441643654451426],[-158.74438046448358,60.44183504229206],[-158.75108143746405,60.43937112063644],[-158.75034182125296,60.43761778660787],[-158.747866956357,60.43590186821953],[-158.7473882504303,60.43262223316808],[-158.7431855749,60.43065879036733],[-158.73655257653883,60.43195791425848],[-158.72918480658092,60.42979807917525],[-158.71801806308304,60.43080454936524],[-158.71529738229444,60.43004570723163],[-158.70967421338176,60.43028821104106],[-158.7028955307394,60.426663056479555],[-158.69934380859996,60.42593088610586],[-158.69533903641835,60.4264781449192],[-158.68779746940237,60.425405753736634],[-158.6799751887416,60.42546284544426],[-158.67119462216667,60.42894513522981],[-158.66561528654833,60.42758435902592],[-158.65600416730604,60.42738163035372],[-158.65519098895467,60.4247215131177],[-158.6478203596592,60.42394561813618],[-158.643029743962,60.42177285893765],[-158.64025943394887,60.41944710422068],[-158.64485661990753,60.41443773300835],[-158.65474548476087,60.40932066565456],[-158.64389569474304,60.407024869332865],[-158.6390665844393,60.402969311403155],[-158.63857567400112,60.40189606861011],[-158.63989959489717,60.400620815595175],[-158.6387948314894,60.399629184417634],[-158.64012933094622,60.39652997607167],[-158.6399440471307,60.394212726508236],[-158.63855008369362,60.39324109646429],[-158.6284332955914,60.392046667855574],[-158.6242538576809,60.39261482678722],[-158.62173716093713,60.394196300341235],[-158.6220161803593,60.39800625811134],[-158.6201458196658,60.400678103007635],[-158.61415098897405,60.40591486496582],[-158.59515510887317,60.403949430729696],[-158.58765188195352,60.402117382932126],[-158.58430029008636,60.40232640970307],[-158.58032840163403,60.400871481168096],[-158.57546190973636,60.397171475076185],[-158.57621766957143,60.394988207192995],[-158.57577501303706,60.39080664229772],[-158.57769335364821,60.38865452936875],[-158.58309198506234,60.385507081096435],[-158.59455501629705,60.38087258373692],[-158.5987721996192,60.37306123698611],[-158.59456230522727,60.36894442871779],[-158.58985718399225,60.366853658521414],[-158.58539557626787,60.36003284012657],[-158.58522555752396,60.35745296442803],[-158.58753600646838,60.355190322577684],[-158.58468213067596,60.35300570247248],[-158.57807478999595,60.350280723719074],[-158.57892466901822,60.346662424602684],[-158.57819627905326,60.345101126222],[-158.5682991856319,60.350779227263736],[-158.5615873987321,60.35214726331967],[-158.5521468623758,60.35586086132333],[-158.54084295960877,60.35596370058018],[-158.53453843741775,60.35712769945639],[-158.52813288260504,60.36170621366138],[-158.52108612741054,60.36341230520721],[-158.51122893805234,60.3678209895077],[-158.4974929212138,60.37036536883688],[-158.48989528135778,60.37370115923064],[-158.48884743879967,60.37485060185304],[-158.48939507784803,60.37952706503576],[-158.4771594002475,60.38460458529429],[-158.47305019981243,60.39123662182223],[-158.4707159023938,60.39216749381895],[-158.45778308452213,60.393970620662635],[-158.4541713261756,60.396508184646734],[-158.44133444298637,60.402574152927755],[-158.4410400668644,60.40324694564839],[-158.44332345226428,60.40511638556392],[-158.44240474522323,60.40723338991425],[-158.4299250133263,60.41195901307207],[-158.42268121986072,60.41172137585376],[-158.41798453560287,60.410215055891854],[-158.411585656171,60.4100444431492],[-158.4092554299173,60.40924348427628],[-158.40433677195276,60.405017691530894],[-158.39748444542337,60.403985332700934],[-158.39206534409885,60.39925350444283],[-158.37505179609838,60.396605719198824],[-158.36776285151,60.39373578292027],[-158.35377561181903,60.39563342967601],[-158.34550276495784,60.39369457375958],[-158.34021551206257,60.39386461541023],[-158.32806573406444,60.395795682750666],[-158.31774642796796,60.39406411051247],[-158.3067983945974,60.39377308525402],[-158.29084090694323,60.38884933586483],[-158.289232308137,60.387815589707074],[-158.29112522552728,60.385418819513255],[-158.28812551184177,60.38543068178877],[-158.2878051483569,60.384717616048945],[-158.28440044629352,60.383866162529365],[-158.28192761877665,60.38157368174141],[-158.28238747086215,60.38055017146751],[-158.27834080125572,60.37777543395632],[-158.27464285045602,60.37680289200236],[-158.26809317622732,60.37689144601695],[-158.2642994623234,60.375587353794025],[-158.2573906865599,60.37547564570596],[-158.25517380164382,60.37623206779036],[-158.25490477867413,60.37749710200976],[-158.25791644444453,60.37986820560913],[-158.25739713197203,60.384387800267916],[-158.25931518422396,60.391676247175404],[-158.25587794428267,60.393460670453926],[-158.2490156518435,60.39426089103728],[-158.24344861416142,60.39674462522099],[-158.22778079994868,60.397792286893264],[-158.22849575830355,60.40077519910895],[-158.22722757248098,60.4035673355067],[-158.22866742006613,60.40941908137202],[-158.22996519908912,60.411993086312826],[-158.23337327073318,60.41205324610526],[-158.2362670191478,60.42122505444397],[-158.23166394024085,60.42200899360326],[-158.23389351206364,60.42563859884891],[-158.23034408601808,60.42615226530034],[-158.22640263518255,60.429285794508175],[-158.22320707529033,60.430228559749956],[-158.22227430242856,60.43134247427955],[-158.22217068176053,60.43316401586687],[-158.2164505190517,60.43414769898233],[-158.21386180077832,60.437751959273285],[-158.20905889343308,60.44051707678659],[-158.20562192478297,60.4401032635434],[-158.20116130969697,60.437752462306165],[-158.19620604358798,60.43810973600961],[-158.19132965405248,60.44086852225754],[-158.1846054973512,60.44282900730202],[-158.18295756131872,60.44456967220925],[-158.17790746814998,60.44522878306049],[-158.1714334841705,60.44827293398318],[-158.15532836289097,60.45011906360463],[-158.1512229353801,60.45015103367232],[-158.13870779728458,60.44678877467106],[-158.13439519940457,60.446328282696825],[-158.12965181173507,60.44725052375721],[-158.12555693853048,60.44944234006439],[-158.1214934407838,60.44980358422063],[-158.11431136786646,60.44997403140195],[-158.1055921445473,60.44808713516049],[-158.09920148739528,60.44784942250287],[-158.0947688162028,60.453358651022015],[-158.08525542378197,60.462252964043685],[-158.0791679345636,60.46002171079309],[-158.06859623061837,60.45417944633697],[-158.06487127825787,60.45739923940325],[-158.05737190241587,60.456647078506855],[-158.04898928322356,60.45805926814333],[-158.0425238341376,60.460504239550154],[-158.03870376815482,60.463939369127395],[-158.033783795955,60.46510809074186],[-158.02678373339234,60.46265631691539],[-158.01825831530752,60.4621516674494],[-158.01404141854795,60.46324865241172],[-158.0118923402662,60.46553264101433],[-157.99672399923296,60.45928140526064],[-157.97842297049593,60.45830349275719],[-157.96191710986986,60.46331422913579],[-157.94668119666264,60.465679389635966],[-157.93508930749024,60.468599693377016],[-157.92579640745427,60.46934304700364],[-157.91751317427173,60.47101492916767],[-157.90420471418588,60.46984216880676],[-157.89774070779424,60.46752583264381],[-157.89466349914412,60.46741974904956],[-157.88880772316674,60.469228646574635],[-157.8863991395657,60.46901974500395],[-157.87164632594522,60.47761731839457],[-157.8587011885777,60.479825793171784],[-157.8526340992011,60.48244151961906],[-157.8407131930728,60.4819490322697],[-157.83558006862236,60.480812348778414],[-157.83007574233022,60.48516662632982],[-157.82939677677388,60.4866316656395],[-157.83006573419965,60.48842958551115],[-157.82477696584647,60.48645632787582],[-157.81109417418844,60.48475235330057],[-157.8048575134289,60.487272873839565],[-157.78099713119872,60.49263226566377],[-157.77285400375948,60.49627117682948],[-157.77283294635092,60.499422912220275],[-157.7649904275451,60.50525697651748],[-157.75848880869253,60.50700561903844],[-157.75410441565836,60.50925402365694],[-157.74964111281304,60.51008651805705],[-157.74361546182217,60.507981244989715],[-157.72975115298462,60.50698870053042],[-157.72354176597545,60.5035911989111],[-157.72183851348436,60.50174048253765],[-157.71609967839402,60.500232106345564],[-157.71379318203682,60.496149211541685],[-157.70879350771173,60.49494604987767],[-157.69717974995208,60.49560823920713],[-157.69593572162412,60.494883247773885],[-157.69524080109005,60.49260418542618],[-157.68881623972254,60.48972339417383],[-157.69056258260116,60.48550519741068],[-157.68527324112284,60.484085432488186],[-157.68212529553395,60.480641756266024],[-157.68162714826784,60.47880727635974],[-157.6825512541838,60.477146818832395],[-157.6793401839799,60.472282147964115],[-157.67939989679346,60.46768455909317],[-157.67235381353876,60.460957242026495],[-157.671088787091,60.45746119545747],[-157.67217129922923,60.45506334875164],[-157.6545398342808,60.4555874160316],[-157.64687700637955,60.45190893225665],[-157.63971254672998,60.450941026191856],[-157.6363449325114,60.449349226817745],[-157.62106613732578,60.448407799014205],[-157.61322674645376,60.44482740483953],[-157.6058072766546,60.4442668704236],[-157.60234846457004,60.44258221178624],[-157.60137048758486,60.43985932661315],[-157.60090048633327,60.43430461705846],[-157.6021332470926,60.430607333681436],[-157.59575797628474,60.43221221578981],[-157.5906233866821,60.43537179129428],[-157.5867079411757,60.43909474258783],[-157.58074146221261,60.441503530844344],[-157.58143117161978,60.44425653084818],[-157.57630387993052,60.44903581651765],[-157.5756632742334,60.45048758847448],[-157.56885648420408,60.45085489749788],[-157.56682599162465,60.45211767061271],[-157.56315511694595,60.45665518967944],[-157.56261429970388,60.459484030216544],[-157.55819843599036,60.46072600689058],[-157.55953410595203,60.46204607337728],[-157.55889340233858,60.4631887533848],[-157.54980840929025,60.466600800124105],[-157.5461419480345,60.47287934423053],[-157.53959431567645,60.4762492447876],[-157.54270498657095,60.47899955363064],[-157.54647765294777,60.48002665485695],[-157.54155929322388,60.48215678883401],[-157.54090363625423,60.4842699375527],[-157.53793930900437,60.485033422609774],[-157.53225457764697,60.48480340473029],[-157.52774179469745,60.48155665445638],[-157.52332913527457,60.48100777086645],[-157.51292533004923,60.48364715456727],[-157.50191387022969,60.48829127887504],[-157.49531442214774,60.48810571341062],[-157.4842817683757,60.49033258864597],[-157.48282103226524,60.49250210659998],[-157.4803750392225,60.4936068474393],[-157.46544024489177,60.49604987484493],[-157.4563422783741,60.50299494518964],[-157.45044889802065,60.50202316507821],[-157.44747006387726,60.50314081628989],[-157.44651680224047,60.505557705974965],[-157.44811740244737,60.50923583978872],[-157.45076242891943,60.5113486132551],[-157.45162568475465,60.514003577512575],[-157.45402968245614,60.516121316508006],[-157.45548249362915,60.51930626361605],[-157.4578034447776,60.5210948051209],[-157.45697401949602,60.52421813796638],[-157.4614951190484,60.52846187456508],[-157.46916869978355,60.53375053337768],[-157.4641483363592,60.53504623077281],[-157.4504396723227,60.53483263072933],[-157.4455404440194,60.536945558545455],[-157.4426219685783,60.53990932876495],[-157.44360492851834,60.54244247397431],[-157.4481943090155,60.54732394570028],[-157.4506527733693,60.5484610660721],[-157.4557732270827,60.548080655096825],[-157.46071666058273,60.550677240308595],[-157.46906784772327,60.55579458637455],[-157.47171920102983,60.55972996995564],[-157.4764311332913,60.56162279215247],[-157.478674962276,60.56355517710309],[-157.48536589478647,60.5640003480315],[-157.49343367782785,60.56231457379699],[-157.494322918331,60.5634383120854],[-157.49435894526545,60.56614756607477],[-157.4967174136534,60.568090145848636],[-157.50672509148288,60.566908939082886],[-157.5156572236092,60.56788569391419],[-157.52193018618766,60.56625488869028],[-157.53256875802768,60.565978699597935],[-157.53885653921512,60.56671489547816],[-157.5470887786322,60.57014879372451],[-157.55386907375052,60.570943093716075],[-157.55562325622665,60.573668339036516],[-157.56095744609556,60.57630093777011],[-157.56243908600266,60.58095269458777],[-157.5690277956237,60.585417858786215],[-157.569956313166,60.58840751333222],[-157.56844516180516,60.59230845295403],[-157.57104054198467,60.59735734488554],[-157.57059348280714,60.599169920938024],[-157.56701047324466,60.60310013043868],[-157.56693716442928,60.606312752031],[-157.5641257969161,60.61182795529743],[-157.57414651469023,60.61537453335477],[-157.57684834523093,60.620208784807694],[-157.5875858072107,60.619884360034355],[-157.59646845294463,60.62786341016883],[-157.59766688368708,60.63164605828851],[-157.6026881885459,60.63745972275547],[-157.60332968537173,60.639290592302544],[-157.610130739658,60.64491479082618],[-157.61425806450225,60.650088114462356],[-157.61285943072397,60.65540801558956],[-157.60733295646855,60.65972645035475],[-157.6105235783216,60.66148806311024],[-157.61021816010816,60.66310673403254],[-157.60490381941378,60.66596213552987],[-157.60449017127658,60.66844600120831],[-157.59565589532912,60.67096011035805],[-157.59616614200377,60.67169721355491],[-157.59464146920126,60.676122081026435],[-157.60077074535172,60.68439365447424],[-157.59252553516023,60.689785936389384],[-157.59191537965634,60.69711207948403],[-157.5881364654967,60.70040937172967],[-157.59385463574225,60.7009692989867],[-157.59665153049784,60.7020327088255],[-157.5997405528923,60.70716795681593],[-157.59318338042593,60.712956158251984],[-157.59431649376575,60.71549421331314],[-157.5922311446652,60.71717534956053],[-157.59081613549768,60.721027947503224],[-157.5909818935322,60.7244428098154],[-157.59221267350637,60.72515287490136],[-157.59225228202385,60.726384085537525],[-157.5888641350128,60.728344522276345],[-157.5790509505272,60.72746652696681],[-157.57175779912836,60.73106398843402],[-157.5636999065382,60.733056296702784],[-157.5562811464081,60.73340305197775],[-157.54852454517103,60.73616497564755],[-157.54501442760568,60.74053002178145],[-157.5400809294726,60.74091059225251],[-157.52549339059303,60.744871380950315],[-157.52252919988712,60.747199421723415],[-157.51729018831918,60.74964906830027],[-157.50998329718806,60.747041386218356],[-157.50675193134694,60.74468465487617],[-157.5035985814933,60.74393629490454],[-157.48567173700474,60.742516227962525],[-157.4839944979276,60.74571681343923],[-157.47821256167,60.74735529012289],[-157.47887666190502,60.748339036996605],[-157.47481649600974,60.75008929254563],[-157.47055161124769,60.750739731884316],[-157.46357915571033,60.747680652843414],[-157.45656739169274,60.746413467792216],[-157.44795001666554,60.74243910288984],[-157.43854398549763,60.74156269373627],[-157.4326957329108,60.7420410208041],[-157.42688005143947,60.74007870101905],[-157.42378847243972,60.74034646422998],[-157.4209362549373,60.741033407271296],[-157.41764949987407,60.74360223360638],[-157.41694421188328,60.744306979229265],[-157.41741388255485,60.74597718134979],[-157.41602661156662,60.747148838681944],[-157.4079547771233,60.7487481074177],[-157.40593096261972,60.75036188081474],[-157.3949273909067,60.75155599578091],[-157.38961514957512,60.75368907988749],[-157.38952667540113,60.755296383901815],[-157.38210707804117,60.75862790968195],[-157.38412720046895,60.76233008512381],[-157.38354551077978,60.76427695610056],[-157.3757073146671,60.76769239007123],[-157.37376906828757,60.7710760254836],[-157.37105806594784,60.768340866957224],[-157.3653202531403,60.766595551490504],[-157.3569422279324,60.760858464616156],[-157.3537568199012,60.76058776939403],[-157.35150787231603,60.763357372422576],[-157.34771468572322,60.76523841980655],[-157.33858127078614,60.76174451329156],[-157.332457551614,60.761897280871686],[-157.3278031815993,60.76364660863232],[-157.32274413582047,60.76005129322051],[-157.31843813337125,60.75951359696965],[-157.31372945750272,60.75760248337176],[-157.30792684382382,60.75379755200202],[-157.2954672359859,60.75835168491202],[-157.2886490032165,60.756373097621214],[-157.28576893434703,60.754205581598896],[-157.28299237205957,60.75335812299104],[-157.26752034656135,60.754797459396315],[-157.26671114684837,60.75531808349902],[-157.267011975569,60.756714035644805],[-157.2651841312396,60.75823358066702],[-157.2577738808502,60.75661785974817],[-157.24709028185487,60.75744941667493],[-157.2398175078399,60.75620655014012],[-157.2334307323082,60.75817950837636],[-157.23141554702124,60.75641101632471],[-157.23074269719532,60.751108772877195],[-157.22586450563938,60.74584208906088],[-157.22575630176675,60.74476080566327],[-157.22214291297806,60.74509620308082],[-157.22087794492083,60.747313563602134],[-157.21874568849105,60.74888633431474],[-157.20227374465688,60.75181230247486],[-157.19125574420374,60.75207401972979],[-157.18878533315495,60.75052682889695],[-157.17679650361137,60.749570498252325],[-157.16754290846234,60.7470192697017],[-157.1617677140609,60.74180507023671],[-157.16133186585807,60.737232334192036],[-157.15948900529037,60.73596143170237],[-157.15585982771222,60.73568616140623],[-157.1481102441141,60.73687862604192],[-157.14813691509488,60.73350022541635],[-157.1558519467922,60.730172657602154],[-157.15727439760357,60.729047788910876],[-157.15726641607228,60.72769975773125],[-157.14471507946408,60.72499082038459],[-157.1394235029773,60.71908874344291],[-157.1366492664281,60.71765325966922],[-157.13195283190188,60.717136754408756],[-157.1281833599342,60.71446749141878],[-157.1255840460321,60.71383879730963],[-157.12452912025793,60.71072478385181],[-157.12187897069387,60.707704172366185],[-157.11328961412036,60.70399454912677],[-157.11807426680076,60.70311895337726],[-157.1243450419815,60.70344320358516],[-157.13106183339573,60.70140427127314],[-157.1305383922662,60.69880806636927],[-157.1332465271836,60.69538046535528],[-157.13148439012562,60.69312171872733],[-157.13158921094288,60.69137281603587],[-157.1273324289847,60.6887651269629],[-157.12341922567327,60.683977810700775],[-157.12476739299717,60.67942575325324],[-157.1268517710189,60.67783847294313],[-157.13003024675106,60.6770819571166],[-157.1244945171532,60.67495445677451],[-157.12475089633529,60.67008951139299],[-157.120416048084,60.66440441681159],[-157.1247581376548,60.658715336501004],[-157.12054197571717,60.65633820402761],[-157.11748183865066,60.652647866098945],[-157.11234134531995,60.650959588029465],[-157.10482477572342,60.65158081727378],[-157.10117044082574,60.65033711793276],[-157.09496439285445,60.650426745871926],[-157.0941295462401,60.64825731929747],[-157.09102788993948,60.64713618844217],[-157.08196080570465,60.64890848769442],[-157.07742395509203,60.64754145012688],[-157.0749972273189,60.64536712571959],[-157.0700635342515,60.647458311788505],[-157.0615517786438,60.64835849439984],[-157.05902737884648,60.64664895740293],[-157.05097039804636,60.64353033808694],[-157.04944071264455,60.64212919860637],[-157.0490280481626,60.63986509064453],[-157.03769408686787,60.639347791673856],[-157.03271577358194,60.64052161605464],[-157.03359459542438,60.6375201359891],[-157.03148075266134,60.63418854106745],[-157.02505113557544,60.63215439193384],[-157.02192788467372,60.628793631255355],[-157.00768624568752,60.63043460759705],[-157.0013395862215,60.62970200355997],[-156.99511559530072,60.63222281675049],[-156.97999024045046,60.630286419144184],[-156.97732976924377,60.62878166959415],[-156.9761842519665,60.6255766776204],[-156.97126247954287,60.62355524078323],[-156.96575935519658,60.62393139602553],[-156.94742196714841,60.632204122169995],[-156.94350216660953,60.63037025735556],[-156.92585028834458,60.62652198554611],[-156.91480905296663,60.627967510146135],[-156.91325144972248,60.630605682015315],[-156.91170857435736,60.63152684987963],[-156.91254792692118,60.63707317536817],[-156.9105526824369,60.639741334655994],[-156.90641133219611,60.641361198517885],[-156.89811160594496,60.640056048865745],[-156.8933077625552,60.642124470356066],[-156.89269756572878,60.64931918652398],[-156.8937114959866,60.651569026970535],[-156.88876134757976,60.652653486987525],[-156.87270089053618,60.65880316103226],[-156.86069388537942,60.660997599180234],[-156.85902646309177,60.662515880521255],[-156.86118235509497,60.67040846368976],[-156.8512520671272,60.672699324565826],[-156.84457665031832,60.67338594342052],[-156.84214943206504,60.67449928544806],[-156.8414266978931,60.67593695378291],[-156.82707191969016,60.67176193274954],[-156.82332920494153,60.66788519916174],[-156.82053460448313,60.666154856998666],[-156.82531918978987,60.66557649593187],[-156.82605607602076,60.663727527463],[-156.82188169832025,60.6591072771188],[-156.82094448508605,60.65712380981066],[-156.8211309501862,60.654848678717116],[-156.81977567539178,60.65402240721023],[-156.81688812625092,60.6481062017909],[-156.81739464761208,60.6458409323917],[-156.81907599019337,60.64403497052631],[-156.80736753203647,60.644229851627635],[-156.79949599405376,60.64197676062871],[-156.79159473171654,60.63711978074614],[-156.79021681219044,60.634661398915895],[-156.78188887075453,60.630451367337564],[-156.7790425938111,60.63010678133838],[-156.777624742374,60.630561877608415],[-156.7760519531099,60.63260737554573],[-156.76986854268384,60.63412922200924],[-156.75830077866672,60.6334646113205],[-156.75648813383194,60.6349934614894],[-156.75660291516903,60.63634012177822],[-156.75334409950776,60.64037885563359],[-156.74767314112032,60.63985939573278],[-156.74606297655055,60.63920506613469],[-156.7446414806483,60.637338884055744],[-156.73934132794554,60.635551853751494],[-156.73791780903733,60.63193400530788],[-156.7363145668851,60.631351019238316],[-156.72274857687532,60.63090931227785],[-156.71822257431808,60.63197904315142],[-156.71703806117432,60.63110673680787],[-156.7122216782015,60.63024431579718],[-156.69857490808806,60.62291043324579],[-156.6971329081395,60.62150134629065],[-156.69679652320158,60.61928285068322],[-156.69376030377953,60.61640087130879],[-156.6865967747846,60.61512898298357],[-156.6838145602973,60.61669831837659],[-156.67997298685,60.61720013579836],[-156.67456769802132,60.61936301852497],[-156.6734916384818,60.6203009217704],[-156.67326092955727,60.62268069662168],[-156.66700302543794,60.62474741027089],[-156.66517206215786,60.62563125618748],[-156.66415031835368,60.62723474166555],[-156.66002748418754,60.629065527530884],[-156.66712201358553,60.633218813612295],[-156.67134219368742,60.63463623461174],[-156.6682357754175,60.63532220276834],[-156.66378067239404,60.6380914980556],[-156.65669661465733,60.63995899884561],[-156.6520491356192,60.643305758716835],[-156.6524602693719,60.64779815093144],[-156.65506332116396,60.65083347020743],[-156.65614078477026,60.65448224277102],[-156.65541696094186,60.65631948117051],[-156.65156781200176,60.65798041303209],[-156.64976191081976,60.65974752217946],[-156.65233811556126,60.66203671960409],[-156.65269930028924,60.663474778648244],[-156.64924330442312,60.66579011990659],[-156.64111725575407,60.668671237495964],[-156.6396272794811,60.674239899737174],[-156.63834884657606,60.67585063309126],[-156.63580900743395,60.677119574010376],[-156.62315298745077,60.67922195702519],[-156.61917431761634,60.67554818856078],[-156.61247978016664,60.673467352158916],[-156.60934805815174,60.67099287354753],[-156.59733129729102,60.67068202253989],[-156.5947968201928,60.675215234915264],[-156.5881167546023,60.677688624360016],[-156.58508718181503,60.68031512139817],[-156.57674943167459,60.68287766755808],[-156.5742475301835,60.68048732202898],[-156.57128646920802,60.67931397289142],[-156.5606791156207,60.67237603019311],[-156.5504458303992,60.67140795275661],[-156.54819158455052,60.67201935621944],[-156.54579658706987,60.67398663243389],[-156.54587099721977,60.67506156977805],[-156.54768181308467,60.67686112448333],[-156.5459860678144,60.68249709541938],[-156.53512791178633,60.683848354009655],[-156.5288419146531,60.685552004909106],[-156.51855750630878,60.683842044496245],[-156.51231696931882,60.684936793190026],[-156.5091403225566,60.68423361464431],[-156.50672594122872,60.68709185407146],[-156.5000396646863,60.68951054381198],[-156.4999988488331,60.691283929095604],[-156.50190818293518,60.69366698381423],[-156.50202260853945,60.69514404787209],[-156.49761756323693,60.699207640284364],[-156.4851471756156,60.70111276160477],[-156.47581993747787,60.70511038383654],[-156.46998001496863,60.7065044936804],[-156.45935614495653,60.7068774092258],[-156.45248276820513,60.70578648616935],[-156.45132803960294,60.70452782510539],[-156.44799764977307,60.70320719264261],[-156.447395898907,60.702094941796645],[-156.45182723610122,60.69893024099076],[-156.4443864483821,60.694612855155185],[-156.43592856114876,60.69423602339949],[-156.4125928722996,60.69708804770201],[-156.4115828398318,60.69640407789376],[-156.41197345336846,60.69280755840749],[-156.4135850175134,60.69202909585418],[-156.4135582369382,60.690285462670786],[-156.412817928126,60.68949335654425],[-156.4094881428624,60.68919766752088],[-156.40651176381468,60.687883456849086],[-156.4056062063127,60.68492042903174],[-156.40618442850493,60.68176457092586],[-156.4032233423766,60.67762952173382],[-156.40386880436608,60.67595157063544],[-156.40635945894982,60.67434522531894],[-156.39656846554664,60.673871876974374],[-156.3878248574591,60.67077549332679],[-156.38297042903739,60.670506285778046],[-156.37768139568118,60.671306914720695],[-156.37008249459055,60.67057227727067],[-156.36606332061828,60.66879573124113],[-156.35631479956177,60.66976964946814],[-156.35028149941627,60.67282358361856],[-156.3439805363504,60.674644284173446],[-156.33616580872453,60.68154839567872],[-156.3257408580557,60.68399879804149],[-156.32082139520065,60.684410436301874],[-156.3186287369495,60.68367697187944],[-156.31698882646572,60.681100943334314],[-156.31711153813015,60.6798281550298],[-156.30448645792202,60.68041703908615],[-156.29864280201443,60.68189050254724],[-156.28837065118213,60.67945938146878],[-156.2818196492435,60.681852870556284],[-156.2828979024689,60.684035552684925],[-156.2828598686981,60.68686335581685],[-156.2770177264518,60.68635909289563],[-156.2724801994078,60.68720581342515],[-156.26330441093873,60.68549800981741],[-156.25705575138196,60.68794530336974],[-156.24833482395871,60.68913029859874],[-156.2383558841335,60.68761360339992],[-156.22906511759632,60.68883619205725],[-156.2292111028131,60.687229878540016],[-156.22344196395503,60.682387282226074],[-156.20876832784367,60.68239160825409],[-156.20481357655206,60.68346039734502],[-156.18912280499396,60.683110686316624],[-156.1808698603079,60.68475795649393],[-156.17494962841224,60.684946347961635],[-156.16700644349737,60.68319145027043],[-156.1391317651469,60.6829649172847],[-156.13675307478357,60.681939908406875],[-156.13165908903176,60.67737469735818],[-156.12756771386688,60.675847716663334],[-156.11980332782954,60.6786217845141],[-156.1109213055264,60.68001083168111],[-156.10341971982876,60.67868799648173],[-156.090881468081,60.67800598583798],[-156.08690185681218,60.6769967520896],[-156.07621930884574,60.67190560003485],[-156.06864912689474,60.66603189069525],[-156.06293615969133,60.66713701751642],[-156.05182469222785,60.66711576085683],[-156.05289478246232,60.6643769066326],[-156.0551032501641,60.662171681692776],[-156.0535247988188,60.661290355871564],[-156.05558912374846,60.6593662794499],[-156.05554751198787,60.65794689223066],[-156.05741093948401,60.65668773982404],[-156.06251863712035,60.65526212767149],[-156.06349446084377,60.65380386328204],[-156.06102931302425,60.6509530272661],[-156.0537900713222,60.650923254389824],[-156.04922038369273,60.648971690896076],[-156.04712813912406,60.64225472203674],[-156.04726244085228,60.63964914795941],[-156.04802227724207,60.638825415634734],[-156.05592665852993,60.63745663018337],[-156.05527862735872,60.63465455687019],[-156.05166268106635,60.63018928595904],[-156.05479241960109,60.62699698532067],[-156.04704459131102,60.617273497019454],[-156.05437586271898,60.61427499896487],[-156.05354015282364,60.611045040121496],[-156.0552829231024,60.60716121214446],[-156.05348422820566,60.60435525004217],[-156.05639934035435,60.601061743805424],[-156.05589722253472,60.600028351205694],[-156.0512937250129,60.5980772354322],[-156.04833215918418,60.590841839700445],[-156.04861299769482,60.582245940118945],[-156.0499468467714,60.57727925829352],[-156.04932869985475,60.57440157100112],[-156.04702428040247,60.57171011722854],[-156.03488179402953,60.56891494231594],[-156.03057815953943,60.56922826174587],[-156.02694585043415,60.57319821521152],[-156.02338570119903,60.57560485418288],[-156.02406409812184,60.580322790102564],[-156.02013833456607,60.5826951948696],[-156.01639383845827,60.58662274483586],[-156.00443269050018,60.587070331126036],[-155.99028565668985,60.584389674143445],[-155.9777372629625,60.58450221910092],[-155.9716256387074,60.58603436686344],[-155.97249835649748,60.58763064379334],[-155.9685603003954,60.5898410980648],[-155.9657119276824,60.596528958720214],[-155.96237830481587,60.600137086694126],[-155.96376846658268,60.60141336578184],[-155.95187395295738,60.599185865646305],[-155.94559535524715,60.59910917830098],[-155.91610755686966,60.603505679519486],[-155.90536954871416,60.60685719735373],[-155.89725184898737,60.60822499469193],[-155.88140631207887,60.61002625106836],[-155.86454611009063,60.609470326828465],[-155.85801153384693,60.60793520691597],[-155.8580180601075,60.60656055281622],[-155.85687801806188,60.60603461560922],[-155.846378961772,60.60382405712256],[-155.8445674425262,60.60199505339145],[-155.84266578273161,60.596905642572246],[-155.83986927604818,60.59291972971938],[-155.84185320086158,60.58943821864298],[-155.84163418710372,60.58643594493444],[-155.83536617334414,60.583609327417896],[-155.82884263110705,60.582776154279706],[-155.83003138250234,60.580983425185295],[-155.82885064138446,60.57838164312063],[-155.84371834773316,60.576208019370156],[-155.85167539724608,60.5738281014702],[-155.8533330243039,60.56637511837895],[-155.86590314827797,60.562558414767786],[-155.8663562998298,60.56012746365697],[-155.86244095044316,60.55541135328593],[-155.85584452698873,60.55100598067631],[-155.85097534463677,60.549799477490815],[-155.838200120012,60.5492023545606],[-155.83209680607158,60.54978464614556],[-155.8254770102501,60.54724961008248],[-155.8214513540348,60.54688711791859],[-155.82424601468028,60.54884896752572],[-155.82411429920177,60.5495380133043],[-155.82046527963558,60.551336392885204],[-155.8130439143912,60.552747704364755],[-155.80992243317058,60.55503298562625],[-155.80415678067408,60.55578517741438],[-155.7973531787657,60.555042289704375],[-155.79535810855455,60.55698468979906],[-155.7914885975019,60.557974920627174],[-155.78458567785574,60.557053704175125],[-155.78101662272292,60.55764548275938],[-155.77512208713597,60.55377952974247],[-155.77295101001124,60.550218741967754],[-155.76487812004746,60.54722086954016],[-155.7705635628705,60.54001045909073],[-155.7738447331076,60.537690649106075],[-155.76499402068538,60.53786150577131],[-155.74972061269654,60.53478253430142],[-155.7377677094761,60.533374778042955],[-155.72167729721102,60.52562871987295],[-155.71258745236182,60.52574367639108],[-155.70678950992246,60.527733988846364],[-155.7025583362381,60.53087330684337],[-155.7053662937465,60.53325383969087],[-155.70797785707586,60.53998934608153],[-155.7002060581408,60.54044089718765],[-155.6840081346042,60.544677001389616],[-155.6832138226704,60.545231285880895],[-155.68283864488527,60.54826445461044],[-155.6755540032271,60.55140985127108],[-155.66861164125174,60.55028562958845],[-155.6636418457913,60.55261832811947],[-155.65709176193087,60.550356163451355],[-155.65409780914123,60.55051114219378],[-155.6481907312763,60.553806248917724],[-155.64828634436188,60.55736618610188],[-155.6393543263216,60.55769361902284],[-155.63747358469666,60.56099551671237],[-155.63770366120724,60.56336910736739],[-155.62993079687024,60.56580456790822],[-155.6205359245748,60.5640932026395],[-155.61144737509622,60.56649199264651],[-155.6016322951654,60.56283871822202],[-155.590348418541,60.564824616665945],[-155.57918578393725,60.56919601212191],[-155.57453296441471,60.57008993642488],[-155.5732239115349,60.57122961501813],[-155.5764357992057,60.57341668920352],[-155.58032472375,60.57367897414867],[-155.5849713889145,60.57517478544174],[-155.5904861626134,60.57538268566665],[-155.5940394954321,60.576609799469416],[-155.59724184568955,60.58015406430294],[-155.60811557850468,60.58499508647186],[-155.61132301143,60.585870943866304],[-155.61689493504892,60.58583258374236],[-155.6163915488081,60.587143590120455],[-155.62067295807978,60.58859202995018],[-155.6219587463904,60.594962992467416],[-155.62354132459606,60.5970266006167],[-155.64389075023445,60.60786115079812],[-155.64269226649142,60.61004141716537],[-155.6308570668277,60.61697632058881],[-155.62340888866868,60.61744428425426],[-155.5919640340879,60.625971086689404],[-155.58587295340502,60.62601438972598],[-155.58293909072137,60.62424373390901],[-155.57359254509322,60.62290823560763],[-155.5514723684516,60.61758116576242],[-155.5437790822724,60.613836960034575],[-155.54172328594805,60.61011190005507],[-155.5342469168588,60.607280992957214],[-155.5332674145342,60.613039500208075],[-155.51737896240968,60.61288435076923],[-155.49344178051086,60.602889164502706],[-155.48960538135958,60.600659719621035],[-155.48846740094757,60.5991105207004],[-155.4858362660231,60.598830746515276],[-155.47917727221423,60.59900582219606],[-155.47352445260898,60.60106623554431],[-155.46728991007691,60.601605608317854],[-155.4681958179218,60.60276196651032],[-155.46662541907472,60.603961053296004],[-155.46689771999695,60.60462100305863],[-155.47123494968204,60.60828880849397],[-155.47549472572504,60.60934662520874],[-155.4734137496233,60.61239555055248],[-155.46897794959867,60.61624728731939],[-155.47161010680594,60.61905088326894],[-155.45483469230578,60.62001130369047],[-155.4516485377746,60.61928852807546],[-155.44272578855146,60.61502937058979],[-155.4358778601737,60.61375365319927],[-155.42417070098068,60.61558019849056],[-155.42399885326685,60.61719056003241],[-155.42705855285377,60.61836578534579],[-155.42637594552727,60.61939016653771],[-155.4271584239538,60.622836075698764],[-155.4350207110858,60.62616062423463],[-155.4358664048572,60.62695673752754],[-155.43672183546792,60.630834759057116],[-155.43213579670368,60.63224855124252],[-155.4261941031576,60.636192893428394],[-155.41219150047863,60.63723070291325],[-155.40851534370606,60.638164160759096],[-155.40722846933232,60.640009905349906],[-155.40091786914007,60.640303994863174],[-155.39911838103092,60.64117623691236],[-155.40112889328176,60.64221755853787],[-155.40178272128153,60.64350187160042],[-155.4115897469176,60.64498319384529],[-155.41581464317474,60.6448560683941],[-155.4203708300238,60.646189256185615],[-155.42941390139276,60.646450181488454],[-155.4319289200836,60.6473225187666],[-155.43654066952965,60.64680477628236],[-155.4408584713501,60.64780036184488],[-155.44519591483427,60.646359257096805],[-155.45120665468974,60.64698255439319],[-155.45229787689289,60.647491518536356],[-155.45170944534752,60.64866390589922],[-155.45766216930696,60.65156917138298],[-155.4636445915697,60.651765524563565],[-155.46663750051698,60.65350737913389],[-155.4695660182247,60.653199482934475],[-155.4688020343132,60.656252988108626],[-155.47000051536133,60.656973380555435],[-155.47784090336324,60.657409534275125],[-155.48377720611936,60.658693190831414],[-155.48515111646432,60.6600509580959],[-155.4851137743963,60.66135254753129],[-155.47766432332452,60.66311361757242],[-155.47345777785196,60.6656910688425],[-155.46937986573823,60.66682361733752],[-155.4758288496034,60.670799721218124],[-155.4788999263534,60.67419714455906],[-155.47960924777985,60.6758930596306],[-155.4787921878081,60.67715614822129],[-155.47932778853334,60.678238012670334],[-155.47579928514904,60.68130308472825],[-155.4750162596485,60.684143569238586],[-155.4755919899141,60.6852872399826],[-155.471636730176,60.68634572278338],[-155.46604243850646,60.69004313259466],[-155.4670481348064,60.692086915731124],[-155.4636702519458,60.696342725117695],[-155.4648990349651,60.69770114050513],[-155.4648832380908,60.699499923823296],[-155.4678673345651,60.70308857506931],[-155.47458861665748,60.70327549255224],[-155.47882308176906,60.70439002299175],[-155.48270779680786,60.706358909761896],[-155.48467418291366,60.70998062292305],[-155.49664369328877,60.71508815393391],[-155.49878034697184,60.71806334380137],[-155.49710224641038,60.72374581124087],[-155.4989244079973,60.72608585588078],[-155.49938427265923,60.72860742622926],[-155.50228014918278,60.73068575371998],[-155.50426773822426,60.734106753266175],[-155.50746872214413,60.735927279385635],[-155.50399993516666,60.73694173608595],[-155.50215559507367,60.73660107711612],[-155.4980427950893,60.735396803037034],[-155.4926476347654,60.73240170092498],[-155.47435550204463,60.73468266826202],[-155.469095258795,60.73757320206467],[-155.46323780476467,60.73941004765956],[-155.46173813566978,60.74070378454347],[-155.4631146160948,60.74206176961559],[-155.4694285445452,60.74275083205002],[-155.4729815997845,60.74463727088278],[-155.4666710076771,60.74537148444413],[-155.46094457382927,60.74684027381775],[-155.45724437185146,60.749033837368984],[-155.4507000542768,60.749741708363324],[-155.44516186239682,60.751320075658896],[-155.43723856797894,60.750542903340595],[-155.43597075316057,60.74902918275189],[-155.4356141947563,60.746801171286975],[-155.4261313818861,60.746048621780865],[-155.4162906343926,60.743785591224345],[-155.41147889301487,60.741871218461505],[-155.40469991752173,60.741052606858304],[-155.39328626488148,60.73611638421482],[-155.3870004348349,60.736097038520256],[-155.3890996916527,60.7384078889575],[-155.39004517477744,60.74178548737158],[-155.38954115612265,60.74467806974591],[-155.39100162992503,60.74541284121922],[-155.38619835696548,60.74801592405279],[-155.38809347343158,60.74955147889831],[-155.38795091888085,60.75155192967538],[-155.38215844538487,60.752443532557955],[-155.38011299765265,60.7554071704063],[-155.37245473139643,60.75412382678787],[-155.3696564855746,60.755540078159065],[-155.3634322449222,60.75571333967519],[-155.36194320918537,60.75700531137674],[-155.35327038564725,60.760145424998335],[-155.3267526376863,60.76323713758773],[-155.31633744541637,60.76164421349776],[-155.31256520484104,60.759631413034185],[-155.3080992591521,60.75884591498984],[-155.29651959515246,60.75926354997968],[-155.28748358005004,60.76219652102342],[-155.28329825458115,60.764790063092775],[-155.28240374905215,60.76674186715294],[-155.28602411325906,60.767179848940756],[-155.2935876719315,60.7699862278167],[-155.29414330149427,60.7716844712919],[-155.29720501151087,60.77387874745913],[-155.29919012210044,60.77717302088014],[-155.30244660034532,60.77934186833924],[-155.3033163483051,60.781557977509],[-155.30631059574213,60.78204920496649],[-155.3087952774275,60.783791885426346],[-155.31784861115028,60.78584972238822],[-155.32585379059952,60.786397087027595],[-155.33364352080596,60.789783451866484],[-155.34344673758523,60.78945478273226],[-155.3509409220632,60.78796333367436],[-155.35634005294062,60.79019876516197],[-155.36366092275588,60.790316078335366],[-155.36995149231393,60.78914106713586],[-155.37375667411075,60.78687850406098],[-155.38158242316683,60.784867192749594],[-155.39508166835105,60.78639609045814],[-155.39679918159726,60.78742671701189],[-155.39948716909944,60.79003150076824],[-155.39937595676892,60.79092452982425],[-155.39378161479377,60.7930518741948],[-155.37775418520994,60.79488349984196],[-155.37237881297514,60.79803685963869],[-155.37105481931556,60.801315233550866],[-155.36729637237136,60.803576115340654],[-155.37073114553885,60.80517490407072],[-155.37448173312265,60.80844938649541],[-155.3750450890952,60.81099786033781],[-155.36915472258949,60.812856579770276],[-155.36636570695723,60.814990360184844],[-155.3643979724802,60.81808504578003],[-155.36802973900302,60.821086694848454],[-155.36584422325672,60.822259051265235],[-155.35847623590647,60.8223557485281],[-155.34345456370798,60.825059085932594],[-155.3361100358614,60.824563030839734],[-155.32941878894053,60.82214323944481],[-155.32946959585638,60.82100706998062],[-155.32733422586585,60.818946439188814],[-155.32679728575255,60.81438648664342],[-155.32821295967338,60.813560686471675],[-155.3276841897376,60.81323785635107],[-155.32018190065915,60.81000056291745],[-155.31419607557808,60.80954179636167],[-155.30100777863618,60.805216916395594],[-155.29638539223888,60.809257548204116],[-155.28910056103618,60.81188855512449],[-155.28792436539362,60.81308649164866],[-155.27178380288123,60.81714146690277],[-155.27111270566843,60.818912375183054],[-155.27311544030553,60.82229821509989],[-155.26254330337238,60.81986597975802],[-155.257954779868,60.820119177110655],[-155.25436517846802,60.82281731947822],[-155.25285704814146,60.82049904142891],[-155.24947977523692,60.818718359058074],[-155.23059317159712,60.81351723115304],[-155.22128721454848,60.80682451342434],[-155.22071345338998,60.80455834991497],[-155.21456978622865,60.80208236487712],[-155.21027706087935,60.79830393677232],[-155.20605229038634,60.798986692697575],[-155.1954567388653,60.79846469125635],[-155.19182938037557,60.79667437615042],[-155.17992040387418,60.79649358545387],[-155.17171847181817,60.79462075990386],[-155.16420231365,60.80163930009993],[-155.15974596196833,60.80069850207859],[-155.14512719495454,60.80252889770943],[-155.14335317228708,60.8033557625294],[-155.14622189812945,60.80553886080523],[-155.14583561267582,60.80795738780882],[-155.12671905200136,60.810924324080354],[-155.12138933933585,60.81342814883573],[-155.1202880173739,60.8167263224886],[-155.10997738540982,60.81650200012607],[-155.10042973483735,60.817616014249694],[-155.0950766749576,60.81936624739008],[-155.08433898390743,60.81943082934181],[-155.08414703099922,60.82265962891003],[-155.08538339400283,60.82364926008608],[-155.08539647886326,60.82658494313439],[-155.09100744955268,60.83239114763237],[-155.08935861789982,60.83446556062297],[-155.08415963975256,60.8368654602376],[-155.07802115766702,60.83730358303809],[-155.07164532361548,60.83558377786665],[-155.0705046823936,60.83453610003782],[-155.0704318559735,60.83140821806425],[-155.05216247039235,60.83125818666705],[-155.0490558329335,60.832738016974616],[-155.0455826936185,60.8325521749106],[-155.0347091251951,60.834573844011196],[-155.02792176123378,60.83385734970053],[-155.02339652134623,60.83886739782303],[-155.02145207838788,60.83990212209669],[-155.0169587933716,60.84003017348166],[-155.01397193637442,60.838521010805884],[-155.0101674893995,60.83919454044321],[-155.00526303379957,60.84181236928933],[-154.9921758817688,60.84416268045928],[-154.99049050934514,60.84495500558454],[-154.9915669506686,60.84655512304156],[-154.99029918885086,60.84727218790089],[-154.97921938520452,60.84699968856418],[-154.97176850401482,60.84778586557048],[-154.96700413259862,60.851817474349886],[-154.96744322551626,60.85357741710311],[-154.97009891409238,60.8560779539392],[-154.96828034846155,60.85852681418671],[-154.96461960138936,60.85836521910648],[-154.9566834538764,60.856172174748004],[-154.9539402038146,60.856482769836795],[-154.9513278643408,60.85831229646454],[-154.9493346177097,60.86655021253665],[-154.94944650557326,60.868881337372],[-154.94820331267854,60.871950549775335],[-154.95021053170555,60.87289441101169],[-154.95055170286733,60.87424538251266],[-154.95350009849565,60.874995291684876],[-154.95114673882668,60.87544885213997],[-154.9511073315318,60.87603576970352],[-154.95555099989997,60.877396212947865],[-154.94757615655791,60.878994102324064],[-154.94245074594082,60.88264842696484],[-154.93542469601525,60.88528006002357],[-154.92752598219852,60.89199618474609],[-154.92401172789127,60.89256120753242],[-154.91848307522127,60.89796995651858],[-154.9155538487428,60.89944694351521],[-154.91399568584822,60.90280670596137],[-154.90853071205373,60.90246015263186],[-154.90300719505217,60.903155849476214],[-154.8979768351753,60.90576212087844],[-154.88796406569477,60.90553365476],[-154.8781550386123,60.906794092785354],[-154.8544746482223,60.912781135668574],[-154.84911136371798,60.911325710399076],[-154.84754113824576,60.91018700038401],[-154.84636554986434,60.90732323956588],[-154.83886749005424,60.906624890595346],[-154.83680176734603,60.90483748823657],[-154.83180947627426,60.902520806846105],[-154.82641136228975,60.8978959931962],[-154.82494612382308,60.89565054076339],[-154.81874123198358,60.89379494273281],[-154.80015829753734,60.902344623388345],[-154.78720323648088,60.9041580107256],[-154.78536212313642,60.90585302743323],[-154.7863248889489,60.90683995738932],[-154.77274171686264,60.908358420105394],[-154.76700539795348,60.910947255961354],[-154.75968390740232,60.911469967664104],[-154.74607247252058,60.90896422946534],[-154.74014195311833,60.908741107373885],[-154.7322958141019,60.90940695877456],[-154.72120128527143,60.909125382466385],[-154.71341264472142,60.910185468726496],[-154.69700522148415,60.9090749600849],[-154.6925086153963,60.910924856815726],[-154.68462544692554,60.91001423707362],[-154.67673109083628,60.911340472653215],[-154.66932318415144,60.90862790743972],[-154.66686806332712,60.906910141409774],[-154.66653482518763,60.90542567683571],[-154.66511619940275,60.905067120829564],[-154.66513025354536,60.90331298672749],[-154.66388761491115,60.901711104530314],[-154.6673459706515,60.89838111356384],[-154.66525651714844,60.89724623520543],[-154.66238072605634,60.89706523873887],[-154.65824638896297,60.894888473632776],[-154.64180338525398,60.89230272889612],[-154.63053163139435,60.89297211093983],[-154.62020810770758,60.8891365197938],[-154.61400104823332,60.88782951982662],[-154.5902055701807,60.886740135495074],[-154.5670712234311,60.883061567566884],[-154.54666486436665,60.88253530005838],[-154.5385010056073,60.87923002649586],[-154.52956535747495,60.87787617940965],[-154.52006608118054,60.878984403700684],[-154.51461259953348,60.8780548575214],[-154.5127575209796,60.87540639466817],[-154.50818473236575,60.876176786914975],[-154.50467914500436,60.8739990073483],[-154.49739020670415,60.874756458375614],[-154.48887778095335,60.87785658474691],[-154.48555450578053,60.87786837914395],[-154.47883845817134,60.879987052642875],[-154.4743571288332,60.88002697332569],[-154.4707668456119,60.879016152309326],[-154.4662449842881,60.87625438745372],[-154.45884939979402,60.87669345208667],[-154.45112927015748,60.87554969737214],[-154.44836924226112,60.87621649769418],[-154.43864596835562,60.87583377200729],[-154.4335221235021,60.87672705714485],[-154.42730624167336,60.875041257117694],[-154.4225750764817,60.875177710184694],[-154.42027464375263,60.87637847727083],[-154.41743569706193,60.8749011027842],[-154.37593458645608,60.87813927265946],[-154.3750945017653,60.879505795503434],[-154.3730284978844,60.87938962003594],[-154.3715937446452,60.877249727453275],[-154.36890465491018,60.875478617545006],[-154.36107337223194,60.873087688844606],[-154.35616174448282,60.87056696286834],[-154.35320603656808,60.867310210620964],[-154.35298596010327,60.86560549940638],[-154.34656699613834,60.863161386857186],[-154.3443639021585,60.8595371270065],[-154.34445202329465,60.85836757391464],[-154.34186949890514,60.85686364644811],[-154.3354597282988,60.85505238597029],[-154.32855823787222,60.85428953543575],[-154.32030139090452,60.8588645841582],[-154.3132259174687,60.860951612053654],[-154.30281464993826,60.861657094142906],[-154.3031791242968,60.8629474260009],[-154.29947806712283,60.8654647381476],[-154.2984446200672,60.86732756388128],[-154.29860955165165,60.8688254068457],[-154.29741121163903,60.86988771632113],[-154.29252241726783,60.87203590324972],[-154.2821528288716,60.8736471695157],[-154.2777928583351,60.87599471689793],[-154.27652526809555,60.87789743536436],[-154.2697304373376,60.87825809805631],[-154.2684514349007,60.879671188791264],[-154.26686919625817,60.87934166520401],[-154.2669515636849,60.880163687045524],[-154.26061618166892,60.881363456564436],[-154.25677977173783,60.8833804672531],[-154.24580958142081,60.88619596501264],[-154.23776064593235,60.88582645248898],[-154.2371093619615,60.887581916057336],[-154.233031952006,60.88781788863349],[-154.22577572945013,60.88661459906143],[-154.2240647613291,60.886723089988806],[-154.22151498951484,60.88846600312406],[-154.21853634311935,60.887806492131695],[-154.21602770875523,60.88846220393071],[-154.2094924435037,60.88604151140231],[-154.20412441319974,60.88217535930915],[-154.19909012049857,60.88462531218173],[-154.1944432334502,60.88577431881624],[-154.1830374886794,60.885211318851596],[-154.17113354364196,60.886855040326616],[-154.15858707320766,60.889751068193625],[-154.1522537258758,60.89235736370478],[-154.13573963219014,60.89212416113628],[-154.12397038144468,60.896394100481935],[-154.0981972793621,60.89754227612412],[-154.09171882806066,60.89695177407857],[-154.08063521016763,60.89354541888932],[-154.07881771712522,60.891824164070684],[-154.07020311519736,60.890889396841125],[-154.03912245380243,60.89199778413733],[-154.03458882993831,60.89137270447427],[-154.02811408328915,60.89225099516169],[-154.02234963004358,60.890686318023576],[-154.01710464018748,60.89081233050885],[-154.0090747462881,60.889403932020414],[-153.99508853606648,60.889122312339396],[-153.99424738956705,60.88570897393323],[-153.9835032117822,60.87931990047571],[-153.98188677787005,60.876062965513164],[-153.97172795669738,60.872773202719436],[-153.96642490602952,60.869139499800156],[-153.9611898344724,60.8637833010613],[-153.95388301071495,60.860837455545294],[-153.94851945671607,60.85707777973735],[-153.92673525268566,60.850491779492785],[-153.92473816755336,60.84717133605797],[-153.9185477897939,60.845652816633994],[-153.90194646430427,60.83553915866861],[-153.8924580172006,60.831335864416715],[-153.88477484425482,60.82901232723747],[-153.87890616308005,60.82565658805757],[-153.86573265689935,60.823358333065045],[-153.85938547551208,60.82114818832109],[-153.85841864392464,60.82060701253651],[-153.85731646766487,60.817811024328826],[-153.85547907065077,60.81694011109125],[-153.84758263406326,60.81660275118561],[-153.83899851197296,60.81816650132703],[-153.8360585003212,60.81506284893236],[-153.8365023255637,60.81234192415894],[-153.83771053446804,60.81052905613503],[-153.83109964903588,60.81018638750378],[-153.8182180189657,60.80724587530054],[-153.81060976371802,60.80367741409371],[-153.80710529386084,60.80048427760465],[-153.79887315415675,60.799131522515445],[-153.79391459572219,60.79925625868817],[-153.7886023166614,60.80346246065827],[-153.77773101828072,60.803590568581825],[-153.77581750072434,60.80451222080717],[-153.77012222224718,60.80466131242744],[-153.76187259324283,60.807580056062115],[-153.73984186544735,60.811073926017094],[-153.7388549996324,60.81179425017994],[-153.73939830610612,60.812006661529445],[-153.73894529289487,60.81410194464173],[-153.7399534820197,60.81524881627976],[-153.73939956464585,60.8163398736192],[-153.73482048872333,60.816366316929056],[-153.72843646113807,60.81496225247356],[-153.72103037084676,60.80996241360062],[-153.725008350775,60.807891923500044],[-153.7263929717331,60.80313872982467],[-153.72596726910314,60.80194008003257],[-153.72174651407946,60.7985671623411],[-153.72164546977967,60.79765099240255],[-153.72667490798503,60.79560020452866],[-153.72969210647926,60.79525390067056],[-153.73226459938198,60.79354445876649],[-153.72645902395766,60.792986926463755],[-153.72277447602198,60.79072483447144],[-153.71860860177398,60.78958899566489],[-153.71181481396007,60.79001522998562],[-153.70606323986073,60.79160594123134],[-153.70074321462724,60.79056444444618],[-153.69459879916928,60.790523962134614],[-153.68862857962137,60.792095837659694],[-153.68534311274223,60.793867417384476],[-153.68673144104756,60.79674180242158],[-153.68632011505537,60.79795627937675],[-153.68130363055639,60.79885845810104],[-153.67732792067082,60.80143851724269],[-153.66980291319882,60.802028288077686],[-153.66004891691063,60.80469948427519],[-153.64515234589524,60.80409361995317],[-153.64039622999653,60.80548159027702],[-153.63625637185743,60.80775618145149],[-153.62662623168734,60.81815383646385],[-153.62422847548044,60.818081225506724],[-153.61888435743103,60.81362752873032],[-153.61204229325543,60.81149454152273],[-153.61092603410697,60.809153007445644],[-153.602364840616,60.811757438740024],[-153.59949874144752,60.814325260968616],[-153.58930438741376,60.81444040414469],[-153.58336523609995,60.81637772360843],[-153.57943680724276,60.81665636709673],[-153.57525668032443,60.815348776239254],[-153.57347562923812,60.81400891527895],[-153.56966665655082,60.813521398043946],[-153.56242504868632,60.810948701395574],[-153.56212506348373,60.80695796216883],[-153.56268218963976,60.80606138227413],[-153.54839066900254,60.8031878052322],[-153.54047725784943,60.805975473025626],[-153.5461851181304,60.8085772970201],[-153.54870383159206,60.81291889424273],[-153.5488912381266,60.81510376368127],[-153.55278558849517,60.81891915443684],[-153.55359957622863,60.821154504175134],[-153.55662012004896,60.82351590369987],[-153.55696193709946,60.82641025954242],[-153.5513809881068,60.827779281089434],[-153.54534332394567,60.82670248866927],[-153.5359819695901,60.82359289956795],[-153.51942192797594,60.82440776793396],[-153.51681606535536,60.82546871588548],[-153.5109633930573,60.82487987126084],[-153.50373329440825,60.8216963871931],[-153.50191589479064,60.81935139700911],[-153.49964502112604,60.81814089871947],[-153.488865996793,60.81663465862945],[-153.48709067605995,60.816865824578],[-153.4822230648614,60.819555833757285],[-153.4724633867291,60.821288923699704],[-153.46352997001188,60.820577849870865],[-153.46023820324768,60.82194912422607],[-153.452701449405,60.822549909015436],[-153.45098304503006,60.82374528311904],[-153.4455918813109,60.8237260870313],[-153.43947975310087,60.82508542131808],[-153.42823894081292,60.81913747559997],[-153.42615490145604,60.81886264805548],[-153.40610081223866,60.81958077825705],[-153.39881185058232,60.8165109783421],[-153.38637538963434,60.81587248673374],[-153.37179007767833,60.818666328644554],[-153.36916805885738,60.81637491015689],[-153.3679086495751,60.813218563715985],[-153.36543204374416,60.8117571894663],[-153.3590188182172,60.811543619455456],[-153.35564889443006,60.81018841421154],[-153.3453714534191,60.808932955457365],[-153.34180136432536,60.80963572458803],[-153.33832350616015,60.81253062385382],[-153.33787169040318,60.81638929673414],[-153.33588699932685,60.8184018049449],[-153.32989816848283,60.8184838549259],[-153.32431514078866,60.820704181666976],[-153.32401096943684,60.822043669463255],[-153.32472029445654,60.82308605552713],[-153.31926304168195,60.82454678241614],[-153.3180085363028,60.82649189576229],[-153.31541349748312,60.827525570304054],[-153.31468571028768,60.83098713661128],[-153.31273836487264,60.83287061516951],[-153.32953939842636,60.83561691313506],[-153.32798165235005,60.839327190216196],[-153.32584230192447,60.84045567391564],[-153.32589632570736,60.84197996943058],[-153.331662152477,60.844616394448764],[-153.3320191456659,60.845566745384595],[-153.33996105048146,60.84838336060396],[-153.34023814571233,60.849292073941186],[-153.34715961197585,60.85262001334175],[-153.35032421951666,60.852884007344855],[-153.3540808842033,60.85433233293354],[-153.35553105073612,60.85568035017772],[-153.3545775214014,60.857133813958754],[-153.3555617057452,60.85867948843918],[-153.3519307504011,60.86038606403532],[-153.35271562912607,60.86220456465721],[-153.34613194647736,60.86428695425717],[-153.3421171266393,60.86730408887128],[-153.342254922814,60.8678771640457],[-153.3396353231561,60.86978547134637],[-153.33932488066526,60.87142894141766],[-153.34005377728005,60.871838526656035],[-153.33838240779502,60.87261235571096],[-153.33835952231487,60.873427411061],[-153.33665532838936,60.87464986849981],[-153.3337140267568,60.87491495236165],[-153.33371444447343,60.87908709485753],[-153.334447383507,60.880182751772836],[-153.32514053173634,60.880319328433956],[-153.32092372750327,60.879537967641376],[-153.31780997628567,60.88028601261827],[-153.31466717265346,60.883437367144005],[-153.3106261399754,60.88320262717512],[-153.31085939472547,60.8844878500348],[-153.30864314402004,60.88515973053111],[-153.30870196300987,60.88599743467291],[-153.3063008120695,60.88662321625087],[-153.3009733398023,60.890213445126555],[-153.30811703669073,60.894897516364075],[-153.2990966549692,60.89507888037242],[-153.29438449094238,60.89773107359812],[-153.2889008088338,60.89833039107431],[-153.28581580280698,60.901117886342135],[-153.28314775880241,60.90050675658403],[-153.2752993506416,60.900761077436506],[-153.2704729523517,60.899218675057554],[-153.26876832094663,60.897871383719206],[-153.25367805788463,60.89407740208668],[-153.24008827150294,60.89597165225803],[-153.23866825782093,60.8968213296359],[-153.23870203627223,60.897882729439324],[-153.23767925132069,60.8987244803488],[-153.22751147394462,60.899180713384006],[-153.2352721957539,60.90338599916305],[-153.23515806120383,60.90440601702553],[-153.23309165397933,60.90569048588692],[-153.2333310918335,60.907211056670896],[-153.23742955470598,60.90962702987026],[-153.23365975215827,60.91215876783311],[-153.2254232708964,60.9135941242507],[-153.22053561199567,60.91548276127755],[-153.20147760890134,60.913544197601496],[-153.19746738574258,60.916468928527216],[-153.19372742522862,60.917074797713475],[-153.19093895936533,60.91661294942772],[-153.1855703676143,60.91832228830342],[-153.17366615487887,60.918836257042436],[-153.17008090581646,60.924593574898026],[-153.1650644204191,60.92664978299209],[-153.15869557346386,60.927855021317],[-153.14889957105467,60.92444440344343],[-153.14720546610812,60.92174172265181],[-153.13971257610248,60.91983186046894],[-153.133949975183,60.92077947779481],[-153.12716544181316,60.920080141721925],[-153.1239771196472,60.92193077021831],[-153.12128135902287,60.92472094859309],[-153.10906659240558,60.92446517131517],[-153.10270321080048,60.925450382669],[-153.09274338263293,60.92050861572916],[-153.09103910965567,60.918341596578124],[-153.08718707442856,60.916500787869936],[-153.07940304852417,60.91555135775432],[-153.07504444163024,60.916505764879595],[-153.06946505750284,60.91610763745715],[-153.0617313444409,60.91324260365732],[-153.05484521520566,60.90927426139028],[-153.04339457533194,60.90967164653473],[-153.03901145880383,60.90776501503355],[-153.02721174978032,60.91157075935151],[-153.0116115337928,60.90395147500915],[-153.00234604764435,60.905937200439524],[-153.0008674584159,60.90506708806858],[-152.99998517356804,60.90310686839847],[-152.994140863687,60.902077914191686],[-152.99006131124952,60.90222508167753],[-152.9870307000098,60.90092243136193],[-152.98452109007525,60.90124710440552],[-152.98226033862727,60.899744282965536],[-152.98232614471343,60.89763942516143],[-152.97739597034692,60.89548618107739],[-152.9746661132677,60.89223101952987],[-152.97562697105852,60.890160415306795],[-152.97486409746472,60.88892622487306],[-152.97566335462415,60.88611880298767],[-152.96511507963984,60.883884335025485],[-152.9604621810656,60.87882875274223],[-152.958016778216,60.878201296040245],[-152.958962381715,60.8765404512163],[-152.96169601890492,60.874907383102205],[-152.96203429659317,60.8730732250108],[-152.96133929880392,60.871758870711304],[-152.9627238928126,60.86899376881658],[-152.96508258038946,60.867364592593454],[-152.96636373968138,60.86205018738677],[-152.9681160752213,60.85920568736029],[-152.9661147114133,60.855399003796265],[-152.9658752888305,60.85426718092724],[-152.9667812388962,60.853858665334315],[-152.96329869961008,60.85111804593736],[-152.96663796659155,60.84791748241413],[-152.97110559572332,60.84566449426637],[-152.97008202923743,60.84364875811432],[-152.95705844738606,60.83880127012003],[-152.9507437625542,60.83419018880784],[-152.95143880705587,60.83269045132289],[-152.95373428288113,60.83118081039016],[-152.9536397828082,60.83007979909588],[-152.95175175135478,60.828356095459334],[-152.94617399497466,60.82731709251175],[-152.93817615835454,60.82325088143495],[-152.92977253385595,60.8238372388498],[-152.92582225168286,60.82020414704862],[-152.92569967746064,60.818321363093276],[-152.92354131149716,60.816465576935904],[-152.91662594479442,60.814255121162596],[-152.91317988699026,60.812145910390285],[-152.9033761096623,60.81061762429889],[-152.90372420952986,60.80826995259242],[-152.90499008039393,60.80632861419311],[-152.89847684542644,60.80275153930715],[-152.899269923075,60.80095452698556],[-152.89837256359837,60.80033316987858],[-152.89787791796525,60.79833543996386],[-152.891565710687,60.79460328386507],[-152.89116537648061,60.79256152466484],[-152.8890857837844,60.791197671095546],[-152.88670607383324,60.79116631913505],[-152.88775460989075,60.78999285682403],[-152.8808198413745,60.787551682035634],[-152.8740465674884,60.78661314457374],[-152.86814491724442,60.787217790263945],[-152.8661535849232,60.78585238550571],[-152.86638227892652,60.78430767179908],[-152.8647341713158,60.78375290641521],[-152.85746599128518,60.78413194006666],[-152.85629750408611,60.78303584761453],[-152.85644389084987,60.7814112738504],[-152.85531937798058,60.78098906767815],[-152.8444773799495,60.78179363097388],[-152.83003834246787,60.784708760940504],[-152.81904663839808,60.78430043578497],[-152.81133639651785,60.7831574433661],[-152.8114686599687,60.78097396444597],[-152.8081043299908,60.778887680650236],[-152.8130360036455,60.77659714674724],[-152.8131697484183,60.77556272806015],[-152.8174660248079,60.771532607877496],[-152.8175734938586,60.77029610365149],[-152.81673149395965,60.768142686441806],[-152.81197084965356,60.76398585740153],[-152.81048814164956,60.76076236608616],[-152.80860011738264,60.759788864360175],[-152.80806518051241,60.75663106767538],[-152.80617923943862,60.75561278271979],[-152.8056139691562,60.753211595282856],[-152.80348603721626,60.751156083672306],[-152.80319855117247,60.7481285745088],[-152.79905688652138,60.74585733264347],[-152.79025682470814,60.74626903394259],[-152.78119848377594,60.74180017748512],[-152.7811889993632,60.74024158696411],[-152.77933181336167,60.73762536956096],[-152.7794215227192,60.73535833736332],[-152.78804781532216,60.732966027852804],[-152.79214006005628,60.72988253670372],[-152.79545971412014,60.72922866155106],[-152.79501112870494,60.72458544286317],[-152.7963705986317,60.722165096150455],[-152.80000202648966,60.721855397510346],[-152.80212674425758,60.720859105546],[-152.80495505489532,60.7188424327306],[-152.80699145120278,60.71850296880723],[-152.81609119997796,60.71373769473691],[-152.81987393916404,60.71107807872236],[-152.82873198992382,60.70949200654744],[-152.8328207464997,60.70787443495706],[-152.83909466578393,60.70765793629764],[-152.8427961065385,60.70477148471166],[-152.84529289751387,60.7043079759901],[-152.84515430453357,60.70333822203431],[-152.85207651460212,60.69873914411487],[-152.86151176077973,60.69760785958159],[-152.86566294577625,60.69498975460431],[-152.87313967149666,60.69376848810001],[-152.87314126959959,60.68902874581235],[-152.871726924287,60.68712634507118],[-152.87379354800547,60.68571990427268],[-152.87678548228064,60.68178682477279],[-152.88050954800394,60.680428305481925],[-152.88749357653717,60.679715027341416],[-152.89267090348946,60.67655542465222],[-152.8927408436225,60.674540009333505],[-152.89487432625262,60.67389068994262],[-152.89530959414375,60.67200922780587],[-152.90141331052942,60.66968020823465],[-152.89884086074588,60.66836080676246],[-152.89994139578363,60.665343310589776],[-152.90248499617184,60.66332318984802],[-152.90970350835036,60.66000152611316],[-152.9164499908814,60.65817891092606],[-152.92483532298584,60.65744000107757],[-152.92692254776873,60.656336077781454],[-152.93205174658135,60.65570833641673],[-152.93317847828936,60.654334863516034],[-152.93894987820707,60.652453512717805],[-152.944293855221,60.64838553610708],[-152.95945473574582,60.641805492424474],[-152.9623684698789,60.63943269026559],[-152.96251097502227,60.638155404755224],[-152.9653065061353,60.63705409597755],[-152.97589470045423,60.63941137259402],[-152.97983983528073,60.63917162709831],[-152.9821779963534,60.64039587534666],[-152.98622879192195,60.64020291647137],[-152.99183220328823,60.64204646425469],[-152.98920541620973,60.64678436751935],[-152.99234432834015,60.64999537219683],[-153.00373180137802,60.648842723473464],[-153.01215824577977,60.64526664537259],[-153.02269593322012,60.6446746177058],[-153.0279509536647,60.64251568272142],[-153.02874451909852,60.64083584522129],[-153.02424333339934,60.63805322198303],[-153.02502613432105,60.635391505391844],[-153.02376439570727,60.63246474042938],[-153.02497809062302,60.631758164991986],[-153.02465487139392,60.630484207874275],[-153.02742590185588,60.62692055262833],[-153.03360871490236,60.62333691234851],[-153.03577779686884,60.622366117282354],[-153.04043588860375,60.62190984857458],[-153.05121711021596,60.61688810478937],[-153.05974547926647,60.616811020061036],[-153.0612487604871,60.61754868627884],[-153.06248463031565,60.62031767531941],[-153.06657031375488,60.62077965381497],[-153.07502669810677,60.619856992079924],[-153.07422835004238,60.615775959518444],[-153.07215577408687,60.61474397550665],[-153.0718179347765,60.61361672547728],[-153.06259995064192,60.61003500633598],[-153.0555493237085,60.60899649952582],[-153.05531616148494,60.60699803095332],[-153.05700177375883,60.60295594010632],[-153.06613659096607,60.603402082626154],[-153.06723078389788,60.60465537609206],[-153.0709901273607,60.60508522309072],[-153.07375570594724,60.60654678537202],[-153.07357523261004,60.607068668628884],[-153.07544697042084,60.60744169318232],[-153.08109958161694,60.60752500881861],[-153.08763707738532,60.60516869119408],[-153.09007023709586,60.60619402005735],[-153.09367077817942,60.60452276212851],[-153.1003718895004,60.60385313318653],[-153.10347606737204,60.602277604631276],[-153.1032067434667,60.598630394572425],[-153.1048644181352,60.595174153102725],[-153.1039138703089,60.59364159685356],[-153.10504375330692,60.591969162341535],[-153.10175929254095,60.58924376636364],[-153.10539738320338,60.586010544173945],[-153.10913756829612,60.5833500311059],[-153.11432248870756,60.58145953766477],[-153.1305365208338,60.578343465619895],[-153.1361677682958,60.575576159574446],[-153.13743500639575,60.57369283152197],[-153.13972476444428,60.57239908121533],[-153.13988949390782,60.569668848303735],[-153.1444342559831,60.567376792287064],[-153.14343092854057,60.56401329392951],[-153.13909872492948,60.56159578318064],[-153.13720621806928,60.55358589576799],[-153.13522887521196,60.55238247426826],[-153.1361256741399,60.550971671099134],[-153.1290454962269,60.54774475464037],[-153.12910927840872,60.545141640208044],[-153.12338300895257,60.54379947555578],[-153.12293400851567,60.540375722838114],[-153.12565691982115,60.53905011515156],[-153.12590326571984,60.53672278938509],[-153.13045865845822,60.53389473136182],[-153.131399993163,60.52967859840093],[-153.13540191858348,60.52732502192227],[-153.13932154754414,60.52967121479894],[-153.14375368154407,60.52987725144396],[-153.15283983521573,60.52742468884628],[-153.14914886073254,60.52574203657],[-153.1478581954683,60.522552293993776],[-153.1519457141657,60.52000744980435],[-153.14902645808854,60.51306159038384],[-153.15659615944088,60.512253539441694],[-153.161326026567,60.51432449159634],[-153.16272434683322,60.51299530499177],[-153.16284781757406,60.51178492495571],[-153.1676649686065,60.510489345941124],[-153.17679538676379,60.506042950066366],[-153.1750346843153,60.50307436729358],[-153.1709930425795,60.500686866107664],[-153.1735042982276,60.498710170801274],[-153.17326227053053,60.49783267226167],[-153.17972627063392,60.49488370656489],[-153.18099467025553,60.491799300306816],[-153.18588801818697,60.489511164659596],[-153.18632011861843,60.487134445886],[-153.20273599859576,60.48861341095508],[-153.20547841412267,60.487056668988956],[-153.2097908206615,60.480160697988794],[-153.2056545692583,60.47635790820316],[-153.20854937499,60.47361094855815],[-153.20924290942364,60.47142957465704],[-153.20856907594248,60.47031788724179],[-153.2127774252321,60.46841147412501],[-153.21416734535214,60.46654804003449],[-153.22076327024152,60.466269499312034],[-153.22236979843103,60.464768247074474],[-153.22796359872206,60.46277916812504],[-153.23067620006302,60.46019546371013],[-153.22787321562805,60.455711813327795],[-153.22789607685374,60.45447657516491],[-153.22967624938764,60.45248829787735],[-153.22686284090216,60.45030430366398],[-153.22695880253406,60.44812132562634],[-153.2312988960483,60.446219195721184],[-153.23593686731752,60.44600449403989],[-153.2400186691364,60.443764766666476],[-153.24728611883666,60.443308712265434],[-153.24985519993794,60.44225042257976],[-153.25478421098614,60.44313929981932],[-153.26901273187423,60.44239811219709],[-153.2713129328379,60.44173842410927],[-153.27850792442734,60.43672948474877],[-153.28405393434528,60.43536812486869],[-153.27816547406462,60.42943290024453],[-153.27818614250268,60.42806521383471],[-153.2764006106198,60.42654736312652],[-153.2764672790886,60.423547803054284],[-153.278239082019,60.421728616365414],[-153.27537048014415,60.4197579667808],[-153.27541412658883,60.41751873495544],[-153.28045382894464,60.41496599363299],[-153.28486864612088,60.41440951145817],[-153.29229786084423,60.419590380952755],[-153.29637504711923,60.41983469174366],[-153.3028235225379,60.41776192512973],[-153.30444742594162,60.415010951031135],[-153.307669572373,60.41316046856754],[-153.3148083779347,60.41137987873212],[-153.31458114279533,60.40935065310775],[-153.31635872728293,60.407002495806225],[-153.31622254178754,60.40519058967206],[-153.31868789711788,60.40318263942824],[-153.31848073303695,60.401583755276974],[-153.32145843440478,60.398265460950824],[-153.32126929681667,60.395731536210675],[-153.32255874845694,60.394042601910584],[-153.32684094375452,60.39298195658095],[-153.3272265518784,60.392303523294494],[-153.32801811496742,60.389308370220405],[-153.32894633426906,60.38849080433206],[-153.32754273729884,60.38587255269086],[-153.32766079479183,60.384436655877316],[-153.33545783189476,60.38422191536549],[-153.33791465143332,60.38499206992399],[-153.34239733722754,60.38416319128424],[-153.3528914366137,60.379704492784924],[-153.35824527533282,60.379682221241694],[-153.35789865049895,60.37897590146582],[-153.36012059203173,60.37737127518188],[-153.36210573945226,60.3771919365117],[-153.36552880218173,60.37478067235986],[-153.36845636138702,60.37398102722888],[-153.3727858601708,60.370669945428006],[-153.3726401758896,60.36931504047439],[-153.36821724512973,60.36755069128073],[-153.36784648166588,60.36399367914959],[-153.36868801084762,60.36247891648333],[-153.3701287100357,60.362474009996426],[-153.37118435176708,60.360213527829956],[-153.37328597115408,60.358971066115274],[-153.38462053881165,60.35939641641789],[-153.39163468605963,60.360916194390455],[-153.40782783055894,60.35982917503372],[-153.41121528766382,60.36032524959194],[-153.41334251981618,60.359332604674464],[-153.41288082887925,60.35837344136373],[-153.41466142362137,60.35592176825726],[-153.42931328007862,60.35135810068897],[-153.4401582003293,60.35219387879355],[-153.4478919556121,60.35147335270922],[-153.45374687190173,60.3524284797759],[-153.460116465357,60.350266340487046],[-153.46292086553686,60.35018508395029],[-153.4607803787425,60.34788585618626],[-153.45937153920426,60.34454534715074],[-153.45362475582036,60.34078980185481],[-153.45494534845827,60.337840462007215],[-153.45751631422502,60.33611120572983],[-153.45663531576463,60.334534721408],[-153.4586286540239,60.329414917524694],[-153.45713970811855,60.32585201682559],[-153.45499436054018,60.32396840256579],[-153.45433895330214,60.31949224475397],[-153.4516546830286,60.31749290479231],[-153.45061195637606,60.31410911131093],[-153.44700553851393,60.313230249575646],[-153.44694889704033,60.31091240721434],[-153.4447001093553,60.308760249398155],[-153.43393078772564,60.30862309990913],[-153.4313307273235,60.307403690071816],[-153.42302183376486,60.306655704102816],[-153.4175658862424,60.30384794539536],[-153.41854457738825,60.30319173819273],[-153.41825556151355,60.301008260396216],[-153.4229295695987,60.297794398535046],[-153.4230584113666,60.296334612007115],[-153.43117194830037,60.29358222645275],[-153.43106860970337,60.29113144645615],[-153.4330618868772,60.28946990068651],[-153.43666040585305,60.28784634283079],[-153.438250170581,60.287810438366854],[-153.43834161368707,60.288963120720645],[-153.4392220093779,60.28897215573924],[-153.4406358103114,60.287687693245],[-153.44487909867564,60.28751889034463],[-153.44672756023914,60.28629216395038],[-153.45984180186565,60.29030817211578],[-153.4676049652959,60.290567318972144],[-153.47599760160188,60.29444201089826],[-153.47916374526184,60.294138304207145],[-153.48536685574211,60.29170442439982],[-153.4879816835492,60.28821432079613],[-153.49445446019294,60.28458874318656],[-153.49241278807983,60.2833427235775],[-153.49237500943056,60.279989075101135],[-153.49023063472762,60.27802614949155],[-153.4918396521488,60.27368689741105],[-153.48851059541886,60.271793467975854],[-153.4873595552992,60.27017385702558],[-153.48963125002396,60.26798159621673],[-153.49583810378405,60.26541221743339],[-153.49010503497956,60.2628737413374],[-153.49014030643085,60.26050073317125],[-153.48934381518418,60.25928195850318],[-153.49164300823816,60.25720209562033],[-153.48953880260146,60.254435005626604],[-153.48998114831872,60.25308186198401],[-153.49893822037228,60.24853969603136],[-153.50319621146284,60.247910644467446],[-153.50441761841526,60.24667094221969],[-153.5185942984266,60.24493185806162],[-153.5225473267495,60.24515417070494],[-153.52488922571206,60.24428186446893],[-153.51952566632326,60.24124603817809],[-153.5204523405226,60.23986351737476],[-153.52003739521814,60.23743566447838],[-153.52276089132687,60.23704738166149],[-153.52288771008875,60.234559466175305],[-153.5104440257876,60.231171486401635],[-153.5105653702162,60.2284317408323],[-153.51263723919757,60.22675825392469],[-153.5202484876318,60.22531040280335],[-153.52460299461478,60.22247922443464],[-153.52566913316028,60.21769518290158],[-153.52705577802274,60.215908622228234],[-153.52978875944257,60.214494777053865],[-153.5275597373887,60.21192389973629],[-153.53527012749097,60.208730497539484],[-153.56363760723326,60.2081008974914],[-153.56231095276377,60.205748501759864],[-153.55881011120204,60.20460365351483],[-153.5579174130834,60.20307132982523],[-153.55805621716786,60.199352930021696],[-153.55933836999642,60.19823958741476],[-153.5592057669824,60.194743705098816],[-153.55976391991285,60.19328594082545],[-153.56151910311218,60.19241408440584],[-153.56949885934057,60.19078400926675],[-153.57030248410894,60.18797078217546],[-153.5656324780184,60.18594481343158],[-153.56087482689884,60.18515991389141],[-153.56170996546564,60.18401273882187],[-153.564396318034,60.18312144184165],[-153.5637445139386,60.179781399352734],[-153.56219622891885,60.17927092774158],[-153.56037898470979,60.17413050463279],[-153.55688656036224,60.17205496560778],[-153.54753025364028,60.17407724305482],[-153.53946832581786,60.174054252473574],[-153.53509759615918,60.171727788923796],[-153.53449439181895,60.1695756299762],[-153.53083084020642,60.16721985355133],[-153.53094497565482,60.16662739951949],[-153.5258354795913,60.16586869513333],[-153.52258591388258,60.16379954456195],[-153.5241983565799,60.16281820994533],[-153.52341336826044,60.16084826370209],[-153.52377693621884,60.158708960327054],[-153.5227341152432,60.15806775979445],[-153.52221634517804,60.156145168100934],[-153.52371387807918,60.152591703687435],[-153.52379972647762,60.146668147798614],[-153.52664254850046,60.14350662809977],[-153.52874614418107,60.13939390265244],[-153.52888254617045,60.13364606660111],[-153.52624003408292,60.12962630315558],[-153.52137784781038,60.1260530966405],[-153.51127405204213,60.115589426303444],[-153.50629698741443,60.109127679676085],[-153.49931821851723,60.10313952895059],[-153.49147934417653,60.104099272036684],[-153.48887734880324,60.10486473786188],[-153.48565283890437,60.107472595372606],[-153.48392560858176,60.10749269385425],[-153.4785809901707,60.10421094980676],[-153.4791030299284,60.10191280737442],[-153.47847318694673,60.09908762001972],[-153.47714593599594,60.09765904466023],[-153.47218155647832,60.09463950674164],[-153.46489556195732,60.094156361267196],[-153.4590026882537,60.09450818592743],[-153.4572004135705,60.09777786340751],[-153.45268216257588,60.09920269529778],[-153.4506262997762,60.101557094010275],[-153.43990777158766,60.099904111430355],[-153.43366555115483,60.10104034385612],[-153.4222711494112,60.10157387806849],[-153.41868591382348,60.10111245552386],[-153.41795754182476,60.10012415894542],[-153.4174355595593,60.101724156868826],[-153.4139796427449,60.10274180506228],[-153.40689763316706,60.10262517407772],[-153.39824356285882,60.10449973446795],[-153.39563687738143,60.10097832154304],[-153.39121415233578,60.0974520583258],[-153.39146633997876,60.09052587432241],[-153.38182910311795,60.08827673851539],[-153.37942695414932,60.086079542252456],[-153.37937691619138,60.085189731761005],[-153.38270277491893,60.080880234705646],[-153.3911773483586,60.07621561820611],[-153.3909621802885,60.073919714989735],[-153.39196574847952,60.071757108996366],[-153.39676662203897,60.06799811064002],[-153.3959353534144,60.0641878389235],[-153.39695728406812,60.06240012214475],[-153.39617224903628,60.06073558812772],[-153.39448883763487,60.059393492978515],[-153.39296954304598,60.059637542950995],[-153.3922438552134,60.05893662109035],[-153.39214290523668,60.05459522181072],[-153.39082453413246,60.05313313442556],[-153.38581668513828,60.05146622296968],[-153.38573470398714,60.05063504596906],[-153.3928162069152,60.04724768052195],[-153.39208878353747,60.04461254097187],[-153.39593484856118,60.04293132081183],[-153.40039279834576,60.03741546736731],[-153.40761779546233,60.03430956345551],[-153.4146543790329,60.034383550840055],[-153.4170115385755,60.03265185907505],[-153.42096152969444,60.031508672061804],[-153.42417333561858,60.031446662039684],[-153.42576505328398,60.03306344591254],[-153.4275804263023,60.03341419868977],[-153.45560169802903,60.03057539568533],[-153.45724482537983,60.02959268183034],[-153.45821410307985,60.02581760802418],[-153.46218963330233,60.02291577747216],[-153.46115808887842,60.02135535286554],[-153.45450897204609,60.0173850883598],[-153.45086930304373,60.01799744223082],[-153.44463597054232,60.015779801483276],[-153.44570622606673,60.01461840365226],[-153.4460260604439,60.011650932075334],[-153.4440957201372,60.01045704077676],[-153.44341981783595,60.00606426106847],[-153.4438876469612,60.004898453619475],[-153.4465248446155,60.00334115664157],[-153.44640874814482,59.99429679585974],[-153.45037107403095,59.99215382033665],[-153.44291159686227,59.99001922282407],[-153.43721396300245,59.99018009723854],[-153.437384051815,59.98533274275267],[-153.43812180042858,59.98439369059511],[-153.44711495331555,59.98015866641596],[-153.4494181968731,59.98104619828127],[-153.45461325387416,59.98076734635163],[-153.46097839438056,59.979454884983376],[-153.46582660735882,59.9761631629317],[-153.47290860705522,59.97690837200154],[-153.4769227693265,59.975258847325684],[-153.47561640420605,59.972499455154825],[-153.47276615042082,59.97144208293898],[-153.47197937355568,59.97023488198333],[-153.47224913134727,59.967560676090145],[-153.4794450275402,59.96553330008903],[-153.49276535347266,59.965717605136135],[-153.49671053860484,59.96416963281351],[-153.50053816570735,59.964134565504345],[-153.501734528528,59.96314417668495],[-153.50241060420413,59.96053053641568],[-153.5056298823148,59.95914766601288],[-153.51122197221355,59.959679570117],[-153.51241713308835,59.95881929081712],[-153.51588854494304,59.95896001451233],[-153.5230186278633,59.955723859218224],[-153.52206994404125,59.95498812813908],[-153.5224712080039,59.95208342757299],[-153.51872978143942,59.95019934785954],[-153.51734153847408,59.946654738950826],[-153.51798837219104,59.945369679852156],[-153.5174978740796,59.943989546607995],[-153.51945666223472,59.94295884012581],[-153.52003390975486,59.94096712154091],[-153.52173108424472,59.94102512209925],[-153.52408592972714,59.939704110399965],[-153.52301955222978,59.93793303280086],[-153.5191856234455,59.93782188753357],[-153.51471842281015,59.93463919861631],[-153.5115429429595,59.934311829447715],[-153.5028614093564,59.936261100689755],[-153.49448664772788,59.93974878399633],[-153.4816836319232,59.939564172489604],[-153.47687072273555,59.94084116474172],[-153.47354768471803,59.93948011514431],[-153.47108391401582,59.93597244400098],[-153.4647887028627,59.93292361399512],[-153.4607451962244,59.93196477190732],[-153.46061440241732,59.93116402654095],[-153.4585508365641,59.93008199318788],[-153.45809549132636,59.92834491230532],[-153.4554185827466,59.92685399528311],[-153.44460436781063,59.926312828095945],[-153.44078614786574,59.924374664359114],[-153.43297652177236,59.92335412589305],[-153.42713793415967,59.92396341639016],[-153.42234242713573,59.9259020286532],[-153.41966162615583,59.924111780116995],[-153.41698770627102,59.92348392986059],[-153.41509127017974,59.919377417973855],[-153.4082258192641,59.91698141599516],[-153.4080100071019,59.91542733603117],[-153.41071208827256,59.91335150649705],[-153.410824947215,59.91190202197916],[-153.41422379675427,59.90737906557434],[-153.41047098224692,59.905378860189465],[-153.3993876230687,59.90246602758184],[-153.39793960710267,59.900327511339924],[-153.40020667730036,59.89865848815825],[-153.4025309558086,59.894618314340455],[-153.40760398027157,59.893025133456156],[-153.4100424750766,59.8909382049136],[-153.41255844688,59.89019892874292],[-153.41368103465962,59.887399054700154],[-153.42072012722477,59.884869207895306],[-153.42387280963015,59.8821394639084],[-153.42862949236584,59.8826114216224],[-153.43255642373146,59.88462250494585],[-153.4326043344788,59.8869043342559],[-153.43361961220955,59.88871185449928],[-153.44147060572175,59.88914480018722],[-153.44497919974438,59.89027952247959],[-153.44482218770747,59.89125664649839],[-153.45337603477606,59.89408015319708],[-153.45739936615144,59.89363539938118],[-153.45974959429327,59.89283870727665],[-153.45986068535123,59.89206557534181],[-153.46529341411858,59.88860322038153],[-153.4691642924071,59.8875497104667],[-153.46699388093396,59.88513584014788],[-153.46581449088228,59.87868954415677],[-153.46997147899555,59.876154574632224],[-153.47056919912097,59.87339632788064],[-153.4772074256771,59.87610257807309],[-153.487505078782,59.87712321878579],[-153.49654544891686,59.87528289555803],[-153.49888580098053,59.87412899351544],[-153.50144361810644,59.87466903057938],[-153.50260053590299,59.87396201275306],[-153.5027447298791,59.87289540314949],[-153.50630842476465,59.871650712319344],[-153.50671122304982,59.870505049586924],[-153.50582504490353,59.87001034685123],[-153.50817045178724,59.86865230773475],[-153.5081065842655,59.867142469395816],[-153.51750999235279,59.86677466498079],[-153.529373187114,59.86430573098914],[-153.53002926000366,59.86273242671511],[-153.52854013713025,59.86035749610931],[-153.528845804177,59.85775688130507],[-153.53075744066118,59.854529759775126],[-153.53043078807104,59.85355206924929],[-153.53341554480713,59.85125341464778],[-153.53246143785566,59.84877505468926],[-153.53098179759834,59.848042865061416],[-153.53123313543506,59.84711998508502],[-153.53043604141882,59.84673101328634],[-153.53101323773495,59.84353871539364],[-153.52574400234934,59.83663709915039],[-153.52730613400084,59.833554737674255],[-153.5165214718411,59.83221041251685],[-153.50886508396215,59.83598157899697],[-153.502508622978,59.833818963351185],[-153.4958137630331,59.83369208740191],[-153.49386715513492,59.831736131713285],[-153.49540610306562,59.83024155013062],[-153.496450729655,59.82691034839754],[-153.49941360882062,59.82560667708184],[-153.50045928464226,59.821794200180335],[-153.4969049079812,59.8201529301967],[-153.5039506741306,59.815208839597204],[-153.50363546697545,59.81467959401886],[-153.5082876118632,59.812273935108635],[-153.5105781972601,59.809391072329035],[-153.51379474898386,59.80849611899941],[-153.5187559170243,59.804225530676675],[-153.5216527430671,59.80342525454022],[-153.52197614016262,59.800400710821656],[-153.52405623232215,59.79829902102779],[-153.53055702831793,59.79809955461594],[-153.53514231609063,59.79981220784986],[-153.5384940606714,59.799513467815245],[-153.54278518971444,59.80050803447883],[-153.5472284906717,59.79771402794042],[-153.554044173124,59.79499757094708],[-153.5576841924693,59.790617452683215],[-153.55645689706017,59.78907702498416],[-153.55806772728155,59.78886290900476],[-153.55942896419452,59.78711339652742],[-153.55811146715106,59.785374171804875],[-153.55804405218225,59.78385454811574],[-153.55891752725213,59.7830840159015],[-153.55513219822308,59.780760101796986],[-153.55587183958698,59.77910243735719],[-153.55535229085757,59.77798820816839],[-153.55740340965423,59.77543190178882],[-153.57234888315708,59.77047641148329],[-153.58381408651817,59.767964238779825],[-153.59281993529504,59.76798909697572],[-153.59392388932073,59.76537688873201],[-153.59378879797333,59.761657108525995],[-153.59100313844698,59.758324258143766],[-153.58867388147542,59.75705886318747],[-153.58866831641222,59.756221742273695],[-153.58586863148935,59.755313435500796],[-153.5814735089774,59.756282901721875],[-153.5737104650231,59.75250611998005],[-153.56952962124916,59.75251622280434],[-153.56660192639825,59.75112396590589],[-153.56779633807813,59.74848221395373],[-153.56701384168528,59.74678893926268],[-153.56825384106918,59.74537494743391],[-153.5679738335002,59.743900665200265],[-153.5696806127771,59.741985556622765],[-153.5733402818709,59.74028758755541],[-153.57544748788067,59.73700083728891],[-153.57832557686325,59.73444299649707],[-153.57933627947426,59.73246301343269],[-153.57856374090636,59.73004596961171],[-153.5836913568874,59.72683939199228],[-153.58388390268377,59.72529028491534],[-153.58925566908096,59.724129191375],[-153.59478374143933,59.72171573976477],[-153.59733660974635,59.719340248998996],[-153.59943043534992,59.71900368625149],[-153.60396861636744,59.71641671906629],[-153.60394933762316,59.71543987530957],[-153.60586499945813,59.7143651998023],[-153.60315950558768,59.710146822669074],[-153.60088108876965,59.708991207546745],[-153.60121612174305,59.708393919821916],[-153.60499932086657,59.706949366378524],[-153.611474469961,59.706695516557204],[-153.61876394904698,59.703458160415906],[-153.62213029933594,59.70412153583068],[-153.62448851170404,59.703516775774716],[-153.63322727338064,59.699815286142524],[-153.6373730675871,59.69716117253477],[-153.64142613409672,59.697571219657775],[-153.64555998879473,59.696472885587355],[-153.64769827292008,59.69730623415504],[-153.6539332969491,59.697306817502394],[-153.659379421394,59.69869086452894],[-153.66227914180865,59.698612255853575],[-153.66471909098613,59.70022565201024],[-153.66732707722403,59.69951748225281],[-153.67603305039276,59.69980749606949],[-153.6946489808577,59.69698824261931],[-153.70018465296332,59.69503402187612],[-153.7048835830094,59.69437650344813],[-153.71121397398565,59.69070042362186],[-153.71121826433944,59.689478167682125],[-153.70678926366324,59.68734517028888],[-153.70884338373125,59.68592559533917],[-153.71029579156072,59.68364644125206],[-153.70923232640152,59.682884477863105],[-153.70915996081715,59.68126883536357],[-153.7067680616259,59.679445018903344],[-153.7089097737223,59.67832440852967],[-153.7089250064546,59.67732163245038],[-153.71291950101104,59.67547766959365],[-153.72380771826178,59.67746964133007],[-153.7334818525246,59.67811710469115],[-153.73740818740882,59.68021028620716],[-153.7460587992032,59.678422775589155],[-153.75091707960087,59.680250567221954],[-153.7532013237902,59.678514456632264],[-153.75699539163034,59.67852009020369],[-153.76038684084835,59.67920020842172],[-153.7604740942119,59.68046214696449],[-153.761906579205,59.681205199584596],[-153.7640194661606,59.6812616599739],[-153.76944847859758,59.68389199962469],[-153.77342210529002,59.68163302280355],[-153.77276460497737,59.68104132492559],[-153.77348522541342,59.67974019097688],[-153.77922801668424,59.67829038874706],[-153.78498943182754,59.674988239239724],[-153.78404295157284,59.672998349857366],[-153.78594450536627,59.66869731900156],[-153.78826620570968,59.666752993450956],[-153.79308967639005,59.66474527827759],[-153.80312569966,59.6641512495731],[-153.81468486590154,59.665823448871386],[-153.82241101245384,59.66257320838198],[-153.82699881461104,59.66230698449924],[-153.82586392440362,59.660744099543926],[-153.8174808389857,59.66055264656473],[-153.8168030250695,59.65850112639767],[-153.81280889343248,59.656349310150816],[-153.81582587722932,59.654019686948736],[-153.8153850460716,59.653171577946615],[-153.8160541157868,59.65174519747711],[-153.8193770208537,59.651298434739275],[-153.82034305204226,59.64880052836129],[-153.82405904730103,59.64830562043423],[-153.82621870324527,59.64711895055946],[-153.82675223425207,59.6462211059286],[-153.82483317498873,59.644733536331636],[-153.82880422351622,59.64392834009169],[-153.82990331136807,59.64291661083877],[-153.82894753175353,59.642099956776185],[-153.83115038049323,59.63862558460823],[-153.8245961796538,59.635516104874604],[-153.8237886292477,59.634432181177715],[-153.82814802486246,59.63293758260331],[-153.8306619619817,59.63034218433124],[-153.83287972545008,59.62975925076287],[-153.8338899303944,59.62815830709372],[-153.83840372754187,59.627664085768316],[-153.8389509362972,59.62709783976198],[-153.8384248927483,59.6265586983466],[-153.83993448822704,59.625449440804054],[-153.836128736,59.62255405603046],[-153.83355206952447,59.62174239286617],[-153.83373780698923,59.61990104197896],[-153.83302808940576,59.6196584611469],[-153.83391847076928,59.61877612659432],[-153.82993797915148,59.61656154609165],[-153.82967824386353,59.61445257225935],[-153.8283746904699,59.6137935799876],[-153.81683861362615,59.60984319450375],[-153.81254571939354,59.60962940756279],[-153.8101406401204,59.61044670170801],[-153.80605755910057,59.609616375365285],[-153.81195755105452,59.605861128683756],[-153.81823579303193,59.60519440898074],[-153.82164416471326,59.60387404023005],[-153.82235954168303,59.602728559698015],[-153.82147662531952,59.60146240289931],[-153.82148811207702,59.59940573827658],[-153.823112765574,59.59858664769384],[-153.8324878425939,59.59756937837386],[-153.8347266490978,59.59784486771267],[-153.83529319049634,59.59886801204184],[-153.83780714917518,59.59999129391251],[-153.84426952602286,59.60035583347559],[-153.84634325811015,59.598970442637736],[-153.84840869964572,59.59927948089685],[-153.85317495213408,59.59808509801787],[-153.86415003737116,59.60010916486754],[-153.86938054907986,59.598544398333416],[-153.87092753064408,59.59721119639732],[-153.8861809915421,59.59735311480632],[-153.887083332177,59.59603947524931],[-153.88682404604666,59.59334812000448],[-153.88417278885981,59.59149067884241],[-153.8829310314729,59.58924333440883],[-153.88425792938583,59.5878814732473],[-153.8714144965798,59.587997851914444],[-153.86937705642998,59.58674337322027],[-153.86517175692077,59.58630803050095],[-153.8660422307193,59.584462144096996],[-153.8655773489665,59.583387060920565],[-153.86386021121606,59.582635967124325],[-153.8661433765287,59.58106137112824],[-153.8686511026961,59.58092654170233],[-153.8686653679428,59.57955827009391],[-153.86798710217406,59.57860610881509],[-153.86840153184554,59.57803492729654],[-153.8655094758569,59.57632120310065],[-153.86513805841952,59.573937179102735],[-153.86416005268825,59.57359318137013],[-153.86716503050135,59.57341435598849],[-153.86830319416967,59.572255854962506],[-153.872284390965,59.57149975644743],[-153.87972193127445,59.56816775665954],[-153.87963828644337,59.56695628764815],[-153.88230420862723,59.56483220748316],[-153.88241014155878,59.561369370984096],[-153.88454380475028,59.560167327145116],[-153.8953197155225,59.56226405461286],[-153.90195607358282,59.559365543113636],[-153.90566902445116,59.55942785498275],[-153.90718728957071,59.55586035427707],[-153.90675019720126,59.55369601812638],[-153.90264867376857,59.550242014781006],[-153.9054365736933,59.546207997795996],[-153.90491099008182,59.545207969972246],[-153.90606771384225,59.543961142948454],[-153.90412527951685,59.540556703659426],[-153.90793912286966,59.53874533783682],[-153.90741597099768,59.53750941993345],[-153.90919497212846,59.53480414406448],[-153.9172081214309,59.532008706437466],[-153.94120429749103,59.529648124968695],[-153.94211153484258,59.529278410229345],[-153.94256332634504,59.52631113509156],[-153.9447023659535,59.52232555292757],[-153.95023236789308,59.520353019001725],[-153.96330852364648,59.52062533752922],[-153.97873183710007,59.523898036912655],[-153.9792879688211,59.525007980625475],[-153.98716432985862,59.525262270845964],[-153.98849388229317,59.52479797001653],[-153.98876478723344,59.523100004282355],[-153.9901786106248,59.522538657138675],[-153.98992063333984,59.52188972796155],[-153.99257184650918,59.52093299155231],[-153.99254695688762,59.519600509064375],[-153.99106747563215,59.51926241786427],[-153.99195273210697,59.518961493476866],[-153.99151735282473,59.51782056668284],[-153.99325536203247,59.51687281974087],[-153.99442118123517,59.51665313626319],[-153.9964732926702,59.51770983596805],[-153.99939912261857,59.51744111438483],[-154.00220871595906,59.5152184769566],[-154.00950453086276,59.514160626842134],[-154.01286001423173,59.51446203020462],[-154.01447994348862,59.5159747153444],[-154.01745614466992,59.51629147221011],[-154.01837085780124,59.51481608132118],[-154.02076609243713,59.51469588341522],[-154.0226201397251,59.51544894210774],[-154.02273592178543,59.51620040358297],[-154.02572303659912,59.5158805479121],[-154.02351068727694,59.512114179668544],[-154.02492999488317,59.51120753717689],[-154.02448982847878,59.51017210703189],[-154.02660139221592,59.509757092148014],[-154.0324276261969,59.50631596937258],[-154.03537918299665,59.50581039933056],[-154.03148448767504,59.502479478200996],[-154.03333274711758,59.502016787574036],[-154.03334101521145,59.500917016780534],[-154.03483684850008,59.50000408108575],[-154.03784516535106,59.49946928988377],[-154.03750314348474,59.49881422340097],[-154.03927018803913,59.49757775957325],[-154.04847546999557,59.493781046181425],[-154.04626564044776,59.49252969646773],[-154.04739923977615,59.49200699450175],[-154.04678595274515,59.491027424633124],[-154.04280959966587,59.48926983711522],[-154.0427095785472,59.48763349458886],[-154.04129862886643,59.487120704116016],[-154.0419739526526,59.486193284387134],[-154.03916466563763,59.48304948050231],[-154.03995771543845,59.48097514442778],[-154.03941790341116,59.47993799225418],[-154.0376566700584,59.47960636163203],[-154.03765354392118,59.47749183847325],[-154.03827286583424,59.47709344390831],[-154.03747410454488,59.47520783583763],[-154.03861803988892,59.47509580724196],[-154.03853757329736,59.47395164510536],[-154.04051644059572,59.47264363739029],[-154.04502678372089,59.47474280345298],[-154.04565323825733,59.47407286879415],[-154.04964620388117,59.47438427230511],[-154.05154621796217,59.47377150020048],[-154.05495880633546,59.47469542154026],[-154.05674449542354,59.47411208281546],[-154.05500027256898,59.47195312495659],[-154.0541366538144,59.468883266771705],[-154.05676002459987,59.46644795203633],[-154.05507520733505,59.464750071462646],[-154.05675612680983,59.463309674059374],[-154.05560030765287,59.46268071816943],[-154.05524975358801,59.46115640488192],[-154.0594946643097,59.461206974025124],[-154.06196775323633,59.45947400372617],[-154.0614346983366,59.457015155298436],[-154.06321080329894,59.455602182043876],[-154.0657574570608,59.45518812450043],[-154.06543915970113,59.45421099555945],[-154.06903485078047,59.452397123223875],[-154.0665486482473,59.448042752221916],[-154.06344859274452,59.44525313713738],[-154.0667143757391,59.442735035806905],[-154.0648542630264,59.4402888478707],[-154.06466873217414,59.438435721972006],[-154.06175643893877,59.436630157857756],[-154.0610399085322,59.43473334684006],[-154.06483821013225,59.430923148358595],[-154.07031030846528,59.427868743494514],[-154.07595322144954,59.427197429032724],[-154.0865513116096,59.43130205138497],[-154.0946170330174,59.43066767501971],[-154.0980809205833,59.42754285913398],[-154.10303624687947,59.42521054614369],[-154.11344432808556,59.42435046648016],[-154.11725320105992,59.4263054247382],[-154.11762355758694,59.42854544147889],[-154.12286636543521,59.42854591756289],[-154.1263570398646,59.42750625576263],[-154.1257400149437,59.426601804866195],[-154.12661832474643,59.424875135869776],[-154.12956760880854,59.425855244968716],[-154.13385509338647,59.42549611516895],[-154.1364700730089,59.42763731466577],[-154.14798633301746,59.42708894912682],[-154.15036276860945,59.42838315585378],[-154.1610920199875,59.42703156889641],[-154.16500995562387,59.42924507664392],[-154.16870769172618,59.42934699884343],[-154.17226757955157,59.431061205469035],[-154.1737398230808,59.43063464269596],[-154.1763281110612,59.431306827826546],[-154.17511519947638,59.43463512870667],[-154.17527846917756,59.4355510078558],[-154.17730564068538,59.43603925345921],[-154.1770122940327,59.43680121893716],[-154.18600511364468,59.43731099674549],[-154.19267191830494,59.4365553103127],[-154.19670105728864,59.43713867205372],[-154.19724094297777,59.43597245971581],[-154.20103515993824,59.43545948103442],[-154.204931243157,59.43354268125861],[-154.2098029551648,59.434828352403485],[-154.21816735292987,59.43472402515622],[-154.22190060302864,59.432173620427605],[-154.2270105177071,59.43281959368988],[-154.2305412839476,59.430194326809534],[-154.23591022693984,59.42805134587075],[-154.23825574880792,59.42623934331857],[-154.23845650161272,59.424727153792446],[-154.24298503113081,59.42010405584906],[-154.25011104288623,59.418750508998606],[-154.2567319499237,59.41538370577279],[-154.2692417322635,59.41035017439335],[-154.27275319640347,59.409627571431905],[-154.28161259822943,59.40487355198199],[-154.28960293840848,59.40266183001978],[-154.2914550722849,59.4015794870277],[-154.2890961861803,59.399708421003496],[-154.28905384768265,59.398308769034685],[-154.2899357130173,59.39781120424826],[-154.28957952022736,59.396809395054355],[-154.2996517896207,59.39181540624733],[-154.30170773955695,59.39167158098733],[-154.30440787407838,59.38965670170561],[-154.3066337673001,59.38951374370498],[-154.3075179817292,59.388742154115285],[-154.30735817054185,59.387279872932886],[-154.3090040386526,59.38585107592699],[-154.31462625535102,59.386013348141915],[-154.31797742231507,59.38707745468812],[-154.32020643089416,59.38661926697315],[-154.32205680676753,59.385077080339876],[-154.32081322849552,59.38423839190567],[-154.3210675855699,59.38302984753603],[-154.31813561204333,59.38102869813651],[-154.31805404142227,59.379117452313665],[-154.31651871100723,59.377831092227],[-154.32501147802643,59.37404533683462],[-154.3234662221258,59.37266271765938],[-154.3234277050614,59.371635339677205],[-154.32606019105202,59.36976533946532],[-154.32603935462902,59.36752538613514],[-154.32779535888852,59.36603903291394],[-154.33143312076754,59.36530996988567],[-154.32988687133025,59.36389343395889],[-154.3316453279905,59.36331170983553],[-154.33189515845416,59.36178620771748],[-154.33373507524269,59.36064377225775],[-154.33707875025726,59.35954138831653],[-154.33630298044926,59.35881215500388],[-154.33741070739913,59.35803939787729],[-154.33697695227093,59.35747474702996],[-154.34569900618155,59.357174376900694],[-154.34729625297751,59.35832328170642],[-154.34826359480806,59.3569090616382],[-154.35018451178746,59.356399137470554],[-154.34974105844742,59.35560285546687],[-154.35176376083672,59.35513602065981],[-154.35025331106013,59.35379842433161],[-154.35067770394645,59.35234468477834],[-154.34839086452428,59.35215854970359],[-154.34800981355377,59.35087471852185],[-154.34644798193955,59.35006535096799],[-154.34664834128222,59.34868129694487],[-154.34780386040185,59.347677861678655],[-154.35331114215126,59.34539613790309],[-154.35182710194573,59.344000524656174],[-154.35144947086152,59.34154152181495],[-154.34983252131642,59.340356114131524],[-154.34368952789157,59.33978629090937],[-154.33693201494717,59.33599370158546],[-154.33815451065777,59.335035755596316],[-154.33690353565774,59.33342879373209],[-154.337418693422,59.33209446452951],[-154.341722168012,59.330886241765526],[-154.33656295109583,59.32553009328262],[-154.33618704747195,59.32318221951013],[-154.33819099483472,59.32154576074748],[-154.33827294184988,59.31999848824422],[-154.3405463631366,59.319396237851066],[-154.34037223190532,59.31842782660727],[-154.3438407080657,59.31630808006223],[-154.3494905353827,59.31536069711634],[-154.35096765856056,59.31251582021236],[-154.35034553480213,59.31180584521506],[-154.35079306829013,59.31119588250773],[-154.352850681008,59.310605549925846],[-154.36088131871242,59.311076711142846],[-154.36612970330202,59.31283602305174],[-154.37155376063194,59.30868076314445],[-154.37401125211025,59.30871354394792],[-154.3730247896389,59.30691279415297],[-154.364612006816,59.30257608552839],[-154.36759431384627,59.30214344449066],[-154.3676723864276,59.30129314937192],[-154.3726322429277,59.29874462418305],[-154.3753980874156,59.29797645596395],[-154.37882118517936,59.29822833548818],[-154.37890052797852,59.296924406703916],[-154.38064124560682,59.29512582523875],[-154.3794922141202,59.29442107831444],[-154.37965430613005,59.29332746383782],[-154.3819175611827,59.291186595988385],[-154.38190087677293,59.28996324629415],[-154.38024861355572,59.28897463492601],[-154.38091632052664,59.28772691304663],[-154.38265956152256,59.28689818573564],[-154.3821304115994,59.28575305908319],[-154.39011907103063,59.28331259314405],[-154.39404710283242,59.28298160952624],[-154.39643242186423,59.28123598620981],[-154.3995803494868,59.28112685989759],[-154.39861330140536,59.28050087956878],[-154.39842121644477,59.27915541612062],[-154.39682809111932,59.27857892822491],[-154.39811589974096,59.27580307791502],[-154.39723224047071,59.27544763953368],[-154.39801496503566,59.27476619173836],[-154.39685240851404,59.27352933139323],[-154.39656888044746,59.27178197032283],[-154.40126527814272,59.271290496804944],[-154.40522000248492,59.26886192956909],[-154.410325536978,59.26741127142085],[-154.4168233433805,59.26431285322334],[-154.42489184417585,59.26337133421113],[-154.42753756953715,59.264357154508986],[-154.42654990961148,59.26237362040543],[-154.42724202830027,59.26151763202652],[-154.42589398404556,59.259200432489145],[-154.42650505403444,59.25871058340018],[-154.42613877136725,59.25763403237073],[-154.4277630475718,59.25613598543087],[-154.42652782273365,59.25360780126222],[-154.42649675180456,59.2511481701677],[-154.43174023428764,59.2487768457952],[-154.4319815406376,59.24687785614244],[-154.430473760654,59.245750548317986],[-154.44352491359808,59.242625487969974],[-154.44945677238846,59.245602083874324],[-154.45133574612888,59.24748374080251],[-154.4566421008004,59.24929884713547],[-154.45684256075435,59.2510617313406],[-154.45827095481965,59.251469445367704],[-154.45774708609204,59.25271646022548],[-154.45905712622033,59.25290573920671],[-154.45881650708156,59.253741316178306],[-154.4659971435928,59.25847466663663],[-154.4654730637611,59.2605688916965],[-154.46730739033362,59.26401909623691],[-154.4672419202174,59.26529138245589],[-154.46867717651313,59.26707912922108],[-154.47006882319508,59.26699598608628],[-154.47076678722138,59.26792897473603],[-154.47084938910837,59.271584204402195],[-154.47463310745815,59.272214825783976],[-154.47467221651235,59.27457299017503],[-154.4774402888221,59.277191243843674],[-154.4781675514014,59.27918581105909],[-154.48079500143658,59.279295545220826],[-154.48243651631145,59.28103069350481],[-154.48770163202317,59.2810284894839],[-154.4895385134044,59.28208195576285],[-154.50142082341648,59.27978535855813],[-154.504356483629,59.278087457337705],[-154.51166363976316,59.277163808182],[-154.51657171377707,59.2755316023918],[-154.51693619262718,59.274733209776564],[-154.52390673295636,59.2730016626407],[-154.53114232839667,59.27369109579341],[-154.53967093819566,59.27602291419763],[-154.5446539218228,59.27582017489013],[-154.54701960727573,59.27675418163765],[-154.549679684122,59.275972263790614],[-154.54863535577329,59.27473402215185],[-154.5487708028535,59.27339782037192],[-154.55120669973076,59.273155992068574],[-154.55165465273203,59.27217787418391],[-154.552989907672,59.27194483040978],[-154.55840756989545,59.272186258341335],[-154.55911560852766,59.27030928473645],[-154.56735625078593,59.271300214620446],[-154.57292192662206,59.2696684076062],[-154.574228050994,59.270228333090685],[-154.575727102048,59.2690299614598],[-154.57834338961746,59.26972926488748],[-154.58074424770703,59.26820092723131],[-154.58946047783965,59.269679497487715],[-154.5937355189543,59.269257710380884],[-154.60029228089056,59.26584657139659],[-154.60035934192317,59.26512363053663],[-154.59930971800583,59.26472321615902],[-154.60368854777346,59.26460418222203],[-154.60856540353458,59.26106765883709],[-154.60850228969932,59.25772124435166],[-154.60927310350192,59.2563643486594],[-154.6128813054182,59.255040793107575],[-154.6105409731175,59.25360544023846],[-154.61015010266266,59.24680881797796],[-154.621198086185,59.24167171340126],[-154.62526522031197,59.23847811550349],[-154.6294738768254,59.237876815700425],[-154.6369598704646,59.24020886319118],[-154.64651962224227,59.24110150251953],[-154.63930357593918,59.235078305993106],[-154.64041513689872,59.23355984768111],[-154.64363441411106,59.231985908947024],[-154.64423174706258,59.23071569024062],[-154.64095888803848,59.2297851072727],[-154.64105933855188,59.225758962772396],[-154.63788309153998,59.22352295308096],[-154.64017088317635,59.22021087175179],[-154.64259317776353,59.21861176915654],[-154.6423523394359,59.21509847779731],[-154.64363992258038,59.21350443019111],[-154.64305378084066,59.210407871089224],[-154.6440915173518,59.209539617942525],[-154.6483922179442,59.208892095085865],[-154.66094853121908,59.20937350868249],[-154.6729078753601,59.21073744758171],[-154.67937331905617,59.21238759332206],[-154.6817286217811,59.211755960601046],[-154.68491334799094,59.206916468675495],[-154.70153799284705,59.20365400508647],[-154.70280017253364,59.2023846568742],[-154.7027478654313,59.1955651724381],[-154.70572423010597,59.195194904293906],[-154.70226323062369,59.19483926802488],[-154.70006062173417,59.19320969994015],[-154.6994482455949,59.18878116094507],[-154.70085053641466,59.18782185858515],[-154.70399063881277,59.187824961308536],[-154.7045014433412,59.18637583320751],[-154.7103863391068,59.18513331121913],[-154.71207249216647,59.179588766718794],[-154.71388899526545,59.178525621959224],[-154.72081268845255,59.17863253953375],[-154.72072917118228,59.17797228217471],[-154.72332490709465,59.17635535893768],[-154.7233514523113,59.173630349848736],[-154.72243469102114,59.17312437419627],[-154.72280496580146,59.164468693447155],[-154.72345938309607,59.162082975989385],[-154.72527484594593,59.16106403273329],[-154.72548427827297,59.15860242699972],[-154.729548287161,59.15603756597992],[-154.7310041750639,59.15414043349334],[-154.7369980957623,59.15136630986247],[-154.74035626329734,59.14854493860408],[-154.7354012963273,59.14672379075444],[-154.73428040456696,59.144748504681544],[-154.73029642928248,59.14149414826456],[-154.72983625200683,59.139316863179644],[-154.73160571572424,59.13741288812998],[-154.7312009645016,59.13498041119268],[-154.72483787664564,59.13308517702549],[-154.71905348798728,59.13239843839455],[-154.7187566909056,59.13081217255312],[-154.71941165257925,59.129935079032876],[-154.71863737487294,59.12914638747393],[-154.72303074656836,59.125734477519686],[-154.72223863191377,59.121299247881296],[-154.72283714884486,59.12048763665636],[-154.72437679207155,59.11873471775378],[-154.73077484684995,59.115329402190085],[-154.73002509045597,59.11377370173397],[-154.73063040583713,59.112262182848475],[-154.7330678208672,59.11186930113629],[-154.73434918946657,59.10616995884606],[-154.73801600376018,59.1016846208291],[-154.73542520858186,59.0993577297988],[-154.73528703780968,59.09690614060666],[-154.73943127164256,59.09429656847357],[-154.73746281851328,59.092287003914436],[-154.73932318904252,59.090553335238766],[-154.73905529525507,59.089094013609724],[-154.73802794865853,59.08734208798971],[-154.7322976951741,59.086927181349196],[-154.72857182653203,59.08864828827999],[-154.71899032115144,59.0874452355024],[-154.71152019715004,59.082506327584575],[-154.70640240334825,59.0812134046664],[-154.70250294965055,59.081363950146205],[-154.69467251857517,59.07747067745063],[-154.69252725364183,59.07247478757849],[-154.69796025729363,59.07000254640985],[-154.70183231686676,59.06701740128136],[-154.6961477220533,59.06420279318609],[-154.6951882368882,59.06195724758047],[-154.69336070247755,59.060862326913046],[-154.69266575140074,59.05908454059962],[-154.689815723991,59.056308071601435],[-154.6943404428557,59.051452434779506],[-154.69133107317916,59.04961529576954],[-154.6922130400234,59.04813875947867],[-154.68954731187569,59.04809614231455],[-154.68845739222965,59.04727825084451],[-154.6899718251362,59.04307049974607],[-154.6933373049577,59.04085726078701],[-154.70377014732628,59.03695514389637],[-154.70269105417609,59.03413765177283],[-154.70240702574787,59.02827574266391],[-154.7039487818121,59.026186599043506],[-154.7042207889852,59.02414010442584],[-154.70049046469933,59.02349756448559],[-154.69645881851767,59.02122809413793],[-154.69225801417812,59.01698065341241],[-154.6920343291808,59.015528554792546],[-154.6930696824615,59.01371469126913],[-154.69245512970429,59.013041032107836],[-154.68885274168449,59.01134182763394],[-154.68567586764854,59.011017827090136],[-154.68014739194663,59.00830767048961],[-154.68253084966912,59.00318246947242],[-154.68099666730106,59.00110763170716],[-154.67563726351878,58.99888032111626],[-154.67557042167513,58.995593847286685],[-154.67694460241302,58.994627765939185],[-154.67742794184994,58.99267496730096],[-154.67459409309848,58.99116429562766],[-154.66988586728584,58.990545692348014],[-154.66935944913948,58.98606341890103],[-154.67065192361068,58.9852148418106],[-154.66976731302452,58.984305903161015],[-154.6722381507731,58.98298745291689],[-154.6715208091878,58.982053817702564],[-154.67248731109353,58.98090305614958],[-154.6717520238638,58.978749114128426],[-154.67678632644646,58.97513692917717],[-154.6841152595397,58.9741114165135],[-154.68578037046217,58.97303512864217],[-154.69179496139523,58.97210682374606],[-154.6957466341604,58.96980611798824],[-154.70326555824133,58.96829677536656],[-154.7060641301516,58.968493036679824],[-154.7091095447289,58.967211425825546],[-154.7086025634303,58.96401544378261],[-154.7063795008001,58.96137333808663],[-154.70694088317393,58.95946512791048],[-154.7041349477733,58.95851205952181],[-154.7008471488677,58.95549227278219],[-154.70244272389894,58.95397593834046],[-154.70243203035378,58.95207591041656],[-154.70131332239788,58.94928959603892],[-154.69937635072773,58.94767270982729],[-154.6996930724424,58.94590632975145],[-154.7015026001232,58.94496077658349],[-154.70854334648678,58.9441295621057],[-154.70859190222453,58.94232766091105],[-154.70701001572158,58.94154742808947],[-154.70758062559005,58.939742675149844],[-154.70622915695748,58.93758930576649],[-154.70805299569906,58.93293345575063],[-154.70959726524947,58.93181076907773],[-154.70816376156685,58.92995564874627],[-154.70874922058698,58.92886678383951],[-154.70712287646063,58.92606157807639],[-154.7099036859828,58.921528337727196],[-154.70629358772294,58.91941632570082],[-154.704944243606,58.91767281976281],[-154.7089741228015,58.914701271366184],[-154.70979659602114,58.908101352960244],[-154.70577133596282,58.90569253115315],[-154.70353759505878,58.9007884015521],[-154.68626839730825,58.90137099078906],[-154.67865595231805,58.90592527274561],[-154.67535072429936,58.90674998472296],[-154.66542501414628,58.90666805928535],[-154.66034601229342,58.90759143476485],[-154.65706382606172,58.91019507243976],[-154.65465219537523,58.91030464786033],[-154.65031534747413,58.91273588785256],[-154.64338054482187,58.91474014531714],[-154.6388791650866,58.91507734047513],[-154.63741365802366,58.91173466432195],[-154.62821294220382,58.90922681370503],[-154.62319359746894,58.90897793848306],[-154.60758748404155,58.90086966534842],[-154.6063608785385,58.89843277505536],[-154.60503746698723,58.89758590657133],[-154.60753400643435,58.89607266155648],[-154.60820305458995,58.89435364311626],[-154.60740003977773,58.89324803806261],[-154.6076296347913,58.891475531837756],[-154.6097767448643,58.89004478363177],[-154.60811521821978,58.889564519489724],[-154.6080701856746,58.88847752234864],[-154.60484413965662,58.88667230249385],[-154.6043565475951,58.8838939681628],[-154.59619183813118,58.87904112220587],[-154.59517927331262,58.876041506657074],[-154.59262661521137,58.87460655082705],[-154.5902950944853,58.87041558490396],[-154.59302793846285,58.86771190761784],[-154.5868054872545,58.86267461204716],[-154.5845714292452,58.86119070519831],[-154.5807036743989,58.86037719137174],[-154.56377499203998,58.860254349163874],[-154.5648391174609,58.85611806299846],[-154.5675006100521,58.85425313470538],[-154.567635326802,58.84666127677325],[-154.56695284164635,58.84576620916931],[-154.56809768608545,58.84290798852415],[-154.57006547535974,58.84135341544411],[-154.5693551082943,58.83999161378542],[-154.57383367621125,58.83852786510192],[-154.57456787827616,58.83718747134562],[-154.58391984344036,58.83383035541809],[-154.5848389942492,58.83093417351998],[-154.58698361149726,58.829691239784694],[-154.58980739911755,58.829111186121175],[-154.59582940474496,58.82952813656179],[-154.60545706466652,58.8249678173978],[-154.60633721691394,58.82359965082895],[-154.60479589293936,58.81961086924485],[-154.60874586249872,58.8179249924789],[-154.60995320093554,58.816407929919585],[-154.61665731801946,58.81257273641359],[-154.63035637367565,58.812223260373884],[-154.6304897770886,58.8051384337936],[-154.62819831763096,58.80325732314018],[-154.61529631916002,58.80121311042865],[-154.61336036617942,58.799258531669174],[-154.6052239266975,58.79506022628821],[-154.60942739813513,58.79264405679774],[-154.6113364510645,58.78745331548358],[-154.6183971579937,58.783664900207775],[-154.6219477123233,58.78525355054098],[-154.62265498918416,58.78431733032519],[-154.62531905994018,58.78425173212863],[-154.62715063946453,58.78286077360068],[-154.6299051678748,58.783603102169764],[-154.6304292917239,58.782490117139375],[-154.63281585941397,58.782251170868136],[-154.63472715094505,58.78073344881167],[-154.63815868209275,58.78235594931825],[-154.6399945061568,58.7814530321986],[-154.64333040445598,58.782237970004125],[-154.64427478624617,58.7812393047132],[-154.64425566650368,58.77982962763638],[-154.64546567832676,58.779851432710295],[-154.64316779591482,58.77616023422816],[-154.64502901894525,58.775652961324475],[-154.64562583087394,58.77427572051497],[-154.64836839282626,58.77317319212354],[-154.6487091947804,58.77206523888834],[-154.6515393074386,58.77137033312017],[-154.6515398176817,58.77062191051158],[-154.65291209848277,58.770052790458834],[-154.65101603609065,58.77020986162246],[-154.64776250791317,58.76803168117391],[-154.64772579376756,58.76657373843355],[-154.64569604948474,58.76449733569368],[-154.64624356276894,58.76168656913297],[-154.64409879999383,58.762058168789814],[-154.64380131659928,58.7609089758219],[-154.63830215023015,58.758105861434125],[-154.6379272904486,58.75693442385616],[-154.6351429586322,58.75619492144321],[-154.63447288639716,58.755042939225476],[-154.63491111603378,58.75334936451841],[-154.62850058545274,58.753230254056255],[-154.62853859137576,58.750897872067696],[-154.62913629173823,58.749884408298904],[-154.6314464226791,58.74905581237752],[-154.63125940960663,58.748355550586986],[-154.62190219378954,58.748066161698276],[-154.61731454704088,58.743524784683146],[-154.61539554347303,58.74277755494394],[-154.61803226861352,58.74025566924349],[-154.6172056056514,58.73761692895366],[-154.61624014040152,58.73698642599408],[-154.6179070596326,58.73529832155997],[-154.61741225679435,58.734330936341664],[-154.62039907606228,58.733637515233994],[-154.62372696588068,58.734233997724935],[-154.62169106544323,58.732073505521164],[-154.6204802927471,58.731789051773795],[-154.6212137851429,58.72912644643781],[-154.62851847360497,58.72624759375697],[-154.62788663905832,58.72524046045813],[-154.62442166632755,58.7243953056975],[-154.6232369690292,58.72195267707784],[-154.61767431422734,58.721931539455305],[-154.6094911443843,58.719510093918146],[-154.60761941016673,58.71822107333835],[-154.60372913186134,58.72096451249539],[-154.59339404416195,58.72253972427899],[-154.58677837879418,58.72631086674853],[-154.58439753516913,58.725174310910425],[-154.58157862719742,58.72540604689995],[-154.57580864931285,58.723167815305324],[-154.57318767163932,58.72379187019685],[-154.569674417157,58.72304359575734],[-154.56201610957825,58.71990279918236],[-154.55861020107747,58.714532441690515],[-154.55854888746603,58.71076635680881],[-154.55948688223458,58.70987592511023],[-154.55776707199615,58.70891649729786],[-154.55784927592953,58.70512870800794],[-154.5558376614458,58.70374532411856],[-154.5545667932538,58.69992450411063],[-154.5536060028366,58.69943704782686],[-154.5536594750539,58.697586381142735],[-154.55173028908231,58.695690756863385],[-154.55162272031862,58.6944345567839],[-154.5490394485308,58.69369937589713],[-154.54333421851697,58.69443818122567],[-154.5364522826175,58.69218229261934],[-154.5342569752346,58.690616321200686],[-154.535090343222,58.68864048184203],[-154.53383323093192,58.68556234874064],[-154.52744778939842,58.68247359715864],[-154.51650955215604,58.682381301963886],[-154.51408909462359,58.68145223553385],[-154.5106030734674,58.681647904963796],[-154.50997151111028,58.6826759047185],[-154.50594992426315,58.6823811366714],[-154.5013504988045,58.68423047677878],[-154.49988886527706,58.683536338420026],[-154.49952867139083,58.68221090132146],[-154.49682237622318,58.6804360089637],[-154.497051595741,58.67897695210114],[-154.49189536482484,58.67477012899616],[-154.4923076592009,58.6734313737373],[-154.49142056207802,58.669910588002544],[-154.49224638691197,58.66912340448061],[-154.49135959701294,58.66765462372784],[-154.49223938544264,58.66668621722668],[-154.48759231513793,58.66612274500471],[-154.48247506661355,58.66268528894665],[-154.48201926592998,58.66129262840945],[-154.48286994894445,58.6603052689739],[-154.48283577972597,58.65714216323698],[-154.4815024885032,58.65521960093801],[-154.48231359174625,58.65161202423939],[-154.47989539257844,58.65111114756577],[-154.47993499570606,58.648796619300995],[-154.4759758705173,58.64826700854815],[-154.47247949358254,58.64659766028653],[-154.47210160468185,58.644182747066495],[-154.4703301179584,58.6419411068315],[-154.4681611949937,58.642302614562865],[-154.46672411601625,58.643603544985396],[-154.46131697486146,58.64367256864669],[-154.44938146931312,58.64693436055919],[-154.4350151603352,58.64582073679145],[-154.42446222578957,58.643039280633744],[-154.42208440319877,58.64353446415894],[-154.41576653204262,58.641634031768525],[-154.41275501000268,58.644672372022015],[-154.40629934177355,58.64461834888472],[-154.39039596414048,58.64654586452254],[-154.3901923106757,58.64396594187505],[-154.38881705285777,58.6431474153857],[-154.38700974850735,58.63873027012431],[-154.38554245379697,58.63737505364833],[-154.38596568156836,58.63695184234301],[-154.38414588165233,58.63621239030426],[-154.37880833298257,58.63597956413854],[-154.37555718174733,58.63813604872985],[-154.3719141584357,58.6388087817482],[-154.3642983645261,58.6380597483727],[-154.36274832509665,58.63682908859838],[-154.3592692083917,58.636451046114814],[-154.34329760550952,58.63731609050359],[-154.339430659147,58.63716041200669],[-154.33473442943668,58.635667221088354],[-154.32360998311398,58.635724659989855],[-154.31931059316358,58.631760429840405],[-154.31058683245394,58.62957984387014],[-154.30647863723368,58.62677933354666],[-154.29443023860696,58.62385181961691],[-154.28871829817797,58.61930642303388],[-154.27987510914622,58.61579197990067],[-154.28132049664174,58.609387715816716],[-154.28276070804458,58.60777599156831],[-154.28574313095754,58.607250299408726],[-154.29007105409633,58.60826868325015],[-154.30010358471645,58.60557822028866],[-154.31012301879804,58.59724682446828],[-154.30970763601402,58.59472298227036],[-154.3054435444644,58.59208620084083],[-154.3008526961201,58.587922913075545],[-154.3008036615803,58.58680313126643],[-154.30267452533033,58.58527158724156],[-154.30276973776728,58.582705772759795],[-154.29972294427606,58.57990300698642],[-154.29887365365025,58.57701360513581],[-154.30282377233,58.575456812903404],[-154.302965350412,58.573705349247845],[-154.3063348277365,58.57310683247221],[-154.3076212134267,58.57214673441034],[-154.30963439457227,58.56910794142266],[-154.30911243027307,58.56340782114058],[-154.310309842326,58.56132798699395],[-154.31436585441142,58.55873209039225],[-154.32009915947285,58.55943055005747],[-154.32833426271904,58.55507252702646],[-154.33176375289437,58.55546473092795],[-154.343940200975,58.553434751086094],[-154.3383825390095,58.54995239179697],[-154.34378397047232,58.54429745263745],[-154.34520554273135,58.53963887154169],[-154.35178053597633,58.53874519783292],[-154.35421084892576,58.537314357748265],[-154.35635097908897,58.528292849097426],[-154.35549814011785,58.52600817960937],[-154.3494850996769,58.521185499503744],[-154.3436027084143,58.519709896231106],[-154.3345065196626,58.51559081555828],[-154.33587972932165,58.51253779476911],[-154.3453316320613,58.50765671761449],[-154.35376291389082,58.50062452838206],[-154.35512123307575,58.49868042540022],[-154.3563935035379,58.49226307355421],[-154.34803806377283,58.48520936407829],[-154.34863467986878,58.48224664345416],[-154.3512412314972,58.47857679419544],[-154.35125421125474,58.47672054540068],[-154.3497937230793,58.47402309911604],[-154.34593913214522,58.47072099884986],[-154.34519649130655,58.46810026442215],[-154.34709768577386,58.46480112916354],[-154.34662800791577,58.460824763880865],[-154.3476182531928,58.45957905473482],[-154.350955311217,58.45904784996973],[-154.35543266551002,58.455654439907015],[-154.35558135914738,58.45386407649589],[-154.3586428005677,58.45214013238779],[-154.35855688838888,58.45076061798888],[-154.35949829675548,58.449477651585475],[-154.35914312085848,58.447452520201715],[-154.36048661604457,58.44583279222934],[-154.36269506398344,58.44478238245267],[-154.37039625623552,58.444126294922235],[-154.3746303530378,58.44065829234876],[-154.38467733126262,58.43647662562705],[-154.3880844470992,58.431804890119864],[-154.390476384918,58.43025620741471],[-154.39586389608723,58.42994125567395],[-154.40082449998565,58.427787709017615],[-154.40252434337023,58.42627825913678],[-154.41263208992908,58.42982591467985],[-154.42447817897065,58.429053608414],[-154.43238042136983,58.429586416550244],[-154.44621130299737,58.42553610344529],[-154.4539833175281,58.421630307759735],[-154.4554407711945,58.420021555752506],[-154.45102337944672,58.41776246573146],[-154.45184075652372,58.416441921050165],[-154.45043911518593,58.41317761945882],[-154.4474677020251,58.41017986596489],[-154.44390336664074,58.40813703645612],[-154.44293877096004,58.406516206254324],[-154.44520048180874,58.40258020313004],[-154.4446534886491,58.39871904723302],[-154.4424826378998,58.39740302708257],[-154.43931916582954,58.39690609430538],[-154.4508813620885,58.395872443630935],[-154.45378670595682,58.393898047258865],[-154.45646154930975,58.3907310441609],[-154.46023523437609,58.38961110519296],[-154.4632533204058,58.3872382841466],[-154.46915516738088,58.38497909784409],[-154.48355625283835,58.37728012966142],[-154.4865944395709,58.37483206072514],[-154.49556870897223,58.3711799741025],[-154.4950802042224,58.37032412817061],[-154.4957865710899,58.36976197845709],[-154.50325065931094,58.37049096764352],[-154.50588832768244,58.37173605065238],[-154.51367747128901,58.37025039516952],[-154.52299619788943,58.37046732508402],[-154.52532712123585,58.368665883275014],[-154.52830164885575,58.36441332495189],[-154.52922018252198,58.3610856958224],[-154.53269217917995,58.360305216161315],[-154.53814051527706,58.35691742174893],[-154.5407610653525,58.35700205359069],[-154.543063847176,58.358537889821264],[-154.54600766139637,58.359181843538046],[-154.55436144287142,58.3590499532781],[-154.55559543881427,58.35759466685172],[-154.5557582800191,58.35468046735131],[-154.561817506442,58.35201391239613],[-154.5639319106521,58.34998014879344],[-154.5643598518838,58.347310955874214],[-154.57160136542518,58.34500797706493],[-154.57462766834482,58.342764735984346],[-154.58096712691557,58.34140910472639],[-154.59179932881847,58.331811469563576],[-154.60491304762544,58.33035449268383],[-154.61277758324053,58.32811453545328],[-154.6168085943133,58.3296270483436],[-154.6261346134372,58.33011490403817],[-154.63271351525196,58.332079412248525],[-154.65195669256744,58.33236514665403],[-154.65482565376837,58.33321215472316],[-154.6569346860531,58.3353898689098],[-154.65995690612974,58.336017112114334],[-154.6689555944355,58.33569648754416],[-154.6735387594892,58.333114347442425],[-154.68489460374425,58.33379458667351],[-154.69831432556794,58.331179578379036],[-154.7028520682076,58.331293087059905],[-154.70779012888397,58.32937248562684],[-154.71425781208006,58.328828362655656],[-154.7257900091001,58.32403770168103],[-154.75979904177734,58.32134534588902],[-154.76840534057703,58.31642967905643],[-154.77807363668882,58.314354446563385],[-154.7883022246197,58.30459425732146],[-154.79062887378197,58.30337919016451],[-154.7995999209264,58.30062934458419],[-154.8071318562059,58.3008782819065],[-154.81080349085937,58.29991713259486],[-154.81440126333518,58.30044822967116],[-154.82034846355396,58.29809396867126],[-154.82493698436338,58.29917249059475],[-154.83645103900795,58.296823788928315],[-154.85491667952923,58.296714974900105],[-154.85725603356457,58.297963757897705],[-154.86417831190514,58.29891141893441],[-154.8733070942303,58.30225899865644],[-154.88352638280136,58.303552312470856],[-154.89574378148248,58.297482963523294],[-154.89692136771706,58.296262159869606],[-154.9004846116483,58.295174939969236],[-154.91662742533887,58.29448754906879],[-154.91973452363345,58.293893228724905],[-154.9266223722441,58.290166984005076],[-154.94163920881144,58.2890786943572],[-154.95318160170996,58.28325187121743],[-154.95562726866424,58.28055596801596],[-154.95243936960475,58.27835246656576],[-154.94927889341596,58.27203780100847],[-154.9500903613751,58.26628451070098],[-154.95371441945446,58.26296400802524],[-154.95416459129444,58.259115875130945],[-154.9580595156865,58.256114856088345],[-154.95973945150607,58.253406215426445],[-154.97274161392778,58.24675105145147],[-154.98219107953804,58.24592759671487],[-154.9869689849723,58.24636533885204],[-154.9916798329672,58.24752337219565],[-155.00074460134522,58.25264493016944],[-155.00366009707457,58.25335714424195],[-155.02044954056453,58.251507485545886],[-155.02085107492007,58.25212757691809],[-155.01924075314514,58.25734357053865],[-155.0294785901302,58.259750767774904],[-155.03702167260403,58.26029349447566],[-155.04308111462262,58.2575037271371],[-155.04890503274675,58.25765579534162],[-155.05716671804055,58.255816902437196],[-155.06313631236105,58.25208787339175],[-155.06741529258818,58.25075883533089],[-155.06958362356312,58.2486469959722],[-155.0779076312764,58.24461847090469],[-155.0839171305584,58.24048899950476],[-155.091415416744,58.23949626083961],[-155.0963181619516,58.23746455202113],[-155.09789207231313,58.23521285923562],[-155.1026693336553,58.23424298689652],[-155.10479642387386,58.23448971013548],[-155.1135376199849,58.238789863903165],[-155.12097052498743,58.24071372487819],[-155.13010565121516,58.24144492547588],[-155.133243427875,58.23967617830203],[-155.13970299748746,58.23888879411132],[-155.1514653141372,58.241029623432624],[-155.15938207510797,58.24116269711123],[-155.17184608828407,58.23790760205462],[-155.17149165888702,58.23435990527082],[-155.17674495007466,58.23104759740387],[-155.18987221996773,58.23016551853235],[-155.2033800135202,58.225583745104096],[-155.20460276704728,58.223581079032336],[-155.20213515604723,58.220054226662484],[-155.2020635549292,58.21864041447884],[-155.2065967844329,58.21390189825426],[-155.21091616279668,58.21148986057354],[-155.2175286400435,58.21004090534621],[-155.21905385093686,58.20833278983941],[-155.22590353911426,58.20531081479251],[-155.23044485345554,58.20177208515226],[-155.2356641227484,58.20027666708775],[-155.24078737740882,58.19774536528213],[-155.24789824267023,58.19802953913789],[-155.25414075325887,58.194565492565836],[-155.25415066616804,58.193210612424835],[-155.2557564002468,58.19217860216837],[-155.2645066001719,58.191583416187505],[-155.26862438760278,58.19026438768885],[-155.2707801179092,58.188241357448696],[-155.27745901838477,58.18798935335457],[-155.2851705457542,58.183923831745666],[-155.2931007024025,58.18105642650235],[-155.29554988356617,58.179091522962004],[-155.30034096638735,58.177810708691965],[-155.3100722514685,58.1779783427474],[-155.32158677593196,58.173239827683496],[-155.3236984483653,58.17111443834217],[-155.33473310268545,58.168085075387914],[-155.34555988684883,58.163223626310696],[-155.3529541103953,58.16371949900251],[-155.3561563294987,58.166740711717864],[-155.35637167543524,58.16810272624085],[-155.35770935133493,58.16840102688916],[-155.3609641587134,58.167200673242554],[-155.36785967893658,58.16223741353942],[-155.3724438267472,58.16115026675028],[-155.37288479624547,58.15998010738931],[-155.36639258275392,58.157250713072735],[-155.3645808128782,58.1548905854097],[-155.36427577375377,58.15331635937632],[-155.3654448870786,58.15070295529303],[-155.36451726695333,58.14842485137308],[-155.3650960559824,58.14455294333223],[-155.36133435444196,58.14310127006122],[-155.35694448617616,58.13870013351248],[-155.35278885541732,58.136826078364834],[-155.35057740081717,58.13417787860523],[-155.3495641910082,58.13104784182936],[-155.35234217622713,58.128786828692334],[-155.35265551488644,58.1271064433549],[-155.34427232077235,58.1199904004739],[-155.33217547510404,58.10255230385171],[-155.32852333119735,58.10027419405301],[-155.3153595295166,58.0978538809122],[-155.3154636352749,58.08914062539634],[-155.31330216383546,58.085510558092125],[-155.31031666419267,58.0836513545458],[-155.30482996554136,58.08348083250743],[-155.30130908346396,58.082451276730545],[-155.29416033175545,58.07894330543975],[-155.29686947098926,58.073386828017874],[-155.30864009975036,58.06843294236215],[-155.31362917215847,58.064756833493526],[-155.3202468039384,58.06279741281426],[-155.30874195972046,58.06178036913846],[-155.30239564610577,58.05871931498888],[-155.2962293171448,58.05466120497167],[-155.29567543660187,58.053544094457365],[-155.3142103012989,58.04934415240722],[-155.3164815037469,58.04734485734541],[-155.31623307914668,58.04490386216232],[-155.3169507692783,58.04333191418682],[-155.32718835743,58.040239754415595],[-155.32667741456103,58.03814161107943],[-155.3281683322684,58.034089393075035],[-155.32555130897873,58.03189972388176],[-155.32495808042972,58.0304704438675],[-155.33659731171588,58.02775648295543],[-155.34327522943454,58.02509923419917],[-155.34481455645425,58.02342458973442],[-155.34405236917337,58.01995047419728],[-155.33742512452153,58.01517905367517],[-155.33637791886898,58.011624993833124],[-155.34230432398724,58.010434334647314],[-155.3489021443219,58.006284530854806],[-155.35216322373768,58.001208471365196],[-155.3579889852048,57.99666844501279],[-155.35647370788183,57.9932356132764],[-155.35394236680227,57.99114030845824],[-155.34730529817455,57.9884588583924],[-155.3477989170333,57.987408866042635],[-155.35087210302757,57.98646384884967],[-155.3517532730662,57.9848790260915],[-155.35128297626886,57.97919620021875],[-155.34898953782263,57.97590426881714],[-155.3367720385302,57.96923581197468],[-155.32388657624702,57.96719982843475],[-155.31419943527723,57.963354780271494],[-155.3128329971188,57.96122987742099],[-155.30711858632273,57.95696132264077],[-155.30578965552235,57.95413946791691],[-155.30031944544808,57.95217308322715],[-155.2977791993691,57.948816435890535],[-155.30476145193296,57.948429039991915],[-155.31015169038739,57.949102594327016],[-155.3226620889715,57.94721370737726],[-155.3308593488897,57.94744221347465],[-155.3460198440373,57.94434546844254],[-155.34665357941907,57.94369193025945],[-155.3462749395268,57.942817077094354],[-155.34234728591574,57.94018921011427],[-155.34114790116243,57.93753211487028],[-155.3427304524187,57.929704446243385],[-155.3464886361565,57.92855604183315],[-155.35135494030627,57.92972800849819],[-155.36019167673933,57.92875366440219],[-155.36383284143662,57.926425640124535],[-155.36889126198804,57.925077067720274],[-155.3684541426691,57.92271037630416],[-155.3785921606564,57.919000788803054],[-155.38185704084415,57.916726080165716],[-155.38759538994591,57.914390785526564],[-155.38587807073577,57.91152631326564],[-155.38459236776515,57.902616205902035],[-155.3819797417288,57.90072126642536],[-155.380633842651,57.89836457226698],[-155.36108924821838,57.895277943056],[-155.35158493507018,57.88844861287445],[-155.3409608314961,57.88582630208881],[-155.33463234943983,57.881648308665646],[-155.33767142550445,57.880040438715874],[-155.34016732265616,57.87979819330557],[-155.3608078886849,57.88234542547226],[-155.3705168380548,57.877546342266946],[-155.37261240639003,57.87588157121318],[-155.37432162549123,57.87234696484051],[-155.37709202084432,57.871139069880485],[-155.38081057630168,57.87255758899628],[-155.3874568248133,57.87357877328919],[-155.39804775360392,57.878519355505375],[-155.4002372219375,57.88081673862063],[-155.40243272245817,57.88168775565399],[-155.41087237658618,57.88051508658076],[-155.4220009030569,57.87538083668632],[-155.42756460349773,57.87437227957438],[-155.43103727748544,57.874325961384436],[-155.44310338460133,57.876881080016176],[-155.44733511973277,57.87470945470975],[-155.46092271602177,57.87166608324474],[-155.46529831095603,57.86622491625759],[-155.46283936600355,57.86355029685547],[-155.4459148635056,57.85920245173412],[-155.44339940374195,57.85662762147538],[-155.4373520054364,57.85414306200471],[-155.4396001032153,57.849216298654405],[-155.43913517834335,57.845713985418044],[-155.438320239294,57.84491067729528],[-155.4467863874347,57.84157906361988],[-155.45381897529884,57.840684946190244],[-155.4708819018939,57.84179594353584],[-155.47514377999465,57.844217025641804],[-155.47790790600536,57.84448297629742],[-155.48767150887718,57.843073725220044],[-155.49759842187444,57.83963832058127],[-155.5066549886339,57.83929748924182],[-155.51558017588474,57.840267853126186],[-155.52675188886275,57.83965116504463],[-155.52945411286558,57.838490363678936],[-155.5295182516785,57.83636661079439],[-155.52852749166684,57.834438179803456],[-155.52944323875903,57.83319965173969],[-155.5338878287987,57.832564776445835],[-155.540713116038,57.82916379952223],[-155.5437789304571,57.82847918130974],[-155.54562425240871,57.826349995595095],[-155.54799346374915,57.825474835231134],[-155.5523582375775,57.821639165733814],[-155.55755959356532,57.819070043503245],[-155.55909305548454,57.81628106099539],[-155.56914964568293,57.81537581295578],[-155.5763008812332,57.81032662464723],[-155.58542636135138,57.80891758276644],[-155.59062735891146,57.80712657371558],[-155.60169669269314,57.8093240489245],[-155.60718492926023,57.811791409599834],[-155.61311937430028,57.811698455597664],[-155.61531150164708,57.810426181425704],[-155.61716846845965,57.805940387616076],[-155.62176465010185,57.80055654802472],[-155.6268031792579,57.80140339050396],[-155.6294267566559,57.80272936112302],[-155.63213239964665,57.807172518457385],[-155.63794983822262,57.80928594155582],[-155.64101916146126,57.812778695932536],[-155.6478153576584,57.816404806349354],[-155.64885423862327,57.818563980903576],[-155.6504895937502,57.81943810435859],[-155.65485200770433,57.81979516526332],[-155.6613195031525,57.8170555958534],[-155.668231663768,57.81646603747477],[-155.67379708448263,57.8178016029696],[-155.68032393251994,57.82093198854887],[-155.6859250549789,57.820375642849356],[-155.68683172459512,57.81906964783512],[-155.686462917662,57.81267205250558],[-155.67946177981585,57.81006254137233],[-155.6790743849429,57.808491976082195],[-155.683221673946,57.80632969098167],[-155.6906396004395,57.80656140682241],[-155.69611825288084,57.80545884224965],[-155.70608295081553,57.800844777538444],[-155.70569194561338,57.797930741738796],[-155.70061884120034,57.788627961859206],[-155.7010447531378,57.786449212035095],[-155.7124235861793,57.789213286107824],[-155.72684365214045,57.789612119110636],[-155.73220431536078,57.78667752296111],[-155.7364046633561,57.7800007489249],[-155.7398067621018,57.77806243058585],[-155.74595694204893,57.77676575919377],[-155.7475475808377,57.775466260073706],[-155.7473201175263,57.77339594763394],[-155.74236235410078,57.7665811518946],[-155.7360054116197,57.76491130620782],[-155.72967113812476,57.761781082318315],[-155.72512757619864,57.76078227164228],[-155.72352551622942,57.759294875215346],[-155.73464276704667,57.74862411107171],[-155.74578331207755,57.74612992180887],[-155.7495598573798,57.744268935330396],[-155.75527077911926,57.74367454887074],[-155.75558606712275,57.741231613511495],[-155.75773840898393,57.73746891575302],[-155.75705790910507,57.73570351896666],[-155.75417928921814,57.73363725175614],[-155.75278924243568,57.72950962760464],[-155.7600428805385,57.72925825871657],[-155.76181147917825,57.72845363650324],[-155.76191105922413,57.7273242001433],[-155.75396790305538,57.7218456810786],[-155.75028943671418,57.71808191743444],[-155.74653382215814,57.71715580551661],[-155.73636357441504,57.71890685187312],[-155.73051821350506,57.718589926467374],[-155.7275838073407,57.72042216007155],[-155.72379049318707,57.71999354843378],[-155.7235238812956,57.71900191600007],[-155.7260149535959,57.71702661476529],[-155.72581541711006,57.71485626067435],[-155.72646428640945,57.71410079398001],[-155.74474049828845,57.71271189557129],[-155.75437630053972,57.70923838224878],[-155.76597788522895,57.71074420499526],[-155.77215568387948,57.7096280793953],[-155.77343957584648,57.70788456799277],[-155.7729363153698,57.70220165276286],[-155.7772938856079,57.700862262625904],[-155.775307050253,57.69914869333788],[-155.77521133925103,57.69772724540989],[-155.77227582456558,57.69524357133854],[-155.77445590280948,57.69088275743258],[-155.77964689134063,57.688801452921766],[-155.78132594231965,57.68688627653077],[-155.78090341253923,57.68529972595718],[-155.78219539293704,57.68312462687304],[-155.78205381844828,57.67907880418622],[-155.7832905946769,57.67766758953638],[-155.7834114621001,57.67574146384418],[-155.78510374526326,57.674721856478484],[-155.79959793481171,57.67318620831509],[-155.80424209457493,57.675723649051974],[-155.81653309222727,57.67819178041092],[-155.8210190038717,57.67982616629446],[-155.82562030860592,57.67967590186481],[-155.83222962917284,57.67680839676804],[-155.83850030733555,57.67703125834151],[-155.84141305152517,57.677950472502324],[-155.84977481093827,57.67766074411761],[-155.85788168686418,57.68022774698513],[-155.86495803256418,57.679176426233816],[-155.87249125153622,57.679262553199656],[-155.87704142057123,57.677418953799055],[-155.87777607808192,57.67189991020801],[-155.88255948210403,57.67109775654178],[-155.8965013532799,57.66632394108047],[-155.90583550036044,57.66506992754972],[-155.90496850304206,57.66284344936113],[-155.90680397855982,57.6610899356949],[-155.90599460098042,57.65819894895485],[-155.89946991159474,57.656092060445495],[-155.89046156819634,57.65116895998706],[-155.89012950684986,57.6501951445708],[-155.89150862472857,57.64746990892698],[-155.88547232421,57.64630056140668],[-155.87781496435392,57.64271654617143],[-155.86563004695685,57.641141121741136],[-155.86306273733337,57.639055959752305],[-155.86408799534686,57.63666813483034],[-155.85907796254827,57.63488860897595],[-155.84994509288856,57.62911466982442],[-155.84049698283607,57.62802704338502],[-155.8288356853333,57.628630316086046],[-155.82491485532512,57.62616609988574],[-155.8225375726218,57.62105783104567],[-155.82358004864443,57.61854121110531],[-155.82885510062155,57.615755622412195],[-155.830056847944,57.6119386420455],[-155.83734376683145,57.60680415172991],[-155.85315868286682,57.608510668329295],[-155.86411698308277,57.60826395307095],[-155.86831826981765,57.60718884708383],[-155.86939383708037,57.605779020943146],[-155.87518151087772,57.602390214310674],[-155.87506452237994,57.6007660228024],[-155.87742383248937,57.59661575073208],[-155.88148834892556,57.59592383380591],[-155.89024814734947,57.59122827236525],[-155.89148206334224,57.58931805541435],[-155.8916765998052,57.587141584062145],[-155.89341222578253,57.584742538067005],[-155.8980025944265,57.582299896731044],[-155.90520233720548,57.58335116415995],[-155.90557684215253,57.581072334298604],[-155.90714717452425,57.57850968133926],[-155.91020790358053,57.57479583914524],[-155.91295435074642,57.57332666702131],[-155.92175703923357,57.57418635332209],[-155.9310603839814,57.57624886611286],[-155.93861136174826,57.57463798812475],[-155.94763399734282,57.57552560558234],[-155.95546837920878,57.58076186847268],[-155.95912169631524,57.58561563648629],[-155.95974430965552,57.5906996190269],[-155.95801920205187,57.5926514892586],[-155.95830414855834,57.593310684523445],[-155.9693264645181,57.59710208714294],[-155.97389903573966,57.599982975533216],[-155.97543414247417,57.60299494900137],[-155.97440361853643,57.60681089069155],[-155.9949486505313,57.61124496103113],[-156.00034330779857,57.613199148773454],[-156.00556743607888,57.608834246050456],[-156.00350858638086,57.60430456577098],[-156.00408108989797,57.602337452134115],[-156.01109525241736,57.59888914200682],[-156.0158453262475,57.59548867579411],[-156.0227542951488,57.59627750314636],[-156.0291843479176,57.59516057297486],[-156.03832079826205,57.597350672246066],[-156.04252696195056,57.59539007797183],[-156.0513850728975,57.594364810187955],[-156.0575290050618,57.59262058569698],[-156.06239924203592,57.59249010054676],[-156.06414449166482,57.59151533786711],[-156.0650149564802,57.589924551126664],[-156.06881047599782,57.58788687068351],[-156.06985336973707,57.58552988953566],[-156.0693447454198,57.5821367794563],[-156.06994413102177,57.581230768068416],[-156.0781404495056,57.57958398877454],[-156.0980751283672,57.570056238717086],[-156.10317608594394,57.56915689939074],[-156.10722173596255,57.56565345862325],[-156.1118033451342,57.563866494162376],[-156.11226658027508,57.56017480688223],[-156.11667439149036,57.558091906458635],[-156.11758624079255,57.55568684292291],[-156.12008906215848,57.553420551448966],[-156.12425351078014,57.55144106544124],[-156.12471529065027,57.54774928742216],[-156.12321208039654,57.544406408579654],[-156.12696521111087,57.542832089574254],[-156.13694568885188,57.54060298227767],[-156.14410162887927,57.5363143853563],[-156.14560287002593,57.53446305541801],[-156.14451502189496,57.530831080490515],[-156.15461607690327,57.52350381087349],[-156.16264351121532,57.52394494518637],[-156.17737193557585,57.52189506916752],[-156.18873720405657,57.52718798686358],[-156.1857117698078,57.53497450643724],[-156.18990601734407,57.53860119303669],[-156.1962728224287,57.53971670220073],[-156.2019472096856,57.53966594544808],[-156.206777367425,57.54100731331061],[-156.21062656307748,57.54054053852594],[-156.2169416422697,57.541307431623494],[-156.21730441342248,57.542645139709336],[-156.22099348707053,57.54656195841327],[-156.22762668934934,57.54891574495101],[-156.23125675895452,57.551319996150454],[-156.2342963874831,57.55035581015077],[-156.2366962996467,57.548055683107414],[-156.24553558819346,57.54552301318807],[-156.24882694442755,57.54310691618208],[-156.25681140872638,57.539360831625174],[-156.2619124732026,57.535666777342264],[-156.26552705854732,57.537376548297985],[-156.2797047177223,57.53978879302216],[-156.28385311883974,57.53916487144006],[-156.29038966329222,57.539973764391185],[-156.31876172354418,57.54065841917585],[-156.32612513038475,57.54223000357168],[-156.33002524164925,57.54213958642547],[-156.33549386529873,57.54361408019952],[-156.33816615204637,57.54319866005893],[-156.34075352823672,57.541025607428324],[-156.34843754649717,57.54132854212307],[-156.35018223467904,57.53487282341913],[-156.35219827426386,57.532992445118225],[-156.35259517241425,57.53149126078177],[-156.35542954668017,57.5297944564321],[-156.356637765466,57.526966735578696],[-156.3564165544289,57.52409976691884],[-156.3536815994105,57.520268135761604],[-156.35435260499509,57.516355234644735],[-156.3526072799077,57.514346985995026],[-156.35897747613248,57.51082367930102],[-156.36350769897493,57.512280901253405],[-156.36678327989432,57.512118847756064],[-156.38622786668302,57.51543069448846],[-156.39330308499729,57.50907052094556],[-156.39785703683796,57.50672534589083],[-156.3992770460284,57.504341092566406],[-156.40625342720355,57.50208144918752],[-156.41254865003478,57.49664797244007],[-156.41193425178776,57.49490061319735],[-156.4074629494448,57.492481351682656],[-156.40673153754722,57.489458243689604],[-156.407870511496,57.48797554762709],[-156.41152850433352,57.487091139081734],[-156.42947063006338,57.487139004911356],[-156.43181342823954,57.486512131635585],[-156.4332837924932,57.483097338213256],[-156.43624244598374,57.48287322102547],[-156.43911743577863,57.48052616257388],[-156.44095620631683,57.47617450445256],[-156.44033235869136,57.47295020239327],[-156.44323359456385,57.47100083895673],[-156.44059887266647,57.466903285320555],[-156.4407602981264,57.46474235927735],[-156.44472349986992,57.46293797470758],[-156.4483031254787,57.45961400329494],[-156.4547648438613,57.458589754830925],[-156.45268286254475,57.45353533373832],[-156.45380620490923,57.451869832348486],[-156.45408250153778,57.4486940588671],[-156.45806504400937,57.44317071797686],[-156.4742649447379,57.44339564286458],[-156.47905186386774,57.4441463804067],[-156.50370281475193,57.443517329724926],[-156.50980922698176,57.43970864289748],[-156.50933098548407,57.43819122423582],[-156.505307871501,57.43510231780893],[-156.5051883560423,57.43296344714283],[-156.5064262901994,57.43033229935054],[-156.51187117766412,57.427267186454976],[-156.50529899075607,57.42310125437854],[-156.502195068006,57.41986082697195],[-156.5065648759932,57.415157693270466],[-156.50507749585142,57.41115416385022],[-156.50118065714955,57.408494139374746],[-156.49840932844688,57.40777000148037],[-156.48005789523924,57.40616418665118],[-156.4691931815096,57.404173972784434],[-156.46718711232612,57.4010933608191],[-156.4668866842541,57.39719851200572],[-156.46491901984564,57.39466486781093],[-156.48633161240252,57.394617705187905],[-156.50294703156067,57.39270531551703],[-156.51128904510549,57.38873468971412],[-156.51032697099575,57.38648004713552],[-156.51416391722103,57.382617224022916],[-156.51566601266552,57.37807141569825],[-156.53283792197252,57.376292857216924],[-156.5434630972367,57.37715353577175],[-156.5494395106685,57.37865716710222],[-156.5542619806257,57.37784371633493],[-156.55877181440616,57.37439705368616],[-156.56162948198738,57.369888834632135],[-156.56094106256094,57.367612212984575],[-156.5485198846509,57.36146134462094],[-156.54670009820956,57.35932420323838],[-156.53995093061417,57.356458524414734],[-156.5488273393451,57.34847315316608],[-156.56239689746323,57.34746170099006],[-156.572965172539,57.34864375244307],[-156.57788829153728,57.34657462498575],[-156.5814911170366,57.346034473550155],[-156.5833210068299,57.344452257640896],[-156.5843826034933,57.33865274453145],[-156.5917364522593,57.34049065977145],[-156.5990053976545,57.341151229571715],[-156.60230409222618,57.339836578995815],[-156.6143710473517,57.3381703242027],[-156.6245285992049,57.33446826149368],[-156.62403836699477,57.332835104483166],[-156.62617561266762,57.3304321420423],[-156.61155439684634,57.32159493524265],[-156.60842733798614,57.31847354537998],[-156.612762290442,57.31365016932187],[-156.6134587596717,57.310945859988415],[-156.6173143234812,57.30970190517819],[-156.61970134571877,57.307775144919255],[-156.62386209507815,57.306076219302554],[-156.62796969741032,57.305756273009486],[-156.63321833173154,57.303768175390374],[-156.64267175442063,57.30529250308399],[-156.64631311135741,57.307422513785426],[-156.65218737915492,57.30889010733523],[-156.66686897433968,57.30689646184569],[-156.6814577699623,57.31149439137209],[-156.69297684169774,57.30845398693972],[-156.69414973333664,57.30683446585449],[-156.68855904480975,57.304648723279854],[-156.67890357933518,57.30374657467974],[-156.67417785613745,57.30032938719752],[-156.66928977053695,57.298027939371806],[-156.66864676633807,57.296846454978414],[-156.6683300787594,57.289298946200326],[-156.667159034955,57.28723231953437],[-156.66244192480426,57.27974674288975],[-156.65698900101097,57.276842731394225],[-156.65769609641214,57.273091755761186],[-156.65077369140914,57.26862528323289],[-156.64914940891634,57.26582108764814],[-156.64935992012005,57.26450490020727],[-156.65397790207751,57.26075269048716],[-156.65768378320453,57.25633922861238],[-156.6579713285371,57.25440701018941],[-156.6567466867513,57.25200933764776],[-156.65751345993172,57.246995093022036],[-156.65883576475858,57.244077485068935],[-156.6619154752168,57.242035043089096],[-156.67560160591273,57.239446808737874],[-156.68534037126526,57.23881950413431],[-156.689913797683,57.23948337011896],[-156.6953395294726,57.24165598282515],[-156.7024795360818,57.241250277545376],[-156.70776651948253,57.24198083839361],[-156.7119785338985,57.24517570201319],[-156.7136038817932,57.244691549546],[-156.72496955271913,57.235905656995726],[-156.72909801662718,57.233954412612],[-156.73388272590137,57.22891655709975],[-156.74273938606913,57.22284122326262],[-156.74507900420915,57.21925214996794],[-156.74505714999492,57.21495193265237],[-156.74340701668322,57.20665299649089],[-156.74365172764809,57.20382464662657],[-156.73519683090635,57.204813501859604],[-156.72893662620157,57.20442759637709],[-156.7216133695626,57.20167819379552],[-156.71705563761117,57.19867630908582],[-156.70922770654727,57.19682044703267],[-156.70747382770173,57.19055859476132],[-156.7033148713797,57.18813798525272],[-156.70225102353817,57.18527694278588],[-156.70261488434735,57.18113424831212],[-156.6984493676288,57.17803765215156],[-156.70051022416314,57.173990478509516],[-156.70012496278892,57.17295281413577],[-156.70227951181076,57.17056405880281],[-156.70170081979967,57.16981294619836],[-156.70553208058755,57.16685583120087],[-156.72109266290477,57.161862300387824],[-156.72364034164437,57.15901602313266],[-156.73072856936065,57.156533687749885],[-156.73356663570237,57.1546936667138],[-156.73560571258264,57.15204108308255],[-156.73780280042646,57.15106213938352],[-156.74167486898273,57.15031143457865],[-156.74641919539167,57.151334550311226],[-156.74962180885547,57.15106355002882],[-156.75438370002314,57.145908432959615],[-156.76002596172887,57.14304156687716],[-156.760898178259,57.14081327947675],[-156.7686500606459,57.134676775829206],[-156.77543711468843,57.13316161115136],[-156.78275231972754,57.1297574957756],[-156.79410203926898,57.12775566083152],[-156.80000446565737,57.12436601444538],[-156.80893655196962,57.123646871649775],[-156.81803267963588,57.12541440059799],[-156.82613095868456,57.1296953852516],[-156.83359346856562,57.13017085162031],[-156.83840898017263,57.13170361743822],[-156.84036494492278,57.13332025185729],[-156.8490566115223,57.136608435302826],[-156.85208591212003,57.142297182517105],[-156.8628842304687,57.1398776006047],[-156.8710048622966,57.1391157914345],[-156.876396909958,57.13669758429856],[-156.88065378534097,57.13314323512245],[-156.88609660218896,57.133018582186054],[-156.89157028065853,57.13076048052698],[-156.8980157188732,57.13268432869735],[-156.90225934141077,57.132035896549965],[-156.90775083437077,57.12974673164258],[-156.91040635406364,57.12654475947912],[-156.91696110377367,57.12527622218169],[-156.9214610156618,57.1225117156031],[-156.92458770172118,57.122104991154345],[-156.94096580035426,57.125433509435815],[-156.94908082938974,57.124873178863574],[-156.95852192539647,57.12775156080068],[-156.96255307480976,57.12752135180121],[-156.96541495279473,57.125392653305774],[-156.96839876360482,57.12548653422702],[-156.9733176659111,57.12746007323873],[-156.97859028345377,57.13110234080371],[-156.98201847556356,57.131367805635],[-156.98285841382898,57.13076605892389],[-156.98309547474088,57.128817029885646],[-156.98849335875664,57.125097993790746],[-157.0008733902334,57.114398195078564],[-157.0038253800212,57.10771923563822],[-157.00868407633885,57.102361027173096],[-157.01460096470498,57.09841379111065],[-157.02003937082495,57.09693529048503],[-157.02239534908296,57.095439908002525],[-157.02270183449494,57.09450506945574],[-157.02009323470767,57.09197304504963],[-157.0186860938837,57.08846089863653],[-157.01526134232145,57.086389350672256],[-157.02646811025681,57.084861052146124],[-157.03278987471143,57.081714119926865],[-157.0403045892869,57.08188918862913],[-157.04273039089696,57.08013465009009],[-157.0488137263055,57.07308985710818],[-157.06262867541315,57.066216853408186],[-157.07143927895626,57.07074683491677],[-157.08135221326935,57.069517616062136],[-157.08767661787255,57.07038812970206],[-157.09210351469437,57.06949563622048],[-157.0942877512397,57.06746367892567],[-157.09764510400282,57.06696346194963],[-157.10665815098005,57.07058887448986],[-157.12345826555722,57.07036063271295],[-157.12780435442767,57.074186625235455],[-157.1295296273213,57.077464864560056],[-157.1317077723907,57.07925305658038],[-157.13689884716013,57.07868825197963],[-157.13795172387705,57.07600338651206],[-157.1412224296394,57.074507493263845],[-157.15825423050813,57.07305589707529],[-157.1628063291244,57.07185856631735],[-157.1686049488935,57.06777148367456],[-157.1752641681795,57.06789790971923],[-157.18116074473875,57.066848172142635],[-157.18237270141444,57.067214893063074],[-157.18294447190627,57.07367886644275],[-157.19563474734622,57.07821566089102],[-157.1986204176689,57.08043020187415],[-157.20178709492808,57.08019791289592],[-157.20870045120125,57.07696019239876],[-157.2180089648552,57.07653309845651],[-157.2283481084481,57.07154279196123],[-157.24205375504357,57.068744520330206],[-157.25107021382223,57.06461166304967],[-157.25599658382347,57.06014456813748],[-157.25598108159664,57.05760311525388],[-157.25906688622575,57.05210491302675],[-157.2582413488527,57.04975115294275],[-157.25138441666084,57.0450325928941],[-157.2482625976737,57.039616419005355],[-157.2412816503619,57.03586422021377],[-157.23968674637217,57.03276649899129],[-157.23548411036782,57.031299491519],[-157.22537819188054,57.024057160127235],[-157.23121212891502,57.02325512998728],[-157.24456296073623,57.01622259122005],[-157.24619797180839,57.01433499541126],[-157.2578536269929,57.01196460656106],[-157.28078138548167,57.01078619136098],[-157.28812161309298,57.01278200585613],[-157.2943349724524,57.012481714460066],[-157.29863352607126,57.00897630368802],[-157.30855997463948,57.00714605847735],[-157.3142263561105,57.00356973719992],[-157.32647018502394,57.00003014215613],[-157.32999895430953,56.997840431222016],[-157.33376300314782,56.997538352669324],[-157.33870757661,56.994794622785186],[-157.34436624245112,56.99778014282436],[-157.35317278021924,56.99941624018602],[-157.35955357746272,56.998642712110374],[-157.36548251762673,56.99892809900584],[-157.3683593022555,56.997968144425634],[-157.3722043548779,56.99487711376247],[-157.38244550035816,56.994255572940666],[-157.3921748387901,56.99626211584046],[-157.39952283682865,56.99959706777795],[-157.40186456870455,56.99913306657314],[-157.41012199778052,57.00081366605918],[-157.4243216791547,56.998904240154765],[-157.43280716532848,57.00386704985833],[-157.43998468199072,57.00439624888818],[-157.44342552597297,57.00903507473471],[-157.44481611533783,57.01270139746349],[-157.44670873538576,57.01457555401049],[-157.45298626679576,57.01782134467009],[-157.45557644303483,57.01834632351808],[-157.4612286131581,57.0182528141915],[-157.46446175676522,57.01623363041395],[-157.47910400304556,57.0125938487426],[-157.4882804984887,57.00940753198087],[-157.495664011422,57.0114065776461],[-157.49840351820404,57.010945956269516],[-157.5008824686379,57.0090636350468],[-157.50915225134568,57.00601796749512],[-157.51748275387845,57.00454863234487],[-157.51968274867053,57.002956414159506],[-157.524210977253,57.00202817321631],[-157.527718822979,57.00036480576745],[-157.5313545896998,57.000010455420785],[-157.53963803578304,56.99746071255033],[-157.54745762509123,56.99673524600693],[-157.54799924452882,56.995090911932344],[-157.55049471138753,56.992791505502055],[-157.55045676924485,56.991164001443906],[-157.54877144622853,56.9880222547949],[-157.54266866948066,56.98597264019377],[-157.54204087735278,56.98456167207615],[-157.5422880865324,56.98116432409605],[-157.53959928605497,56.97899883103089],[-157.5391720949165,56.97744907906292],[-157.5421585800112,56.97455388727564],[-157.54258144845647,56.97294622056365],[-157.5417366449155,56.96869973808924],[-157.54372613479208,56.96686376045223],[-157.54391041159622,56.965628616199126],[-157.54846365736105,56.96562921511376],[-157.55047607224367,56.963410204609985],[-157.54909557994262,56.960558678242585],[-157.55013442587313,56.95838459483233],[-157.5541356784555,56.95682220574956],[-157.55977562699934,56.952054198160326],[-157.57479954049444,56.95401917616131],[-157.5805315169476,56.95558481577539],[-157.5903012750757,56.95336972466296],[-157.5948104117635,56.947419968415076],[-157.59567070854817,56.9416441199092],[-157.5973025198213,56.941163860322405],[-157.59875456922302,56.93881229962491],[-157.60338410351503,56.93569906106315],[-157.60414363357933,56.9341309286255],[-157.60407830000702,56.93011076523791],[-157.59882202910757,56.925462845695506],[-157.5986409458143,56.922725846813414],[-157.60415423010642,56.9189396350838],[-157.6207459544023,56.910602663777205],[-157.6236552005522,56.908272323724105],[-157.63139253112982,56.90784241858621],[-157.6430236757818,56.90850895228357],[-157.64733694560164,56.90650165704357],[-157.65368609609598,56.90622823296032],[-157.66196036858358,56.90267202879516],[-157.66682664937716,56.902824779140644],[-157.66932192399636,56.90005690209611],[-157.67356218054653,56.901857167904886],[-157.67527134754548,56.904564797894665],[-157.68143712763583,56.9093844670237],[-157.68731623016615,56.91117906706442],[-157.68960785491382,56.90971343879289],[-157.6891204137693,56.902148634302776],[-157.699338758211,56.89984397356571],[-157.7026624681684,56.9017154386969],[-157.70825020483127,56.90265354291721],[-157.71010199734786,56.902464156446825],[-157.7113667677757,56.900123431312345],[-157.7154375823004,56.900847016207166],[-157.71885393820799,56.90262104679659],[-157.72431954890797,56.90207168364306],[-157.726923116333,56.904834461168605],[-157.72755950354153,56.90863812940817],[-157.72948443239696,56.90866230899342],[-157.73587024134142,56.90697056443666],[-157.74675795912887,56.89573154528562],[-157.75163305598866,56.89361989911295],[-157.75366962028107,56.89413892270602],[-157.7557057084664,56.89700176985692],[-157.76072406954603,56.89978912492315],[-157.7648083318505,56.90004523288214],[-157.77531518012717,56.90454060290266],[-157.78291114642178,56.902775523544264],[-157.7872781831063,56.904268852324684],[-157.7975681852599,56.9034662913946],[-157.80295660193093,56.903929812241564],[-157.80564999998606,56.896764005215836],[-157.81350495417033,56.89458983744007],[-157.81678572555546,56.890414157375396],[-157.83005932831335,56.88499331497764],[-157.82993648369825,56.88383348608836],[-157.82836640105816,56.88225371355495],[-157.82878188894503,56.88012935627484],[-157.8249364114195,56.87519651171563],[-157.8348494993445,56.87322200074867],[-157.83708201404815,56.87213751020882],[-157.85120212894267,56.87160818928945],[-157.85644374562492,56.87330411937809],[-157.8670190778656,56.87355029499879],[-157.8727702809607,56.876293354470896],[-157.88373408874764,56.877307122738834],[-157.8849144696411,56.879779834642484],[-157.88662142678444,56.880340453003896],[-157.89830394159594,56.87923521087734],[-157.91990343673254,56.88241502209351],[-157.92363019111352,56.88415698058001],[-157.92529587516108,56.886015208313076],[-157.9264913190052,56.89028267029672],[-157.9289389074559,56.89455957801479],[-157.93256290804308,56.89758477714088],[-157.94356510353708,56.89691296815798],[-157.95109102908734,56.89821512514952],[-157.96250084502296,56.90181785885378],[-157.96704267948877,56.90594281185398],[-157.9761055290653,56.910368973934624],[-157.99536036561483,56.910014930271394],[-158.024200619708,56.91545633792663],[-158.03095421330283,56.916064329864525],[-158.05559073814186,56.91469772736678],[-158.0612751784451,56.91176481223883],[-158.065522882029,56.91099123679755],[-158.07437352707757,56.919906964523705],[-158.07508457776092,56.92205225289566],[-158.07515847497285,56.926864132672414],[-158.07101468939933,56.92992903393393],[-158.07357623183873,56.93178878245037],[-158.0788159000751,56.93355886302649],[-158.0833698294579,56.937363593264486],[-158.09089244741125,56.94093553949993],[-158.09774546115185,56.94128726461395],[-158.11109607647901,56.946108533839116],[-158.13440543750383,56.94979296797261],[-158.13843115121134,56.95105309204909],[-158.147668609923,56.94952531475986],[-158.1727439015912,56.94807090618658],[-158.18381283023268,56.94627805972285],[-158.1898102462759,56.94239711749879],[-158.193731426627,56.93722373322717],[-158.20347601036764,56.93537473071852],[-158.22004811545773,56.92765127269047],[-158.21925637809557,56.92636497281879],[-158.21928250559563,56.92367635974492],[-158.21673436063037,56.9201996393683],[-158.2229119481768,56.91270181219206],[-158.23134701011705,56.906255920125766],[-158.23265634057626,56.90231897858451],[-158.23486953521314,56.89906565101014],[-158.23181516443245,56.8946152252522]]],[[[-159.9802518093812,58.541145404128095],[-160.00474159262197,58.54351503122883],[-160.03008191694343,58.54954577910248],[-160.0408594276152,58.553631453956285],[-160.0498336215581,58.558047905116894],[-160.05822582667275,58.56345119814836],[-160.06432833751933,58.56864004914435],[-160.0697623922,58.574993623547456],[-160.07316741226705,58.581007611925166],[-160.08166956578262,58.58935816715507],[-160.08595926560605,58.5950216087091],[-160.08920227630819,58.60177142005043],[-160.09236169428155,58.61353194070279],[-160.09303741512312,58.621351011414724],[-160.09166161202785,58.62827274965651],[-160.08792362601088,58.63585312033676],[-160.08272461552426,58.64226228215481],[-160.07489487076177,58.64894082606406],[-160.06515410126784,58.6548979793843],[-160.05374183203315,58.65998666399206],[-160.04093932647152,58.66408116550611],[-160.02706253733967,58.66708035068863],[-160.0124542958861,58.66891005150662],[-159.99747571407514,58.66952503725698],[-159.98249713136588,58.66891005617771],[-159.96948234671606,58.667342518698455],[-159.9570146953631,58.66484540087227],[-159.93922463913947,58.65921315403829],[-159.92288924551664,58.6554789548255],[-159.90898539014535,58.650782480219334],[-159.89667660764698,58.64503640970823],[-159.88741612241972,58.63942431171825],[-159.88016074248355,58.63358366241744],[-159.87256423360654,58.62538190300163],[-159.8682568836844,58.618927565466194],[-159.86396306239044,58.61036237325665],[-159.86245606843275,58.604323235469145],[-159.86236833896209,58.59747980910011],[-159.86370534651522,58.59142978540946],[-159.8669473663756,58.584679933550454],[-159.87195524770914,58.578231198939356],[-159.87846053168806,58.57234091105473],[-159.8988979769529,58.55945482263617],[-159.91650639292777,58.551637732165425],[-159.92754922101872,58.547750940470216],[-159.93951731744556,58.54470422326392],[-159.9521782476201,58.54255673207224],[-159.96694410567682,58.541266654860756],[-159.9802518093812,58.541145404128095]]],[[[-160.32201086099823,58.777727843401095],[-160.29523792681792,58.779210606467544],[-160.27367780394184,58.77773454969509],[-160.2593874816572,58.77524769797753],[-160.24602484597318,58.77162910130438],[-160.21728658030918,58.759444063979565],[-160.19900943328395,58.76121638628097],[-160.17894232118994,58.761034129846706],[-160.15938864838304,58.75868523748955],[-160.14264922218985,58.754715084277144],[-160.12278533057264,58.74677955776381],[-160.11401346597785,58.74152285203533],[-160.10673684986838,58.73568225404287],[-160.1017082623676,58.730182123950776],[-160.0975906968206,58.72356108652598],[-160.0954732185756,58.71757146776982],[-160.09427626376515,58.71006489665102],[-160.09460045227644,58.70358634729995],[-160.09634632713284,58.69756445489529],[-160.0998233848991,58.69106752275871],[-160.1043139740712,58.6854440944153],[-160.11195841345855,58.678705083233645],[-160.12153000413335,58.67267107835397],[-160.13315804420768,58.66730561685893],[-160.14564101632786,58.66315897238365],[-160.14658966870888,58.65646312710873],[-160.1501392142304,58.64718587136255],[-160.16452405814758,58.625785243174555],[-160.17356975169884,58.6174691696282],[-160.1907924131244,58.60633309204213],[-160.2101603260086,58.59699928970249],[-160.2111105019324,58.58982496748706],[-160.21389938820732,58.58302019592448],[-160.2196725003139,58.57446695333392],[-160.22683817358742,58.567593084060896],[-160.2439165718666,58.555936984492824],[-160.26011208522326,58.548461834868526],[-160.28102220602432,58.54266794471141],[-160.30358644955524,58.539730745001066],[-160.31977757643838,58.53939232870176],[-160.33465123143088,58.54027716722476],[-160.34959683788438,58.54245215542509],[-160.36322390075713,58.54569384047215],[-160.37571619559327,58.550008768453424],[-160.38696798888725,58.55537893369751],[-160.39630472940408,58.561499029677485],[-160.40369747342524,58.568306592766525],[-160.40848789059476,58.57479994028762],[-160.41150303733693,58.58157833202334],[-160.41268332660218,58.58850984554007],[-160.4119792989477,58.595856155341004],[-160.40945367654325,58.60268900400708],[-160.40512939607297,58.609271761209925],[-160.39302958596423,58.622605971111966],[-160.38390109469321,58.62970522594197],[-160.3881414204137,58.63259303368105],[-160.4122346917796,58.628924056316016],[-160.43811927838226,58.628582064874266],[-160.4623993849542,58.63161762460415],[-160.4843526114969,58.637823021809275],[-160.49454517428995,58.642271094807946],[-160.50283747147367,58.6469519979942],[-160.5202269922683,58.66075165250352],[-160.52482627938645,58.665842137850774],[-160.53170379018485,58.67551199531431],[-160.53425074757726,58.68145586926394],[-160.53538829500133,58.68751708643818],[-160.53494080912404,58.69447193589309],[-160.53263767695756,58.70132666565362],[-160.5286339180756,58.7079970373259],[-160.52230336630092,58.715181985479184],[-160.521948532662,58.72385029738056],[-160.5169503342689,58.740121335006506],[-160.5050878922959,58.76079413587031],[-160.4990857475211,58.768409953679374],[-160.4924012523379,58.7744406814725],[-160.48115107960473,58.78239481240754],[-160.4691164072355,58.78844064060867],[-160.45106058892665,58.79455145757951],[-160.4323081720307,58.79829326955974],[-160.41093828358575,58.8001079191373],[-160.3888805811789,58.79950897251527],[-160.37096821483775,58.79727384017839],[-160.35421023933225,58.793303740115725],[-160.33633900145804,58.78640842792994],[-160.32201086099823,58.777727843401095]]]]}}]}