{
"type": "FeatureCollection",
"name": "R8_FAC_Klamath_Basin_WFL1",
"crs": { "type": "name", "properties": { "name": "urn:ogc:def:crs:OGC:1.3:CRS84" } },
"features": [
{ "type": "Feature", "id": 1, "properties": { "FID": 1, "AREA": 40633000000, "PERIMETER": 1576370, "KBBND_": 2, "KBBND_ID": 1, "HA": 4063300, "ACRES": 10040600, "MILES2": 0, "Hectares": 4063300.0024600001, "Shape__Area": 73241793656.675797, "Shape__Length": 2116515.8158627902, "GlobalID": "bee23bb1-0714-47b4-81f3-a46adbeddf08" }, "geometry": { "type": "Polygon", "coordinates": [ [ [ -121.701112792803997, 43.307699945847403 ], [ -121.699583350872999, 43.308375915790698 ], [ -121.695257160517997, 43.308587771688401 ], [ -121.690855262653002, 43.308591492236502 ], [ -121.68717722689, 43.309085099422703 ], [ -121.685511749233996, 43.309520698084697 ], [ -121.683863392519001, 43.309947464900503 ], [ -121.681403008654996, 43.310540436621302 ], [ -121.677942934902006, 43.310995738734803 ], [ -121.676064583916997, 43.312392225538602 ], [ -121.674402104134003, 43.315128359164902 ], [ -121.673239831575003, 43.3165826216689 ], [ -121.670272177837006, 43.317835802409299 ], [ -121.666764222333995, 43.319118625901901 ], [ -121.665829303614998, 43.3195759582688 ], [ -121.664240660690993, 43.320354314466201 ], [ -121.662137859905997, 43.321729938287703 ], [ -121.659570597276996, 43.323226143098601 ], [ -121.656818289219004, 43.325278397176803 ], [ -121.656280714329995, 43.327005453288599 ], [ -121.656030980330996, 43.3278084235778 ], [ -121.656575495224004, 43.330768305458797 ], [ -121.656432301709998, 43.333067277791301 ], [ -121.654829836868004, 43.335218526860203 ], [ -121.653005303444004, 43.336633269258897 ], [ -121.650316315048997, 43.338190858839702 ], [ -121.647531779486002, 43.338801781370101 ], [ -121.646030780860002, 43.338725489372898 ], [ -121.643750536119001, 43.338603920102997 ], [ -121.641517738678004, 43.339743499749098 ], [ -121.640112162226004, 43.341090975045397 ], [ -121.639471200429, 43.341412015026897 ], [ -121.637849914040004, 43.342230132087899 ], [ -121.635096356828996, 43.343165281737001 ], [ -121.635097435188996, 43.342084754806201 ], [ -121.635431017499997, 43.341408896297899 ], [ -121.635951219307998, 43.340352571689799 ], [ -121.636785881750001, 43.3378187526868 ], [ -121.637701305674995, 43.335083287092502 ], [ -121.639007433513996, 43.332316445471598 ], [ -121.640326672219004, 43.3294056710454 ], [ -121.641469458312002, 43.326970023400897 ], [ -121.641989088675004, 43.325859634474099 ], [ -121.643575797034003, 43.322416225435603 ], [ -121.645022565250997, 43.319434867666899 ], [ -121.646050420270001, 43.318582606468397 ], [ -121.646615036200998, 43.3181120495559 ], [ -121.647014104562004, 43.315897152764997 ], [ -121.648317617524, 43.314044124992797 ], [ -121.648309196507995, 43.312720357276 ], [ -121.648171475617005, 43.312466602031897 ], [ -121.647291598172004, 43.310857890231702 ], [ -121.645985060133995, 43.309343170400297 ], [ -121.645467527742994, 43.308738238866198 ], [ -121.643738846253996, 43.307394080815897 ], [ -121.64209669473, 43.306631717716698 ], [ -121.639259244149997, 43.305738055196201 ], [ -121.637027342264005, 43.305612425972797 ], [ -121.634663489608002, 43.305908391913498 ], [ -121.632391443163002, 43.306714164078997 ], [ -121.630958915251995, 43.308326847018598 ], [ -121.630100094059998, 43.309131473920097 ], [ -121.629657273199996, 43.310490357248597 ], [ -121.629793171616996, 43.311919205960301 ], [ -121.629581321090001, 43.312429926340698 ], [ -121.629030634325005, 43.313751495577897 ], [ -121.626799749105999, 43.315142943432001 ], [ -121.626272402425997, 43.3152536687302 ], [ -121.624951063064003, 43.314927131561198 ], [ -121.623472557886004, 43.314598687381498 ], [ -121.620279147543002, 43.314650248182403 ], [ -121.617539692483007, 43.317318523615903 ], [ -121.615305104802005, 43.319839769335303 ], [ -121.612859174864994, 43.320733089788497 ], [ -121.609600264616006, 43.321445389721802 ], [ -121.607596076834, 43.323510052866801 ], [ -121.607191019707003, 43.324909825109302 ], [ -121.606352638516995, 43.326380853711598 ], [ -121.606428304462, 43.326678924884 ], [ -121.606954338213995, 43.328756372596601 ], [ -121.607002599406002, 43.3300175921839 ], [ -121.606153239422994, 43.330448463376499 ], [ -121.605033243698998, 43.331015596943097 ], [ -121.602005893124002, 43.332090682973202 ], [ -121.600416699736996, 43.332440428020803 ], [ -121.599131972292994, 43.331483725607903 ], [ -121.597222965187001, 43.3303212529704 ], [ -121.595510655816994, 43.329390779386898 ], [ -121.594040103777999, 43.327706873853302 ], [ -121.593190543182999, 43.326674413168 ], [ -121.592936259832996, 43.326369633383699 ], [ -121.589904704149006, 43.325328287578898 ], [ -121.588326859519, 43.3233953605015 ], [ -121.586690855537, 43.322479202969497 ], [ -121.586195253604998, 43.322378529197202 ], [ -121.583955453024998, 43.321941109769398 ], [ -121.582223958859004, 43.320893140213997 ], [ -121.580879385114997, 43.319516779426301 ], [ -121.579849890079998, 43.317752619249703 ], [ -121.578813049391997, 43.315578652158202 ], [ -121.577460502147005, 43.313792445113499 ], [ -121.575968046379003, 43.313116538950801 ], [ -121.573300813429995, 43.312750125686897 ], [ -121.572942417250999, 43.312092825330801 ], [ -121.572403839575003, 43.3111001069026 ], [ -121.572183286146, 43.309625112258097 ], [ -121.572070557624002, 43.308218997298901 ], [ -121.571792536247003, 43.307026926551899 ], [ -121.570202703085002, 43.306142624132399 ], [ -121.567336391577996, 43.3050802330633 ], [ -121.566358366469998, 43.304595237728499 ], [ -121.565322552224004, 43.304077993128203 ], [ -121.563454171212996, 43.302366186197801 ], [ -121.561808262029004, 43.300373503360802 ], [ -121.560548126209994, 43.298624273364503 ], [ -121.559926066413993, 43.297688973152603 ], [ -121.559783170616001, 43.297475566714198 ], [ -121.559749705998996, 43.295759778467399 ], [ -121.559407335301003, 43.293846500868398 ], [ -121.558673780893002, 43.292121889985303 ], [ -121.557237350082005, 43.290280353844103 ], [ -121.555997652805999, 43.288495310906903 ], [ -121.555241751867001, 43.286549782742902 ], [ -121.554748254784997, 43.285008268738899 ], [ -121.555109894872999, 43.283333486636202 ], [ -121.555165252021993, 43.283077555818302 ], [ -121.555615561994003, 43.280453909358101 ], [ -121.555920465658005, 43.278179602417097 ], [ -121.556446123162004, 43.276340300323 ], [ -121.557847693688004, 43.273643101863001 ], [ -121.559617323194004, 43.271531316961898 ], [ -121.561205252069996, 43.269804415316599 ], [ -121.562482602412004, 43.268802959544402 ], [ -121.563642869741997, 43.2678990693502 ], [ -121.566484364141999, 43.266530004938701 ], [ -121.568550510693001, 43.265939069727899 ], [ -121.568824570450005, 43.265055546689801 ], [ -121.569200027519003, 43.263853628116799 ], [ -121.570896733145005, 43.263019405464199 ], [ -121.573227709484996, 43.262490224022997 ], [ -121.575132451442002, 43.261613510301601 ], [ -121.575762634699998, 43.2605768254993 ], [ -121.575399320410995, 43.258721853239898 ], [ -121.574848977222004, 43.257062650322098 ], [ -121.574148247574001, 43.255613177985197 ], [ -121.573543551916998, 43.254272954293903 ], [ -121.573174143084003, 43.252485431819899 ], [ -121.573131017259001, 43.250936099032899 ], [ -121.573503000168003, 43.250040277069999 ], [ -121.574783754204006, 43.248899150289802 ], [ -121.574860439689999, 43.247261263862299 ], [ -121.573926864967007, 43.2461285506484 ], [ -121.572435989568007, 43.245159962742903 ], [ -121.571236537613004, 43.243285528452702 ], [ -121.571362713930995, 43.242003944321503 ], [ -121.571946735674999, 43.241322383440298 ], [ -121.572742198550998, 43.240485877146298 ], [ -121.573349520476995, 43.239827111238597 ], [ -121.573711311907999, 43.239430917190802 ], [ -121.573782080935004, 43.238905028293303 ], [ -121.572814096087995, 43.237636805935999 ], [ -121.571820008459994, 43.236696918706699 ], [ -121.570405828486003, 43.235553670369498 ], [ -121.568658093012004, 43.234523290901102 ], [ -121.567682562602002, 43.234110371433502 ], [ -121.566816916183996, 43.2327533327189 ], [ -121.566414800865999, 43.232045930613801 ], [ -121.565680072301006, 43.230753556367397 ], [ -121.565063378852003, 43.2296472534819 ], [ -121.564153220590995, 43.228748872648602 ], [ -121.563318092798994, 43.228490757388499 ], [ -121.561951980643002, 43.228460082003302 ], [ -121.560649734909006, 43.228560761512902 ], [ -121.559156277759996, 43.228577975633598 ], [ -121.558535700383004, 43.228426081623702 ], [ -121.557436462227997, 43.228533785214097 ], [ -121.555282522111, 43.228101388354702 ], [ -121.553220773407006, 43.227742154374901 ], [ -121.551493312551003, 43.227274559253402 ], [ -121.550076161476994, 43.227288118853302 ], [ -121.548000347612998, 43.227815570575999 ], [ -121.546521758376002, 43.228017403737802 ], [ -121.545307786608006, 43.227641783819998 ], [ -121.543781839063996, 43.227149621166902 ], [ -121.541325550497007, 43.226654581296501 ], [ -121.538952180370003, 43.2265882688218 ], [ -121.536446642162005, 43.226610262377598 ], [ -121.534809668673006, 43.226805414902003 ], [ -121.531946290793002, 43.226890259925 ], [ -121.530519569426005, 43.2268539286978 ], [ -121.529084560482005, 43.226394254665003 ], [ -121.527172050285003, 43.225982442491201 ], [ -121.526517980172997, 43.225915487635397 ], [ -121.525296562856994, 43.225791689577399 ], [ -121.523472011183003, 43.225340428716201 ], [ -121.521559192509997, 43.224275681710701 ], [ -121.520479482265003, 43.223194668761899 ], [ -121.519572199156997, 43.221922277481497 ], [ -121.518804236080996, 43.220332017946802 ], [ -121.517930882748999, 43.218519773215 ], [ -121.517370797365004, 43.217499490276197 ], [ -121.517042995360001, 43.216261602282202 ], [ -121.517463185104006, 43.214956871497897 ], [ -121.517595460728998, 43.214229208357999 ], [ -121.516498000393, 43.213953843758503 ], [ -121.514556773289002, 43.213793578595897 ], [ -121.513135014466002, 43.213027717643001 ], [ -121.512540213001998, 43.211889898386197 ], [ -121.512603815291001, 43.210697607305598 ], [ -121.512733200230002, 43.209236031302297 ], [ -121.512777390443006, 43.207449178872501 ], [ -121.512191196968999, 43.206117868309803 ], [ -121.511017581168005, 43.204931988282802 ], [ -121.509844810613998, 43.204218852556103 ], [ -121.508212491463993, 43.203202557597599 ], [ -121.507059876607002, 43.201760277178998 ], [ -121.506743470955001, 43.201486006414598 ], [ -121.505822724620003, 43.200695077133197 ], [ -121.504528483913006, 43.199921769304197 ], [ -121.501613123300004, 43.199100207028501 ], [ -121.499999910607002, 43.198759395858801 ], [ -121.494621481880998, 43.197504618810697 ], [ -121.492420135388002, 43.195935824071398 ], [ -121.491325545115004, 43.195155993307999 ], [ -121.487944620660002, 43.192427951989401 ], [ -121.486964922227997, 43.191329931573698 ], [ -121.485478529817996, 43.189666903702403 ], [ -121.481266584005994, 43.187287844507303 ], [ -121.477039736444993, 43.184593267028397 ], [ -121.473516588384996, 43.182097024899697 ], [ -121.473076366532993, 43.181339256630402 ], [ -121.471812599876003, 43.1791612507918 ], [ -121.468972932794003, 43.1755213944556 ], [ -121.467186253476001, 43.175722583149302 ], [ -121.466810775202006, 43.175762574352703 ], [ -121.464889324864998, 43.173976382645101 ], [ -121.464485250170995, 43.171107460949699 ], [ -121.464134166958999, 43.168518394300101 ], [ -121.463574961692998, 43.166872025731401 ], [ -121.463436668506006, 43.166469458079298 ], [ -121.461040277329005, 43.164874922534501 ], [ -121.459832949914997, 43.163417916988799 ], [ -121.459552386007999, 43.161244000348098 ], [ -121.459862853451995, 43.160208135097903 ], [ -121.459932408295998, 43.159673290277098 ], [ -121.458661210488003, 43.159232945825501 ], [ -121.458007590426007, 43.157742858467202 ], [ -121.458613309506006, 43.155909554563799 ], [ -121.460175577981005, 43.154215193743902 ], [ -121.462139310072004, 43.1523551189823 ], [ -121.463789004678006, 43.150630366180302 ], [ -121.465167574020001, 43.1482491072437 ], [ -121.465671340781, 43.146238801868698 ], [ -121.465589957592996, 43.145098609259698 ], [ -121.464651117049996, 43.142996909222198 ], [ -121.463667815861996, 43.1403408111467 ], [ -121.463488966781995, 43.138613997545797 ], [ -121.463322488299994, 43.137774318479003 ], [ -121.463196377648003, 43.137133286178504 ], [ -121.461624505586997, 43.136657417383901 ], [ -121.460232124057995, 43.136746740842398 ], [ -121.458862539964002, 43.135377582861203 ], [ -121.458391483767997, 43.133664832587698 ], [ -121.458182524308, 43.131919593784303 ], [ -121.458369600349002, 43.130467844711603 ], [ -121.458846153313999, 43.128839899814103 ], [ -121.459754318351997, 43.127708524963701 ], [ -121.461172970071999, 43.126624532326701 ], [ -121.461715655470002, 43.125848415510198 ], [ -121.460734913481005, 43.124943749878199 ], [ -121.459523066486994, 43.123207523925799 ], [ -121.458954990373002, 43.121475456577201 ], [ -121.460704091953005, 43.119585488602802 ], [ -121.461725846780993, 43.117654198061103 ], [ -121.461817128481002, 43.115543801562097 ], [ -121.462118822673006, 43.113742396194297 ], [ -121.464071457182996, 43.112485445656603 ], [ -121.466090874925001, 43.111134806419599 ], [ -121.466744528602007, 43.1091670146537 ], [ -121.466550992433994, 43.108673658668401 ], [ -121.465899426421998, 43.107021545664502 ], [ -121.464058213957003, 43.105551568218601 ], [ -121.461327924279004, 43.104808000807502 ], [ -121.459446384901995, 43.104616089645198 ], [ -121.455497494271, 43.104995074742703 ], [ -121.452983618217999, 43.104141669740301 ], [ -121.449302722907007, 43.103853206506599 ], [ -121.447160634206, 43.104035763111099 ], [ -121.446140814073999, 43.104120968526999 ], [ -121.444069056851006, 43.1028906677412 ], [ -121.441757489823004, 43.101792135255202 ], [ -121.441266307240994, 43.100295147717098 ], [ -121.440789861701006, 43.098672291220502 ], [ -121.439137869795999, 43.097254017413398 ], [ -121.436750007814993, 43.095483483465998 ], [ -121.435278615241003, 43.094247717559497 ], [ -121.435050061376998, 43.094055490099898 ], [ -121.433453524295004, 43.092700925916397 ], [ -121.431402787682998, 43.090822335255503 ], [ -121.429898485972998, 43.088298358459603 ], [ -121.429664115473003, 43.0874036638454 ], [ -121.428438863455, 43.085923554517301 ], [ -121.427858743629002, 43.084528840163401 ], [ -121.427396312851002, 43.082226252281899 ], [ -121.426170647674994, 43.080408430683597 ], [ -121.425686770252, 43.079726410353501 ], [ -121.425126084659993, 43.078926267726501 ], [ -121.424869973409997, 43.078224866880198 ], [ -121.424022186952001, 43.077843992982601 ], [ -121.422564399736004, 43.076103977565197 ], [ -121.420441449175001, 43.074530355933199 ], [ -121.418124757014994, 43.073777959261001 ], [ -121.415442243342994, 43.073758846659103 ], [ -121.412401664849995, 43.073901292415698 ], [ -121.409174527114004, 43.0746668996766 ], [ -121.407629918371995, 43.0751721942285 ], [ -121.406411933989006, 43.075573959915403 ], [ -121.404442680607005, 43.075933720451701 ], [ -121.402649138689, 43.074404884800799 ], [ -121.400698060666997, 43.072531634771401 ], [ -121.398971114404006, 43.070693004854 ], [ -121.397252168562005, 43.068786924259598 ], [ -121.394911766223004, 43.0669621487678 ], [ -121.393104710474006, 43.065793166512201 ], [ -121.392260176584998, 43.065272527629503 ], [ -121.392031987471, 43.0651342479769 ], [ -121.389448382203, 43.065075394588099 ], [ -121.388908934233996, 43.065274910778797 ], [ -121.387874235045004, 43.065656548584101 ], [ -121.386245809320997, 43.067047351177102 ], [ -121.386534027625004, 43.065277461765596 ], [ -121.386587029956004, 43.064954034756497 ], [ -121.387572305353004, 43.063148945862302 ], [ -121.387869167288997, 43.062833457190003 ], [ -121.388985765274995, 43.061638033324598 ], [ -121.389619433649997, 43.060242197272203 ], [ -121.389466081014007, 43.059650220596303 ], [ -121.389287468565001, 43.058967839477297 ], [ -121.388184724957, 43.057439493005603 ], [ -121.387853235354996, 43.057056618362203 ], [ -121.386998887958001, 43.056067549222099 ], [ -121.386060656045998, 43.054649559361799 ], [ -121.384776211288994, 43.052681880016799 ], [ -121.383261161182006, 43.051228707145697 ], [ -121.382723568255997, 43.050748353632798 ], [ -121.381484322169001, 43.049636737873499 ], [ -121.379122968874, 43.047923900485699 ], [ -121.376985970484995, 43.046524865065699 ], [ -121.375164967822002, 43.045774126059797 ], [ -121.374721029989999, 43.0454706597572 ], [ -121.373777608908, 43.044759376430001 ], [ -121.372750329401995, 43.044231492518797 ], [ -121.372025769575998, 43.043833975426701 ], [ -121.371485446370002, 43.0433175104735 ], [ -121.370692595345005, 43.042167105784799 ], [ -121.369926648116007, 43.040900015354097 ], [ -121.369191504271001, 43.0401511391781 ], [ -121.368583521228004, 43.039381559287698 ], [ -121.368240574493996, 43.038975951553297 ], [ -121.367341040135997, 43.0384678504455 ], [ -121.366113733174004, 43.037995583892403 ], [ -121.365226273220998, 43.037640721535098 ], [ -121.364926026833999, 43.037361782254898 ], [ -121.364774237700999, 43.036837329830902 ], [ -121.364752467092998, 43.036328242846999 ], [ -121.364743225161007, 43.036098486253202 ], [ -121.364604490616003, 43.035024922176802 ], [ -121.364122609901003, 43.034450725579802 ], [ -121.363489697491005, 43.034103991325097 ], [ -121.362853360562994, 43.033626633720303 ], [ -121.362339032723, 43.032975423711001 ], [ -121.362224484826001, 43.032176851575102 ], [ -121.361947274119004, 43.0314659994146 ], [ -121.361589360343004, 43.0307900104374 ], [ -121.361087649279995, 43.030098453242097 ], [ -121.360811539984994, 43.029635248417797 ], [ -121.360920995434, 43.028376131638801 ], [ -121.361002801994005, 43.028098151861997 ], [ -121.360570585738003, 43.027448109668001 ], [ -121.359830608468997, 43.026775644605699 ], [ -121.359474273027004, 43.026387827880903 ], [ -121.359387201475002, 43.025999368884001 ], [ -121.359464152642005, 43.025356622178499 ], [ -121.359653267832996, 43.0244768536678 ], [ -121.359706370840001, 43.024009360254297 ], [ -121.359532638790995, 43.023245955475801 ], [ -121.359058590223, 43.022469238764302 ], [ -121.358486695349001, 43.021853204509803 ], [ -121.358006103627005, 43.021121413950198 ], [ -121.357661818517997, 43.020657222573 ], [ -121.357330012676996, 43.019869032758301 ], [ -121.357174907311006, 43.019213950251299 ], [ -121.357078100061003, 43.0185011726985 ], [ -121.356858843563003, 43.018209867189903 ], [ -121.356378788699004, 43.017689692489199 ], [ -121.355778901419995, 43.017176798689697 ], [ -121.355611216488001, 43.016850212204297 ], [ -121.355403190971998, 43.016167351735099 ], [ -121.355193178784006, 43.015214314959699 ], [ -121.355208448187, 43.0144986440514 ], [ -121.355259182401994, 43.013977088473297 ], [ -121.355007975128004, 43.0135907683851 ], [ -121.354576901523998, 43.013219871095799 ], [ -121.354202787006997, 43.012755239888499 ], [ -121.353907985036003, 43.012422319745603 ], [ -121.353739465304997, 43.012041688815799 ], [ -121.353918561971, 43.0115670050224 ], [ -121.353983417896998, 43.011005130816699 ], [ -121.353858670310004, 43.010363987083501 ], [ -121.353766903275002, 43.009808864389299 ], [ -121.353825475757006, 43.0093099341372 ], [ -121.354355912111998, 43.008313515842801 ], [ -121.354762143792001, 43.007689013275296 ], [ -121.354933347579006, 43.007394312456299 ], [ -121.355230782144005, 43.006880805371402 ], [ -121.355584418598994, 43.006215021486497 ], [ -121.355894844638001, 43.005386526894398 ], [ -121.356149251949006, 43.004674290582201 ], [ -121.356419687819994, 43.004223426731002 ], [ -121.356814452788001, 43.003940938889002 ], [ -121.357154499922004, 43.003783733036698 ], [ -121.357388815178993, 43.0036520231357 ], [ -121.356768390618996, 43.0029362279097 ], [ -121.356103507656996, 43.002507948284297 ], [ -121.355355521898005, 43.002033445687502 ], [ -121.354813139821999, 43.001440328028302 ], [ -121.354062617763006, 43.0006596128189 ], [ -121.353722079985999, 43.000290014035699 ], [ -121.353457320301004, 43.0000115540197 ], [ -121.351423622460999, 42.998244318960097 ], [ -121.350077137274994, 42.9960997465204 ], [ -121.348017310873004, 42.993341530167598 ], [ -121.344972139766995, 42.990969748149197 ], [ -121.342836725097001, 42.988300393202799 ], [ -121.341528376574004, 42.986124752764397 ], [ -121.339659463022997, 42.985156632571801 ], [ -121.336750756485003, 42.984772201680997 ], [ -121.334332229519006, 42.983552870565397 ], [ -121.336796386635996, 42.982084887082301 ], [ -121.338907044760006, 42.981471692041602 ], [ -121.343747397664004, 42.981051085120399 ], [ -121.346035763353001, 42.980552892196002 ], [ -121.346362844606006, 42.979359959882601 ], [ -121.345334788540995, 42.977566618647899 ], [ -121.344192438188998, 42.975893180995399 ], [ -121.343083230166997, 42.974900086447803 ], [ -121.343631520695993, 42.973062006086401 ], [ -121.345545768823996, 42.971356242110801 ], [ -121.348367294959004, 42.9702803849353 ], [ -121.349909270138994, 42.969505690397298 ], [ -121.350118226448004, 42.9682254941916 ], [ -121.348754761612994, 42.9671702549619 ], [ -121.347620687344005, 42.965906694981101 ], [ -121.347770180129999, 42.963585568216303 ], [ -121.349870371183997, 42.9614726859689 ], [ -121.351309253140002, 42.9594132731822 ], [ -121.351311472217006, 42.956518199902398 ], [ -121.350239420633997, 42.953454557994199 ], [ -121.349050254190999, 42.950362200196899 ], [ -121.347860470168001, 42.947211287282698 ], [ -121.347079596743001, 42.944070770148002 ], [ -121.347322559228999, 42.940544313475598 ], [ -121.347391753205997, 42.934120229564599 ], [ -121.344286614208997, 42.934494080350099 ], [ -121.339521722659995, 42.935663233367599 ], [ -121.334841780963998, 42.937112578902401 ], [ -121.330141945891995, 42.938637984428397 ], [ -121.326075801670001, 42.941730333553203 ], [ -121.320952012706996, 42.942429701333097 ], [ -121.317435042740001, 42.943755810836699 ], [ -121.316243085441002, 42.9455257718501 ], [ -121.314002898499993, 42.9454207487967 ], [ -121.310472488805999, 42.944985967860902 ], [ -121.308284338608999, 42.944548416180297 ], [ -121.306178356930999, 42.944328158873702 ], [ -121.303667387855995, 42.945326539726501 ], [ -121.302367176523006, 42.945500866032397 ], [ -121.299738203345996, 42.944381235929001 ], [ -121.298232905877995, 42.942963086168902 ], [ -121.295854379665002, 42.941685000884398 ], [ -121.296324885139001, 42.938706848874098 ], [ -121.296932970685006, 42.935820791013803 ], [ -121.296303716214993, 42.9323354910455 ], [ -121.297817075799998, 42.930030214916698 ], [ -121.295095171363997, 42.929057677483698 ], [ -121.291746637326995, 42.927900125430803 ], [ -121.287206786978999, 42.926459003455697 ], [ -121.283100367128, 42.924254275753299 ], [ -121.280091091011002, 42.922453110454803 ], [ -121.278575518370999, 42.9214938009546 ], [ -121.274199931243004, 42.9204778697734 ], [ -121.270895320061996, 42.918464892844803 ], [ -121.267408372752001, 42.916025823770298 ], [ -121.265739862971003, 42.915181093884399 ], [ -121.261317545235002, 42.911548001554102 ], [ -121.259676535802996, 42.910059741168297 ], [ -121.256267083897001, 42.909737692347697 ], [ -121.254150046673999, 42.9099305419129 ], [ -121.252551064132007, 42.909644992109797 ], [ -121.250957603499003, 42.909733213076699 ], [ -121.250013606422996, 42.909543183928903 ], [ -121.247993612274001, 42.908580257195403 ], [ -121.246090527437005, 42.906817638806402 ], [ -121.244470292835999, 42.905315971131301 ], [ -121.241318484965007, 42.904533669942403 ], [ -121.237993086914003, 42.906112430184699 ], [ -121.233072239459005, 42.904735334782103 ], [ -121.230698767728001, 42.9027895990302 ], [ -121.229547661254003, 42.901844278883203 ], [ -121.224895218655007, 42.898521393960699 ], [ -121.217904948531, 42.895274502552802 ], [ -121.211686349508994, 42.895623249601798 ], [ -121.208847797432995, 42.8947864163259 ], [ -121.205966306782003, 42.894403593857199 ], [ -121.200068387971996, 42.896017440126997 ], [ -121.192042674706002, 42.895674813302897 ], [ -121.184897305904002, 42.892540523127103 ], [ -121.182379494233999, 42.892032301312803 ], [ -121.182106240522998, 42.8920324636765 ], [ -121.176995761197006, 42.893743172709499 ], [ -121.174026391994005, 42.892092940106899 ], [ -121.173169222319004, 42.8899900943345 ], [ -121.172221155795995, 42.890785409424701 ], [ -121.170671115466007, 42.892084382333799 ], [ -121.170244918595998, 42.892442272527397 ], [ -121.165509612587996, 42.892510546071897 ], [ -121.161517385536996, 42.891964714117101 ], [ -121.161091201323003, 42.891908339291597 ], [ -121.160813418348994, 42.891957905619002 ], [ -121.156953886055007, 42.892638729606503 ], [ -121.152496719229006, 42.892004049260102 ], [ -121.152088935858004, 42.8918443802458 ], [ -121.147937170494998, 42.889908725563203 ], [ -121.139321604103998, 42.888067026090397 ], [ -121.132825666483001, 42.886025149423297 ], [ -121.132541389959997, 42.885934963391001 ], [ -121.126655668964005, 42.883974732458398 ], [ -121.124999739751004, 42.8851813021409 ], [ -121.122300719134003, 42.887140666763997 ], [ -121.117561142594994, 42.889701273457803 ], [ -121.113535899146001, 42.891413481102298 ], [ -121.112963637451998, 42.891656186623102 ], [ -121.109221541392003, 42.889779913809498 ], [ -121.105862276075996, 42.886455546785697 ], [ -121.102888089488005, 42.885784937189399 ], [ -121.099727787410004, 42.8822295570317 ], [ -121.094956387573006, 42.878097975710702 ], [ -121.094317548012, 42.8769752203495 ], [ -121.093398343646996, 42.875366022407398 ], [ -121.093197930260999, 42.8750159902226 ], [ -121.092121423189994, 42.873125005067102 ], [ -121.090853457416003, 42.871415418721803 ], [ -121.084061726415001, 42.8726616788177 ], [ -121.084980625105004, 42.875013860494398 ], [ -121.085656946027996, 42.876749635794503 ], [ -121.085317430485006, 42.877014106569 ], [ -121.081769762280004, 42.879759759217201 ], [ -121.074582951541998, 42.881444576607898 ], [ -121.073789966722998, 42.881548297560798 ], [ -121.071032717142998, 42.881916086740297 ], [ -121.067082706804996, 42.881439712589803 ], [ -121.063957720789006, 42.882210846899802 ], [ -121.057355460376996, 42.880144880711001 ], [ -121.053721441538997, 42.880285748688998 ], [ -121.051703301700002, 42.880363971681 ], [ -121.046489723804996, 42.8814277347632 ], [ -121.040907900313996, 42.882345378837798 ], [ -121.034886175037002, 42.882530295655101 ], [ -121.034351191197004, 42.882435560632203 ], [ -121.028255432237998, 42.881340148867203 ], [ -121.023909964848002, 42.879599274843997 ], [ -121.023633961184998, 42.877122639821003 ], [ -121.023398342888996, 42.875011402918801 ], [ -121.023236590197996, 42.873558805321501 ], [ -121.020314868065995, 42.870050383505699 ], [ -121.017199722479006, 42.8681009025184 ], [ -121.015118466391002, 42.867294897565003 ], [ -121.012584580009005, 42.8663144029425 ], [ -121.010265758920994, 42.862190343427997 ], [ -121.007308047614998, 42.859221261370799 ], [ -121.003384241974999, 42.856662990038103 ], [ -121.000121860562004, 42.855804583083803 ], [ -120.996574883281994, 42.854855554052698 ], [ -120.995175221828006, 42.854542883844402 ], [ -120.993417356620995, 42.854142871699601 ], [ -120.989069460991999, 42.853012972414703 ], [ -120.984667615915001, 42.851994520661897 ], [ -120.982890923331993, 42.850508911907397 ], [ -120.981119864525994, 42.850261563628301 ], [ -120.979630196513995, 42.849172684904097 ], [ -120.978340295728003, 42.848690651349798 ], [ -120.97707619869, 42.848168536817802 ], [ -120.976242397465001, 42.8478206106196 ], [ -120.974928863724003, 42.846518664775701 ], [ -120.973787695241995, 42.846192296714001 ], [ -120.972879153777001, 42.845698942600997 ], [ -120.972335017695997, 42.845405645691997 ], [ -120.971065483659004, 42.845707326990002 ], [ -120.970484278754, 42.845845604647401 ], [ -120.968774391343004, 42.846607711260098 ], [ -120.966911594026001, 42.8458047070229 ], [ -120.965762820617002, 42.844663170557901 ], [ -120.964297073875002, 42.843277352121902 ], [ -120.963023348128999, 42.842822448779799 ], [ -120.960735732041996, 42.842687158096801 ], [ -120.959231251155998, 42.842552281109199 ], [ -120.957310900538005, 42.842180334901002 ], [ -120.956936926997003, 42.8421106245369 ], [ -120.954839446275997, 42.842217242721802 ], [ -120.953051280267999, 42.842567987702303 ], [ -120.950283480882007, 42.842685043948002 ], [ -120.948083741291995, 42.842830229174801 ], [ -120.946542954738007, 42.8440227723978 ], [ -120.945499412771994, 42.844679419253701 ], [ -120.943329910819003, 42.845662520486499 ], [ -120.941123744389003, 42.8461586507891 ], [ -120.938691909371997, 42.845804204446303 ], [ -120.938130439345002, 42.845622995495198 ], [ -120.937403839742004, 42.845393782921001 ], [ -120.937004916757004, 42.845269527780196 ], [ -120.935372809195997, 42.844465666497499 ], [ -120.933843965755997, 42.843960811160201 ], [ -120.931553979916004, 42.843622281513099 ], [ -120.929596542555998, 42.843357259957799 ], [ -120.928531455306995, 42.843211917166997 ], [ -120.926931599084995, 42.842957824108296 ], [ -120.924940307295998, 42.842768652155598 ], [ -120.923449289383996, 42.8427821310746 ], [ -120.921397378177005, 42.843055554710901 ], [ -120.919204681278998, 42.843375909328302 ], [ -120.917585814822004, 42.843688654393901 ], [ -120.917239296195007, 42.843758891210598 ], [ -120.915858746751994, 42.843238484473098 ], [ -120.914663732186995, 42.842523332081299 ], [ -120.913698078569993, 42.841947423414702 ], [ -120.912666468913997, 42.8410596314679 ], [ -120.911061027683999, 42.840021780439997 ], [ -120.909981835539995, 42.839889515118401 ], [ -120.907870297203004, 42.839189068198898 ], [ -120.906026510236003, 42.8388041537711 ], [ -120.904463280567995, 42.839667035778099 ], [ -120.903469666666993, 42.840283690078103 ], [ -120.901439241416, 42.841232523255499 ], [ -120.899078252975997, 42.841936620195 ], [ -120.897931666123995, 42.842145193342802 ], [ -120.897215064972997, 42.842280611295998 ], [ -120.894748513674003, 42.842307305188001 ], [ -120.893255838605, 42.842099737831298 ], [ -120.890686430562994, 42.841980370959497 ], [ -120.888409802222, 42.841416099676898 ], [ -120.886765392992004, 42.841151618125402 ], [ -120.884720635937995, 42.840114290783703 ], [ -120.882917016530996, 42.838959820597502 ], [ -120.881018011576998, 42.838159252729902 ], [ -120.878843079218996, 42.837713738933502 ], [ -120.878400164761004, 42.837561449378299 ], [ -120.878101526679004, 42.837461360558002 ], [ -120.876896237956004, 42.836682589081001 ], [ -120.874980081263999, 42.8369667032009 ], [ -120.873880310798, 42.836635605775399 ], [ -120.868633571410001, 42.837082815863297 ], [ -120.864849245136995, 42.837764192079703 ], [ -120.861087937712, 42.837842539720597 ], [ -120.858638145746994, 42.837765211109399 ], [ -120.858072928891005, 42.837745629108902 ], [ -120.854430066912997, 42.837605352631897 ], [ -120.850124168186994, 42.8372679049046 ], [ -120.845495699284996, 42.837279919202899 ], [ -120.840451836444004, 42.836725600623403 ], [ -120.838967840530003, 42.8371118167247 ], [ -120.837017689205993, 42.837619776136002 ], [ -120.835465566318007, 42.8384008772775 ], [ -120.834520509222997, 42.838878271899603 ], [ -120.833915554843003, 42.8388578185508 ], [ -120.834753467905998, 42.8366314392376 ], [ -120.835825908394, 42.835395531799797 ], [ -120.836121514669998, 42.8350544301979 ], [ -120.836809642532003, 42.834509131010201 ], [ -120.837926920412002, 42.833629746977699 ], [ -120.838979950156997, 42.832091775791 ], [ -120.839202302071996, 42.831767292649999 ], [ -120.839325375125995, 42.8311978005162 ], [ -120.839408238852002, 42.8308166535463 ], [ -120.839688897442002, 42.829520732859898 ], [ -120.839751679542005, 42.827104081633998 ], [ -120.839438732431006, 42.824806406795197 ], [ -120.839248092437998, 42.824550668239098 ], [ -120.838971372390006, 42.824176239251699 ], [ -120.838436866248003, 42.823454751786301 ], [ -120.838682226112994, 42.823171226109601 ], [ -120.838969802061001, 42.8228389696094 ], [ -120.839106702677995, 42.822683967269498 ], [ -120.839431750743003, 42.822307392142598 ], [ -120.839205537021002, 42.819934810010601 ], [ -120.838965331785005, 42.819588085164398 ], [ -120.837752298544004, 42.817827211402403 ], [ -120.837079697432998, 42.817143630537998 ], [ -120.836193097874997, 42.816239880230498 ], [ -120.835788580542996, 42.8158270070643 ], [ -120.834242495476005, 42.813406935167997 ], [ -120.834065286365998, 42.811782682463402 ], [ -120.835212982060995, 42.809494613930497 ], [ -120.835214312107993, 42.809215484062697 ], [ -120.835219338724002, 42.808085451415899 ], [ -120.835220804428005, 42.807824334059497 ], [ -120.833639538276998, 42.806308589332602 ], [ -120.831896641542002, 42.8061179991507 ], [ -120.832209739868006, 42.804791189075402 ], [ -120.832298558486002, 42.8044146610426 ], [ -120.831674249912993, 42.803295219412298 ], [ -120.831478761989004, 42.802940320444897 ], [ -120.831298793840006, 42.801725736857897 ], [ -120.831142666736, 42.800813272425202 ], [ -120.831041306412999, 42.799208459579702 ], [ -120.830597307453999, 42.798398598655098 ], [ -120.830021289165003, 42.797343097655798 ], [ -120.829035689400001, 42.7957845496909 ], [ -120.828074433447, 42.794951358895503 ], [ -120.828485025415006, 42.794333300809903 ], [ -120.828976013520005, 42.793054897196797 ], [ -120.829616017025003, 42.792409668472501 ], [ -120.829859802696006, 42.792387275906798 ], [ -120.830239226680007, 42.792353946655403 ], [ -120.830334257686999, 42.7920180597851 ], [ -120.830424997685, 42.7916955990123 ], [ -120.830695281542006, 42.791133405531603 ], [ -120.831631580020996, 42.790448755342702 ], [ -120.832027681989004, 42.788799333825303 ], [ -120.832617459396005, 42.787576814431397 ], [ -120.832982987468995, 42.7873496046779 ], [ -120.834257419411003, 42.786563273216302 ], [ -120.835515612093005, 42.786132319065203 ], [ -120.836820079188001, 42.784482043318697 ], [ -120.837583066261004, 42.782889061345898 ], [ -120.837934200443996, 42.781252274817199 ], [ -120.837985258583998, 42.781014605667202 ], [ -120.838997373325, 42.779966621169002 ], [ -120.838857850495003, 42.778838356482098 ], [ -120.838789754936002, 42.778292265552203 ], [ -120.839050846991, 42.777243604686099 ], [ -120.839317136282006, 42.7761770310386 ], [ -120.839828812394998, 42.775632878177703 ], [ -120.840250005181005, 42.775186071250801 ], [ -120.840065805262, 42.7737823101034 ], [ -120.839660277213, 42.772856141697297 ], [ -120.839515354743, 42.772520219432998 ], [ -120.839036678102005, 42.7718087893033 ], [ -120.838673444625996, 42.771270633040402 ], [ -120.837915226633001, 42.7700316262436 ], [ -120.837312374948993, 42.768367809627499 ], [ -120.836682307467001, 42.766784520698003 ], [ -120.835755743006004, 42.765425251494698 ], [ -120.834249719004006, 42.7638839162626 ], [ -120.832468267270997, 42.7627740915052 ], [ -120.830769127140002, 42.762327671090297 ], [ -120.830273416533004, 42.762196707539502 ], [ -120.829251044326, 42.761290325013597 ], [ -120.827739114728999, 42.760406161651197 ], [ -120.825918183786996, 42.759448571854797 ], [ -120.82233519223, 42.758975235747101 ], [ -120.820571491197001, 42.758545445991601 ], [ -120.819830704398001, 42.758391760669902 ], [ -120.819353025674999, 42.758292611035998 ], [ -120.818566004120996, 42.758129031669498 ], [ -120.816003487303007, 42.758003625209497 ], [ -120.813559068131994, 42.757929945044602 ], [ -120.811696143225006, 42.757218966402299 ], [ -120.810607042778003, 42.7569595063826 ], [ -120.810601038689001, 42.755937317044697 ], [ -120.811104270444005, 42.753943314456102 ], [ -120.811160144135002, 42.752985343350502 ], [ -120.811291854990003, 42.752280964052296 ], [ -120.812290762185995, 42.751259973988603 ], [ -120.812991218440004, 42.7500171514979 ], [ -120.813742150501, 42.748662725018498 ], [ -120.813709743971003, 42.747347365176601 ], [ -120.814023666468998, 42.746497878181998 ], [ -120.814062110923004, 42.745643129966702 ], [ -120.814028941583999, 42.744197181369302 ], [ -120.813954666353993, 42.743290752359897 ], [ -120.814408425196007, 42.742133258699901 ], [ -120.815220696538006, 42.741180717878699 ], [ -120.816368611987997, 42.740279599620898 ], [ -120.816648187938995, 42.738731554742301 ], [ -120.816555232477, 42.737333992852797 ], [ -120.816069301808994, 42.736104533378899 ], [ -120.815328255785005, 42.734748634454498 ], [ -120.814380063412997, 42.733487831806897 ], [ -120.813587028030994, 42.7320273700524 ], [ -120.812733779016995, 42.730673813291503 ], [ -120.811709508242004, 42.729213422271499 ], [ -120.810388391695994, 42.727859908197601 ], [ -120.808888881917994, 42.7266965740884 ], [ -120.806883972898007, 42.725645107936202 ], [ -120.805210592994001, 42.724978177683802 ], [ -120.803412540137998, 42.724687045100097 ], [ -120.803407151032999, 42.723953025875197 ], [ -120.803584564437003, 42.722754248661801 ], [ -120.803550066140005, 42.721114657573601 ], [ -120.803114303501005, 42.719620453162101 ], [ -120.802303866711995, 42.717821885990404 ], [ -120.801278232813004, 42.7162398050394 ], [ -120.800177498780002, 42.714408630962097 ], [ -120.799234119516001, 42.712769578540602 ], [ -120.797762782630997, 42.711192404011001 ], [ -120.797589270130004, 42.709797775301197 ], [ -120.797436394277995, 42.708272968848497 ], [ -120.797127701340003, 42.705781615483403 ], [ -120.796638822364997, 42.704070238701398 ], [ -120.796430000829005, 42.7020355631795 ], [ -120.795991064768003, 42.700100015828198 ], [ -120.795440177436006, 42.699107849568499 ], [ -120.793782775273996, 42.698508598402597 ], [ -120.793039801350005, 42.697706329024399 ], [ -120.792527733908997, 42.696998558674402 ], [ -120.791772602132994, 42.696583267350697 ], [ -120.790842419929007, 42.696650870539898 ], [ -120.789982564124003, 42.696220038861597 ], [ -120.789024034009998, 42.6955171411064 ], [ -120.787558724725997, 42.6946693657964 ], [ -120.786415603677, 42.694138478917097 ], [ -120.785700963306994, 42.693165612083298 ], [ -120.784705405701999, 42.692412433714502 ], [ -120.783817017993997, 42.692143096105198 ], [ -120.782308622266996, 42.691524050522403 ], [ -120.780696421605001, 42.691078573032001 ], [ -120.779073141428995, 42.6910515967378 ], [ -120.777689855009001, 42.691204856378498 ], [ -120.776217919396004, 42.691640039054299 ], [ -120.775430399493004, 42.691944421587898 ], [ -120.774572392506997, 42.691765653952103 ], [ -120.774231169234994, 42.690831491871997 ], [ -120.773992204942004, 42.689683193775402 ], [ -120.773439974091005, 42.688335192495799 ], [ -120.772768948972995, 42.687173985270597 ], [ -120.771852481045002, 42.686007997423097 ], [ -120.770660143686001, 42.6847285689445 ], [ -120.768914628817996, 42.683177200082497 ], [ -120.767095673420997, 42.681804475037701 ], [ -120.765100157787998, 42.6806353928691 ], [ -120.763663140221993, 42.679549227784896 ], [ -120.762745188097995, 42.679261139123099 ], [ -120.761972177280001, 42.679525190243801 ], [ -120.761015858082004, 42.6801143390405 ], [ -120.760259368339007, 42.6804912658353 ], [ -120.759246205729994, 42.680390394418197 ], [ -120.758384451444996, 42.679621595706998 ], [ -120.757580064733006, 42.6784036570591 ], [ -120.756675800498996, 42.677863643909497 ], [ -120.755346926306999, 42.677423361230701 ], [ -120.753747094893001, 42.676311366784397 ], [ -120.752107902058995, 42.674959940846797 ], [ -120.750969411720007, 42.673874974923002 ], [ -120.750115298137999, 42.673322387392602 ], [ -120.747376440956003, 42.672246448131197 ], [ -120.745340795497, 42.671994757051898 ], [ -120.744878882235, 42.671945136441103 ], [ -120.744511221489006, 42.671609206206099 ], [ -120.743385887884997, 42.670587460126598 ], [ -120.741304365453999, 42.668740882378501 ], [ -120.740667440512993, 42.668197011525599 ], [ -120.739072346189005, 42.666841766487899 ], [ -120.737496427167997, 42.665527401274403 ], [ -120.735359996176996, 42.663837220194701 ], [ -120.733974163878003, 42.661828666884603 ], [ -120.732633412249996, 42.660113656766001 ], [ -120.731146077484993, 42.658782947742097 ], [ -120.729469392617005, 42.657083755647001 ], [ -120.729134828436003, 42.656743929592899 ], [ -120.728207259379005, 42.655163133645701 ], [ -120.727326269965005, 42.652786297877597 ], [ -120.726465451230993, 42.649522846570697 ], [ -120.725859734474, 42.648110514031401 ], [ -120.725617401132993, 42.647542877585003 ], [ -120.724396717565, 42.6455599990772 ], [ -120.725675549732003, 42.644671383726603 ], [ -120.725918976786005, 42.644455592113097 ], [ -120.727158399505001, 42.643350052978199 ], [ -120.728677743990005, 42.642574239606297 ], [ -120.730908384431004, 42.641627898146801 ], [ -120.731808623397001, 42.640664170766499 ], [ -120.732644682181999, 42.639766704015599 ], [ -120.733766814115, 42.638316572052503 ], [ -120.735093561975006, 42.638662508086497 ], [ -120.734985121123998, 42.639151145478202 ], [ -120.734701359563005, 42.640437775430399 ], [ -120.735957048323996, 42.641777368116102 ], [ -120.736616201689998, 42.642582855869101 ], [ -120.737495207622004, 42.6436538345109 ], [ -120.740405078782004, 42.645336731967397 ], [ -120.743286125517002, 42.645375542410797 ], [ -120.745517805022999, 42.646549656362303 ], [ -120.747856707110003, 42.646825318066902 ], [ -120.749156222924995, 42.648377249769297 ], [ -120.750066646649998, 42.648458179983002 ], [ -120.750755627781004, 42.647998944875198 ], [ -120.751660718533998, 42.647444892421099 ], [ -120.752708033957006, 42.647280847100603 ], [ -120.754048856889, 42.6474557416294 ], [ -120.755243598451003, 42.648046497551597 ], [ -120.756349955462994, 42.648869643816198 ], [ -120.757321289583999, 42.649419979316598 ], [ -120.758319379111995, 42.649565597274403 ], [ -120.759157708743004, 42.649149758688097 ], [ -120.760005895408995, 42.648076728325698 ], [ -120.760740851755997, 42.646695300659502 ], [ -120.761635746457003, 42.644637102876501 ], [ -120.762945096710993, 42.642456420185901 ], [ -120.764471819655, 42.640482582624003 ], [ -120.764728528275995, 42.638848648348201 ], [ -120.764683156890001, 42.637582532026599 ], [ -120.764804046730006, 42.636760916076597 ], [ -120.766125771356002, 42.636313936800697 ], [ -120.768512755394994, 42.636153361092298 ], [ -120.769893219354998, 42.6356399437853 ], [ -120.771060441271999, 42.635505080158801 ], [ -120.772308604439004, 42.635259214277298 ], [ -120.773389998344001, 42.634559831419402 ], [ -120.774319836857003, 42.6334927813392 ], [ -120.775236254592002, 42.632587556488801 ], [ -120.776377542774995, 42.632001873708703 ], [ -120.777790744927003, 42.6319347541233 ], [ -120.779302383355002, 42.632207221777598 ], [ -120.780430214294, 42.632706365914999 ], [ -120.781279788792006, 42.632992987606499 ], [ -120.782312726352998, 42.632859909351197 ], [ -120.783022973683003, 42.632283821381201 ], [ -120.783718539641995, 42.631734460395599 ], [ -120.784282616111, 42.630444122745097 ], [ -120.785123676316999, 42.629487830639498 ], [ -120.785525839827997, 42.628441997908098 ], [ -120.785443938051998, 42.627463347092302 ], [ -120.784968660556999, 42.626531118554901 ], [ -120.785635552238006, 42.626143284548398 ], [ -120.787463810700999, 42.625908468706697 ], [ -120.789269686666003, 42.6256596836119 ], [ -120.790420491611997, 42.625357707680003 ], [ -120.790775122436997, 42.624941304423103 ], [ -120.792213201772995, 42.624424224290898 ], [ -120.793819155012002, 42.623878842140897 ], [ -120.795310092593994, 42.623115097220101 ], [ -120.796571986930005, 42.622405459534598 ], [ -120.797631979065997, 42.621628888008502 ], [ -120.798699687467007, 42.620870465293699 ], [ -120.799993404204002, 42.619774175634703 ], [ -120.800822666735002, 42.6190336643946 ], [ -120.801873839966007, 42.617594997791599 ], [ -120.803030631780004, 42.616293426210802 ], [ -120.803788155288004, 42.615727118784498 ], [ -120.804256147515005, 42.615159757461797 ], [ -120.803905070312993, 42.614482133750798 ], [ -120.803000768665996, 42.6141090799591 ], [ -120.801852406020004, 42.613807878948599 ], [ -120.800922639345004, 42.613249712268598 ], [ -120.799999293048998, 42.612574593106899 ], [ -120.799142320672004, 42.612373517969601 ], [ -120.797826878188999, 42.612339222883101 ], [ -120.79652225273, 42.612624807236202 ], [ -120.795391408894005, 42.613102832748503 ], [ -120.794477450312996, 42.612508897203099 ], [ -120.793862922375993, 42.611074229898399 ], [ -120.793332863957005, 42.609794276164799 ], [ -120.792309080818001, 42.608752446782702 ], [ -120.791153024761002, 42.607897167184497 ], [ -120.790431615461998, 42.606730576861203 ], [ -120.790187074303006, 42.605717269354699 ], [ -120.791159128253, 42.605051623843401 ], [ -120.792718217165003, 42.604352260422701 ], [ -120.793791205551003, 42.6034589035525 ], [ -120.794430348853993, 42.602359065441199 ], [ -120.794526252398995, 42.601217243913901 ], [ -120.793890918651002, 42.599813692428697 ], [ -120.792657682823005, 42.598731808824098 ], [ -120.791611623419001, 42.597743574367399 ], [ -120.790487971391002, 42.596537706768103 ], [ -120.789520992950003, 42.595253804970397 ], [ -120.788793329366001, 42.594204150528398 ], [ -120.788937495667, 42.5933154121565 ], [ -120.789843322257994, 42.592126191264398 ], [ -120.790828521394005, 42.591384255296703 ], [ -120.791678819696997, 42.5905361486723 ], [ -120.789936816967, 42.589696570833503 ], [ -120.787996156286994, 42.588488415666603 ], [ -120.786345101720002, 42.587772111218101 ], [ -120.785143769808002, 42.586767307539198 ], [ -120.783888829134995, 42.585707422147699 ], [ -120.783572383796994, 42.584836791000797 ], [ -120.783824890529004, 42.583148684517496 ], [ -120.783637198394999, 42.5818257778663 ], [ -120.782420199051003, 42.580816139388503 ], [ -120.780431677218999, 42.579809547959798 ], [ -120.777934322145995, 42.578572420662503 ], [ -120.775363976158005, 42.577441884561601 ], [ -120.773873896359007, 42.577093241550799 ], [ -120.773064636040999, 42.5764876615101 ], [ -120.772905625728001, 42.575692103971797 ], [ -120.773618279065005, 42.574539775609303 ], [ -120.774871133049999, 42.573249352345897 ], [ -120.776720836676006, 42.570975418065899 ], [ -120.777533013370004, 42.569482794690202 ], [ -120.778448118119996, 42.568478448028202 ], [ -120.779717949491996, 42.567368405101703 ], [ -120.779184092506995, 42.5662774174954 ], [ -120.778101273372002, 42.5646939943367 ], [ -120.776615622481998, 42.562985671956099 ], [ -120.775258834903994, 42.561423918407399 ], [ -120.773558211945996, 42.560305730406 ], [ -120.771866699219999, 42.559232720951897 ], [ -120.770092762017995, 42.558167087016898 ], [ -120.768857244402, 42.557332546138198 ], [ -120.767577232961997, 42.556551156519902 ], [ -120.766266466212997, 42.5562059104019 ], [ -120.765449572622003, 42.5556316455569 ], [ -120.765018024304993, 42.553880696708497 ], [ -120.764689068083996, 42.552518976841299 ], [ -120.764297625086996, 42.551543264675402 ], [ -120.763523192875994, 42.550762692528302 ], [ -120.762722473718995, 42.5502922850972 ], [ -120.761788608459, 42.549841783416298 ], [ -120.760424550989001, 42.549373857402898 ], [ -120.759923491280006, 42.549102904084101 ], [ -120.760673766251998, 42.549131084172103 ], [ -120.762000635358007, 42.549553253941198 ], [ -120.763038825878994, 42.550023802239402 ], [ -120.764879170377, 42.550541517153903 ], [ -120.766740890614003, 42.550460765604299 ], [ -120.768686541910995, 42.549904336914601 ], [ -120.770661785019996, 42.549370964279298 ], [ -120.772042127549, 42.548762949050101 ], [ -120.773281966385994, 42.548188206714698 ], [ -120.774133476101994, 42.5480021388381 ], [ -120.776296470221993, 42.548201748697998 ], [ -120.778293424249, 42.548812342040399 ], [ -120.779972106507003, 42.549448250414898 ], [ -120.781389691160001, 42.549934991451202 ], [ -120.781942492998994, 42.550166329182296 ], [ -120.783666037150994, 42.5497089048134 ], [ -120.785039227338999, 42.549127609942502 ], [ -120.786507702332003, 42.548498610678301 ], [ -120.787585315339001, 42.547470310689199 ], [ -120.788315217727998, 42.546480312962402 ], [ -120.789054160307998, 42.545125768641398 ], [ -120.789082847109995, 42.543946622899298 ], [ -120.789453920111995, 42.542792096347597 ], [ -120.790063634968007, 42.541236932699903 ], [ -120.790001799562006, 42.539947975140002 ], [ -120.789678006379006, 42.538469352630898 ], [ -120.789481786717005, 42.537646079020497 ], [ -120.789755176775003, 42.5369939645595 ], [ -120.790538489740996, 42.536189590899902 ], [ -120.791557446821002, 42.535241167226197 ], [ -120.792841309777998, 42.5340952188686 ], [ -120.794068502879995, 42.533195811653599 ], [ -120.796556890022998, 42.531703793372699 ], [ -120.800537781423998, 42.529159746423502 ], [ -120.803506501493999, 42.527501192911998 ], [ -120.806780476289006, 42.5259429632642 ], [ -120.808575706046, 42.525369461574797 ], [ -120.813621445004998, 42.524227647691703 ], [ -120.816214653255003, 42.523372077145098 ], [ -120.819438148212001, 42.522505934684197 ], [ -120.820780373491004, 42.522481949535504 ], [ -120.822531763192003, 42.523010553612004 ], [ -120.824251521696993, 42.523903248264602 ], [ -120.826269825465005, 42.5250087071054 ], [ -120.828025919137005, 42.525866013160901 ], [ -120.829412548457, 42.526297541009697 ], [ -120.830836530864005, 42.526265982096803 ], [ -120.832949499917007, 42.525585546735897 ], [ -120.835245085278004, 42.524683388810701 ], [ -120.838184290344998, 42.523649247363402 ], [ -120.840225036657003, 42.523160929656697 ], [ -120.841233222754994, 42.523049357008702 ], [ -120.841904647345004, 42.522796350080696 ], [ -120.841422582020002, 42.522300975029196 ], [ -120.840566266660005, 42.521582413401397 ], [ -120.840294063580998, 42.520649725282802 ], [ -120.840805716285004, 42.519578723295901 ], [ -120.841673319503997, 42.518532437237504 ], [ -120.842117740622001, 42.517910432256897 ], [ -120.843310182002, 42.516730668664501 ], [ -120.844687520858002, 42.515482328232601 ], [ -120.845584523442, 42.514927359459399 ], [ -120.847398118214002, 42.514619250288099 ], [ -120.849064751971, 42.514425423121097 ], [ -120.850694288463998, 42.514203859318997 ], [ -120.852662873322998, 42.513367255081597 ], [ -120.854932425295004, 42.512270593325802 ], [ -120.857592096847, 42.511464854022201 ], [ -120.858988630846, 42.511135251114197 ], [ -120.859963244777006, 42.510730208664398 ], [ -120.860286321084004, 42.508975683614999 ], [ -120.860823013173999, 42.507625888101401 ], [ -120.861559782436998, 42.505716985591398 ], [ -120.863071632651994, 42.504074691518603 ], [ -120.864833836680006, 42.502851293607797 ], [ -120.866120936667002, 42.502087301525599 ], [ -120.867015506187997, 42.501883329041704 ], [ -120.868044899897995, 42.501762907841702 ], [ -120.868991393822995, 42.501060084278102 ], [ -120.870590052525998, 42.500301836927498 ], [ -120.871744234896994, 42.500111658392001 ], [ -120.872870128515004, 42.499970472834903 ], [ -120.874231612282998, 42.498734983892803 ], [ -120.876140498138, 42.496852230858998 ], [ -120.876927585920001, 42.494989184299598 ], [ -120.875649872802995, 42.491957674807303 ], [ -120.873212100171003, 42.488918126996303 ], [ -120.871299704243995, 42.485685667583503 ], [ -120.869872921931005, 42.483385266356898 ], [ -120.868387212558005, 42.482240953018398 ], [ -120.865780194935994, 42.482142883567199 ], [ -120.862094806466999, 42.482920678499298 ], [ -120.859636912268996, 42.483153951264903 ], [ -120.856720525667996, 42.482027775000198 ], [ -120.854119729987005, 42.480569731869601 ], [ -120.851209625021994, 42.479155358408804 ], [ -120.847826479852003, 42.478236331062902 ], [ -120.845672515402001, 42.478745177791403 ], [ -120.843505195036002, 42.479951655323298 ], [ -120.842669020833, 42.481273221721402 ], [ -120.840714322010996, 42.482483649305699 ], [ -120.838171539925995, 42.484142224401999 ], [ -120.834281783359998, 42.485518629558101 ], [ -120.830751004348997, 42.487284431112798 ], [ -120.827516713601, 42.488695528313002 ], [ -120.823938218847005, 42.489874859399798 ], [ -120.821631788079003, 42.490267786249497 ], [ -120.819547539336, 42.489102453653302 ], [ -120.817162918956996, 42.488507707522302 ], [ -120.812010539100001, 42.488125740469101 ], [ -120.808592364367996, 42.488060401304899 ], [ -120.80634097203, 42.488553132503696 ], [ -120.803098998075995, 42.488319900210001 ], [ -120.797757100327999, 42.4877940729207 ], [ -120.791560589233001, 42.487440637489001 ], [ -120.786442894212996, 42.487332853886102 ], [ -120.783631002869996, 42.486832715264903 ], [ -120.781978954950006, 42.486327954903601 ], [ -120.779503209058007, 42.486473607616503 ], [ -120.775898901464004, 42.4860209540388 ], [ -120.772768662724005, 42.485046086136698 ], [ -120.769712393692004, 42.484239173125999 ], [ -120.766940130158005, 42.482739796014997 ], [ -120.765465590356996, 42.481121586854499 ], [ -120.764607962891006, 42.479582939298197 ], [ -120.765208842491006, 42.476586853952902 ], [ -120.765514230486005, 42.473859665887602 ], [ -120.765537393051005, 42.4707307324203 ], [ -120.764679825764006, 42.468233006451001 ], [ -120.763157370510001, 42.4661140290942 ], [ -120.761841069987, 42.465273327942199 ], [ -120.760258273855996, 42.464296822911997 ], [ -120.762529471136006, 42.461761147433201 ], [ -120.764172789457007, 42.458794419760501 ], [ -120.766140017769004, 42.456054616497198 ], [ -120.768801404613995, 42.4533237963321 ], [ -120.770862628982997, 42.450644274261698 ], [ -120.773140944180994, 42.448738900231703 ], [ -120.775478469270993, 42.447690148606199 ], [ -120.776869100902005, 42.4467040274399 ], [ -120.774570093758996, 42.445808375682397 ], [ -120.771635295063007, 42.4447787393186 ], [ -120.769647015884999, 42.4428398954851 ], [ -120.767986133822006, 42.440907395913797 ], [ -120.765127790465002, 42.439019060349501 ], [ -120.760149334822003, 42.436949639111901 ], [ -120.756423542207997, 42.434981086079297 ], [ -120.754668238834995, 42.432028925785403 ], [ -120.754623121478005, 42.429483994750697 ], [ -120.753534629666007, 42.428904317376499 ], [ -120.751302541300007, 42.428522823882197 ], [ -120.750535349366999, 42.428264615550198 ], [ -120.750000130250996, 42.428402696174203 ], [ -120.748790443649995, 42.427496396507799 ], [ -120.746601216342995, 42.425751323984201 ], [ -120.744596427567998, 42.425729886787998 ], [ -120.743263047533006, 42.425712635953701 ], [ -120.741512512379998, 42.425655627946199 ], [ -120.739575830416001, 42.425599423462899 ], [ -120.735863399029, 42.425364020060996 ], [ -120.733314636038003, 42.424142911723202 ], [ -120.730900583354, 42.422622731491103 ], [ -120.728965255413002, 42.421269586533903 ], [ -120.726083077423993, 42.419992178041703 ], [ -120.725102964257005, 42.419788109203601 ], [ -120.723438517052998, 42.419435354076803 ], [ -120.721244242127995, 42.419450267918002 ], [ -120.720675244191995, 42.4185293968021 ], [ -120.721300116273994, 42.417614262693498 ], [ -120.724608278597998, 42.417063135058001 ], [ -120.725048896738997, 42.416977327305297 ], [ -120.726159030375001, 42.416756216812502 ], [ -120.726600120513993, 42.415585252170402 ], [ -120.725517616214006, 42.413614081026303 ], [ -120.724974512518003, 42.413089985728099 ], [ -120.723934519424006, 42.412087732876799 ], [ -120.722968931482001, 42.411213026069802 ], [ -120.722693874962005, 42.410964411251904 ], [ -120.721347601597998, 42.41009563179 ], [ -120.719808546227, 42.409182475393401 ], [ -120.718814993465998, 42.408181100228802 ], [ -120.718306199812005, 42.407635142657497 ], [ -120.718305882818996, 42.4066175163438 ], [ -120.717331773531001, 42.405814636113703 ], [ -120.716164887093996, 42.405323097238202 ], [ -120.715235758369005, 42.403868197837397 ], [ -120.715208265046002, 42.402931078635099 ], [ -120.715485269379002, 42.402099091383398 ], [ -120.714958960255998, 42.4010754784032 ], [ -120.715314202993994, 42.400389139514203 ], [ -120.714561115185006, 42.399149373190298 ], [ -120.714199857888005, 42.398579323319701 ], [ -120.714439578343999, 42.397665544755803 ], [ -120.714759074805997, 42.397064046366403 ], [ -120.714624717088, 42.3967281631258 ], [ -120.714092553084996, 42.395407247301897 ], [ -120.713084911734995, 42.3934014270788 ], [ -120.713381542049007, 42.3927184261996 ], [ -120.712489813337996, 42.391619966565301 ], [ -120.711610378355005, 42.390706358310901 ], [ -120.710582904834993, 42.3898348129838 ], [ -120.708578543875007, 42.388957234886497 ], [ -120.707103739318995, 42.388279335602597 ], [ -120.705879278745996, 42.388128749270201 ], [ -120.703991544673002, 42.387595635290197 ], [ -120.702806042106005, 42.386585771077797 ], [ -120.702192364279, 42.385614379777003 ], [ -120.701364497235005, 42.384355015003401 ], [ -120.700565818092002, 42.383087224372602 ], [ -120.700032149734, 42.3820678965414 ], [ -120.699668891013005, 42.381371682960697 ], [ -120.699079647271006, 42.379837920651099 ], [ -120.698569270231005, 42.378161650911998 ], [ -120.698363362360993, 42.376878731953902 ], [ -120.698074917360003, 42.3750087956928 ], [ -120.696669429376001, 42.373422597410901 ], [ -120.695693644464001, 42.371088559984997 ], [ -120.694333555507995, 42.369116008128202 ], [ -120.693149148767006, 42.3674261480773 ], [ -120.691267476354, 42.365587146332103 ], [ -120.689480413170003, 42.363695988120398 ], [ -120.687944436806006, 42.361769343427802 ], [ -120.686513187748005, 42.3600519195857 ], [ -120.686053155142005, 42.359497796334999 ], [ -120.683863511962002, 42.357481348120999 ], [ -120.681558636299002, 42.356291035775598 ], [ -120.67952817311, 42.355110737078299 ], [ -120.677589124144006, 42.353675597442297 ], [ -120.676588914953001, 42.352236950353699 ], [ -120.676328793462005, 42.351862449022398 ], [ -120.675664949945997, 42.351015973811599 ], [ -120.674982738012005, 42.350133099887302 ], [ -120.674565949609999, 42.348287512893599 ], [ -120.674005019310002, 42.347285519242398 ], [ -120.672680129129006, 42.346240993322297 ], [ -120.671398687486004, 42.344431863852101 ], [ -120.670588463577005, 42.342848432436803 ], [ -120.669911524116998, 42.340574278117501 ], [ -120.669606301252998, 42.339780086190402 ], [ -120.669756084772004, 42.338477327379003 ], [ -120.669533806719002, 42.337963993722298 ], [ -120.669071806310995, 42.336896445242097 ], [ -120.670190278711999, 42.3376486392972 ], [ -120.672190400648006, 42.337801854402699 ], [ -120.672605799463, 42.338098469278798 ], [ -120.673640523312002, 42.338839923291196 ], [ -120.675438339270002, 42.339214113573803 ], [ -120.676524529462995, 42.3391776052569 ], [ -120.679824259341999, 42.340568276564603 ], [ -120.681921529529006, 42.341074505509098 ], [ -120.683609044514, 42.341108628261203 ], [ -120.685881969925006, 42.341811954689 ], [ -120.688225476682007, 42.342867876651802 ], [ -120.691000445884001, 42.344243136780001 ], [ -120.693024577914002, 42.343788597444799 ], [ -120.694408766972998, 42.343447226666001 ], [ -120.697041745489997, 42.343770336452202 ], [ -120.699854612921001, 42.344196057732603 ], [ -120.702518085353006, 42.344870870701499 ], [ -120.705455536515004, 42.345524091314097 ], [ -120.707943577470004, 42.345663937394399 ], [ -120.710722859683997, 42.345890597947196 ], [ -120.713109921504994, 42.346451576120103 ], [ -120.714103579162, 42.3479032860212 ], [ -120.715705029464999, 42.348056794676502 ], [ -120.717888900497002, 42.347442899473997 ], [ -120.719907312478995, 42.3473750100895 ], [ -120.720553069063996, 42.347477912340899 ], [ -120.719904263477005, 42.346577956606801 ], [ -120.718938568669003, 42.344685579948198 ], [ -120.718860861750997, 42.342869410361402 ], [ -120.719280585768999, 42.341081152214997 ], [ -120.720094959264003, 42.339791548026597 ], [ -120.721199203015999, 42.338876930838801 ], [ -120.721571748754997, 42.338875332661203 ], [ -120.722528996234999, 42.339425689504701 ], [ -120.724547800973994, 42.339402752844997 ], [ -120.725092919570997, 42.3392649831098 ], [ -120.726623916951993, 42.338863096470803 ], [ -120.729173424338995, 42.337837476318299 ], [ -120.730559716531005, 42.337302088241501 ], [ -120.732442469236005, 42.336799021495999 ], [ -120.734346357026993, 42.336255816298603 ], [ -120.735742917287993, 42.335220757565097 ], [ -120.736603774686003, 42.333004375049299 ], [ -120.737111532542002, 42.330902589157603 ], [ -120.737748145362005, 42.3302622514449 ], [ -120.739568172879999, 42.3306133599296 ], [ -120.740535586633001, 42.331537499985401 ], [ -120.741080857729997, 42.332791021888397 ], [ -120.740965471758003, 42.3338739221944 ], [ -120.740435105420005, 42.334957646556198 ], [ -120.739150225906997, 42.336413726329504 ], [ -120.738642273674003, 42.337484375550503 ], [ -120.739493384959005, 42.338523301538203 ], [ -120.739977440028994, 42.338775999475097 ], [ -120.741065085854004, 42.339333276247501 ], [ -120.742973537923007, 42.340316465589197 ], [ -120.744589461483997, 42.341122760203703 ], [ -120.744855447304005, 42.341258575737598 ], [ -120.745869250344995, 42.3417828343065 ], [ -120.747675136761004, 42.342795447602498 ], [ -120.750020936832996, 42.343796120112799 ], [ -120.750927638541995, 42.346475069717002 ], [ -120.753302500344006, 42.349178301328301 ], [ -120.757970180071993, 42.345897122808701 ], [ -120.761952375549001, 42.345029374011901 ], [ -120.764317971962001, 42.344517200809697 ], [ -120.772906550621997, 42.3458686658673 ], [ -120.776881548834993, 42.346297063877302 ], [ -120.781631088249, 42.344034135060902 ], [ -120.782300896872997, 42.343713891244199 ], [ -120.787974397105003, 42.343346243429899 ], [ -120.796753770753995, 42.342677842327603 ], [ -120.801537892506005, 42.341941200409501 ], [ -120.803775825724003, 42.341596867595499 ], [ -120.804967148930999, 42.3401517745543 ], [ -120.806703476275999, 42.338041677880298 ], [ -120.810614525686006, 42.335059047398602 ], [ -120.811863771527001, 42.331935434545201 ], [ -120.814846894737997, 42.327737182968001 ], [ -120.819348478120006, 42.325589520454002 ], [ -120.820863423475004, 42.324109887397903 ], [ -120.821552420602998, 42.3233755158479 ], [ -120.823998411841998, 42.321395707631602 ], [ -120.823432460980996, 42.317661118498897 ], [ -120.821533663240999, 42.312996129019098 ], [ -120.823601806805996, 42.310680435046997 ], [ -120.824093901553994, 42.310131426171701 ], [ -120.828664664608993, 42.310380210231997 ], [ -120.832961676991005, 42.308354203974503 ], [ -120.835191524704996, 42.305086750649401 ], [ -120.833701896961003, 42.302469469464498 ], [ -120.834252517118003, 42.298130122785302 ], [ -120.835603665457995, 42.296178892865299 ], [ -120.836425171865997, 42.294992140738401 ], [ -120.837807940394995, 42.292600200390801 ], [ -120.837607745038994, 42.289079692996197 ], [ -120.833477995094995, 42.287110510499801 ], [ -120.830003329104997, 42.284635754220098 ], [ -120.826472773442006, 42.2831549646898 ], [ -120.825728230406, 42.281618878013099 ], [ -120.825466393526, 42.281078070827597 ], [ -120.822822818603001, 42.279577969355003 ], [ -120.820905784245994, 42.274813537917801 ], [ -120.82062013558, 42.274393844001999 ], [ -120.818490744398005, 42.271268877782802 ], [ -120.815266090489004, 42.268267093764898 ], [ -120.809175610042004, 42.267615013121201 ], [ -120.807230461611994, 42.267285134690901 ], [ -120.802332484765998, 42.266448364147401 ], [ -120.801287381389002, 42.265820436456202 ], [ -120.798030987643003, 42.263848716047697 ], [ -120.795405291509994, 42.260331043435798 ], [ -120.792454115292003, 42.257941764782402 ], [ -120.791775411605997, 42.255136915400598 ], [ -120.792768002608994, 42.2529406202842 ], [ -120.793024148534997, 42.252373687505802 ], [ -120.796356378024001, 42.251037398665197 ], [ -120.798785829094001, 42.250016893324798 ], [ -120.803491496036003, 42.248193431522999 ], [ -120.804728548827995, 42.245114645078303 ], [ -120.803997550858, 42.242822187891299 ], [ -120.806856102248005, 42.239810447689202 ], [ -120.809148933792997, 42.238080151806301 ], [ -120.810737657583005, 42.236885717284999 ], [ -120.812679784962, 42.235873616145703 ], [ -120.814493297484006, 42.231959169377902 ], [ -120.816236101523003, 42.228331528968198 ], [ -120.818088318688993, 42.225214768795901 ], [ -120.821020196248995, 42.2235279084572 ], [ -120.821323792887, 42.223353562271598 ], [ -120.822898076238999, 42.2224513679285 ], [ -120.823046412956998, 42.221814772981702 ], [ -120.823212509778998, 42.221101965676297 ], [ -120.821303270735996, 42.218291913186803 ], [ -120.819562097242994, 42.215971338257603 ], [ -120.821289661660003, 42.214878454520601 ], [ -120.823170228297997, 42.213693888374102 ], [ -120.821678930798996, 42.211792355564498 ], [ -120.821578036096994, 42.209111209083297 ], [ -120.821523435840007, 42.207660235246401 ], [ -120.821259732103002, 42.207204933567198 ], [ -120.819955333191004, 42.204937690122698 ], [ -120.817801450084005, 42.202676781159802 ], [ -120.816107392662005, 42.199465470621902 ], [ -120.816568342642, 42.196939109185799 ], [ -120.818640228299003, 42.194470421421201 ], [ -120.820508341779004, 42.1915835528157 ], [ -120.820302504211995, 42.187707128321499 ], [ -120.818518637175998, 42.185529812344697 ], [ -120.816431131773001, 42.183580838489902 ], [ -120.816640633522994, 42.180946114180401 ], [ -120.816993884328994, 42.1800927812208 ], [ -120.817515483045995, 42.178832885077803 ], [ -120.819495829567003, 42.176146289462103 ], [ -120.821394782696999, 42.172431442843497 ], [ -120.823036464194999, 42.168446004529201 ], [ -120.824604158525005, 42.165332705942802 ], [ -120.824877766165002, 42.164788537691997 ], [ -120.825712225762999, 42.1616748196871 ], [ -120.825904825205996, 42.156581139862901 ], [ -120.825888690347995, 42.1515735574378 ], [ -120.825794318709001, 42.150684687365199 ], [ -120.825400634624998, 42.1469622888673 ], [ -120.824339897729999, 42.141651199925199 ], [ -120.821710872636999, 42.139385838928199 ], [ -120.817709483203998, 42.137693203732802 ], [ -120.819172833300996, 42.1361495093035 ], [ -120.819910226375001, 42.135375512050601 ], [ -120.821608231376999, 42.134637772703002 ], [ -120.823779856312001, 42.133692854325801 ], [ -120.826832410159994, 42.132480904279603 ], [ -120.828295272272001, 42.129901399808404 ], [ -120.830206608883998, 42.1266729279047 ], [ -120.830707580494007, 42.125020810065102 ], [ -120.831373834817001, 42.1228224527297 ], [ -120.831536868152, 42.121722307796098 ], [ -120.832061414275998, 42.118179379861402 ], [ -120.832301613663006, 42.1133071985141 ], [ -120.832691160435004, 42.110860437843499 ], [ -120.834863630032999, 42.1098837968756 ], [ -120.834397137677996, 42.1072452491115 ], [ -120.834182887620003, 42.106034404464097 ], [ -120.833335046353, 42.103298589615001 ], [ -120.836493120263, 42.099868390723699 ], [ -120.839848630589998, 42.096689484569502 ], [ -120.841115639538003, 42.095497532272901 ], [ -120.842035229954007, 42.094632251068099 ], [ -120.843348743495994, 42.092779208245503 ], [ -120.844648578589002, 42.090948407456104 ], [ -120.848342011572996, 42.090040601832897 ], [ -120.851387891322005, 42.0912324542685 ], [ -120.851890710470002, 42.092768388129798 ], [ -120.852356415070005, 42.094195552704299 ], [ -120.854290226559002, 42.096415698155504 ], [ -120.858148071125996, 42.096825528340297 ], [ -120.860357709208998, 42.096447990762201 ], [ -120.862154645941004, 42.096139269872701 ], [ -120.866056728328005, 42.094217105082201 ], [ -120.869955620786001, 42.092992711883603 ], [ -120.872615750384995, 42.095815929902898 ], [ -120.875233069250996, 42.098683322882202 ], [ -120.875929287923, 42.0994482189748 ], [ -120.879499602709998, 42.102598835604503 ], [ -120.880286690662999, 42.103293337143199 ], [ -120.884361045754005, 42.104710456490601 ], [ -120.886241337078999, 42.1070146348872 ], [ -120.886281921171999, 42.107294568613703 ], [ -120.886852358287996, 42.111101104953903 ], [ -120.891689638730995, 42.112189790943901 ], [ -120.895650495544999, 42.112766866811398 ], [ -120.898860816528, 42.1116954711446 ], [ -120.899502846258997, 42.110108666683203 ], [ -120.899973597233, 42.108946507164603 ], [ -120.902264289054997, 42.107056638522799 ], [ -120.904811195254993, 42.104887714327901 ], [ -120.906510689130002, 42.100834520447798 ], [ -120.904442406076996, 42.097887808579401 ], [ -120.904273647664994, 42.0964032353086 ], [ -120.905156186314002, 42.093699538577198 ], [ -120.905335931810995, 42.092761691697497 ], [ -120.905638954951996, 42.091177661470503 ], [ -120.906558723027999, 42.089244646611 ], [ -120.906770763504994, 42.085853242028598 ], [ -120.907051026101001, 42.082890866884902 ], [ -120.908253144729002, 42.081557385513001 ], [ -120.907544295262994, 42.078549947551103 ], [ -120.907401626660004, 42.0779484429045 ], [ -120.906337663477004, 42.074232045464299 ], [ -120.907454100262996, 42.069983547296097 ], [ -120.908163229981, 42.065597020243601 ], [ -120.908342820219005, 42.063578433330903 ], [ -120.908608051938998, 42.060584248211697 ], [ -120.908451743678, 42.057983146428803 ], [ -120.903311813171996, 42.057898324018701 ], [ -120.900811448864005, 42.056213492024298 ], [ -120.899057847999003, 42.055591491861399 ], [ -120.895465619426005, 42.055530149799999 ], [ -120.893358665386003, 42.0517089271627 ], [ -120.892379025056997, 42.050137385290697 ], [ -120.888840379586995, 42.051842011465702 ], [ -120.885626084224995, 42.054349542638199 ], [ -120.882816709356007, 42.056846443412901 ], [ -120.879626797650005, 42.058651779968898 ], [ -120.878827102133997, 42.059100807515598 ], [ -120.875359365715994, 42.059536469266597 ], [ -120.872592512089, 42.059881456563801 ], [ -120.868937892850994, 42.058156508855497 ], [ -120.865920116124997, 42.057424953678598 ], [ -120.860558583696999, 42.057982526614602 ], [ -120.858186204055997, 42.058230952963797 ], [ -120.855571538760998, 42.0582496500666 ], [ -120.852585253295004, 42.0589187723414 ], [ -120.851286006050003, 42.056705975410999 ], [ -120.849535825006001, 42.055840120414103 ], [ -120.842642312796002, 42.0571651601133 ], [ -120.840766127750001, 42.057368520101797 ], [ -120.837155330236996, 42.0577643080602 ], [ -120.830757974058002, 42.058035272973299 ], [ -120.824995445979994, 42.057408310535799 ], [ -120.821562104877003, 42.056388522617503 ], [ -120.820524336705006, 42.0560806174934 ], [ -120.813854257624001, 42.055278243887798 ], [ -120.811073659570994, 42.056459043030202 ], [ -120.806845354961993, 42.056513370877397 ], [ -120.803168101717006, 42.058919659877802 ], [ -120.802229020023006, 42.060459710827097 ], [ -120.800403044665998, 42.063446225693298 ], [ -120.799975313961994, 42.063933352947899 ], [ -120.797081841250005, 42.067223549147002 ], [ -120.795008467116006, 42.070011592753303 ], [ -120.791488628338001, 42.073528258323499 ], [ -120.790206729527, 42.076507063427599 ], [ -120.789580726712003, 42.078413274241797 ], [ -120.789069559189997, 42.079970461617798 ], [ -120.785955566571999, 42.080851519140602 ], [ -120.782709692113997, 42.080635717322998 ], [ -120.782317699858993, 42.080610127078799 ], [ -120.777449312694998, 42.0831321276127 ], [ -120.773534474802005, 42.084326042140297 ], [ -120.770675790580995, 42.081874931149201 ], [ -120.771138072745003, 42.078425626607803 ], [ -120.771389804685995, 42.076543768571597 ], [ -120.774669348914003, 42.0725682645106 ], [ -120.778026983402995, 42.069611850749901 ], [ -120.775542561240997, 42.069370069005103 ], [ -120.772678764898998, 42.070278135251201 ], [ -120.769590824567999, 42.067899093888897 ], [ -120.766130767171006, 42.0651524841184 ], [ -120.765380750868005, 42.063859026483698 ], [ -120.764054395282997, 42.061577182047401 ], [ -120.764220346995003, 42.058527388598201 ], [ -120.763366320494001, 42.058952032831698 ], [ -120.760170365503996, 42.0605512755386 ], [ -120.756426007479007, 42.060667225883797 ], [ -120.754366751556006, 42.058704154033698 ], [ -120.750436511006001, 42.059338616508498 ], [ -120.749485818823004, 42.059482075783002 ], [ -120.748179519166996, 42.059258307824102 ], [ -120.747212240435005, 42.058973638883501 ], [ -120.746461447211999, 42.0590174301025 ], [ -120.745892438035, 42.0595376023035 ], [ -120.745336360432006, 42.059179943576503 ], [ -120.744893103614004, 42.058387710572198 ], [ -120.744099438041999, 42.057786716441903 ], [ -120.742919507926999, 42.056939458753298 ], [ -120.741567100048002, 42.055760075205598 ], [ -120.740323107360993, 42.055060128112899 ], [ -120.739367555062998, 42.0546180196677 ], [ -120.738747499620004, 42.053745727641001 ], [ -120.738325827232998, 42.052859331872597 ], [ -120.738035106832001, 42.052475348508601 ], [ -120.737158514837006, 42.052512095435901 ], [ -120.735929256055002, 42.052505851553001 ], [ -120.734833100513995, 42.052664330482699 ], [ -120.734136121705006, 42.052853199508299 ], [ -120.733509895021001, 42.052836324882399 ], [ -120.732899404536994, 42.052207351690797 ], [ -120.732345216720006, 42.050548304209798 ], [ -120.731886057352995, 42.048341768132197 ], [ -120.732036404153007, 42.047151448577402 ], [ -120.731871775548001, 42.046175547731899 ], [ -120.730290030139997, 42.046337890449799 ], [ -120.729323897647006, 42.046940182770697 ], [ -120.728828345192994, 42.047326635393802 ], [ -120.728008250871, 42.0471572937617 ], [ -120.727107580015996, 42.046198326762699 ], [ -120.725621151420995, 42.044980076010702 ], [ -120.724117174889003, 42.044085673099502 ], [ -120.722128960411993, 42.043388773419302 ], [ -120.719424567985001, 42.042407424089099 ], [ -120.717236345108006, 42.0417109663112 ], [ -120.714857218660995, 42.041623070525397 ], [ -120.712968968476005, 42.0413017517238 ], [ -120.712293233664994, 42.041405355249402 ], [ -120.711147265373995, 42.041756243437497 ], [ -120.709116049943006, 42.041148320412397 ], [ -120.707347454900997, 42.040356485123397 ], [ -120.705627855968004, 42.039295423445502 ], [ -120.704515978008004, 42.038615743427101 ], [ -120.703644493064999, 42.038431690670102 ], [ -120.702601517036001, 42.039360937392701 ], [ -120.701337477614004, 42.040389313429898 ], [ -120.699829216172006, 42.041300203785802 ], [ -120.698473931649005, 42.042155604563398 ], [ -120.697593290075005, 42.043227653867902 ], [ -120.697788636235003, 42.044258254197302 ], [ -120.697919907173002, 42.044972359582196 ], [ -120.698643713112006, 42.045860461208797 ], [ -120.699298482461003, 42.0464860008058 ], [ -120.699217092531995, 42.047150809294401 ], [ -120.698375651139997, 42.047804872834099 ], [ -120.697653025782998, 42.048555877421698 ], [ -120.696615231693997, 42.048728670963101 ], [ -120.695412049474996, 42.0484838585527 ], [ -120.694466596900995, 42.048379303237503 ], [ -120.693960955622003, 42.047932350502599 ], [ -120.693447188522001, 42.047251077343297 ], [ -120.692673202696, 42.046582579890398 ], [ -120.692268213698995, 42.0457548911237 ], [ -120.692150835876006, 42.045117609777698 ], [ -120.691333921250006, 42.044488766363997 ], [ -120.690438226878001, 42.044033947183301 ], [ -120.68920565034, 42.043874034703499 ], [ -120.687928968766002, 42.043785267668802 ], [ -120.686900853184994, 42.043422314353599 ], [ -120.686268104410999, 42.042693580005697 ], [ -120.685913853219006, 42.041947945785097 ], [ -120.686083230796001, 42.0411093055734 ], [ -120.686974161508004, 42.040195156932597 ], [ -120.68959230291, 42.038185553365501 ], [ -120.691060544661994, 42.036859717741102 ], [ -120.691657660681003, 42.036070203789798 ], [ -120.691524391176003, 42.035288505713901 ], [ -120.690767840263007, 42.034143029440997 ], [ -120.690592175554002, 42.032802106479302 ], [ -120.690680251692001, 42.031412456807203 ], [ -120.691089193539995, 42.030272426672497 ], [ -120.691856889845994, 42.029711493204402 ], [ -120.693328007429002, 42.029488915953998 ], [ -120.694645563199998, 42.029420838499597 ], [ -120.696626981050997, 42.028780688626398 ], [ -120.698107619873994, 42.028125953808498 ], [ -120.699477394441004, 42.027446461492197 ], [ -120.700223679729007, 42.026241113825797 ], [ -120.700774107778997, 42.0247931769795 ], [ -120.700660572526004, 42.023147308226498 ], [ -120.700525825018005, 42.022257517198398 ], [ -120.701115887754, 42.021049030949897 ], [ -120.70164495713, 42.019668205463297 ], [ -120.701747847012001, 42.018278840135601 ], [ -120.701413808360996, 42.017389559856198 ], [ -120.700252918006996, 42.016929503204899 ], [ -120.698610136173997, 42.016856032757801 ], [ -120.697732967562004, 42.016775390870201 ], [ -120.697169142847002, 42.016336289606599 ], [ -120.697022338153005, 42.015113029854398 ], [ -120.697007545771996, 42.013766335844402 ], [ -120.697001182782998, 42.013189824002602 ], [ -120.697605874231002, 42.012621074041803 ], [ -120.698757308726996, 42.012252415309298 ], [ -120.699745562435993, 42.011029405616704 ], [ -120.700759156863, 42.010212165262601 ], [ -120.701557908905997, 42.009827403170704 ], [ -120.702369857576002, 42.009348336624001 ], [ -120.702763654975996, 42.007780170520597 ], [ -120.702924556881996, 42.006391963071501 ], [ -120.702927925246001, 42.005333823652599 ], [ -120.702320416855002, 42.004349008616998 ], [ -120.702734135316007, 42.003798920435898 ], [ -120.703932962489006, 42.003093431535198 ], [ -120.704821577236999, 42.002242131051801 ], [ -120.704953034830993, 42.001461236873503 ], [ -120.704621922962005, 42.000869221260999 ], [ -120.699683619585997, 41.993943747105199 ], [ -120.699121516019005, 41.993671300907103 ], [ -120.698787916135004, 41.993443962515201 ], [ -120.698410817007996, 41.9931256902413 ], [ -120.697806619155998, 41.992807363023999 ], [ -120.697292147476006, 41.992490833508597 ], [ -120.696703087383, 41.9922133314519 ], [ -120.696314224172994, 41.992137978942601 ], [ -120.695861647987002, 41.992092866701 ], [ -120.695015676251003, 41.992035346932298 ], [ -120.694627474458002, 41.992171643675398 ], [ -120.694354475183005, 41.992251715077501 ], [ -120.693633784697994, 41.992610979959203 ], [ -120.693296727681002, 41.992793330403899 ], [ -120.692796416267001, 41.993066960246097 ], [ -120.692187693351002, 41.993333904214801 ], [ -120.691657555491005, 41.993534880858697 ], [ -120.691378796891001, 41.993565296099 ], [ -120.691151339349005, 41.993470658713697 ], [ -120.690881839876994, 41.993307629550301 ], [ -120.690710046823995, 41.993092530270999 ], [ -120.689061283026007, 41.992221772065299 ], [ -120.688641229436001, 41.992028686992001 ], [ -120.688025052379999, 41.991813636380499 ], [ -120.687690627419997, 41.991631279349598 ], [ -120.687255034212001, 41.991388342892499 ], [ -120.686754321311994, 41.991193624981896 ], [ -120.686169252683996, 41.991078257913202 ], [ -120.685622002963001, 41.991085232083897 ], [ -120.684756640420005, 41.990959700342103 ], [ -120.683848424922004, 41.990954878301302 ], [ -120.682875309939007, 41.990971253422103 ], [ -120.682225364445003, 41.990980640287198 ], [ -120.681524768038003, 41.990930460790203 ], [ -120.680641813202001, 41.990791033483298 ], [ -120.680140445762007, 41.990677327729699 ], [ -120.679191726794002, 41.990333924049402 ], [ -120.678469760690007, 41.990166215378103 ], [ -120.677327374187001, 41.989899931579899 ], [ -120.676585390306997, 41.989722799802799 ], [ -120.675472750143996, 41.989448093938002 ], [ -120.674558560210002, 41.989276465976097 ], [ -120.673988447849993, 41.988958704585897 ], [ -120.673441973991999, 41.988654928749099 ], [ -120.672743485769004, 41.988154437504299 ], [ -120.672326131852998, 41.987992868698399 ], [ -120.671590603219997, 41.987991453030403 ], [ -120.670908303195006, 41.988040646308797 ], [ -120.669948013614999, 41.9881202143293 ], [ -120.669330873860005, 41.988161715484203 ], [ -120.668784703810999, 41.988119098196997 ], [ -120.668200647039001, 41.988039684244598 ], [ -120.667750077649998, 41.987796369608702 ], [ -120.667364673761995, 41.9875453721017 ], [ -120.667119068111006, 41.987288209930597 ], [ -120.666952495963997, 41.986974115275402 ], [ -120.666708251556997, 41.985420113324203 ], [ -120.666527294717, 41.985128240506597 ], [ -120.666097034573994, 41.984660181968998 ], [ -120.665596591153005, 41.984069112595499 ], [ -120.665293961071995, 41.983680198937201 ], [ -120.665231324963003, 41.983206108270601 ], [ -120.664457468628996, 41.9827895901849 ], [ -120.663879656318002, 41.982314016608797 ], [ -120.663528169062999, 41.981982642615101 ], [ -120.663134663118001, 41.981686435815803 ], [ -120.662278872388001, 41.981448354663797 ], [ -120.661245042413, 41.980963475549103 ], [ -120.660183527295004, 41.9805140466433 ], [ -120.659147726922996, 41.9801867138682 ], [ -120.658454483680998, 41.979857357284402 ], [ -120.658158673851005, 41.979716229604698 ], [ -120.657362571438, 41.979497342201299 ], [ -120.656725806601003, 41.9791916434096 ], [ -120.655691919774, 41.979080463078397 ], [ -120.654785888923001, 41.979061947111397 ], [ -120.653809697659995, 41.978920408056702 ], [ -120.653125528820993, 41.978735301227097 ], [ -120.652731343840003, 41.978623668377402 ], [ -120.652473289680998, 41.978235632984102 ], [ -120.652094930350003, 41.977755074988202 ], [ -120.651824861541002, 41.977447846429598 ], [ -120.651193052636998, 41.977070170301999 ], [ -120.650642084818003, 41.976914793531101 ], [ -120.649602915303007, 41.976866492412803 ], [ -120.648337386029993, 41.976840560591903 ], [ -120.647603855887994, 41.977095704018197 ], [ -120.646684792331001, 41.9772884983065 ], [ -120.645967578321006, 41.977755607190701 ], [ -120.645360401961, 41.978224969801403 ], [ -120.644993982973006, 41.978649738019101 ], [ -120.644191850298, 41.9792096556316 ], [ -120.642745823313007, 41.981580057002098 ], [ -120.642338392677999, 41.981684260481202 ], [ -120.641944210278993, 41.981572590626897 ], [ -120.641682785707005, 41.981481660324597 ], [ -120.641298279059995, 41.981230594033498 ], [ -120.640855941360002, 41.980829738234 ], [ -120.640375576194003, 41.980396577632398 ], [ -120.640018371831005, 41.980101038524602 ], [ -120.639599505454001, 41.979718672685202 ], [ -120.639182927299998, 41.9794174064725 ], [ -120.638484223340001, 41.979218404321898 ], [ -120.637381097870005, 41.979042591747898 ], [ -120.636225331098004, 41.979005277162301 ], [ -120.635467050502996, 41.9789896523639 ], [ -120.634548689040997, 41.979222890434997 ], [ -120.633749756466997, 41.9794901052692 ], [ -120.632908446802006, 41.979801470220202 ], [ -120.632497344526996, 41.980004628987899 ], [ -120.632091509616998, 41.980167367963197 ], [ -120.631462210585994, 41.980253444519498 ], [ -120.630555005164993, 41.980225706661997 ], [ -120.629312039826004, 41.980200030421798 ], [ -120.628291845133006, 41.980066370945302 ], [ -120.627723082076002, 41.980005079319298 ], [ -120.626874840816001, 41.979933501512903 ], [ -120.626341170298005, 41.979841407889701 ], [ -120.625929940117004, 41.979661785422799 ], [ -120.625515777435993, 41.979419058807899 ], [ -120.625238303686999, 41.979273722974703 ], [ -120.624908822216, 41.979127309872098 ], [ -120.624730596347007, 41.979011045298897 ], [ -120.624578504018999, 41.978962866506201 ], [ -120.624418120669006, 41.978914515844899 ], [ -120.624021891300998, 41.978676658167203 ], [ -120.623492832164004, 41.978197388898501 ], [ -120.622841761041002, 41.977814655284 ], [ -120.622069932659002, 41.977312337293696 ], [ -120.621453633423002, 41.9771104364671 ], [ -120.620804925547006, 41.977069968266797 ], [ -120.619816876757, 41.976945906195397 ], [ -120.619177130389005, 41.976968656681102 ], [ -120.618712670125007, 41.976922993800201 ], [ -120.618110109154003, 41.976919492111698 ], [ -120.617222567162003, 41.976770476208301 ], [ -120.616466851618995, 41.976565653177097 ], [ -120.616074257178994, 41.976453927607203 ], [ -120.615314375210005, 41.976118423496402 ], [ -120.614610870549996, 41.975707535539101 ], [ -120.613763489296005, 41.975392716982 ], [ -120.613028574916996, 41.975156783004103 ], [ -120.612485105226995, 41.974924828284102 ], [ -120.612204771972003, 41.974635305605503 ], [ -120.612133567857001, 41.974219547915297 ], [ -120.612243480036, 41.9739426494856 ], [ -120.612296435797006, 41.973736613622101 ], [ -120.612279565910001, 41.973421052655603 ], [ -120.612157361659996, 41.973017742544101 ], [ -120.611868168178006, 41.972683004623498 ], [ -120.611429726013, 41.9725072669521 ], [ -120.611107855520004, 41.972320445804101 ], [ -120.610338851349994, 41.971908167952499 ], [ -120.609833724449004, 41.971478867361 ], [ -120.609705369357997, 41.971381630419401 ], [ -120.609579145154001, 41.9710863057701 ], [ -120.609339978481003, 41.970685058749901 ], [ -120.609386283917999, 41.970253735620403 ], [ -120.609423720923004, 41.969777197665103 ], [ -120.609471685257006, 41.969422460005603 ], [ -120.609362163960995, 41.968942860043001 ], [ -120.609403895769006, 41.9683313214598 ], [ -120.609499863910997, 41.967842493844003 ], [ -120.609541957824007, 41.967523657749197 ], [ -120.609519776100996, 41.967027865427099 ], [ -120.609365386090005, 41.966497797475498 ], [ -120.609283262725, 41.965951223075699 ], [ -120.608919429685997, 41.965596910349802 ], [ -120.608482254796996, 41.965227558798901 ], [ -120.608102315107999, 41.965062033878901 ], [ -120.607567149356996, 41.964852744126503 ], [ -120.606792740166, 41.964769049062603 ], [ -120.606106669811993, 41.964682688907203 ], [ -120.605416120130002, 41.9644341230957 ], [ -120.604633166496995, 41.964075552029001 ], [ -120.603676712047999, 41.963798909218099 ], [ -120.602653140876996, 41.963723491206899 ], [ -120.602256756502001, 41.963755735455003 ], [ -120.601667320315002, 41.963968566240503 ], [ -120.600632328900005, 41.964257634513899 ], [ -120.599819603892996, 41.9646323971523 ], [ -120.599286528600999, 41.964769843580001 ], [ -120.597701828710996, 41.964353920192799 ], [ -120.597231617765004, 41.963862253337901 ], [ -120.596951647655004, 41.963586210062203 ], [ -120.596594280030004, 41.9631824608987 ], [ -120.596165221714003, 41.962840250677097 ], [ -120.595663735303006, 41.962519036149601 ], [ -120.595106442711, 41.962318230761298 ], [ -120.594205016079002, 41.9621642435024 ], [ -120.593547721831996, 41.962055896707497 ], [ -120.592541919173001, 41.9618501742398 ], [ -120.591854998708996, 41.961727687137603 ], [ -120.590795046118004, 41.961678417818597 ], [ -120.590473080793998, 41.961757213912101 ], [ -120.590393398456001, 41.961530390609298 ], [ -120.590292470836999, 41.961086977115002 ], [ -120.590331943267003, 41.960660021183102 ], [ -120.590319667399001, 41.960245487430903 ], [ -120.590282542468003, 41.9599700247743 ], [ -120.590215489198002, 41.959428256541599 ], [ -120.590162381067998, 41.958616601092999 ], [ -120.589960739534007, 41.958004460818103 ], [ -120.589802704790998, 41.9575958712038 ], [ -120.589449856258994, 41.957354302767399 ], [ -120.588857805835005, 41.956977119894098 ], [ -120.588306482991996, 41.956699856049703 ], [ -120.587684327917003, 41.956281507366803 ], [ -120.587396164945005, 41.955964741552499 ], [ -120.586957294490006, 41.9529880343717 ], [ -120.586999541043994, 41.952408035394399 ], [ -120.587030665559993, 41.951962892573 ], [ -120.586880589369997, 41.951603999145597 ], [ -120.586751461741997, 41.951209522067501 ], [ -120.586505876824006, 41.950844116358397 ], [ -120.586377166579993, 41.950458653622498 ], [ -120.586324093059005, 41.950146829886201 ], [ -120.586193826083999, 41.949702795106901 ], [ -120.586101621683, 41.9493090939608 ], [ -120.586082778610006, 41.949169104388098 ], [ -120.585983381461006, 41.948766245794701 ], [ -120.585801720280003, 41.948325632251397 ], [ -120.585684570729995, 41.9480935140786 ], [ -120.585332262403, 41.947599776003997 ], [ -120.585116079521001, 41.947234985966197 ], [ -120.584521201453001, 41.946736140051897 ], [ -120.583853745113998, 41.946262780857097 ], [ -120.583492230439006, 41.9459534665273 ], [ -120.583101655598, 41.945675060007297 ], [ -120.582659541279995, 41.945364045338799 ], [ -120.582297624275995, 41.945045712765399 ], [ -120.582022367446996, 41.944688678182999 ], [ -120.581916124608, 41.944308186741502 ], [ -120.581756178990005, 41.943872527332402 ], [ -120.581566783555004, 41.943418234958003 ], [ -120.581514638307993, 41.942863265971297 ], [ -120.581210990372995, 41.942280480597098 ], [ -120.580870776959003, 41.941687917495997 ], [ -120.580625337917994, 41.941061327610797 ], [ -120.580114751286004, 41.940429145788301 ], [ -120.579644514947006, 41.939667225534102 ], [ -120.579248195825997, 41.939163534274101 ], [ -120.578879851308002, 41.938637916846403 ], [ -120.578390017242995, 41.938195291580598 ], [ -120.577886918947002, 41.937824432400703 ], [ -120.577438893581004, 41.937333152471197 ], [ -120.576692947870995, 41.936686980203703 ], [ -120.576276547095006, 41.936236890686999 ], [ -120.575793453960003, 41.935537725139 ], [ -120.575307415946995, 41.9349961006873 ], [ -120.574895099848007, 41.934717206867397 ], [ -120.574547177561996, 41.934628799137101 ], [ -120.574002783527007, 41.9346127879286 ], [ -120.573646295222005, 41.934452148201999 ], [ -120.573327168434005, 41.934359842644803 ], [ -120.572836955842007, 41.9341873663504 ], [ -120.572253741655999, 41.933823793932604 ], [ -120.571842863984998, 41.933328775118397 ], [ -120.571345004777001, 41.932881447023703 ], [ -120.570894314626997, 41.932264000881403 ], [ -120.570572470423997, 41.9318068862855 ], [ -120.570067030382006, 41.931341380102602 ], [ -120.569471813255007, 41.931076605661701 ], [ -120.568848964763006, 41.930626619276303 ], [ -120.568300824939996, 41.930214236805803 ], [ -120.567501827225996, 41.929778522221 ], [ -120.566686098692003, 41.929247884074698 ], [ -120.565875006192996, 41.928892955934501 ], [ -120.565389888878002, 41.928607980762202 ], [ -120.565128007420995, 41.928458327887803 ], [ -120.564759630422998, 41.928175827090399 ], [ -120.564574262660003, 41.927996275624302 ], [ -120.564332758247005, 41.927608393803503 ], [ -120.564403830101, 41.927285685485103 ], [ -120.564593518574, 41.926717828936297 ], [ -120.564882065636994, 41.926007973497498 ], [ -120.565168244226996, 41.925221515742997 ], [ -120.565044364989006, 41.924475889928601 ], [ -120.564995965772994, 41.923826428895097 ], [ -120.564998704963998, 41.923655372473704 ], [ -120.565164209260004, 41.923267122010998 ], [ -120.565433188604999, 41.9229125877252 ], [ -120.565653352175005, 41.922394908663399 ], [ -120.565829184706004, 41.921853773692902 ], [ -120.566106335236, 41.921521926113897 ], [ -120.566305951546994, 41.921048840004403 ], [ -120.566516178189005, 41.920693056944103 ], [ -120.566430226155006, 41.920515616545202 ], [ -120.566322808574, 41.920090054902602 ], [ -120.566080219615998, 41.919314893910403 ], [ -120.565931696120998, 41.918721848332297 ], [ -120.565600880773005, 41.918205989881699 ], [ -120.565306248506005, 41.9176503709798 ], [ -120.564924856283, 41.9168992805089 ], [ -120.564667645775003, 41.916132812090702 ], [ -120.564554154888995, 41.9154909747934 ], [ -120.564574385141995, 41.9149195206207 ], [ -120.564530509151993, 41.914666420327897 ], [ -120.564672101278006, 41.914232632271002 ], [ -120.5648371013, 41.913817352807698 ], [ -120.565308034368002, 41.913323006769403 ], [ -120.565679741580993, 41.9127229844092 ], [ -120.565995007075003, 41.912180302931603 ], [ -120.566593535601996, 41.911540057850303 ], [ -120.566941748166002, 41.9111016417691 ], [ -120.566935066772004, 41.910880851965501 ], [ -120.567279264492996, 41.910329774066597 ], [ -120.567397279033997, 41.908274393473597 ], [ -120.568280356055993, 41.907838303434197 ], [ -120.569042044010999, 41.907503204786899 ], [ -120.569615031783002, 41.9072361533118 ], [ -120.570003009312003, 41.906920151296198 ], [ -120.570123364070994, 41.906508421179197 ], [ -120.570149932934001, 41.905887565908202 ], [ -120.569767012452999, 41.905613778959001 ], [ -120.569316571341005, 41.905253003106097 ], [ -120.568683231174006, 41.904946890109201 ], [ -120.568149298761, 41.904503286312703 ], [ -120.567681234176007, 41.9038134095454 ], [ -120.567724733559004, 41.9032829741192 ], [ -120.567883216729001, 41.902899072445202 ], [ -120.568248540444998, 41.902325923299799 ], [ -120.568572149380003, 41.901819434568502 ], [ -120.568937748772996, 41.900980610107702 ], [ -120.569412945013994, 41.900648445055602 ], [ -120.569714419811007, 41.900407162952199 ], [ -120.570228210650001, 41.900129848124998 ], [ -120.570830866725998, 41.899912951406797 ], [ -120.571339008552002, 41.899685045319103 ], [ -120.571993187464003, 41.899460226701201 ], [ -120.572546289412998, 41.899278296733002 ], [ -120.573134968093001, 41.899052086074398 ], [ -120.573625013763007, 41.898724720325603 ], [ -120.573875829372994, 41.898527386354502 ], [ -120.574015288631998, 41.898246643303999 ], [ -120.574081941637999, 41.898018397501602 ], [ -120.574044015113998, 41.897706886405899 ], [ -120.573758444697006, 41.8974892068548 ], [ -120.573462591725004, 41.896906563359501 ], [ -120.573247458957994, 41.8965597838056 ], [ -120.573070832506005, 41.896051708868903 ], [ -120.572959327776999, 41.895594544237198 ], [ -120.572798981258998, 41.895253425448999 ], [ -120.572709692014996, 41.894846263774603 ], [ -120.572610915314002, 41.894610016722297 ], [ -120.572572328776005, 41.894415570017699 ], [ -120.572484702355993, 41.8941435343975 ], [ -120.572359186127002, 41.893758121309901 ], [ -120.572256651513001, 41.893283133485703 ], [ -120.572186111788, 41.893097016759697 ], [ -120.572002303334003, 41.892480715186103 ], [ -120.571687428927007, 41.891884155354703 ], [ -120.571445365724003, 41.8915728267879 ], [ -120.571128865694007, 41.891039273525998 ], [ -120.571039966791005, 41.890920313088102 ], [ -120.570932510603996, 41.890674874745898 ], [ -120.570855533217994, 41.890380547991697 ], [ -120.570854213472998, 41.889898694940797 ], [ -120.570946888310004, 41.889540413341599 ], [ -120.570891064305997, 41.889025885360198 ], [ -120.570876029466007, 41.8888859729228 ], [ -120.570995893429995, 41.888168023516201 ], [ -120.571115419345006, 41.887220411680197 ], [ -120.571141614883999, 41.886847213691503 ], [ -120.571185408541993, 41.886307775580804 ], [ -120.571212308949001, 41.886114714091399 ], [ -120.571405973135995, 41.885555932144797 ], [ -120.571435658628005, 41.885209826087497 ], [ -120.571854815644002, 41.884822427141501 ], [ -120.572088427028007, 41.884521162463798 ], [ -120.572210535593001, 41.884379648197601 ], [ -120.572300905968007, 41.884300505048699 ], [ -120.572494198986007, 41.884128974896903 ], [ -120.572696110406994, 41.883948620596598 ], [ -120.572903146719995, 41.883732349961498 ], [ -120.573123642192002, 41.883399284404497 ], [ -120.573197140160005, 41.883288262440701 ], [ -120.573214134685003, 41.883018439151797 ], [ -120.573347238707001, 41.882566446057801 ], [ -120.573410678846002, 41.882243568185999 ], [ -120.573425822656006, 41.881744050402098 ], [ -120.573544892542003, 41.8812647419808 ], [ -120.573049486545997, 41.879867329154798 ], [ -120.572875445522996, 41.879670017788101 ], [ -120.572677692810998, 41.879422671170303 ], [ -120.572466495070003, 41.879152524604898 ], [ -120.572075100896996, 41.878648910489801 ], [ -120.571800340598998, 41.878287357123099 ], [ -120.571480389458998, 41.877866307283 ], [ -120.570961368366, 41.877193376034498 ], [ -120.570562372335004, 41.876712111084899 ], [ -120.570139783638993, 41.876257363549698 ], [ -120.569653077393994, 41.875904826862303 ], [ -120.569362759889003, 41.875696041825201 ], [ -120.568889296486006, 41.875312261030402 ], [ -120.569238447668994, 41.875220589117802 ], [ -120.570001513560996, 41.875196219962099 ], [ -120.570617670925998, 41.875173239288102 ], [ -120.570973138534001, 41.875014150044201 ], [ -120.571530911139007, 41.875021450140302 ], [ -120.571821347474, 41.875068122489402 ], [ -120.571994067877, 41.874981715499501 ], [ -120.572245785836998, 41.8747979121935 ], [ -120.572571630596002, 41.8746652096453 ], [ -120.573204832556002, 41.874529999277598 ], [ -120.573974250405001, 41.8744967318259 ], [ -120.574937417816002, 41.874557614110898 ], [ -120.575672338624003, 41.874600158220098 ], [ -120.576195056209002, 41.874638216497203 ], [ -120.576818464734004, 41.8746423738814 ], [ -120.577426023607998, 41.874587653669003 ], [ -120.577855434425004, 41.8744841402955 ], [ -120.578530570544999, 41.874255221301297 ], [ -120.579058213501, 41.874023187313398 ], [ -120.579598522501001, 41.873714866083702 ], [ -120.580038072727007, 41.873701619346001 ], [ -120.580783307949005, 41.873829906132102 ], [ -120.581190507406006, 41.8739555677247 ], [ -120.581548360886003, 41.874111709472601 ], [ -120.581917267288006, 41.874394168454202 ], [ -120.582171826381, 41.874773284638103 ], [ -120.582314382621007, 41.8750869982618 ], [ -120.582432025336999, 41.875242580097797 ], [ -120.582656694723994, 41.875395912979698 ], [ -120.582952801426998, 41.875492210174997 ], [ -120.583290022182993, 41.875476796008897 ], [ -120.583759684881002, 41.875464169112497 ], [ -120.584448932094006, 41.875420137479701 ], [ -120.584828238819, 41.875347064830201 ], [ -120.585210100885007, 41.875346093538198 ], [ -120.585647080898994, 41.875481372035999 ], [ -120.586105452447995, 41.875648620151601 ], [ -120.586012620644993, 41.8751738470691 ], [ -120.585876688488, 41.874783725364701 ], [ -120.585810342331996, 41.874525655762604 ], [ -120.585513467170998, 41.8729298325825 ], [ -120.585532627527996, 41.872560985120799 ], [ -120.585493662478001, 41.872055823210403 ], [ -120.585501236300999, 41.871614683067797 ], [ -120.585566674678006, 41.871156747926399 ], [ -120.585685422134006, 41.8707629768722 ], [ -120.585776232735995, 41.870391133324503 ], [ -120.585878537450995, 41.869933973351699 ], [ -120.585991752471003, 41.869386981566201 ], [ -120.586082145277004, 41.869006122779197 ], [ -120.586204705118007, 41.868490848633499 ], [ -120.586345698117995, 41.867885900766098 ], [ -120.586364100078995, 41.8673369145518 ], [ -120.586375146720997, 41.866783270557399 ], [ -120.586345844250005, 41.866341354521801 ], [ -120.586301907757999, 41.8659081368315 ], [ -120.586273867955001, 41.865272615683601 ], [ -120.586279609151006, 41.864799915057297 ], [ -120.586266915953004, 41.864416887954903 ], [ -120.586101905521005, 41.863859541249496 ], [ -120.585874392877997, 41.863422462361498 ], [ -120.583641927943006, 41.860462004855897 ], [ -120.583548337360995, 41.860068268093997 ], [ -120.583461274911997, 41.859661159490301 ], [ -120.583299858879997, 41.859009319898902 ], [ -120.583101508332007, 41.858338690072898 ], [ -120.582825462659997, 41.857751981930797 ], [ -120.582604614773004, 41.857279012230798 ], [ -120.582444588876001, 41.856870366051602 ], [ -120.582299135061007, 41.856254885592499 ], [ -120.582203174236, 41.855784545533901 ], [ -120.582091756021001, 41.855304873628498 ], [ -120.581892148660998, 41.854368534112403 ], [ -120.581757266872998, 41.853852342974797 ], [ -120.581591736139004, 41.853290475237202 ], [ -120.581419850941998, 41.852737479470299 ], [ -120.581246729409003, 41.852157438961299 ], [ -120.581045829952998, 41.851635352648302 ], [ -120.580782978569999, 41.850999383573203 ], [ -120.580510920025006, 41.850547845579698 ], [ -120.580286622450004, 41.850187375126303 ], [ -120.580030270831003, 41.849758682424003 ], [ -120.579810367660002, 41.849321751507297 ], [ -120.579600369825002, 41.848961581192 ], [ -120.579415435431997, 41.848475853095799 ], [ -120.579255619102995, 41.848062703512497 ], [ -120.578951212427, 41.8475114120182 ], [ -120.578709340824005, 41.847078518637701 ], [ -120.578438793204, 41.846667535131502 ], [ -120.578124137705998, 41.846228601937 ], [ -120.577700106635007, 41.8456162431454 ], [ -120.577325385882006, 41.845153524843397 ], [ -120.576968260656997, 41.844763225865997 ], [ -120.576619461256996, 41.844431641468702 ], [ -120.576240532201993, 41.844040879903098 ], [ -120.575685278204006, 41.843236613781002 ], [ -120.575686622218001, 41.842822359624797 ], [ -120.575693013790996, 41.8423541751892 ], [ -120.575781825774001, 41.841716614660697 ], [ -120.576029327439997, 41.841222000380299 ], [ -120.576581087201006, 41.840603220302398 ], [ -120.577051901396004, 41.840194373353903 ], [ -120.577907511364003, 41.8396810675479 ], [ -120.578381175329, 41.839375845849801 ], [ -120.578659173716005, 41.839129538046102 ], [ -120.579154607980001, 41.8385861093156 ], [ -120.579391886411997, 41.838221860941204 ], [ -120.579451074253001, 41.8380294767829 ], [ -120.579370027037996, 41.837563950911701 ], [ -120.579142232966007, 41.837117845629599 ], [ -120.578863228895003, 41.836652647477003 ], [ -120.578690167201998, 41.836072603360499 ], [ -120.578505557973997, 41.835379738429403 ], [ -120.578476313965993, 41.834937819953502 ], [ -120.578489789336004, 41.834460777990301 ], [ -120.578555639849, 41.834011859287301 ], [ -120.578740285145997, 41.833605973973903 ], [ -120.579032098845005, 41.833112286987998 ], [ -120.579317869259, 41.832658999475697 ], [ -120.579588182668999, 41.832196379128703 ], [ -120.579723442726007, 41.831622836798502 ], [ -120.579619052265997, 41.830918155271 ], [ -120.579580933882994, 41.830192355551503 ], [ -120.579562690619994, 41.829638091910503 ], [ -120.579602348829994, 41.829085049076603 ], [ -120.579698130645994, 41.828420612444503 ], [ -120.579806435196005, 41.827923053729101 ], [ -120.579708291670997, 41.827412136197701 ], [ -120.579570082575003, 41.826985932361097 ], [ -120.579337972725995, 41.8263956373086 ], [ -120.579144509401004, 41.825878206099603 ], [ -120.579019598401999, 41.825438772725398 ], [ -120.578943326228, 41.825126451362301 ], [ -120.578890997282002, 41.824877678097202 ], [ -120.579267384291001, 41.824714498510303 ], [ -120.580042313441993, 41.824658787722299 ], [ -120.580638667908005, 41.824509246600499 ], [ -120.581392645433993, 41.824250446252698 ], [ -120.582894134225995, 41.8237642160083 ], [ -120.583616605377998, 41.823662345558397 ], [ -120.584320144320998, 41.823663643151299 ], [ -120.585387905844001, 41.823564523915799 ], [ -120.586100050026999, 41.823376861893799 ], [ -120.586803843587006, 41.823171007525701 ], [ -120.587513758184997, 41.822902234200903 ], [ -120.588245471959993, 41.822633914415803 ], [ -120.589059948214, 41.822425868267899 ], [ -120.589795853736007, 41.822306228508502 ], [ -120.590600823613997, 41.8222510768354 ], [ -120.591502925973003, 41.822274509963499 ], [ -120.592992190242001, 41.822512887877103 ], [ -120.593621383921004, 41.8227107054771 ], [ -120.593922493080996, 41.822928662208902 ], [ -120.594402519249996, 41.823271950993401 ], [ -120.595103796987999, 41.823836021383698 ], [ -120.595570873148006, 41.824224064914901 ], [ -120.596030279101001, 41.824575921202701 ], [ -120.596543201276006, 41.824784797218399 ], [ -120.597066743097997, 41.824669670694298 ], [ -120.597742998539005, 41.824274042819702 ], [ -120.598141168138994, 41.823687966158502 ], [ -120.598410201361006, 41.8229730999401 ], [ -120.598563790800995, 41.822507991306097 ], [ -120.598717951528002, 41.822087925306803 ], [ -120.601519639713999, 41.818233305242003 ], [ -120.601328895373996, 41.817941121704898 ], [ -120.601077295386006, 41.817445026814802 ], [ -120.600781844900993, 41.816934505637903 ], [ -120.600428551994995, 41.816220135271301 ], [ -120.600242046380004, 41.815693877397003 ], [ -120.600117254099999, 41.815267977477198 ], [ -120.600101227305004, 41.815213605259501 ], [ -120.599836575229006, 41.814523601459101 ], [ -120.599622252939994, 41.814037288819499 ], [ -120.599345642241005, 41.813446101962299 ], [ -120.599338610494996, 41.812788502393403 ], [ -120.599418906517997, 41.812330865274198 ], [ -120.599607713661996, 41.811848478361199 ], [ -120.599734316189, 41.811238703721898 ], [ -120.599569629973004, 41.810712900668797 ], [ -120.599276176496005, 41.810049311642899 ], [ -120.598928327080998, 41.809492658616797 ], [ -120.598523331680994, 41.809015864982698 ], [ -120.598032218837005, 41.8085687898797 ], [ -120.597544840357997, 41.808243374583498 ], [ -120.596989743235994, 41.807857999470698 ], [ -120.596790081834996, 41.807362981961603 ], [ -120.597205584521006, 41.806853822177601 ], [ -120.597626795753001, 41.806533910607101 ], [ -120.598468662409999, 41.806069692136198 ], [ -120.599102020130005, 41.805709181568098 ], [ -120.599708044207006, 41.8054156425396 ], [ -120.600995941435002, 41.804690543459699 ], [ -120.602413610358994, 41.803914102604402 ], [ -120.603505382598001, 41.803464071523003 ], [ -120.604242244562002, 41.803150723740004 ], [ -120.609012912064998, 41.800728436094801 ], [ -120.609188730023007, 41.800511445091402 ], [ -120.609516731867004, 41.800004920350403 ], [ -120.609859509030997, 41.799525720881803 ], [ -120.610278953567004, 41.798926532126302 ], [ -120.610719928419002, 41.798516920572197 ], [ -120.61136533861, 41.798111560788001 ], [ -120.611912443052006, 41.797821233508103 ], [ -120.612470898808994, 41.797630208157798 ], [ -120.613117791172002, 41.797468037381599 ], [ -120.613838839764, 41.797334422888198 ], [ -120.615008683265003, 41.797268668245003 ], [ -120.615856918613005, 41.7972142360343 ], [ -120.616631577120003, 41.7971357545782 ], [ -120.617517559833004, 41.7971181186007 ], [ -120.618197263935002, 41.797064674758602 ], [ -120.618941183984006, 41.796963024391701 ], [ -120.619587655879002, 41.796994442313398 ], [ -120.619849221229003, 41.797040393241602 ], [ -120.620032435924003, 41.796927110299698 ], [ -120.620636560471993, 41.7961515862863 ], [ -120.620933691286993, 41.795419232231801 ], [ -120.621013026154003, 41.7947183895295 ], [ -120.620946976073, 41.794064068521102 ], [ -120.620823227255002, 41.7934445767375 ], [ -120.620649629867003, 41.792851070454098 ], [ -120.620326133421997, 41.792182407122802 ], [ -120.619944880825997, 41.7917331985225 ], [ -120.619560306222994, 41.7914145102947 ], [ -120.619087971403999, 41.791089497775701 ], [ -120.618427579886998, 41.790643501435703 ], [ -120.618003096994002, 41.790224911507799 ], [ -120.617701615772006, 41.789754834827399 ], [ -120.617286471149001, 41.788962676891501 ], [ -120.617039435514002, 41.788363137786298 ], [ -120.616610375937, 41.787804850902702 ], [ -120.616274589588997, 41.787185455229903 ], [ -120.616073904844995, 41.786451782586397 ], [ -120.616133637819004, 41.785408298147402 ], [ -120.616527369858005, 41.784686966273803 ], [ -120.616865910418994, 41.784095078001499 ], [ -120.616994458139004, 41.783548364805299 ], [ -120.617309438825004, 41.78290194857 ], [ -120.617892333943004, 41.782148511974299 ], [ -120.618416540026004, 41.781619011287098 ], [ -120.619104950644001, 41.780939806904598 ], [ -120.619921519751998, 41.780393845681303 ], [ -120.620825990403006, 41.779849699998501 ], [ -120.621363115652997, 41.779478062681498 ], [ -120.621842967400994, 41.779150267838403 ], [ -120.622565824622001, 41.778656383931498 ], [ -120.623248275134998, 41.778238212190203 ], [ -120.623822111677001, 41.777889838700901 ], [ -120.624477163772994, 41.777480098762197 ], [ -120.625130783879001, 41.77704780973 ], [ -120.625702852068002, 41.776726408881203 ], [ -120.626034491355, 41.776481090760697 ], [ -120.626610769235995, 41.775984150117203 ], [ -120.627116087138006, 41.775535274525701 ], [ -120.627493773203994, 41.775182828444102 ], [ -120.627995809590004, 41.774679843426803 ], [ -120.628532555863003, 41.774132541666297 ], [ -120.629167532085006, 41.773510712285201 ], [ -120.629895562227006, 41.772832259311897 ], [ -120.630558677284995, 41.772323581249601 ], [ -120.631015326996007, 41.772071821702497 ], [ -120.631458206931001, 41.771846795097801 ], [ -120.632187161076999, 41.7713259561163 ], [ -120.632868796644999, 41.770885193421698 ], [ -120.633505509759004, 41.770438997611599 ], [ -120.634057585345005, 41.770045091936801 ], [ -120.634788180342994, 41.769560295004503 ], [ -120.635301515937002, 41.769422264282397 ], [ -120.636060884635995, 41.769361347034597 ], [ -120.636663592027006, 41.769369250661299 ], [ -120.637318906565994, 41.769418761897001 ], [ -120.638041599855001, 41.769496674277597 ], [ -120.638936195319005, 41.769623148430803 ], [ -120.643022984366993, 41.768360670534598 ], [ -120.643337545522002, 41.768065416331403 ], [ -120.644040425637002, 41.767760116835703 ], [ -120.644928629172995, 41.767485633035697 ], [ -120.645941959902004, 41.767222713945898 ], [ -120.646462668241995, 41.767210872261501 ], [ -120.647214650532007, 41.767289327111897 ], [ -120.648149593556994, 41.767484103302998 ], [ -120.649026881137999, 41.7677137166257 ], [ -120.649723981704994, 41.767709974707799 ], [ -120.650351937558, 41.767520184585102 ], [ -120.651092011998003, 41.767080508266901 ], [ -120.651975778616006, 41.7665762182572 ], [ -120.652775699630993, 41.7661647735655 ], [ -120.653739990180995, 41.765657612620302 ], [ -120.654328387806004, 41.765273356682499 ], [ -120.655070513595007, 41.764734626826602 ], [ -120.655554020013, 41.7642986876956 ], [ -120.656079397927996, 41.7638275759588 ], [ -120.656703892265995, 41.763421528625699 ], [ -120.657327791284004, 41.7630109625266 ], [ -120.657975230668995, 41.762614382563903 ], [ -120.658987238408997, 41.7621982130714 ], [ -120.659827003130005, 41.761846071726097 ], [ -120.660731991752002, 41.761333139297101 ], [ -120.661812721407998, 41.760679677244902 ], [ -120.662607444594997, 41.760304082321802 ], [ -120.663523461826998, 41.759858899384902 ], [ -120.664359872709994, 41.759452618286197 ], [ -120.665046003102006, 41.7591063195092 ], [ -120.665669546141004, 41.758682190549997 ], [ -120.666262831593997, 41.7581178452213 ], [ -120.666661684996001, 41.757608087127302 ], [ -120.667038969276007, 41.7569672976813 ], [ -120.667703892502999, 41.756084675501199 ], [ -120.668231097586002, 41.755496461581401 ], [ -120.668840846975996, 41.754828863933497 ], [ -120.669207857817995, 41.7544085133732 ], [ -120.669542953708003, 41.753955991740398 ], [ -120.669819944953005, 41.753488780527803 ], [ -120.670176629164004, 41.752834052562797 ], [ -120.670764948143002, 41.752778439944301 ], [ -120.671924584644998, 41.752783943274501 ], [ -120.673194529697, 41.752940274570101 ], [ -120.674218941107, 41.753172676123 ], [ -120.675300729612005, 41.753523312469902 ], [ -120.676185446844997, 41.753752868421898 ], [ -120.685115230636001, 41.753383842915298 ], [ -120.686148688293002, 41.753093952687799 ], [ -120.686770496657999, 41.752921850246203 ], [ -120.687829308353002, 41.752700003092798 ], [ -120.688915608274996, 41.7527173674764 ], [ -120.689896595595997, 41.752674061800498 ], [ -120.690671354624001, 41.752491505414099 ], [ -120.691825766728002, 41.752118435843798 ], [ -120.692970020434998, 41.751839717143099 ], [ -120.694190286902995, 41.751621054562001 ], [ -120.695083967445996, 41.751454365558097 ], [ -120.695980486603005, 41.751355274153298 ], [ -120.697083670034004, 41.751404422048601 ], [ -120.698057234432994, 41.7515049992165 ], [ -120.699057197187997, 41.751561065315599 ], [ -120.700325639355995, 41.751676537719803 ], [ -120.701146952149003, 41.751810065025097 ], [ -120.702138402589, 41.751978513329298 ], [ -120.703423859663999, 41.752017737976502 ], [ -120.704585096174, 41.751914866722402 ], [ -120.705299929247005, 41.751703994288498 ], [ -120.706088811808996, 41.751228909000297 ], [ -120.706812906069004, 41.750630938562402 ], [ -120.707431770612999, 41.749990334050104 ], [ -120.707725670713003, 41.749694487949199 ], [ -120.707850713490004, 41.749602417099503 ], [ -120.707940995249004, 41.7495366713922 ], [ -120.708532132138004, 41.7490621250262 ], [ -120.708983445635994, 41.7485667733703 ], [ -120.709413499687997, 41.748034970353103 ], [ -120.709806769737, 41.747628521198699 ], [ -120.710090488144004, 41.747237898911699 ], [ -120.710351065902998, 41.7467792667399 ], [ -120.710685439203004, 41.746232041395601 ], [ -120.711056957498997, 41.745802638193503 ], [ -120.711566922225998, 41.7453264576762 ], [ -120.712041387328995, 41.744939631270803 ], [ -120.712618468998997, 41.744541337286996 ], [ -120.712803035232, 41.744423427351897 ], [ -120.713180427197997, 41.744187771048999 ], [ -120.713655724069994, 41.743967572296199 ], [ -120.714291451037994, 41.743674010621604 ], [ -120.714767143260005, 41.743548382020798 ], [ -120.715301959227006, 41.743450946836099 ], [ -120.715931066080003, 41.743301346310297 ], [ -120.716911634987994, 41.743095685550898 ], [ -120.717570570776999, 41.742973688140999 ], [ -120.718295527631, 41.742812469995798 ], [ -120.718968454831995, 41.742677232941801 ], [ -120.719583936974004, 41.742572373556399 ], [ -120.720183690848003, 41.7424446826641 ], [ -120.720893843742004, 41.742319179653698 ], [ -120.721706795493006, 41.742240743605301 ], [ -120.722615558954999, 41.7421732082475 ], [ -120.723362673346998, 41.742192525022801 ], [ -120.723686975896001, 41.742117896237502 ], [ -120.723838612513006, 41.742080373095803 ], [ -120.724137543419999, 41.741766570960998 ], [ -120.724333033235993, 41.741423699123601 ], [ -120.724748627937998, 41.740977111287798 ], [ -120.725054885256995, 41.740753515682599 ], [ -120.725272766944997, 41.740478633627497 ], [ -120.725234683739998, 41.7401311333617 ], [ -120.725173334708998, 41.739697611520398 ], [ -120.724986556830999, 41.739112999517801 ], [ -120.724827701570007, 41.738227226309398 ], [ -120.724898672481004, 41.737877383099303 ], [ -120.725020767299995, 41.7374204758882 ], [ -120.725135653524006, 41.7370399800459 ], [ -120.725388715899996, 41.736428054704596 ], [ -120.726082543982002, 41.736081539082697 ], [ -120.726851856378005, 41.736002201977598 ], [ -120.727291484698995, 41.736001896561802 ], [ -120.727988131253994, 41.736065216084597 ], [ -120.729131591843, 41.736222928190898 ], [ -120.730312957506001, 41.736435416442497 ], [ -120.730951105803001, 41.736623651414803 ], [ -120.731355858089003, 41.736888330061603 ], [ -120.732068830122998, 41.737150088089102 ], [ -120.732837828501005, 41.737165271845299 ], [ -120.733767310535995, 41.736890909512297 ], [ -120.734475999826003, 41.736612184190697 ], [ -120.734722604357998, 41.736202754357898 ], [ -120.734946087438004, 41.735617243118803 ], [ -120.735141896536007, 41.735220320042998 ], [ -120.735300788285997, 41.7348046557942 ], [ -120.735590383393003, 41.734197930815199 ], [ -120.735843571724999, 41.733707570520103 ], [ -120.736316897489999, 41.733239561731899 ], [ -120.737047985052996, 41.733006293621202 ], [ -120.737721008085998, 41.732735851414098 ], [ -120.738269175625007, 41.732489965629803 ], [ -120.738750542084006, 41.732134685032399 ], [ -120.739001052396006, 41.731698303176898 ], [ -120.739678339516999, 41.731734151194701 ], [ -120.740557460304004, 41.731692908539003 ], [ -120.741129469393996, 41.731816740829601 ], [ -120.741651018973997, 41.7320296421424 ], [ -120.742054022616003, 41.732001540569897 ], [ -120.742133197653999, 41.731714892034098 ], [ -120.742211455143007, 41.731347167684497 ], [ -120.742369726617, 41.730818900771197 ], [ -120.742497922064999, 41.730312558424302 ], [ -120.742588988611999, 41.729643370633198 ], [ -120.742614327492007, 41.728941368338504 ], [ -120.742640758481002, 41.7284870638683 ], [ -120.742747449114006, 41.727993807969597 ], [ -120.743053248102001, 41.727608038720703 ], [ -120.743548566173004, 41.727131424933198 ], [ -120.743861150582006, 41.726723270702898 ], [ -120.744122079467999, 41.726309597743501 ], [ -120.744397574556004, 41.725801642810197 ], [ -120.744896634539003, 41.7248522592838 ], [ -120.745055193102999, 41.724400548191802 ], [ -120.745199119955998, 41.723894511036001 ], [ -120.745356703686994, 41.723298677505902 ], [ -120.745337794121994, 41.722636334030703 ], [ -120.745056406667999, 41.722153469079899 ], [ -120.744738888032998, 41.721823003188 ], [ -120.744414724717004, 41.721424857720798 ], [ -120.744426085339995, 41.720992772342697 ], [ -120.744658177361003, 41.720565021692899 ], [ -120.745176242366995, 41.720187917438402 ], [ -120.746012548262996, 41.719303690290097 ], [ -120.746216036834994, 41.719005968194899 ], [ -120.746923887104003, 41.718529005966403 ], [ -120.747522898778996, 41.718221027020199 ], [ -120.748333514582995, 41.717791103508503 ], [ -120.748799821258004, 41.717453496736802 ], [ -120.749302332330998, 41.717004017060802 ], [ -120.749654304399002, 41.716605624275203 ], [ -120.749726356818002, 41.716521474849301 ], [ -120.749926835563002, 41.716309248100799 ], [ -120.749967670250996, 41.716215480489403 ], [ -120.750025246868006, 41.716072505430297 ], [ -120.750119849757994, 41.715772642991404 ], [ -120.750212302438996, 41.7154051900459 ], [ -120.750387333917004, 41.715039354487701 ], [ -120.750592051444997, 41.714403906827897 ], [ -120.750586169252003, 41.713926450260402 ], [ -120.750441562936999, 41.713441773437197 ], [ -120.750356898071004, 41.713133896115998 ], [ -120.750358647081995, 41.712674601812402 ], [ -120.750383128104005, 41.712274294605002 ], [ -120.750356773150997, 41.711931533544899 ], [ -120.750344749844004, 41.711544020955799 ], [ -120.750399468888006, 41.7112028478317 ], [ -120.750680243648006, 41.7107985536109 ], [ -120.751196467590006, 41.7104709204337 ], [ -120.751603513524003, 41.7102582314985 ], [ -120.751872926505996, 41.710114898799198 ], [ -120.752332077765004, 41.709894220668403 ], [ -120.752710838026999, 41.709717000002001 ], [ -120.753016401788003, 41.709592384805703 ], [ -120.753433713985999, 41.709537502994202 ], [ -120.753749488042999, 41.7096157306528 ], [ -120.754043056323994, 41.709684516773599 ], [ -120.754484441276006, 41.709801224411798 ], [ -120.754962108197006, 41.709954665350601 ], [ -120.755557319757997, 41.710119407805799 ], [ -120.75623292089, 41.710240685414398 ], [ -120.757017874073995, 41.710328068807399 ], [ -120.757692262068005, 41.7103547464164 ], [ -120.758373406882001, 41.710381551936003 ], [ -120.758745898814993, 41.7102762405638 ], [ -120.759265553903006, 41.710259360385102 ], [ -120.759853491469002, 41.710374403214203 ], [ -120.759978605841994, 41.710448894995103 ], [ -120.760431981994998, 41.710372174944197 ], [ -120.760796525843006, 41.710257695463099 ], [ -120.761108295851997, 41.709975566708302 ], [ -120.761367858918007, 41.709660896949799 ], [ -120.762210200759, 41.7090468598198 ], [ -120.762595589816996, 41.7088292064266 ], [ -120.763002901472007, 41.7086074754652 ], [ -120.763440207021006, 41.708408843242402 ], [ -120.763891772351002, 41.708210486952197 ], [ -120.764315317042005, 41.7080836351196 ], [ -120.764848426205006, 41.707981430066603 ], [ -120.765243229117004, 41.707903550989499 ], [ -120.766652119897998, 41.707521160896903 ], [ -120.767080795989997, 41.7072457919474 ], [ -120.767363093322004, 41.7069675761093 ], [ -120.767616524350004, 41.706720321130199 ], [ -120.768828412008006, 41.705843222585003 ], [ -120.769241698315, 41.705490991474399 ], [ -120.769523410928002, 41.705185739404797 ], [ -120.769702185186006, 41.704837958731602 ], [ -120.769748748422998, 41.704447081543897 ], [ -120.769677620981, 41.704049415834596 ], [ -120.769689052426997, 41.703783946993497 ], [ -120.769713948233004, 41.703433178130702 ], [ -120.772259005283004, 41.700226728630703 ], [ -120.772636053735994, 41.699878285112902 ], [ -120.774674866243998, 41.698341669494397 ], [ -120.775073709988007, 41.698079201561697 ], [ -120.775481066316004, 41.697852923000298 ], [ -120.775917845885999, 41.6976227094557 ], [ -120.776331821059998, 41.697378543025003 ], [ -120.776767608048004, 41.697089764844797 ], [ -120.777342858965, 41.696785670795101 ], [ -120.777771417797993, 41.696510258590301 ], [ -120.778168751471, 41.696094640246997 ], [ -120.778478995984003, 41.695699852371703 ], [ -120.778818613485996, 41.695346160809002 ], [ -120.779136331489994, 41.694974031809501 ], [ -120.779403797922001, 41.694709008271403 ], [ -120.779795428322004, 41.6944148614078 ], [ -120.780124087557994, 41.694335651939603 ], [ -120.780608485078005, 41.694466600032499 ], [ -120.781168724493, 41.694707089019801 ], [ -120.781589373475995, 41.694944879406201 ], [ -120.781899545642005, 41.695185038171601 ], [ -120.782160954278993, 41.695554848648698 ], [ -120.782494570498997, 41.6959215493115 ], [ -120.782806757119005, 41.6962563126446 ], [ -120.783453266199004, 41.696412894115099 ], [ -120.784212380946997, 41.6962429074051 ], [ -120.784636361360995, 41.696165523816198 ], [ -120.785213756668, 41.696082090394299 ], [ -120.785754816631993, 41.696006960112101 ], [ -120.786310422748997, 41.695945617346098 ], [ -120.786932648917002, 41.695912574937701 ], [ -120.788170036561993, 41.6958553504412 ], [ -120.788865483669994, 41.695855230191498 ], [ -120.790188569346995, 41.695642019923902 ], [ -120.790991343325004, 41.695468324885901 ], [ -120.791935152367998, 41.695364884160199 ], [ -120.792505893439994, 41.6953218152616 ], [ -120.793098417934004, 41.695256645807397 ], [ -120.793698986766998, 41.695263679777902 ], [ -120.794343528862001, 41.695280561496901 ], [ -120.794986545149996, 41.695144299840202 ], [ -120.795137274816, 41.694931037283801 ], [ -120.795073484911995, 41.694556043102601 ], [ -120.794981040967997, 41.694162485812598 ], [ -120.794931413384006, 41.693724717885097 ], [ -120.795042004563001, 41.693213470328303 ], [ -120.795386186279998, 41.692657170391698 ], [ -120.795725678449998, 41.692325941919002 ], [ -120.796016431750004, 41.692124371538199 ], [ -120.796277299793005, 41.691940240062799 ], [ -120.796836572955002, 41.691550179010697 ], [ -120.797307454633994, 41.691131400688597 ], [ -120.797560129383996, 41.690857044057502 ], [ -120.798027693776007, 41.690249062439001 ], [ -120.798257916669002, 41.689884208728103 ], [ -120.798552147129001, 41.689426012916698 ], [ -120.798853007692003, 41.688927414055797 ], [ -120.799233750780004, 41.6883763057903 ], [ -120.799584826550998, 41.687748072532401 ], [ -120.799870832216001, 41.687222166698596 ], [ -120.800315319546002, 41.686496648497901 ], [ -120.804169617742005, 41.685021270887603 ], [ -120.805002102741994, 41.684830031591098 ], [ -120.805381129349001, 41.684724692133003 ], [ -120.805964904470997, 41.684560216689398 ], [ -120.806418384733007, 41.684429276275502 ], [ -120.806738111287999, 41.684345316186203 ], [ -120.807190407451998, 41.6841828272673 ], [ -120.808230909311007, 41.683702823169099 ], [ -120.808769114238004, 41.683420379037202 ], [ -120.809241865025996, 41.683163703627798 ], [ -120.809561760774002, 41.683030202944401 ], [ -120.810034937769004, 41.682805055188297 ], [ -120.811119579839996, 41.679515829094697 ], [ -120.811115977990994, 41.679245564535101 ], [ -120.811140481192993, 41.678899279981998 ], [ -120.811229154564003, 41.678387597265001 ], [ -120.811253363958002, 41.678027797240901 ], [ -120.811334836811994, 41.677506970635001 ], [ -120.811372880592998, 41.677093394911402 ], [ -120.811404744049995, 41.6767292373396 ], [ -120.811640166681002, 41.676229356441198 ], [ -120.811856401225995, 41.675963279449199 ], [ -120.812145858487995, 41.675707603164 ], [ -120.812777239379002, 41.675287312692802 ], [ -120.813096537551999, 41.675059221734003 ], [ -120.813517591522995, 41.674797040539403 ], [ -120.814275521560006, 41.674541268008099 ], [ -120.815041242109004, 41.674299148419202 ], [ -120.815689010355001, 41.674059284192303 ], [ -120.816161675340993, 41.673780061438201 ], [ -120.816632431640997, 41.673401728456199 ], [ -120.816985693923002, 41.673012154238897 ], [ -120.817185299124006, 41.672615156004802 ], [ -120.817340818985002, 41.672145267408503 ], [ -120.817264242487994, 41.671923152063002 ], [ -120.817161561429998, 41.671362795166303 ], [ -120.817126200706994, 41.670920802479401 ], [ -120.817137445952994, 41.670610290293098 ], [ -120.817139141249996, 41.670182511506901 ], [ -120.817116150423004, 41.669596649016803 ], [ -120.817131978486998, 41.669106092870003 ], [ -120.817133217084006, 41.668691815133101 ], [ -120.817056817494006, 41.668420166894101 ], [ -120.816899263720003, 41.668106446922202 ], [ -120.816692124878003, 41.667949398985201 ], [ -120.816322091570996, 41.667681175780601 ], [ -120.815760670640003, 41.6672787176105 ], [ -120.815529595312995, 41.666986114201997 ], [ -120.815466587938005, 41.666651673678402 ], [ -120.815507532146995, 41.666373249170697 ], [ -120.815604348069002, 41.665974298582199 ], [ -120.815571022675996, 41.665694461775701 ], [ -120.815559626470005, 41.665365505895501 ], [ -120.815583520852996, 41.664969671898497 ], [ -120.815534648021, 41.664572454205299 ], [ -120.815486200021994, 41.6642292838768 ], [ -120.815333391994002, 41.663753533898998 ], [ -120.815131151911004, 41.663429955016497 ], [ -120.814789428634001, 41.663013657097402 ], [ -120.814476638922997, 41.662651947938997 ], [ -120.814186813834993, 41.662277165038198 ], [ -120.813938751622999, 41.661799600711397 ], [ -120.813675408321998, 41.661285718786097 ], [ -120.813458801872997, 41.660921333996903 ], [ -120.813167524351996, 41.660478971663402 ], [ -120.812907088516994, 41.660167790841001 ], [ -120.812588450733003, 41.6598464946821 ], [ -120.812166183559, 41.659460178230702 ], [ -120.811794635848997, 41.659061316477697 ], [ -120.811423983142006, 41.658680483689999 ], [ -120.811061384623997, 41.6583943720428 ], [ -120.810734970997004, 41.658059412743199 ], [ -120.810430758462999, 41.657733882213101 ], [ -120.810146851298995, 41.657318672330597 ], [ -120.809912960942, 41.656800839805598 ], [ -120.809788597622997, 41.656262578533401 ], [ -120.809688480288003, 41.655828354821899 ], [ -120.809639190697993, 41.655444636185699 ], [ -120.809590054140003, 41.655056417145303 ], [ -120.809613406289998, 41.654611037503003 ], [ -120.809703627134994, 41.654229978664702 ], [ -120.809810866308993, 41.653457458595597 ], [ -120.809926862904007, 41.652847223461301 ], [ -120.810039414949998, 41.652493609638299 ], [ -120.810106288643993, 41.652004026474401 ], [ -120.810101542262004, 41.6516346667253 ], [ -120.810176194649003, 41.6511812579988 ], [ -120.810347230602005, 41.650851274928897 ], [ -120.810597826738999, 41.6504102256797 ], [ -120.810762071821003, 41.650147661795003 ], [ -120.810859802820005, 41.649721711980597 ], [ -120.810735137799995, 41.649192452010602 ], [ -120.810744228453004, 41.648746799925902 ], [ -120.811042499308002, 41.648049970640102 ], [ -120.811280807575997, 41.647838353149702 ], [ -120.811956291022994, 41.6474594338519 ], [ -120.815722801747995, 41.6439735068003 ], [ -120.816055622099, 41.643651093653503 ], [ -120.816351682542006, 41.643350497294698 ], [ -120.816683462597993, 41.642992036154503 ], [ -120.816963656336, 41.642605574072903 ], [ -120.817236935682999, 41.642245999660403 ], [ -120.817590035348005, 41.641811384843201 ], [ -120.818061396909997, 41.641541133493902 ], [ -120.818695465321994, 41.641319002381998 ], [ -120.819241915410004, 41.641158250790397 ], [ -120.819708123360996, 41.6409959738412 ], [ -120.820087617732, 41.640890592560297 ], [ -120.820488554592998, 41.640794623379399 ], [ -120.821036900215006, 41.6407554881145 ], [ -120.821790701438999, 41.640765278591502 ], [ -120.822834625783003, 41.640604933741898 ], [ -120.823476168561001, 41.640382917692101 ], [ -120.824108298173002, 41.640039130739702 ], [ -120.824597134325003, 41.639404416131597 ], [ -120.824815990147997, 41.638809621235197 ], [ -120.824898164111005, 41.638374357046601 ], [ -120.824922713039001, 41.638046081016803 ], [ -120.824924491076004, 41.637636314503602 ], [ -120.824835462210004, 41.636981650677399 ], [ -120.824674702210004, 41.636474237510498 ], [ -120.824481030965003, 41.636186862600397 ], [ -120.824287202739995, 41.6359265041852 ], [ -120.824101465577002, 41.635693318471603 ], [ -120.823541423218003, 41.635412512785798 ], [ -120.822909514518997, 41.635238421814499 ], [ -120.822505391817998, 41.635118180970501 ], [ -120.822168436642997, 41.635053251500203 ], [ -120.821507738609, 41.634887613724302 ], [ -120.821066584275997, 41.634753155771499 ], [ -120.820316116333004, 41.634446206376303 ], [ -120.819792557219003, 41.634130048216598 ], [ -120.819281232701002, 41.6336069681225 ], [ -120.818834409117002, 41.6330625937657 ], [ -120.818397588525002, 41.632644499995997 ], [ -120.818013070169002, 41.632321967161197 ], [ -120.817627957697994, 41.631994918457004 ], [ -120.817360841530999, 41.631728652987597 ], [ -120.817013073428996, 41.631406814945301 ], [ -120.816781108933, 41.631010620290098 ], [ -120.816583990161007, 41.630493498238202 ], [ -120.816399091978994, 41.629814489241802 ], [ -120.816393281878007, 41.6293865652055 ], [ -120.816379405972995, 41.628886435022999 ], [ -120.816321314432003, 41.628340431441998 ], [ -120.816291866002004, 41.627790468880697 ], [ -120.816440483438001, 41.627410512672299 ], [ -120.816595998592007, 41.627026184016501 ], [ -120.816721428980003, 41.626510687651397 ], [ -120.816831264819996, 41.6259903914831 ], [ -120.816919954666005, 41.625474196686802 ], [ -120.817062810945998, 41.6252202225551 ], [ -120.817091348164993, 41.625108182117799 ], [ -120.816997872033994, 41.624899254143003 ], [ -120.816995538341004, 41.624746097445097 ], [ -120.816962078276006, 41.624448243596902 ], [ -120.817026145650004, 41.624350388136897 ], [ -120.817131105835998, 41.6239966211444 ], [ -120.817238085925993, 41.623827527929301 ], [ -120.817242271590999, 41.623147608289599 ], [ -120.817298906458007, 41.622536234549301 ], [ -120.817428866233001, 41.621908240361599 ], [ -120.817652212409996, 41.621691820684497 ], [ -120.817933300522995, 41.621431464083102 ], [ -120.818263521993003, 41.620537073332898 ], [ -120.818735766141998, 41.620280344221896 ], [ -120.819032004609994, 41.6195924580962 ], [ -120.819311344987, 41.619160939034202 ], [ -120.819484167019993, 41.618506735674401 ], [ -120.819325110131004, 41.617684114646003 ], [ -120.819200872240998, 41.617163875997797 ], [ -120.819078949013999, 41.6168643433532 ], [ -120.818686324791003, 41.616028281146498 ], [ -120.817887619493007, 41.615445698427997 ], [ -120.817463494912005, 41.615433139761997 ], [ -120.817060378388007, 41.615375945536698 ], [ -120.816779353377996, 41.615190473765097 ], [ -120.816144758945001, 41.614791129529898 ], [ -120.815608411425004, 41.614636828403597 ], [ -120.815188719294994, 41.614448716493598 ], [ -120.814745245938994, 41.614143064690602 ], [ -120.814348385844994, 41.613545582622201 ], [ -120.814226229035995, 41.613164980756999 ], [ -120.814249490616007, 41.612787145066697 ], [ -120.814530714100997, 41.612499779022002 ], [ -120.814820139551003, 41.612302634493297 ], [ -120.815451576602996, 41.611972389362101 ], [ -120.815980459651001, 41.611658204723902 ], [ -120.816509489430004, 41.611339517081802 ], [ -120.817155444369007, 41.611023048256499 ], [ -120.818007215945002, 41.610719490946899 ], [ -120.818463067153004, 41.610412914452198 ], [ -120.818941400369994, 41.610106762854201 ], [ -120.819312913825996, 41.610010237864003 ], [ -120.819732910754993, 41.609743505623797 ], [ -120.820138789726997, 41.609539550414603 ], [ -120.820501352809998, 41.609307752252199 ], [ -120.820919873327995, 41.608950921250198 ], [ -120.821267734832006, 41.608732351762903 ], [ -120.821753522343002, 41.608471362751601 ], [ -120.822306596646001, 41.608261183389502 ], [ -120.822889035534999, 41.608092087572899 ], [ -120.823085136697998, 41.6080147431895 ], [ -120.823475297250994, 41.607675378669903 ], [ -120.823438287596005, 41.6071477893314 ], [ -120.823251730063006, 41.606450744240597 ], [ -120.823113071926002, 41.605979772236203 ], [ -120.821045293777999, 41.602707196139598 ], [ -120.819764199, 41.602601836371498 ], [ -120.819032585882994, 41.602569939336099 ], [ -120.818490889317999, 41.602532636686099 ], [ -120.817800569981003, 41.6023213829423 ], [ -120.817482732165999, 41.602117200416203 ], [ -120.817160091866995, 41.6015661701094 ], [ -120.816988613879005, 41.600846884529801 ], [ -120.816846518776998, 41.600123653561504 ], [ -120.816757114778, 41.599572549710203 ], [ -120.816555206130005, 41.599244474161203 ], [ -120.816377224033005, 41.599051952590102 ], [ -120.816008152448006, 41.598833282416102 ], [ -120.815399223594, 41.598722634328098 ], [ -120.815053349326007, 41.598594468549003 ], [ -120.814901692229, 41.5981997957659 ], [ -120.814633687986003, 41.5978974798984 ], [ -120.814237589624, 41.5978133897218 ], [ -120.813592996159997, 41.597715563665702 ], [ -120.812580505007006, 41.597498148277801 ], [ -120.811851430345001, 41.597614863687703 ], [ -120.810726683276002, 41.5977015201494 ], [ -120.809867021098995, 41.597887788011498 ], [ -120.809487485909997, 41.597957110050999 ], [ -120.809323626828998, 41.597746833574497 ], [ -120.809150098280995, 41.597401272893002 ], [ -120.809045852354004, 41.597268689020403 ], [ -120.809057938286998, 41.597088786632597 ], [ -120.808825668295995, 41.5967285954696 ], [ -120.808367801016004, 41.596431651158397 ], [ -120.808051063950003, 41.5962409735927 ], [ -120.807758050013007, 41.595703992023203 ], [ -120.807552271868005, 41.595159667495103 ], [ -120.807642077278999, 41.594832638426603 ], [ -120.807796248280994, 41.594376240870503 ], [ -120.808109225002994, 41.593747242745998 ], [ -120.808523496782996, 41.593138188803003 ], [ -120.808842210006006, 41.592405721447498 ], [ -120.809034217922999, 41.592071633209002 ], [ -120.809164312180997, 41.591484178071198 ], [ -120.809071141112994, 41.591113129087397 ], [ -120.808667862747996, 41.590533517228202 ], [ -120.808440946542007, 41.590015810773501 ], [ -120.808185231530999, 41.589551594462499 ], [ -120.808040379166997, 41.589157042191303 ], [ -120.807718184853002, 41.588596986870002 ], [ -120.807544242766994, 41.588242408913402 ], [ -120.807424621018995, 41.588032973575302 ], [ -120.808300467460001, 41.588450477513199 ], [ -120.809301000708004, 41.588883861852203 ], [ -120.810125637460004, 41.589264349056101 ], [ -120.811026894357994, 41.5898849662128 ], [ -120.811513083986, 41.590119392857403 ], [ -120.812524707509994, 41.590336800771297 ], [ -120.813439759253001, 41.590372229209699 ], [ -120.814038186873006, 41.590325071201299 ], [ -120.814372875906997, 41.590227860860402 ], [ -120.814874754092003, 41.589575416181603 ], [ -120.815358684521996, 41.589165807723802 ], [ -120.815965948465006, 41.588745031293001 ], [ -120.819881358188994, 41.588720306529197 ], [ -120.819903501900995, 41.588819799895496 ], [ -120.820006202810006, 41.5891099613657 ], [ -120.820066146117995, 41.589534411524703 ], [ -120.819942827934995, 41.589901345132603 ], [ -120.819783119205994, 41.590191031565602 ], [ -120.819667680316002, 41.590724737487101 ], [ -120.819544619241995, 41.591195252012 ], [ -120.819428366371994, 41.591485762426103 ], [ -120.819444628385, 41.592094020296202 ], [ -120.819541389655001, 41.592649765673499 ], [ -120.819717673444998, 41.592959336771798 ], [ -120.820091643717006, 41.593254644597103 ], [ -120.820508944257995, 41.593510243096503 ], [ -120.821057757814998, 41.593556677495599 ], [ -120.821752386106994, 41.593637396682297 ], [ -120.822389120938993, 41.593856617756899 ], [ -120.823106214120003, 41.594005304401897 ], [ -120.823925986804994, 41.594110897768999 ], [ -120.824701260618994, 41.594179616308899 ], [ -120.825359780469, 41.594264133502101 ], [ -120.825959144636997, 41.594189911262099 ], [ -120.826726515809, 41.594114360097699 ], [ -120.827545272999004, 41.594116331871398 ], [ -120.828525893009001, 41.594121356600098 ], [ -120.829527208445995, 41.594068220558199 ], [ -120.830828418729993, 41.594016233853701 ], [ -120.831947674982999, 41.594001329596601 ], [ -120.832693740459007, 41.594024409802699 ], [ -120.834039606461005, 41.594004752217302 ], [ -120.835253291550003, 41.5939240455617 ], [ -120.836378553987004, 41.593796627912802 ], [ -120.837416289334996, 41.593640532045299 ], [ -120.838820014937994, 41.593392237195602 ], [ -120.839806039080003, 41.593122563745403 ], [ -120.840676200903005, 41.592954281385303 ], [ -120.841582178080998, 41.592768651782599 ], [ -120.842356564140999, 41.592571537625801 ], [ -120.843152677088, 41.592194692565599 ], [ -120.843524802236004, 41.591895449570998 ], [ -120.843822886973001, 41.591387662618999 ], [ -120.844172069663998, 41.590763746673503 ], [ -120.844396859133994, 41.590227563008099 ], [ -120.844585226020996, 41.589614138930003 ], [ -120.844678727038001, 41.589034961946403 ], [ -120.844771020535006, 41.5881990718308 ], [ -120.844649299146994, 41.586809760190398 ], [ -120.844564593792995, 41.585344585643398 ], [ -120.844597082134001, 41.584187836149098 ], [ -120.844877593912003, 41.5838688564302 ], [ -120.845285898146997, 41.582840743950896 ], [ -120.845590661914002, 41.5821979763397 ], [ -120.845913412789997, 41.581803228926603 ], [ -120.846374614273003, 41.581370545149802 ], [ -120.846933070229994, 41.581124318757901 ], [ -120.847215212563995, 41.580913443891099 ], [ -120.848303028561006, 41.580325865031803 ], [ -120.848670112413998, 41.579994986530899 ], [ -120.849141996130996, 41.578810432334201 ], [ -120.849490410206997, 41.577754162593997 ], [ -120.850092359974994, 41.576941312394197 ], [ -120.850607103672004, 41.576225901571398 ], [ -120.850901869715997, 41.575407301129097 ], [ -120.851007860139006, 41.574720270479098 ], [ -120.851120279805002, 41.573952299537297 ], [ -120.851728680565003, 41.5735989025466 ], [ -120.852330037699005, 41.573276894115999 ], [ -120.852662614292001, 41.573035424369301 ], [ -120.852781217683003, 41.572668365462697 ], [ -120.852556952233002, 41.571858074875003 ], [ -120.852018591144002, 41.571546289261597 ], [ -120.851509688384994, 41.570798226546799 ], [ -120.850833453123997, 41.570078555932803 ], [ -120.850425839845002, 41.569237812055398 ], [ -120.850325206240996, 41.568384795694101 ], [ -120.850400918321, 41.567638654864901 ], [ -120.850505141804007, 41.567275832414602 ], [ -120.850761262066996, 41.566830286795899 ], [ -120.851121363643003, 41.566503772102699 ], [ -120.851492279127001, 41.5663936195402 ], [ -120.851973002571995, 41.566272008106303 ], [ -120.852767875319003, 41.5661472577589 ], [ -120.853718125035996, 41.566174014496497 ], [ -120.854565904449998, 41.566194347164398 ], [ -120.855077810552999, 41.566217412261501 ], [ -120.856437186023996, 41.566202244484998 ], [ -120.857372606983006, 41.566224191045599 ], [ -120.857942787004006, 41.566230316343699 ], [ -120.858892269527004, 41.5661669487776 ], [ -120.861910520033007, 41.564759547103598 ], [ -120.862199743651999, 41.564102933160001 ], [ -120.862452258898003, 41.563445635662099 ], [ -120.862402398876, 41.563048412373199 ], [ -120.862582267519997, 41.562434796891402 ], [ -120.862646347525995, 41.561855054690596 ], [ -120.86288262811, 41.561530702998603 ], [ -120.862826198590994, 41.560741564888197 ], [ -120.862703388910006, 41.560351991742799 ], [ -120.862765945237996, 41.5597046704587 ], [ -120.862759662664004, 41.558803880473803 ], [ -120.862878330048005, 41.557977467718203 ], [ -120.863155275129998, 41.557009889820598 ], [ -120.863461108389004, 41.556006821146298 ], [ -120.863534356798993, 41.555125522537502 ], [ -120.863625786173998, 41.554420193111298 ], [ -120.863683264138004, 41.553426016781302 ], [ -120.863757113518005, 41.552571749048496 ], [ -120.863613805111996, 41.551780995413097 ], [ -120.863422346879005, 41.550768681233997 ], [ -120.863311786929003, 41.549802904293401 ], [ -120.863233483621002, 41.548995344864899 ], [ -120.863399971651006, 41.5479446505501 ], [ -120.863378245435001, 41.547034565109001 ], [ -120.863483280831005, 41.546302467557098 ], [ -120.863572861473003, 41.5454935251636 ], [ -120.863687204783005, 41.544842661010001 ], [ -120.863766538386002, 41.543866902868203 ], [ -120.864049359698996, 41.5428093620231 ], [ -120.864021500582993, 41.541948699143397 ], [ -120.864247585390004, 41.540565859769998 ], [ -120.864116363400001, 41.539613208336696 ], [ -120.863946934981001, 41.538592295908003 ], [ -120.863944305424994, 41.537511435664499 ], [ -120.864062002504994, 41.536666987169802 ], [ -120.864406265586993, 41.536268079663998 ], [ -120.864700960503995, 41.535462945814302 ], [ -120.864940473367, 41.534467643969599 ], [ -120.864888428409003, 41.533430898927897 ], [ -120.864748537888005, 41.532923921271198 ], [ -120.864617031422995, 41.532002787754699 ], [ -120.864565330941005, 41.531479434576497 ], [ -120.864590066852998, 41.530750345632597 ], [ -120.864565885645007, 41.530141939263501 ], [ -120.864678967610999, 41.529437008334398 ], [ -120.865803685957999, 41.528994047724098 ], [ -120.866403190772999, 41.5290096806091 ], [ -120.867305798711001, 41.528805765135402 ], [ -120.867973914287006, 41.528556962868898 ], [ -120.868626274514995, 41.528240313700401 ], [ -120.868967134132006, 41.5281025251115 ], [ -120.869578697313003, 41.527978759857 ], [ -120.870180522710001, 41.528174551580101 ], [ -120.870665872049997, 41.528381692705402 ], [ -120.871160862240998, 41.528706098475197 ], [ -120.871497538959005, 41.529221216408601 ], [ -120.872317264274002, 41.529785806300197 ], [ -120.872803955609996, 41.530546880151 ], [ -120.873186832792996, 41.531184439590199 ], [ -120.873398091346004, 41.5320529989026 ], [ -120.874065098431004, 41.533119130208199 ], [ -120.874460842318996, 41.533684869066903 ], [ -120.874965458307003, 41.533694199350599 ], [ -120.875896910666995, 41.534418447834099 ], [ -120.876547335308004, 41.534894314508598 ], [ -120.877231347662004, 41.535168145385903 ], [ -120.878091953172003, 41.535517286555098 ], [ -120.878916522330002, 41.535937810514497 ], [ -120.879925291961996, 41.536866105637998 ], [ -120.880092021232997, 41.5372204449923 ], [ -120.880351540755001, 41.537486427544501 ], [ -120.880983143581005, 41.537691718878897 ], [ -120.881738733421003, 41.537885781616403 ], [ -120.882217938002995, 41.538146801569397 ], [ -120.882939179977996, 41.538934670675602 ], [ -120.883100791757002, 41.539446529935297 ], [ -120.882913214057993, 41.540465343776098 ], [ -120.883029858642004, 41.540908823991003 ], [ -120.883021737427001, 41.541318482487398 ], [ -120.882884471441002, 41.541874373972 ], [ -120.882760770231002, 41.542335944029901 ], [ -120.882769045686999, 41.542862992431402 ], [ -120.882700456500999, 41.5435642568522 ], [ -120.882701389965007, 41.544086666526901 ], [ -120.882848797905993, 41.544620781057603 ], [ -120.882870171956995, 41.545021975833201 ], [ -120.882904526597997, 41.545346852175904 ], [ -120.884128075769993, 41.546450194532397 ], [ -120.884801020002996, 41.546516621280098 ], [ -120.885733952940996, 41.546790479059297 ], [ -120.886662081111993, 41.546821058276301 ], [ -120.887077789450998, 41.546756646948502 ], [ -120.887428086444999, 41.546745072457497 ], [ -120.887952669181999, 41.546673652262498 ], [ -120.888412882992, 41.5466460809605 ], [ -120.889056173762995, 41.546702931247097 ], [ -120.889449397256001, 41.546615581437898 ], [ -120.889952226830999, 41.546498718802503 ], [ -120.890543486488994, 41.546473544631702 ], [ -120.890930440236005, 41.546025803884397 ], [ -120.891259599449995, 41.545604021763303 ], [ -120.891455978101007, 41.545071721619202 ], [ -120.891501394776995, 41.544734800840502 ], [ -120.889707967064993, 41.542306085852701 ], [ -120.889607066370004, 41.5419529690869 ], [ -120.889729575447006, 41.541365274634799 ], [ -120.889859001337996, 41.540818237463 ], [ -120.889921716290999, 41.5401799076635 ], [ -120.889943986085996, 41.5397254742333 ], [ -120.890012508378007, 41.5390467203732 ], [ -120.890132495127006, 41.5383058636274 ], [ -120.890325889674003, 41.537611387928102 ], [ -120.890331794819005, 41.537107116566297 ], [ -120.890248971298007, 41.536497638606001 ], [ -120.890262346653998, 41.535970987320603 ], [ -120.890523091166003, 41.535831664363499 ], [ -120.891082246213998, 41.535661789138899 ], [ -120.891913346801999, 41.535514912606999 ], [ -120.892419685822006, 41.535217967161799 ], [ -120.893121272111003, 41.534352667462301 ], [ -120.893754655139006, 41.533787840949103 ], [ -120.894519796976994, 41.533225424386202 ], [ -120.895140047862, 41.532741410588002 ], [ -120.895675054215005, 41.532390934675298 ], [ -120.896113398173, 41.531948619085803 ], [ -120.896472726509003, 41.531563399944098 ], [ -120.896719254288996, 41.531468836463397 ], [ -120.897091451703005, 41.531426108989301 ], [ -120.898295513026994, 41.531835422948298 ], [ -120.898852922264993, 41.5319491916161 ], [ -120.899160710971998, 41.532044885385297 ], [ -120.899746339466006, 41.532559967849899 ], [ -120.900376295740003, 41.533071353652502 ], [ -120.900608411338993, 41.533422354895698 ], [ -120.900867129854007, 41.534039541896902 ], [ -120.900994870214006, 41.534699370515099 ], [ -120.900978420686997, 41.535045831623897 ], [ -120.901044746720999, 41.535519899360203 ], [ -120.901270801760006, 41.535942842852201 ], [ -120.902117683060993, 41.536350098163801 ], [ -120.902868548284999, 41.536715064932402 ], [ -120.903675425141998, 41.536923429519099 ], [ -120.904325767412004, 41.536921778377099 ], [ -120.905280210135004, 41.536736523221599 ], [ -120.905887504749998, 41.536815139855399 ], [ -120.906712425105994, 41.536789635252802 ], [ -120.907559830392003, 41.5367870510252 ], [ -120.908520205936, 41.536556842903103 ], [ -120.909453111955997, 41.536411691667503 ], [ -120.910200135210999, 41.536083017498797 ], [ -120.910830832453001, 41.535783747980901 ], [ -120.911398198477997, 41.535636439783502 ], [ -120.912012943872995, 41.5352738262524 ], [ -120.912635628860997, 41.5349203603568 ], [ -120.913037819638006, 41.534504343696099 ], [ -120.913455854280997, 41.534201198204997 ], [ -120.914080145843997, 41.533960338522498 ], [ -120.914476919115003, 41.533665810216299 ], [ -120.914871432891999, 41.533231634057501 ], [ -120.915287942684003, 41.532788848615397 ], [ -120.915443138176997, 41.532458411413202 ], [ -120.915977917966003, 41.532134856630201 ], [ -120.916923843918994, 41.532305118497398 ], [ -120.917981256521003, 41.532666534957002 ], [ -120.918516854662002, 41.532784316699498 ], [ -120.918912077791006, 41.532841010307898 ], [ -120.919696874202998, 41.532616535896999 ], [ -120.919848605821997, 41.532042846082199 ], [ -120.920019265451998, 41.531766723238803 ], [ -120.920459738592996, 41.531486474921699 ], [ -120.922221541572, 41.530086251610001 ], [ -120.922341954969994, 41.530466714292501 ], [ -120.922638046019003, 41.5311160528478 ], [ -120.922897140383, 41.531751211857099 ], [ -120.923032157121995, 41.532424659 ], [ -120.923195857961005, 41.533044583325697 ], [ -120.923475151716005, 41.533540500314501 ], [ -120.923895295047004, 41.534223600255302 ], [ -120.924274178307002, 41.534604225460903 ], [ -120.924742078872001, 41.5350359940456 ], [ -120.924954726044007, 41.535508187084801 ], [ -120.925169510206999, 41.536124527204201 ], [ -120.925007990908, 41.536513407656699 ], [ -120.924984612865003, 41.536846237467998 ], [ -120.924734737601, 41.537233522408599 ], [ -120.924445119149993, 41.537809232023903 ], [ -120.924242467333997, 41.538359490978898 ], [ -120.924234578346997, 41.538746641053599 ], [ -120.924217042720002, 41.539435344769998 ], [ -120.924210449434995, 41.539899075989602 ], [ -120.924269951132999, 41.540404531396497 ], [ -120.924524600401995, 41.540805429014299 ], [ -120.925107744168002, 41.541149208780297 ], [ -120.925661517600005, 41.541474441959899 ], [ -120.926473381286996, 41.541952940860902 ], [ -120.927175528646003, 41.542465482707698 ], [ -120.927759366789005, 41.5428587989853 ], [ -120.928146301428001, 41.5432710802285 ], [ -120.927893724182994, 41.543883492893201 ], [ -120.927518278576002, 41.544565743942499 ], [ -120.924750562745999, 41.546835055682699 ], [ -120.924568072249002, 41.547246073069097 ], [ -120.924515508685005, 41.5476008921827 ], [ -120.924276790839002, 41.548200036305701 ], [ -120.923843273813006, 41.548493933893702 ], [ -120.923334629346996, 41.549074689689299 ], [ -120.923630312998, 41.550160846119802 ], [ -120.923770726930996, 41.550690279644002 ], [ -120.923878336837006, 41.550980440607702 ], [ -120.923848635629994, 41.5514167332081 ], [ -120.923349441389007, 41.552146271332603 ], [ -120.923035747322999, 41.552581935548901 ], [ -120.922839572198001, 41.553091777006102 ], [ -120.922759567499, 41.553554180378697 ], [ -120.922784927785003, 41.554189616778999 ], [ -120.922897283067002, 41.554799604969404 ], [ -120.922976519401999, 41.555156804688501 ], [ -120.923225423827006, 41.5555981312177 ], [ -120.923815575076006, 41.555937540623901 ], [ -120.924523898098002, 41.5559098030458 ], [ -120.925462814282994, 41.5557015844457 ], [ -120.926484228670006, 41.555584914297697 ], [ -120.927332549395999, 41.555631739190403 ], [ -120.927634206646999, 41.556182088959702 ], [ -120.927688854832994, 41.556840569293698 ], [ -120.927654368876006, 41.557380354295702 ], [ -120.927438774544996, 41.558029458270099 ], [ -120.927089849072999, 41.558559069010499 ], [ -120.926230404687999, 41.558741714262297 ], [ -120.925436868047001, 41.5589255427087 ], [ -120.924758357108999, 41.558980844360399 ], [ -120.924303280220997, 41.558869048690703 ], [ -120.923641799294998, 41.558649944667899 ], [ -120.922914383049999, 41.558407128348499 ], [ -120.921660574271996, 41.558150286562899 ], [ -120.920812082165, 41.5581079199236 ], [ -120.919647381860003, 41.557947239291799 ], [ -120.919200443144007, 41.557862591081999 ], [ -120.918349406112, 41.5576895619906 ], [ -120.917185351030994, 41.557555888443503 ], [ -120.916156949504, 41.557235520491403 ], [ -120.915354093743005, 41.556869697223398 ], [ -120.914441412711, 41.556470351869201 ], [ -120.913699852063004, 41.556249737652202 ], [ -120.913049628435999, 41.556264953222097 ], [ -120.912531425039006, 41.556741908254502 ], [ -120.912274460288998, 41.557088504916102 ], [ -120.911878863075003, 41.5579234512482 ], [ -120.911545179672999, 41.558534351945603 ], [ -120.911162466183995, 41.5592479383088 ], [ -120.910855517355003, 41.559656670487001 ], [ -120.910396489535998, 41.560179724864398 ], [ -120.910269651377007, 41.560929483459098 ], [ -120.910377377141003, 41.561656486468699 ], [ -120.910516761514003, 41.562145385707701 ], [ -120.910701639254, 41.563153000482501 ], [ -120.910508849817006, 41.564297857429402 ], [ -120.910139683392003, 41.5654034797317 ], [ -120.909638317440994, 41.566029338194603 ], [ -120.908892531101003, 41.566448095499098 ], [ -120.908184426572006, 41.566953097885602 ], [ -120.907760872707001, 41.567814539614197 ], [ -120.907479937519, 41.568529965002497 ], [ -120.906557987720007, 41.570224457427798 ], [ -120.906291085307998, 41.570458274202501 ], [ -120.905994775215007, 41.5706510241695 ], [ -120.905481179345003, 41.570956901281399 ], [ -120.904826172007006, 41.571602454434299 ], [ -120.904029014432993, 41.571984215803901 ], [ -120.903061212344994, 41.572705114312498 ], [ -120.902555910792003, 41.573101196834003 ], [ -120.902438461184005, 41.573927673340897 ], [ -120.902328458485997, 41.574385009262002 ], [ -120.901862029091006, 41.575362732601597 ], [ -120.901654539076006, 41.576052463049102 ], [ -120.901530603905002, 41.5765230537273 ], [ -120.901334326636999, 41.577028350128003 ], [ -120.901393963139, 41.5775248095186 ], [ -120.901583250588004, 41.578392912285501 ], [ -120.902128863992004, 41.5790918885019 ], [ -120.902217538078006, 41.580034710597403 ], [ -120.902325424663999, 41.580847285609202 ], [ -120.902553797737994, 41.581828683975701 ], [ -120.902291364673999, 41.582756090310703 ], [ -120.901791363610997, 41.583472003962903 ], [ -120.901412979434994, 41.584460337958802 ], [ -120.901077232534007, 41.585381898823897 ], [ -120.900940655330004, 41.585987358011003 ], [ -120.900616224079997, 41.586674949197501 ], [ -120.900016275305006, 41.587118826948497 ], [ -120.899231158692999, 41.5878160081649 ], [ -120.898720272169001, 41.5883335607638 ], [ -120.898107924868, 41.588858262021901 ], [ -120.897509989027, 41.589423753803501 ], [ -120.896814459273997, 41.589784805232703 ], [ -120.895967389204003, 41.5903097021123 ], [ -120.894982313354006, 41.590881601681197 ], [ -120.894148942336003, 41.591330178812299 ], [ -120.893788305805998, 41.591652314481699 ], [ -120.893131200222001, 41.592144644748203 ], [ -120.892763714731998, 41.592930496936098 ], [ -120.892763912524003, 41.593385339218202 ], [ -120.892639547553003, 41.593819883859503 ], [ -120.892756486481005, 41.594258853442298 ], [ -120.893190252394007, 41.594870255909399 ], [ -120.893479714113994, 41.595123246768097 ], [ -120.893859540511997, 41.5955490204855 ], [ -120.894586302495995, 41.595728962140797 ], [ -120.895786572722002, 41.595759953278602 ], [ -120.897141401043001, 41.5954650155103 ], [ -120.898963956851006, 41.595129077336601 ], [ -120.899534423274005, 41.595157519338201 ], [ -120.900511581532996, 41.595432067185499 ], [ -120.904700482877999, 41.598485238634801 ], [ -120.904899819449, 41.598628477038098 ], [ -120.905628838435007, 41.598902960595403 ], [ -120.906546056005993, 41.598644969108499 ], [ -120.906600598699001, 41.598627949311499 ], [ -120.907383242891996, 41.598403526317597 ], [ -120.908235457773998, 41.598207384482301 ], [ -120.909250748692003, 41.598162814120201 ], [ -120.909809649341994, 41.598573779974899 ], [ -120.910062558782002, 41.5984748027143 ], [ -120.910530298585996, 41.598271650772702 ], [ -120.910873626905001, 41.598066235198999 ], [ -120.911136546429006, 41.597796309994898 ], [ -120.911553558779005, 41.597538191437202 ], [ -120.911962421433998, 41.597230386331198 ], [ -120.912298780572996, 41.596682584631999 ], [ -120.912540075964998, 41.5963852431004 ], [ -120.913072871791996, 41.595931074302698 ], [ -120.913687102400004, 41.595253213510901 ], [ -120.914169183091005, 41.594626991059201 ], [ -120.914410073238002, 41.594248577592303 ], [ -120.914665952538996, 41.594010039746401 ], [ -120.915235543516005, 41.593250299747702 ], [ -120.915959244080994, 41.592804083595297 ], [ -120.916668457927997, 41.5924116405155 ], [ -120.917486577077995, 41.591850038821299 ], [ -120.917771194438998, 41.591206711984398 ], [ -120.918114334649999, 41.590631995027699 ], [ -120.918845005872001, 41.589780583762803 ], [ -120.919546079138996, 41.589009692389297 ], [ -120.920400706506001, 41.5880794542133 ], [ -120.921861963352995, 41.586912495666098 ], [ -120.922322213071993, 41.5865650515101 ], [ -120.923178366879, 41.586684104373099 ], [ -120.923807727577, 41.587118792906097 ], [ -120.924436378400003, 41.5874588944557 ], [ -120.925314421121001, 41.587807998549799 ], [ -120.926060704944007, 41.588361873131603 ], [ -120.926822189308993, 41.588839459848401 ], [ -120.927904808413999, 41.589169717792601 ], [ -120.928920844160999, 41.589120482697901 ], [ -120.929798157730005, 41.589001189175903 ], [ -120.930770636109003, 41.588883602489901 ], [ -120.931699648882997, 41.588765225273598 ], [ -120.932818512756, 41.588735819738297 ], [ -120.933426304584003, 41.5893321891471 ], [ -120.933924237799005, 41.589917573568002 ], [ -120.934458882635994, 41.590598186426398 ], [ -120.935007265454999, 41.590707115769398 ], [ -120.935869843955999, 41.5906505583255 ], [ -120.936871596480998, 41.590555962710098 ], [ -120.937902473180998, 41.590394330383702 ], [ -120.938728733298007, 41.590206501974599 ], [ -120.939795898835996, 41.589964442794901 ], [ -120.940665830143999, 41.589723342812697 ], [ -120.941653421799998, 41.589790572993699 ], [ -120.942531169602006, 41.590058479911299 ], [ -120.943416028244002, 41.590267963555497 ], [ -120.944637647348003, 41.590569027986596 ], [ -120.945398621869998, 41.5909023750798 ], [ -120.945984747474995, 41.5912641157338 ], [ -120.946489985116997, 41.592025208181497 ], [ -120.946794251054996, 41.5927872112537 ], [ -120.947226059127999, 41.593168705217103 ], [ -120.947563342093005, 41.5936701004197 ], [ -120.948316555877994, 41.5940843503423 ], [ -120.948773462698995, 41.594313171963798 ], [ -120.949293779235006, 41.594362988471701 ], [ -120.949271030912001, 41.594749872469997 ], [ -120.949169955024999, 41.595265956388502 ], [ -120.949327761305, 41.595894741025297 ], [ -120.949362967875999, 41.596251135531503 ], [ -120.949360913562998, 41.596552824674497 ], [ -120.949481015076003, 41.596762122778898 ], [ -120.949791906417005, 41.596961314633504 ], [ -120.949909322926004, 41.596994932959298 ], [ -120.950860562090995, 41.597029912331202 ], [ -120.951437388523999, 41.596977149335103 ], [ -120.952242342369999, 41.597014012796897 ], [ -120.952659144715994, 41.596994418979797 ], [ -120.953279438200994, 41.596942421109503 ], [ -120.954041466670006, 41.597032547890997 ], [ -120.954598210482004, 41.597069478883597 ], [ -120.955236052171998, 41.597197917641097 ], [ -120.955510563380997, 41.597409956876199 ], [ -120.955884151809997, 41.597880450028299 ], [ -120.956214276083003, 41.598350168959598 ], [ -120.956481155668001, 41.5989943937549 ], [ -120.956812946279001, 41.599554207974599 ], [ -120.957103694200001, 41.6002979297701 ], [ -120.957236617451002, 41.600791160031598 ], [ -120.957302938766006, 41.601256186023001 ], [ -120.957565699685006, 41.602102986513003 ], [ -120.957803153946998, 41.602706154691099 ], [ -120.957886089606006, 41.603239026020901 ], [ -120.958012255493003, 41.603804189022199 ], [ -120.958169558041007, 41.604428448874401 ], [ -120.958168048431006, 41.604761671241498 ], [ -120.958186362801996, 41.605369951216602 ], [ -120.958291586803, 41.6059572584875 ], [ -120.958412207376995, 41.606603382919602 ], [ -120.959446627689999, 41.607216200473999 ], [ -120.959897284663995, 41.607480893944498 ], [ -120.960456878193995, 41.607715995615699 ], [ -120.961042911624006, 41.607730898769297 ], [ -120.961517317106001, 41.607694281745601 ], [ -120.961860220388004, 41.607641820360001 ], [ -120.962291373089997, 41.607644963275803 ], [ -120.963082875911994, 41.607708533014097 ], [ -120.963646281251002, 41.6077275251454 ], [ -120.963877469546006, 41.607578507277701 ], [ -120.964019388961006, 41.607310819788999 ], [ -120.964167403475997, 41.607016219884201 ], [ -120.964309503826001, 41.606766548679303 ], [ -120.964550677144999, 41.606347504198297 ], [ -120.964938253415994, 41.605899528397401 ], [ -120.965439473434998, 41.605701248661902 ], [ -120.966205597401, 41.605593219415901 ], [ -120.966812786039995, 41.605626480923704 ], [ -120.967392229254003, 41.605731302379397 ], [ -120.967914044219, 41.605880135559303 ], [ -120.968408811447006, 41.606150079180502 ], [ -120.968595302173995, 41.606229933331498 ], [ -120.968871611496994, 41.606243824232301 ], [ -120.969140392037005, 41.606163010643897 ], [ -120.969633921367006, 41.605946563153303 ], [ -120.970381656393997, 41.605635529432398 ], [ -120.971013061243994, 41.605326940237397 ], [ -120.971465516644997, 41.604889094346802 ], [ -120.971760404169004, 41.6045970769365 ], [ -120.971894647840003, 41.6043337472966 ], [ -120.971924294678999, 41.603937973755301 ], [ -120.971966133573005, 41.603416320908103 ], [ -120.972012306701998, 41.603115409774901 ], [ -120.972120842137002, 41.602212147055603 ], [ -120.972172634448, 41.6014204671703 ], [ -120.972234853366004, 41.600822616259997 ], [ -120.972219370963003, 41.600574657446799 ], [ -120.972232273613997, 41.600354219746002 ], [ -120.972233427923996, 41.600029997099497 ], [ -120.972237560175998, 41.599921989006504 ], [ -120.972260008606995, 41.599300919281397 ], [ -120.972375520580002, 41.598821096220597 ], [ -120.972648209466996, 41.598087353512597 ], [ -120.972896091040994, 41.597618871718602 ], [ -120.973894382306, 41.597037527553901 ], [ -120.974846692054001, 41.596703050093701 ], [ -120.975771492362, 41.596480664585101 ], [ -120.976444227773996, 41.596501519225903 ], [ -120.976941161289005, 41.596893055674897 ], [ -120.977407513833001, 41.5972074943069 ], [ -120.977954205244004, 41.597518841302403 ], [ -120.978672577770993, 41.597639560277699 ], [ -120.979227329612002, 41.597572759157799 ], [ -120.979885873900997, 41.597183536590201 ], [ -120.980317038517001, 41.5967272669171 ], [ -120.980649590780999, 41.596138664753099 ], [ -120.980735850404997, 41.595608781504403 ], [ -120.980716382566996, 41.5949104153026 ], [ -120.980882128052997, 41.594404445379404 ], [ -120.981100050587997, 41.593908398580098 ], [ -120.981580405944996, 41.593340403372302 ], [ -120.982548883877996, 41.593109723174301 ], [ -120.983279147811999, 41.593063996769096 ], [ -120.984542055898999, 41.592937540671301 ], [ -120.985286506652002, 41.592869533362098 ], [ -120.986257232293994, 41.592782969496497 ], [ -120.987011012840995, 41.592800678791399 ], [ -120.987597973470002, 41.592950563610003 ], [ -120.988165082755998, 41.593136124999802 ], [ -120.988790523288003, 41.593399262011403 ], [ -120.989557268355, 41.593313603642102 ], [ -120.990197293096003, 41.593131152946597 ], [ -120.992501080696002, 41.5929282368758 ], [ -120.993146693168001, 41.592056848977101 ], [ -120.993577905102995, 41.591933780082698 ], [ -120.993936561507994, 41.591804939670801 ], [ -120.994235734015007, 41.591684066731901 ], [ -120.994813020644003, 41.591347379896803 ], [ -120.995886647502999, 41.5908662315519 ], [ -120.997187220005998, 41.590343994470103 ], [ -120.998166218980003, 41.589915216100103 ], [ -120.999181460746001, 41.589356461928702 ], [ -121.000016555094007, 41.588803570515303 ], [ -121.000131463884003, 41.588724509121903 ], [ -121.000298913424004, 41.588619341490997 ], [ -121.000378466081003, 41.588422576422602 ], [ -121.000502147321995, 41.5882535994268 ], [ -121.000684173381998, 41.587919011775803 ], [ -121.000821070700994, 41.587516087872302 ], [ -121.000863736661998, 41.587251129840901 ], [ -121.001058641867004, 41.586669078879801 ], [ -121.001254704179004, 41.586316720767698 ], [ -121.001530863257003, 41.585871183857599 ], [ -121.002079000856, 41.5857230954743 ], [ -121.002678369215005, 41.5855668880357 ], [ -121.003498406272996, 41.585621667367199 ], [ -121.004311231949998, 41.585788900520399 ], [ -121.005050789896998, 41.585900815372902 ], [ -121.005687683272996, 41.585889352264502 ], [ -121.006251139970999, 41.585876611648402 ], [ -121.006865854009007, 41.585806213070398 ], [ -121.007538887113995, 41.5858629174027 ], [ -121.008219796239004, 41.585834189749598 ], [ -121.009032211041003, 41.5858933008885 ], [ -121.009845113940003, 41.5860830132671 ], [ -121.010754348156993, 41.586432006268701 ], [ -121.011341599226995, 41.586865488910199 ], [ -121.011695389066006, 41.587308439888403 ], [ -121.012099865086, 41.587761273315301 ], [ -121.012328617595003, 41.588125501683301 ], [ -121.012498603769998, 41.588596794815999 ], [ -121.012684053374997, 41.589077361868497 ], [ -121.012862424787002, 41.589715425070999 ], [ -121.012880682339997, 41.590391250120398 ], [ -121.012980431816999, 41.590537083483397 ], [ -121.013108777567993, 41.590728445112603 ], [ -121.013446407961993, 41.590941438049398 ], [ -121.014148945273007, 41.590967090103902 ], [ -121.015021936379, 41.591009192291601 ], [ -121.015686195173998, 41.591011656804497 ], [ -121.016673909548004, 41.5910782442254 ], [ -121.017478922349, 41.591087630790803 ], [ -121.017880748368, 41.591090058524102 ], [ -121.018919320684006, 41.591062932460297 ], [ -121.019621939038004, 41.591061532055598 ], [ -121.020081561156005, 41.590988390267803 ], [ -121.020900091637003, 41.590898910976897 ], [ -121.021879607293997, 41.590816700305403 ], [ -121.022616822209002, 41.590590707124797 ], [ -121.022908256731, 41.590402075048701 ], [ -121.023141498068, 41.5902529718173 ], [ -121.023430552994995, 41.5897490595083 ], [ -121.023442764346001, 41.589398004366302 ], [ -121.023623852794003, 41.589090384136099 ], [ -121.023876578596997, 41.588621873010901 ], [ -121.024012848097001, 41.588259440635397 ], [ -121.024222103414004, 41.587790181233899 ], [ -121.024372956009003, 41.5873919718655 ], [ -121.024523142454001, 41.586917192985702 ], [ -121.024653324458995, 41.5866312129153 ], [ -121.024716421641997, 41.5862585150374 ], [ -121.024779127925996, 41.585800245732401 ], [ -121.024806117070995, 41.585431430563197 ], [ -121.024803205739005, 41.585035081061498 ], [ -121.024799766951006, 41.584557661207903 ], [ -121.024826164483997, 41.584085257504498 ], [ -121.024875083512001, 41.583734832724403 ], [ -121.025032021814994, 41.5831610939886 ], [ -121.025158931228006, 41.582514784500397 ], [ -121.025315081695993, 41.581769902294099 ], [ -121.025442386364006, 41.5811596263664 ], [ -121.025469622852995, 41.580880883123598 ], [ -121.025546965264994, 41.580409354201102 ], [ -121.025702037914996, 41.5795518674812 ], [ -121.025690187943994, 41.578858139155997 ], [ -121.025687397183006, 41.578506825398499 ], [ -121.025829612465998, 41.577874287782002 ], [ -121.025944327987006, 41.577479958249803 ], [ -121.025875081321999, 41.576996904076402 ], [ -121.025784307994002, 41.576531493695398 ], [ -121.025707580578, 41.575998773351898 ], [ -121.025792387045996, 41.575626447110302 ], [ -121.025834402765, 41.575329943748301 ], [ -121.025677953625006, 41.5749534732578 ], [ -121.025677042743993, 41.574737293901997 ], [ -121.025673139646003, 41.574151783439902 ], [ -121.025622505613995, 41.573254734758699 ], [ -121.025521940136002, 41.572397358861501 ], [ -121.025518311979994, 41.571802846086001 ], [ -121.025507710772999, 41.571338812440302 ], [ -121.025460463000996, 41.570896666248501 ], [ -121.025465428396004, 41.570586016028599 ], [ -121.025455375853994, 41.5701039780635 ], [ -121.025474986714997, 41.5697800691689 ], [ -121.025625712069996, 41.569408875104301 ], [ -121.025755851081001, 41.569122892076599 ], [ -121.025805270443996, 41.568903073631603 ], [ -121.02581893048, 41.568700654596498 ], [ -121.026063269302995, 41.568110400445001 ], [ -121.026185500905001, 41.567837791292497 ], [ -121.026366037182001, 41.567521149044801 ], [ -121.026387122480003, 41.567296340313099 ], [ -121.026471902794, 41.566973550123798 ], [ -121.026609460114003, 41.566665176274498 ], [ -121.026854104326006, 41.566187510853602 ], [ -121.027041190362993, 41.5657538910163 ], [ -121.027127189439, 41.565440127997199 ], [ -121.027314198718003, 41.565033526836402 ], [ -121.027450805250993, 41.564657584254398 ], [ -121.027556929984001, 41.564100981632997 ], [ -121.027474165480001, 41.563815845880697 ], [ -121.027426980274996, 41.5633466805007 ], [ -121.027374519416995, 41.563075574983003 ], [ -121.027290766622002, 41.562601278476002 ], [ -121.027285903179006, 41.561948199111299 ], [ -121.027355133930001, 41.5612738742605 ], [ -121.027408769415004, 41.560594778220803 ], [ -121.027505921561001, 41.559889408360903 ], [ -121.027492516807001, 41.558974983649897 ], [ -121.027597227730993, 41.5582427227002 ], [ -121.027724125540999, 41.557569386777303 ], [ -121.027780945996994, 41.557376714551303 ], [ -121.027901558823004, 41.5568113526584 ], [ -121.028081536177993, 41.556314560422102 ], [ -121.028209958123995, 41.555861917682698 ], [ -121.028287495807007, 41.555529994367497 ], [ -121.028358226712996, 41.555175437092302 ], [ -121.028378564684004, 41.554851539330997 ], [ -121.028846668365006, 41.553035680286001 ], [ -121.028871106381004, 41.552576749810299 ], [ -121.029210450231005, 41.551618835162103 ], [ -121.029598322940004, 41.550715792380998 ], [ -121.029955814332993, 41.549258305540903 ], [ -121.030043468805005, 41.549012119185697 ], [ -121.030914123577006, 41.545829601174198 ], [ -121.030990984401996, 41.545173416617601 ], [ -121.031017324128001, 41.544552394005002 ], [ -121.030912057902, 41.5439966684268 ], [ -121.030763222000999, 41.543444699727502 ], [ -121.030782342175002, 41.542864084237102 ], [ -121.030537660524004, 41.542260935352502 ], [ -121.030570423203002, 41.541428361151702 ], [ -121.030742383632997, 41.540773805633897 ], [ -121.030886350711, 41.5402268527179 ], [ -121.031073747370002, 41.5396806434699 ], [ -121.031212669709006, 41.539151617366201 ], [ -121.031253256173002, 41.538999195631497 ], [ -121.031580194602, 41.538495906237799 ], [ -121.031783483536003, 41.538265208462803 ], [ -121.032352530769998, 41.538054282113002 ], [ -121.032930074735006, 41.5379831049259 ], [ -121.033792847773, 41.537894286841897 ], [ -121.034399118495998, 41.5377650489065 ], [ -121.035233086763, 41.5378603684482 ], [ -121.035987070125003, 41.537999349752702 ], [ -121.036455282722002, 41.538025362414203 ], [ -121.036820636206002, 41.537959547712902 ], [ -121.037405254774995, 41.537852441293097 ], [ -121.038083674278994, 41.537566795257497 ], [ -121.039054116263998, 41.537087975789902 ], [ -121.040368312273998, 41.536637525961197 ], [ -121.041360581551999, 41.5362536311913 ], [ -121.041528921316996, 41.536211464987097 ], [ -121.042638536295996, 41.535861082414399 ], [ -121.043259064514004, 41.535705019602702 ], [ -121.043485807329006, 41.535663844663198 ], [ -121.044260099111995, 41.535451848670803 ], [ -121.044674815589005, 41.535089621342401 ], [ -121.044974027308001, 41.5348560279945 ], [ -121.045138896671006, 41.534331928795503 ], [ -121.045276562007004, 41.534014525214602 ], [ -121.045391407785999, 41.5335841472805 ], [ -121.045374753938006, 41.533241602193499 ], [ -121.045373417492996, 41.532912827882299 ], [ -121.045473007652006, 41.532441659353502 ], [ -121.045624544361004, 41.532061442828201 ], [ -121.045960220224003, 41.531810452871703 ], [ -121.046463969225002, 41.531674904511299 ], [ -121.046945859445998, 41.531493948068103 ], [ -121.047771093585993, 41.531404386587297 ], [ -121.048802094457997, 41.531322815463398 ], [ -121.050330330497999, 41.5312721867992 ], [ -121.051712436456, 41.531273102582503 ], [ -121.052838141375005, 41.531305686503003 ], [ -121.054221590894002, 41.531486732871102 ], [ -121.055770839920996, 41.5313598288243 ], [ -121.056619783190001, 41.531378687520998 ], [ -121.057453348145998, 41.531410790428403 ], [ -121.058236225822995, 41.531509582878002 ], [ -121.059070290272004, 41.531600227373097 ], [ -121.060035622368005, 41.5315849983335 ], [ -121.061133269989, 41.531729613802398 ], [ -121.062092365051001, 41.5319484418267 ], [ -121.063102285178999, 41.532096063005703 ], [ -121.064287688470003, 41.532237623538201 ], [ -121.065275614667996, 41.532344324201901 ], [ -121.066320729376997, 41.532316874778601 ], [ -121.067139560396001, 41.532240576714003 ], [ -121.067902287802994, 41.532136309117199 ], [ -121.068308359726004, 41.532084588617501 ], [ -121.069259979124993, 41.5321275965523 ], [ -121.070201764255998, 41.531972279485402 ], [ -121.071196250697, 41.5319844668158 ], [ -121.072182955214004, 41.531829887160903 ], [ -121.073411426199002, 41.531782930687001 ], [ -121.074507093429006, 41.531616646779497 ], [ -121.075222758717004, 41.531380941900302 ], [ -121.075536212840007, 41.531269100022797 ], [ -121.076216072654006, 41.531154382837002 ], [ -121.076864647727007, 41.530755420372202 ], [ -121.077818976855994, 41.530149904601899 ], [ -121.078926149485994, 41.529416334776599 ], [ -121.079707746531994, 41.529204220783001 ], [ -121.080159880948003, 41.529063158468198 ], [ -121.080496260135007, 41.528960692706399 ], [ -121.081269542860994, 41.528649353043399 ], [ -121.081999028034005, 41.528400325846597 ], [ -121.082561480151, 41.5282520876506 ], [ -121.083013686222003, 41.528133532526603 ], [ -121.083159917074994, 41.528077425948702 ], [ -121.083539362306993, 41.527962158925099 ], [ -121.084458968961997, 41.527666747313503 ], [ -121.085627671091004, 41.527357462899303 ], [ -121.086394106648001, 41.527226112982497 ], [ -121.086956406623003, 41.527082354074601 ], [ -121.087782031337994, 41.5269249590539 ], [ -121.088848563666005, 41.526726528757898 ], [ -121.089746896064, 41.526516286715399 ], [ -121.090543344807998, 41.526484483983403 ], [ -121.091333361067996, 41.526493100118103 ], [ -121.092078719952994, 41.526491962725601 ], [ -121.092971046786005, 41.526434713584599 ], [ -121.093965856137004, 41.526509757286398 ], [ -121.094330872689994, 41.526425739486001 ], [ -121.094746094382998, 41.526162413922002 ], [ -121.095227463564001, 41.525967734885498 ], [ -121.095818756645002, 41.525779378135702 ], [ -121.096533931558, 41.525530021063503 ], [ -121.097080823097997, 41.525322908685702 ], [ -121.097723237465999, 41.525153402144802 ], [ -121.098387803337005, 41.525020286172698 ], [ -121.099095563381994, 41.524793307729198 ], [ -121.099636242442003, 41.524721184463502 ], [ -121.100484540927994, 41.524631624662597 ], [ -121.101207543269993, 41.5245489960502 ], [ -121.101660630734997, 41.524551975430597 ], [ -121.102370427311996, 41.524536673478302 ], [ -121.103006154368003, 41.524569683081097 ], [ -121.103583685215995, 41.524466625009197 ], [ -121.104343997336997, 41.524465654588802 ], [ -121.105074835265995, 41.5243966412228 ], [ -121.106083395493997, 41.524359219775199 ], [ -121.106960317192005, 41.524315118361002 ], [ -121.107684614449994, 41.524367574424303 ], [ -121.108555262688, 41.524435944385999 ], [ -121.109249653142996, 41.524460877684803 ], [ -121.110068439227007, 41.524406789408197 ], [ -121.110792965543993, 41.524477243546102 ], [ -121.111472531435993, 41.524393836415797 ], [ -121.111830740483995, 41.524336671825601 ], [ -121.112224828229998, 41.524230557078802 ], [ -121.112479433637006, 41.524104136989699 ], [ -121.112866744529001, 41.524024929603002 ], [ -121.113333785017005, 41.523856959928104 ], [ -121.113946947041001, 41.5236868822644 ], [ -121.114662604228002, 41.523572523982502 ], [ -121.115714330927005, 41.523337572862403 ], [ -121.116707200611998, 41.523065620065097 ], [ -121.117342738375001, 41.5229499324603 ], [ -121.117779235539999, 41.522646340079902 ], [ -121.118339525375006, 41.522232185365702 ], [ -121.118746945558996, 41.521923609819197 ], [ -121.119154365973003, 41.521511452797299 ], [ -121.119394108490994, 41.521276690561599 ], [ -121.119763345544996, 41.520656746628099 ], [ -121.119921419080995, 41.520267529176699 ], [ -121.119873425874005, 41.519622746688803 ], [ -121.119597628750995, 41.518749064194601 ], [ -121.118853498229001, 41.517831690647398 ], [ -121.118772096761006, 41.517771813382701 ], [ -121.117796493051998, 41.517089329439003 ], [ -121.117149146912993, 41.516529304379098 ], [ -121.116955694376998, 41.515891144989901 ], [ -121.117048143919007, 41.515208129982597 ], [ -121.117081521638994, 41.514960985137002 ], [ -121.116804427972994, 41.513875610622598 ], [ -121.116482437263997, 41.512685919610902 ], [ -121.116392434554996, 41.512432249927002 ], [ -121.116147907379997, 41.511748217185499 ], [ -121.115556683275997, 41.510675705346699 ], [ -121.116047317794994, 41.509638937850198 ], [ -121.116214297059997, 41.509303912574502 ], [ -121.116610906006002, 41.508513293435797 ], [ -121.117219694075999, 41.507636078020802 ], [ -121.117998289515, 41.507126421582598 ], [ -121.118967476642993, 41.506628885252397 ], [ -121.119891777177997, 41.505896425143099 ], [ -121.120481647613005, 41.5056448675425 ], [ -121.121356193696002, 41.5051817914363 ], [ -121.122149500950002, 41.504627311864198 ], [ -121.122703717069001, 41.504339132409399 ], [ -121.123436321962004, 41.504044855119098 ], [ -121.123476510377998, 41.504027497111899 ], [ -121.124177288282993, 41.503849786372101 ], [ -121.124983328881996, 41.503579214743802 ], [ -121.125213333806997, 41.5036009795963 ], [ -121.125520361450995, 41.503574461381298 ], [ -121.126039087958006, 41.5037630573351 ], [ -121.126768844270003, 41.503878530137399 ], [ -121.127564058120996, 41.503801414177701 ], [ -121.128425494167999, 41.5037388812272 ], [ -121.129308533615998, 41.503654175852297 ], [ -121.130104361261999, 41.503581555759702 ], [ -121.130710094495996, 41.503609419941 ], [ -121.132323651164995, 41.503874328644699 ], [ -121.133572820772002, 41.504155817290197 ], [ -121.134312681462006, 41.504415518128702 ], [ -121.134821221411002, 41.504594902251903 ], [ -121.135814440931, 41.504741612595602 ], [ -121.137296781515005, 41.5049097505091 ], [ -121.138939336682995, 41.505314644704796 ], [ -121.140225400145994, 41.505695735331301 ], [ -121.140576693254005, 41.506111235572597 ], [ -121.141270963142006, 41.506631357149097 ], [ -121.141489404110999, 41.506769993412099 ], [ -121.141753351866996, 41.506940889270801 ], [ -121.142710415774005, 41.507122983745603 ], [ -121.143162886613993, 41.507274404291103 ], [ -121.143856554102996, 41.507371171937699 ], [ -121.144440738808001, 41.507263511095701 ], [ -121.145156031740996, 41.5073110814673 ], [ -121.145885742825996, 41.507273313473199 ], [ -121.147069170110001, 41.507711217906497 ], [ -121.147865715121, 41.508192416647802 ], [ -121.148355804366005, 41.508601122145798 ], [ -121.149334384742005, 41.508765494128298 ], [ -121.151350142707997, 41.509167211335701 ], [ -121.152862646234993, 41.509754459177898 ], [ -121.153862888394002, 41.510027224650997 ], [ -121.154046115550997, 41.510088712213403 ], [ -121.155251487263001, 41.510522381483597 ], [ -121.155821425829004, 41.510837763045799 ], [ -121.156398855543003, 41.511153261916803 ], [ -121.157356141440005, 41.511542399159801 ], [ -121.158079741452994, 41.511959309217701 ], [ -121.158934997884003, 41.512540449041602 ], [ -121.159790196952997, 41.512833357775598 ], [ -121.160126575646004, 41.513014377918502 ], [ -121.160952416087, 41.513392374631103 ], [ -121.161770811916, 41.513716204425997 ], [ -121.162896031843005, 41.514234078611899 ], [ -121.163641661979, 41.514642298785702 ], [ -121.164847101158003, 41.514999309345001 ], [ -121.165935191653006, 41.515268868820002 ], [ -121.167556356521999, 41.515438832013999 ], [ -121.168959138256, 41.515704371370703 ], [ -121.170288133764998, 41.515824607382797 ], [ -121.171134830792994, 41.515811058712998 ], [ -121.172310297061003, 41.515798227447704 ], [ -121.172996238864997, 41.515908207281399 ], [ -121.173880219978997, 41.515953776373998 ], [ -121.174777909965997, 41.516044591311903 ], [ -121.176465126984994, 41.516210974088899 ], [ -121.177334447478998, 41.516458941594102 ], [ -121.178539322486003, 41.516599631894501 ], [ -121.179846554685994, 41.516615832138697 ], [ -121.181226050144005, 41.516565608230103 ], [ -121.182066450142997, 41.516804075479598 ], [ -121.183139373567002, 41.516789511935201 ], [ -121.184066207200999, 41.516696071374 ], [ -121.185124079344007, 41.5164695869261 ], [ -121.186378277285996, 41.515917434227802 ], [ -121.187217285748005, 41.515669463532198 ], [ -121.187873489544998, 41.515477150962802 ], [ -121.188429081452, 41.515535445526197 ], [ -121.189194803559005, 41.515497970204599 ], [ -121.189968666781994, 41.515248953224202 ], [ -121.190646940977004, 41.5150704827333 ], [ -121.191128086036997, 41.514816850696903 ], [ -121.191543359820002, 41.514481117362799 ], [ -121.192103868277002, 41.5140666033288 ], [ -121.192511529846996, 41.5136541870922 ], [ -121.193255553507996, 41.513265069887098 ], [ -121.194013900387006, 41.513060816614903 ], [ -121.194343022780998, 41.513183077400498 ], [ -121.195321916412993, 41.513504686029798 ], [ -121.196403381428993, 41.513773853421597 ], [ -121.197359719215001, 41.513883426008 ], [ -121.198002396427, 41.513907011622301 ], [ -121.198061032742999, 41.514088070998802 ], [ -121.197901199491, 41.514288223609697 ], [ -121.197450020917998, 41.514758522374599 ], [ -121.196845738725003, 41.515320991757598 ], [ -121.196022465501997, 41.516001616484402 ], [ -121.193778304285999, 41.517574131967997 ], [ -121.193261695081006, 41.5179983507686 ], [ -121.192554526654007, 41.518595208066202 ], [ -121.192089783765994, 41.519227397997199 ], [ -121.192295246520004, 41.519622433595501 ], [ -121.192828881352, 41.520013620938798 ], [ -121.193472581036005, 41.520379514383798 ], [ -121.193720756337996, 41.520505008454798 ], [ -121.194283747311005, 41.520702999690499 ], [ -121.195292199730005, 41.521043086963601 ], [ -121.195592283622005, 41.521268468904999 ], [ -121.195804895975996, 41.5215149948666 ], [ -121.195849053510003, 41.521758876959098 ], [ -121.194830126008995, 41.522738155993402 ], [ -121.194888268449006, 41.5228291389584 ], [ -121.195130082673998, 41.523076124632297 ], [ -121.195278059380996, 41.523330643747798 ], [ -121.19539446988, 41.523535128661997 ], [ -121.195775159090999, 41.524040992371397 ], [ -121.196317077532001, 41.524594419494697 ], [ -121.196720364219004, 41.525150173080696 ], [ -121.196948454883, 41.525649135615602 ], [ -121.197242188629005, 41.526158134063699 ], [ -121.197426105744, 41.526764486865297 ], [ -121.197726962733995, 41.527233064225598 ], [ -121.198093836764002, 41.527806256017698 ], [ -121.198423159417999, 41.5281671937338 ], [ -121.199242679741999, 41.528788005946801 ], [ -121.200616940480998, 41.5293679580912 ], [ -121.201297592795996, 41.529783924602398 ], [ -121.201393819789004, 41.530204255449597 ], [ -121.201475948498, 41.530781988033802 ], [ -121.201703217832005, 41.531150326664203 ], [ -121.202025712538003, 41.531488629728102 ], [ -121.202728617172994, 41.532076068657503 ], [ -121.203379229961996, 41.532414993752802 ], [ -121.204067178762998, 41.532975169786397 ], [ -121.204631211746999, 41.533600958952398 ], [ -121.204516562006006, 41.534333238172202 ], [ -121.204752628449, 41.535170071591203 ], [ -121.205025142112007, 41.5359624385964 ], [ -121.205114532932001, 41.536333120878197 ], [ -121.205378921866, 41.5368506469514 ], [ -121.205840516780995, 41.537335222452697 ], [ -121.206381483176997, 41.537631887782197 ], [ -121.207076744233007, 41.538120103870398 ], [ -121.207654412682004, 41.538363293716998 ], [ -121.208327064371005, 41.5385584226552 ], [ -121.209276435692004, 41.538744348097502 ], [ -121.210095364227996, 41.538824654388797 ], [ -121.211110630636995, 41.538903506829001 ], [ -121.211986480332996, 41.538984685417603 ], [ -121.212490098540002, 41.538897944128799 ], [ -121.213001333600999, 41.538833836503798 ], [ -121.213461788065004, 41.538872517814703 ], [ -121.213943600746006, 41.538979081549002 ], [ -121.214791646256998, 41.539172394156203 ], [ -121.215311180938997, 41.539378614859203 ], [ -121.216180205507996, 41.539572242939499 ], [ -121.216816474767, 41.539865834622802 ], [ -121.217548226084006, 41.540120371873002 ], [ -121.218293216630002, 41.540384116662899 ], [ -121.219046837489003, 41.5406885217999 ], [ -121.21994575734, 41.540995172011101 ], [ -121.220780047776003, 41.541363863864298 ], [ -121.221927676402004, 41.541809452587998 ], [ -121.222213631461003, 41.542147133900201 ], [ -121.222755916351005, 41.542673421025 ], [ -121.223422005437996, 41.543111549093602 ], [ -121.224109813588996, 41.543522987869999 ], [ -121.224768011441, 41.543839391882599 ], [ -121.225835562105999, 41.544256684056499 ], [ -121.226026984350995, 41.544737008677899 ], [ -121.226240653754999, 41.545280725154498 ], [ -121.226658687308003, 41.5458591184791 ], [ -121.227142070742005, 41.546267385370498 ], [ -121.227632078338004, 41.546378521773498 ], [ -121.228370361847993, 41.546452951270901 ], [ -121.229378396173999, 41.5465000068424 ], [ -121.230371575147998, 41.546542321392202 ], [ -121.231459839913995, 41.546505027370401 ], [ -121.232708972207007, 41.546641329131901 ], [ -121.233645137921997, 41.546988976540597 ], [ -121.234566743372994, 41.547403945157498 ], [ -121.235634389132002, 41.5477671060627 ], [ -121.236782251660003, 41.548239571400302 ], [ -121.237668064752, 41.548649462706003 ], [ -121.238976600971, 41.549083837888404 ], [ -121.240424043241006, 41.549425751121298 ], [ -121.240481979402006, 41.549444651915799 ], [ -121.241506337434004, 41.5497485503749 ], [ -121.242450173915998, 41.550231348448698 ], [ -121.243219707525995, 41.551035726753902 ], [ -121.243712353674994, 41.5520205130668 ], [ -121.244206394659997, 41.553203472210598 ], [ -121.244879267290003, 41.553510978486401 ], [ -121.245500451694994, 41.553624041689602 ], [ -121.246677694846994, 41.553903206636498 ], [ -121.247116806530002, 41.554292700479103 ], [ -121.247180689882001, 41.555644722641297 ], [ -121.248051290242003, 41.558094384060297 ], [ -121.248903383244993, 41.559399869723102 ], [ -121.249666683879994, 41.560469815424902 ], [ -121.249987833158002, 41.561316857803803 ], [ -121.250352460395007, 41.561691694628699 ], [ -121.251091641661006, 41.5620181878324 ], [ -121.251472049992998, 41.562280673977902 ], [ -121.252401674184995, 41.562465943898097 ], [ -121.253191369804, 41.5626986183347 ], [ -121.254040323379996, 41.5630132502721 ], [ -121.254779064174997, 41.563218118907301 ], [ -121.255767316081005, 41.563453790167003 ], [ -121.256067345161, 41.5637240483996 ], [ -121.256507655782002, 41.564352209375002 ], [ -121.256837822196999, 41.564812069248703 ], [ -121.257555122515996, 41.565313825223399 ], [ -121.258330826427994, 41.565762419811499 ], [ -121.258632395342005, 41.566338931892602 ], [ -121.259050222829003, 41.566912700565297 ], [ -121.259753473277001, 41.567576355579902 ], [ -121.260537561666993, 41.5682727540459 ], [ -121.261087629434002, 41.568947593102799 ], [ -121.261198463536999, 41.5695662475243 ], [ -121.261061433256003, 41.5702036696402 ], [ -121.260842873127004, 41.570862375382198 ], [ -121.260720508963004, 41.5715675711199 ], [ -121.260809877170004, 41.572064306748103 ], [ -121.260934779669, 41.572633635662299 ], [ -121.260950671168004, 41.573214825591101 ], [ -121.261141634885007, 41.573641042178203 ], [ -121.261435017123006, 41.574077814584498 ], [ -121.261751253808995, 41.574780637377103 ], [ -121.262133147540993, 41.575439417146796 ], [ -121.262756910733003, 41.576444116206602 ], [ -121.263175619383006, 41.577184511519299 ], [ -121.263469125683002, 41.577589756107102 ], [ -121.263770189219997, 41.578188763795502 ], [ -121.263990669229003, 41.578493827305799 ], [ -121.264269465818998, 41.5789168615619 ], [ -121.264672779077998, 41.579589466559497 ], [ -121.265040328772002, 41.580338089436701 ], [ -121.265400674836997, 41.580992029292297 ], [ -121.26603803015, 41.581744720345398 ], [ -121.266508533106006, 41.582625492386597 ], [ -121.266583841683001, 41.583621896954902 ], [ -121.266618598831997, 41.584032237650902 ], [ -121.266696198054007, 41.584943110409498 ], [ -121.267086069742007, 41.585728090759602 ], [ -121.267774557734995, 41.586337431548998 ], [ -121.268763950536993, 41.587050377489497 ], [ -121.269379980674998, 41.587622589409598 ], [ -121.270780401457003, 41.5889496754763 ], [ -121.271555214, 41.5895017471275 ], [ -121.272304407038007, 41.590030911071899 ], [ -121.273762864183993, 41.591210218439898 ], [ -121.274869897303006, 41.592213100998102 ], [ -121.275771434223003, 41.593077785978402 ], [ -121.276162197077994, 41.594398661858797 ], [ -121.276216141519996, 41.594597623760997 ], [ -121.276568302597994, 41.595904408628698 ], [ -121.276872093948995, 41.597507696129 ], [ -121.276942790773006, 41.598148248924097 ], [ -121.277081158431997, 41.599402288021103 ], [ -121.277465635625006, 41.600961748016502 ], [ -121.277790317623001, 41.602119501743999 ], [ -121.278202829329999, 41.603048893389101 ], [ -121.278651678176004, 41.604163469855102 ], [ -121.278751677789998, 41.604520741439799 ], [ -121.278961577554, 41.605257949891197 ], [ -121.279313869475999, 41.6056325091226 ], [ -121.279384588369993, 41.6057371476141 ], [ -121.279622029069998, 41.606087469034101 ], [ -121.280340606525002, 41.606818777851799 ], [ -121.281184283898995, 41.607556456645298 ], [ -121.281858756080993, 41.608057419582302 ], [ -121.282210940062001, 41.608522037570502 ], [ -121.282292964438, 41.609077189689899 ], [ -121.281842385247003, 41.610313410393204 ], [ -121.281048470594996, 41.611711122311704 ], [ -121.280414118744005, 41.612917567075201 ], [ -121.280400687157993, 41.612971407633601 ], [ -121.280008608032006, 41.614487709944399 ], [ -121.279937444843, 41.615387336763099 ], [ -121.279852735027006, 41.616457892056403 ], [ -121.279461359690998, 41.618284940580203 ], [ -121.279400316544994, 41.620044878063901 ], [ -121.279019436729001, 41.620403954787001 ], [ -121.278986664243007, 41.6211285202561 ], [ -121.279164347938007, 41.623022631766901 ], [ -121.279202373502997, 41.623369967067298 ], [ -121.279258108063999, 41.623897705618099 ], [ -121.279279957121005, 41.624091681239598 ], [ -121.279578973512997, 41.6252040073852 ], [ -121.279703251407994, 41.625665219936003 ], [ -121.280102486372002, 41.626535858344802 ], [ -121.281280479871995, 41.628084655779801 ], [ -121.282805669165, 41.629557567523797 ], [ -121.283642168504997, 41.630096967837702 ], [ -121.284824410854995, 41.630528936705097 ], [ -121.285533797791004, 41.630656612090199 ], [ -121.286542672831004, 41.630779742096003 ], [ -121.288548007272993, 41.630985259598802 ], [ -121.289764353682003, 41.630611567997299 ], [ -121.291145610572997, 41.630186274408402 ], [ -121.292172797164994, 41.629985378736201 ], [ -121.293913234334994, 41.629452802723101 ], [ -121.294914944674005, 41.629192959297001 ], [ -121.293096650680994, 41.624572442428601 ], [ -121.292377550439994, 41.623706102671697 ], [ -121.292201098939998, 41.6235413561649 ], [ -121.291804445959002, 41.6230220668469 ], [ -121.291466831546998, 41.622625247231703 ], [ -121.291107099244002, 41.622043455966597 ], [ -121.290834214015007, 41.621354872226298 ], [ -121.290467296022001, 41.620903572306702 ], [ -121.290319712991007, 41.620356458361599 ], [ -121.290047618374004, 41.619780470860597 ], [ -121.289555401938003, 41.619075109846598 ], [ -121.289041641772002, 41.618702681943802 ], [ -121.288790668082996, 41.617924350142502 ], [ -121.288606411035005, 41.617318142750598 ], [ -121.288671707288998, 41.6168912863684 ], [ -121.289430996419995, 41.616402706337603 ], [ -121.290095667613002, 41.616002782687602 ], [ -121.290790506083994, 41.615738407660501 ], [ -121.291770388014996, 41.615473762178503 ], [ -121.292947475904995, 41.615040906117102 ], [ -121.293926556334, 41.614663643635801 ], [ -121.295103573790996, 41.614289309291003 ], [ -121.296149559068994, 41.613962558335999 ], [ -121.296756152938002, 41.613629286633802 ], [ -121.297311083474995, 41.613349287856799 ], [ -121.298114503782998, 41.6127757376726 ], [ -121.298808126828007, 41.612241087731398 ], [ -121.299121209161001, 41.611772857689402 ], [ -121.299281137194995, 41.611338388147303 ], [ -121.299906908245006, 41.609902033546497 ], [ -121.300066275467003, 41.609517092604101 ], [ -121.300306247817005, 41.608890156180301 ], [ -121.300787239488997, 41.608338838439501 ], [ -121.301743494438, 41.607510823758297 ], [ -121.302233284272006, 41.607252355397598 ], [ -121.302569779506001, 41.607090697315002 ], [ -121.303336959628993, 41.606836320779799 ], [ -121.304096501226994, 41.606415197892296 ], [ -121.304739814106995, 41.606222032650798 ], [ -121.305770938172003, 41.605854442452603 ], [ -121.306706249379999, 41.605507948689301 ], [ -121.307583309253999, 41.605151582522097 ], [ -121.3085919687, 41.604896222861299 ], [ -121.309534497425005, 41.604473253034598 ], [ -121.310052912448, 41.604179144212701 ], [ -121.310952562542994, 41.603904146833301 ], [ -121.311705683043002, 41.603726066457902 ], [ -121.312509334710995, 41.603508191778303 ], [ -121.313350582576007, 41.603286359714502 ], [ -121.314242498114993, 41.603105795943002 ], [ -121.315068718164994, 41.602942276026603 ], [ -121.315931504193003, 41.602756768557498 ], [ -121.316501585797994, 41.602666043969201 ], [ -121.316815792067999, 41.602580576440303 ], [ -121.317489161476999, 41.602468842165003 ], [ -121.318154894396002, 41.602420040891701 ], [ -121.318754421261005, 41.602379274250403 ], [ -121.319405042211997, 41.602334748138702 ], [ -121.319982943940005, 41.602289155379196 ], [ -121.320875542213997, 41.6022256404042 ], [ -121.321687092345996, 41.602048347974801 ], [ -121.32233059472, 41.602075757006602 ], [ -121.323047947893997, 41.601973639064099 ], [ -121.323771513847007, 41.601921145534703 ], [ -121.324722193046995, 41.601786391994899 ], [ -121.325577441598995, 41.601600701989902 ], [ -121.326316706534001, 41.601462854952203 ], [ -121.326952165611999, 41.601337002545399 ], [ -121.327808192337002, 41.601236873368101 ], [ -121.328495826948, 41.6011523028548 ], [ -121.329088252557, 41.601066344081701 ], [ -121.329607368533004, 41.601060379506897 ], [ -121.330272964030996, 41.601016009374497 ], [ -121.330894730162996, 41.600984509327098 ], [ -121.331400351632993, 41.600978340669897 ], [ -121.331750792633997, 41.600969917433403 ], [ -121.332247765869994, 41.600950109062097 ], [ -121.332942766035004, 41.600928667547699 ], [ -121.333564298811993, 41.600906156624298 ], [ -121.334237618990997, 41.600852868530701 ], [ -121.334741409708002, 41.600684533165101 ], [ -121.335392760201003, 41.600581381624799 ], [ -121.33591141894, 41.600476305235503 ], [ -121.336555384725997, 41.6003685366749 ], [ -121.337177146043004, 41.600278457190001 ], [ -121.337929864678003, 41.600199275184302 ], [ -121.338646711568003, 41.600173611555398 ], [ -121.339158787708001, 41.6000909427433 ], [ -121.339728760791999, 41.599914534784602 ], [ -121.340101514094997, 41.599766800250002 ], [ -121.340664561908, 41.599626315499698 ], [ -121.341183666687996, 41.599561753051098 ], [ -121.34189347041, 41.599517953517903 ], [ -121.342383106455998, 41.599461967474902 ], [ -121.342946148896004, 41.599380016773402 ], [ -121.343530873456004, 41.599329900218699 ], [ -121.344430795107002, 41.599270810937099 ], [ -121.345236093001006, 41.599304925551799 ], [ -121.345689396851, 41.599261912760099 ], [ -121.346545436783998, 41.5992472101658 ], [ -121.347188515705, 41.5992024179452 ], [ -121.347832228656003, 41.599162134724203 ], [ -121.348358651270999, 41.599133672913403 ], [ -121.348944884233006, 41.599200641188297 ], [ -121.349785700981002, 41.5991947027319 ], [ -121.350524503608995, 41.5991602731619 ], [ -121.351198519923997, 41.599314056058603 ], [ -121.351848989022997, 41.5993323926226 ], [ -121.352368852387002, 41.599384881207101 ], [ -121.352903491649002, 41.5995051315575 ], [ -121.353166683384998, 41.5995359239636 ], [ -121.353517676709998, 41.599446379344698 ], [ -121.353773818056993, 41.599400510009502 ], [ -121.354197375637995, 41.599140869964202 ], [ -121.354621132530994, 41.599020839431098 ], [ -121.355044837144007, 41.598932331021302 ], [ -121.355483812773997, 41.598803508117904 ], [ -121.355754015431998, 41.598735318078703 ], [ -121.356236824551004, 41.598652154279897 ], [ -121.356661752845994, 41.5988698948726 ], [ -121.356955102513993, 41.599130787905203 ], [ -121.357285267015001, 41.5994777727268 ], [ -121.357747538889001, 41.599790616376197 ], [ -121.358325950066003, 41.599870935537403 ], [ -121.358780179350006, 41.600057562385999 ], [ -121.359439232791999, 41.600211083348 ], [ -121.359943954719995, 41.600299349498897 ], [ -121.360369445868997, 41.600584636821203 ], [ -121.360868162871995, 41.600821428496701 ], [ -121.361314380172999, 41.600791763461402 ], [ -121.361928030353994, 41.600665406292798 ], [ -121.362622956685001, 41.600616763123597 ], [ -121.363641113788006, 41.600923990624302 ], [ -121.364351663674, 41.601177293465803 ], [ -121.364988750408003, 41.601429546877398 ], [ -121.365435513690997, 41.601616041266297 ], [ -121.365897409482997, 41.601856790987398 ], [ -121.366718047874997, 41.6022062177449 ], [ -121.367436372198, 41.602509150451397 ], [ -121.368037365440998, 41.602855447643599 ], [ -121.368221525101006, 41.603047209119602 ], [ -121.368581971756001, 41.603624269595997 ], [ -121.369109206619001, 41.603802884978002 ], [ -121.369790266615993, 41.6038891065838 ], [ -121.370258540264004, 41.603877733698702 ], [ -121.370923820754996, 41.603756564177203 ], [ -121.371772070768998, 41.6036064585833 ], [ -121.372751303193994, 41.603377138387302 ], [ -121.373548350625001, 41.603145231790599 ], [ -121.374366711996004, 41.602990180503603 ], [ -121.374934997712003, 41.6029081471616 ], [ -121.375846537726005, 41.602416640626203 ], [ -121.376392382999001, 41.602122618648501 ], [ -121.376859853678994, 41.602142731918399 ], [ -121.379359576216999, 41.602677894980701 ], [ -121.380201778273005, 41.6030680611969 ], [ -121.381578048083995, 41.603425211482701 ], [ -121.382606577499999, 41.6035928089292 ], [ -121.383514973146006, 41.603916329968399 ], [ -121.384235307821001, 41.604142626751198 ], [ -121.384810610927005, 41.604290321506198 ], [ -121.385504108454001, 41.604390135306602 ], [ -121.386139726411997, 41.604435090252998 ], [ -121.387029508569995, 41.604573678848602 ], [ -121.387884015146, 41.604653220316102 ], [ -121.388777604435006, 41.6045486599672 ], [ -121.389578473122, 41.6043121920845 ], [ -121.390137556154997, 41.6041173671303 ], [ -121.391064098743001, 41.603833110596902 ], [ -121.391917720181993, 41.603525308803903 ], [ -121.392751779961998, 41.6030686116043 ], [ -121.393320526802, 41.602725290702402 ], [ -121.393953088283993, 41.602499949677998 ], [ -121.394760294688993, 41.602308568979701 ], [ -121.395691023610993, 41.6021864593489 ], [ -121.396556890281005, 41.602018402279597 ], [ -121.397661786344997, 41.6019797693341 ], [ -121.398762219491005, 41.601787944529399 ], [ -121.399754472487004, 41.601482015448603 ], [ -121.401723456694, 41.600950978628703 ], [ -121.403093971199993, 41.600753860589002 ], [ -121.404220473753995, 41.6007199681519 ], [ -121.405702366514006, 41.600902659623401 ], [ -121.407272450600999, 41.601037015613699 ], [ -121.409198082565993, 41.6013519084932 ], [ -121.410863508562002, 41.601483031529902 ], [ -121.412524139270005, 41.601442931008101 ], [ -121.414595647740995, 41.601345425734003 ], [ -121.416110303150006, 41.601294252667898 ], [ -121.417381749480995, 41.6008839339259 ], [ -121.418654059483003, 41.600437584843696 ], [ -121.419955590016002, 41.5999916232741 ], [ -121.420942767262005, 41.5995503355445 ], [ -121.421653794679997, 41.5989926596583 ], [ -121.422576417732998, 41.598460401017 ], [ -121.423829004202005, 41.597896632150601 ], [ -121.424700541505999, 41.597305110011099 ], [ -121.425004049966006, 41.597097604361103 ], [ -121.426111955753996, 41.596437253877198 ], [ -121.427333814532005, 41.595499233957902 ], [ -121.428104102839995, 41.5948747755222 ], [ -121.429287643617997, 41.593999259536403 ], [ -121.429708062215994, 41.593793338820298 ], [ -121.430717486776004, 41.593293724268797 ], [ -121.431776207726003, 41.592925375337202 ], [ -121.432848371400993, 41.592651773727297 ], [ -121.433877170471007, 41.592341543064101 ], [ -121.434903772805001, 41.592152868210398 ], [ -121.435881038518005, 41.591864435380501 ], [ -121.437183151170998, 41.591382256671601 ], [ -121.438872682587004, 41.590878304550202 ], [ -121.440172576877004, 41.590517656648899 ], [ -121.441227383634995, 41.590401364135097 ], [ -121.441571008668006, 41.590424037769999 ], [ -121.443043344307995, 41.590250339564797 ], [ -121.444343312214002, 41.589885141773301 ], [ -121.444868639340996, 41.589491437029103 ], [ -121.445367008785993, 41.588939741917599 ], [ -121.446066073623001, 41.588210617040197 ], [ -121.447040157622993, 41.587174460595897 ], [ -121.447846104025004, 41.586113507626102 ], [ -121.448499065434007, 41.585397255398 ], [ -121.448753948935007, 41.585116973329697 ], [ -121.449627418239004, 41.583957840938403 ], [ -121.450547930358994, 41.583087561560198 ], [ -121.451591000937, 41.582327010330197 ], [ -121.452710796229994, 41.5817746446602 ], [ -121.454093208424993, 41.581275339028203 ], [ -121.455210172798999, 41.580871527225199 ], [ -121.456654316341996, 41.580643232095397 ], [ -121.457865150866994, 41.580357746510103 ], [ -121.459353707019005, 41.580089481387702 ], [ -121.460572761514996, 41.579709503120597 ], [ -121.462341262351003, 41.579300834876499 ], [ -121.46341872392, 41.578630705801302 ], [ -121.464704746221003, 41.578206543232902 ], [ -121.465934209832, 41.577669022957799 ], [ -121.467089676027996, 41.57715302031 ], [ -121.468307506737005, 41.576408156511 ], [ -121.469724315242999, 41.575553340221603 ], [ -121.470959913627993, 41.575101414518997 ], [ -121.471990050388996, 41.574651247981798 ], [ -121.472942206792993, 41.574073937064803 ], [ -121.474424119073007, 41.573728827168701 ], [ -121.475494735775996, 41.5734998397349 ], [ -121.476913022028, 41.5735006265461 ], [ -121.478142325790998, 41.573408823158999 ], [ -121.479963756567003, 41.573320334513902 ], [ -121.482285568875, 41.573535658591503 ], [ -121.483967096840004, 41.573499301754303 ], [ -121.485323936233996, 41.573242472268902 ], [ -121.486850795677, 41.572798715971601 ], [ -121.488847877826004, 41.5722485331315 ], [ -121.490455842131993, 41.572247142463901 ], [ -121.491929135408, 41.572460132859 ], [ -121.493454712151006, 41.572133363922397 ], [ -121.494867850139002, 41.571967230219798 ], [ -121.495554638987997, 41.572025759739297 ], [ -121.498374966344997, 41.573891077143003 ], [ -121.498652574115994, 41.574074845154101 ], [ -121.500005356643001, 41.574736512895399 ], [ -121.500188131586995, 41.574774926166597 ], [ -121.500524767084002, 41.574837864025099 ], [ -121.500948481760005, 41.574960482634999 ], [ -121.501833554589993, 41.575296276745803 ], [ -121.502535545751002, 41.5756071614449 ], [ -121.503303160513994, 41.575900882137503 ], [ -121.504020028255994, 41.576184930198004 ], [ -121.504641372937996, 41.5761254615919 ], [ -121.505372848503995, 41.576166499688703 ], [ -121.506015879607006, 41.576336986555702 ], [ -121.506615827643998, 41.576587973980303 ], [ -121.506856902104005, 41.577122524282302 ], [ -121.506981710776003, 41.5776600675363 ], [ -121.507274434085005, 41.578100713241703 ], [ -121.507683928025997, 41.578060994711002 ], [ -121.508641278531002, 41.578028383942701 ], [ -121.509665305658004, 41.577965104852098 ], [ -121.510213933958994, 41.5781343442913 ], [ -121.510776652963997, 41.578114614672899 ], [ -121.511690818467997, 41.5782975892932 ], [ -121.512780699385004, 41.578370241504402 ], [ -121.514235916095004, 41.578596223157298 ], [ -121.515727455285997, 41.578840669615403 ], [ -121.516795317111004, 41.579057113011899 ], [ -121.517219115968999, 41.578850913782098 ], [ -121.518462030155007, 41.578362542450698 ], [ -121.519997309835006, 41.578202177799298 ], [ -121.521299197958996, 41.578281982224198 ], [ -121.522220235936004, 41.578559536129802 ], [ -121.522666767252005, 41.5794930070889 ], [ -121.522721156832006, 41.5800341320111 ], [ -121.522726139227998, 41.580308912532303 ], [ -121.522623955862002, 41.580811996722701 ], [ -121.522383359931993, 41.581565500304599 ], [ -121.521827858475007, 41.582319457718697 ], [ -121.521081637856994, 41.582953866456599 ], [ -121.520687912626002, 41.583385644089603 ], [ -121.520227002653002, 41.583771519982598 ], [ -121.519832487475995, 41.584171759601503 ], [ -121.519664183890001, 41.584876648807203 ], [ -121.519496390054002, 41.585329345756698 ], [ -121.519233737937995, 41.586028515382999 ], [ -121.518860734078999, 41.586438035645799 ], [ -121.518414386868997, 41.586743027831403 ], [ -121.517873795613994, 41.587037796007401 ], [ -121.516974265475994, 41.5870937469317 ], [ -121.515913679448005, 41.587143107947298 ], [ -121.515058392531998, 41.587100537161803 ], [ -121.514304738595001, 41.587072784312802 ], [ -121.513625166002001, 41.587149565959997 ], [ -121.512703765872999, 41.5873087820706 ], [ -121.512015814668999, 41.587358424520602 ], [ -121.511394108293004, 41.587494488050801 ], [ -121.511036325603996, 41.587728541650002 ], [ -121.510575431120998, 41.588109874893398 ], [ -121.510209803162994, 41.588587015362798 ], [ -121.509991105748, 41.589358789395199 ], [ -121.509940239591003, 41.590038164369197 ], [ -121.509955308589994, 41.590817471831798 ], [ -121.510138615583998, 41.592008781865303 ], [ -121.510291847429002, 41.592943000038296 ], [ -121.510504408898001, 41.593873483191203 ], [ -121.510592514753, 41.594509623414602 ], [ -121.510592986869, 41.595239202221002 ], [ -121.510775606745, 41.595809013827797 ], [ -121.510717505407001, 41.596411734615202 ], [ -121.510520293694995, 41.597161269309197 ], [ -121.509994036025006, 41.598001112684898 ], [ -121.509145861590994, 41.598751211328299 ], [ -121.508246496517998, 41.599248441427797 ], [ -121.507741556580996, 41.599584155263102 ], [ -121.506717531725997, 41.600120286487098 ], [ -121.506669780476997, 41.6001421837462 ], [ -121.505678992436998, 41.600602177418203 ], [ -121.504860212081994, 41.601082414211099 ], [ -121.504391895240005, 41.601454617732898 ], [ -121.504874789227003, 41.601555474369697 ], [ -121.505693832526006, 41.601584139740403 ], [ -121.506494064538003, 41.601517980730002 ], [ -121.507171673475, 41.601468237684102 ], [ -121.508590871124994, 41.601423612147897 ], [ -121.510492394664993, 41.601700467735398 ], [ -121.511421445769997, 41.601870127278701 ], [ -121.512965107561996, 41.601827059607103 ], [ -121.514391395454993, 41.601800468281901 ], [ -121.515451967580006, 41.601827682140197 ], [ -121.515986263890994, 41.601649937094599 ], [ -121.517646409413004, 41.601563275072998 ], [ -121.518772378462003, 41.600960807136502 ], [ -121.519796408800005, 41.600978502859803 ], [ -121.521515133674001, 41.601018638152901 ], [ -121.522524541354002, 41.601085660335897 ], [ -121.523263536553003, 41.601500475324599 ], [ -121.524017733169003, 41.602005551436498 ], [ -121.524383578172007, 41.602406559750101 ], [ -121.525034911079999, 41.6028517626062 ], [ -121.526000138154998, 41.603147867553197 ], [ -121.527346864912005, 41.603520909555698 ], [ -121.528590414057007, 41.603748501940402 ], [ -121.528978178274002, 41.603978641997003 ], [ -121.529475582526999, 41.604466884904902 ], [ -121.530207644713997, 41.605223835038203 ], [ -121.530954143909995, 41.606138588608403 ], [ -121.531199778160001, 41.606452471557603 ], [ -121.531503663142999, 41.606843658265298 ], [ -121.532154469535996, 41.607117679841799 ], [ -121.532696079656006, 41.607345268455099 ], [ -121.534005748953007, 41.6077042488904 ], [ -121.535491150275007, 41.607921340715102 ], [ -121.536617922828995, 41.607944699487398 ], [ -121.538212520141997, 41.608010026320002 ], [ -121.539660632540006, 41.608285135957601 ], [ -121.540341724485998, 41.608582013710503 ], [ -121.541665956070005, 41.608796978878502 ], [ -121.543319311627997, 41.608885498090601 ], [ -121.544855049822999, 41.608968000958797 ], [ -121.546435681489001, 41.609055554605398 ], [ -121.547657278195999, 41.608998940745401 ], [ -121.548981153233996, 41.608930094547802 ], [ -121.550217831043994, 41.608936693313296 ], [ -121.551153857073004, 41.609340303810903 ], [ -121.551784127128002, 41.609933706480497 ], [ -121.552209184811005, 41.610614591564698 ], [ -121.552604533761993, 41.611114959582402 ], [ -121.553533638014002, 41.611662576594199 ], [ -121.554551490386004, 41.612233819910401 ], [ -121.555444765743005, 41.612943098049399 ], [ -121.556484424559997, 41.613816334976399 ], [ -121.557297165573999, 41.6143714670892 ], [ -121.557809456596999, 41.614945341452596 ], [ -121.558768778274001, 41.615993187245401 ], [ -121.559369970820001, 41.616887920025803 ], [ -121.559970879225006, 41.6177961566137 ], [ -121.560440262444004, 41.618716253251101 ], [ -121.560704167300997, 41.619701327776902 ], [ -121.561422518148007, 41.6204579072214 ], [ -121.562381579908006, 41.6210508627873 ], [ -121.563069363981995, 41.621563859029798 ], [ -121.564130397585004, 41.621788785575703 ], [ -121.565455475037993, 41.621778311389399 ], [ -121.566618546673993, 41.621630695689397 ], [ -121.567773903396997, 41.621356873236998 ], [ -121.568951816435003, 41.621249950571801 ], [ -121.569668715538995, 41.621398484101597 ], [ -121.571022555835995, 41.621545927165599 ], [ -121.571889630753006, 41.621484648034503 ], [ -121.572493061840007, 41.621438102183902 ], [ -121.573415379422997, 41.621354980002401 ], [ -121.574556095467997, 41.621301580496898 ], [ -121.576070854443003, 41.621261811482398 ], [ -121.577504400204006, 41.621162471439497 ], [ -121.578287771562003, 41.621325284540902 ], [ -121.579516919335006, 41.621412539120797 ], [ -121.581382733395998, 41.6214085630738 ], [ -121.582516836310006, 41.621485605316998 ], [ -121.584046384738002, 41.621558501858502 ], [ -121.585743887253997, 41.621498338877899 ], [ -121.587272665065001, 41.6215036299891 ], [ -121.588670364180999, 41.621430731146098 ], [ -121.589899353733998, 41.621216135946703 ], [ -121.590513224126994, 41.6208273548243 ], [ -121.591470966586996, 41.620528352304902 ], [ -121.592151692662995, 41.6204105937828 ], [ -121.593614026460997, 41.620054703624596 ], [ -121.594974474127994, 41.619449854765499 ], [ -121.596019524766007, 41.618962732831903 ], [ -121.596831234544993, 41.618684419075798 ], [ -121.597753701157004, 41.618902840085703 ], [ -121.599429765221004, 41.619170971305898 ], [ -121.601119858399002, 41.619380702860497 ], [ -121.602692939500997, 41.6196250153668 ], [ -121.603906831074994, 41.619063313912697 ], [ -121.604871308182993, 41.618413004994402 ], [ -121.605916476442999, 41.617637567468499 ], [ -121.607180969406002, 41.616743182690101 ], [ -121.608262369149998, 41.616094261675997 ], [ -121.609482966211004, 41.615284886911198 ], [ -121.610865119181994, 41.6149503238059 ], [ -121.612378412154001, 41.614446192641502 ], [ -121.613885105064, 41.614284231266403 ], [ -121.615194831577995, 41.614142394854397 ], [ -121.616188040774006, 41.613577903333898 ], [ -121.616933303422002, 41.612996909132598 ], [ -121.617451468913004, 41.612336618221804 ], [ -121.618635620305, 41.611679827337497 ], [ -121.620287673533994, 41.611028641741399 ], [ -121.621881254288994, 41.6102686459366 ], [ -121.623100410095006, 41.609125844740099 ], [ -121.623991859110006, 41.608366413009698 ], [ -121.624319710902, 41.6077623579218 ], [ -121.624634732984006, 41.607338290411498 ], [ -121.625224351843002, 41.606980556471797 ], [ -121.625535049099, 41.606335760549499 ], [ -121.625823421921993, 41.605717718124403 ], [ -121.625746401319006, 41.604964703671399 ], [ -121.625668904506, 41.604234201160999 ], [ -121.625876412615, 41.603538630990599 ], [ -121.626310543108005, 41.602836761865397 ], [ -121.626783105385002, 41.602338010207497 ], [ -121.627080266595001, 41.601940743428798 ], [ -121.627383708536001, 41.601282344492901 ], [ -121.627613285756993, 41.6006410769957 ], [ -121.627726113997994, 41.599917351120602 ], [ -121.627701014474994, 41.599367617236503 ], [ -121.627937914480995, 41.598663386439704 ], [ -121.628776773129005, 41.598430204421199 ], [ -121.629557788618996, 41.598236858664002 ], [ -121.630316974023003, 41.598011722522102 ], [ -121.631127135981998, 41.597787188429898 ], [ -121.631842351114997, 41.597584036314899 ], [ -121.632499537005003, 41.597429728545897 ], [ -121.633017915121002, 41.597314298371003 ], [ -121.633308965547002, 41.5970970847765 ], [ -121.633716061013999, 41.596782171472 ], [ -121.633977772757007, 41.5965691109758 ], [ -121.634486595647999, 41.596052743437298 ], [ -121.634959301620995, 41.595648533769598 ], [ -121.635483695082002, 41.595389049758403 ], [ -121.636061278396994, 41.595274308551303 ], [ -121.636639887857996, 41.595573904532202 ], [ -121.637115565014994, 41.595633588293303 ], [ -121.637393698785004, 41.5956729142463 ], [ -121.637874687028003, 41.595444429695902 ], [ -121.638414527348999, 41.595198625997703 ], [ -121.639165590092006, 41.594964327709498 ], [ -121.639881033544, 41.5947476172813 ], [ -121.640617658932001, 41.594486117219901 ], [ -121.641098910582002, 41.594244111477501 ], [ -121.641615777365999, 41.593948481787599 ], [ -121.642176414963004, 41.593567799027298 ], [ -121.642635168574003, 41.593289492469999 ], [ -121.642925617613997, 41.592991182887303 ], [ -121.643457648208994, 41.592686716678998 ], [ -121.644135577311999, 41.592397479725101 ], [ -121.644565167441002, 41.592150346331799 ], [ -121.645126789939994, 41.5919002640698 ], [ -121.645722445074, 41.591420897967602 ], [ -121.646151758656998, 41.590971094661903 ], [ -121.646542466175006, 41.590430763731298 ], [ -121.646890800449, 41.590052061164997 ], [ -121.647158923792006, 41.589600356385198 ], [ -121.647390024540002, 41.589233783150803 ], [ -121.647833646723996, 41.5888156666851 ], [ -121.648043001548999, 41.588448836265002 ], [ -121.648544522923004, 41.588022390780502 ], [ -121.648769143617997, 41.587678256311399 ], [ -121.649044641892999, 41.587339222902997 ], [ -121.649524690798003, 41.5868990099328 ], [ -121.649771507132996, 41.586640702076302 ], [ -121.650230272171996, 41.586393889763102 ], [ -121.650666827376995, 41.586097275571099 ], [ -121.651103098015, 41.585706081280399 ], [ -121.651138423709995, 41.585521849231299 ], [ -121.651588367353995, 41.585013720516699 ], [ -121.651804902668999, 41.584588420643897 ], [ -121.651970557294007, 41.584158020082597 ], [ -121.652165819757997, 41.583890095165401 ], [ -121.652493851821006, 41.583799365845699 ], [ -121.653173905521996, 41.583834357150501 ], [ -121.653562001552004, 41.583919967996501 ], [ -121.653927516352994, 41.583973788073301 ], [ -121.654468525119, 41.5839891291252 ], [ -121.655266363869998, 41.584093040350403 ], [ -121.655771494904002, 41.584211537832303 ], [ -121.656977762129003, 41.584252658918999 ], [ -121.657693889984003, 41.584211484137398 ], [ -121.657839588724997, 41.584199674659502 ], [ -121.658322222723996, 41.584173783783399 ], [ -121.658963463072993, 41.583947080299097 ], [ -121.659781226795005, 41.583740445742997 ], [ -121.660447556117006, 41.583423954864202 ], [ -121.660517261440006, 41.583388738499899 ], [ -121.661254245698004, 41.583172144930103 ], [ -121.662137780855005, 41.583047323913704 ], [ -121.663153826929005, 41.583077158921498 ], [ -121.664074671533001, 41.583069849957297 ], [ -121.664995230306005, 41.583040012393099 ], [ -121.665557949203006, 41.582947467422201 ], [ -121.665915006538, 41.582866043798603 ], [ -121.666546825959003, 41.582184326815799 ], [ -121.667076524942999, 41.581582486628498 ], [ -121.667423148088005, 41.581023557597803 ], [ -121.667939383714, 41.580601700491599 ], [ -121.668593990253001, 41.580158925810601 ], [ -121.669140806938998, 41.579926567889899 ], [ -121.670044643777004, 41.579576741671197 ], [ -121.670650006165005, 41.579340550256099 ], [ -121.671371991268003, 41.579047157001803 ], [ -121.672158209643001, 41.578655422286602 ], [ -121.672886509291999, 41.578235991985899 ], [ -121.673709225753996, 41.577781617693901 ], [ -121.674430719572001, 41.577510717308598 ], [ -121.675174797992, 41.577271597751199 ], [ -121.676042208270999, 41.576903289821402 ], [ -121.676725967265995, 41.576496832694602 ], [ -121.677257415563005, 41.576169683561197 ], [ -121.677723575637998, 41.5758823132727 ], [ -121.677954119144999, 41.575385066538402 ], [ -121.678176461514994, 41.574775135260602 ], [ -121.678376896404998, 41.574209987512099 ], [ -121.678607734511999, 41.573771289350297 ], [ -121.679073182435999, 41.573407344175699 ], [ -121.679495004570001, 41.573123960593001 ], [ -121.679917803866005, 41.572939665659199 ], [ -121.680200770509003, 41.5726276633035 ], [ -121.680381566570006, 41.572400055676702 ], [ -121.680686920439001, 41.572092812657203 ], [ -121.680706166369006, 41.5717732785089 ], [ -121.681142851250996, 41.5714585341657 ], [ -121.681682330558999, 41.571212520893702 ], [ -121.681999852211007, 41.570711759325 ], [ -121.682369955157995, 41.570279153410397 ], [ -121.68314068494, 41.569792589429198 ], [ -121.683921255312001, 41.569522305394599 ], [ -121.684863494745997, 41.569411491451802 ], [ -121.685675760191003, 41.569573903142498 ], [ -121.686182017210001, 41.569966999190498 ], [ -121.686597673563, 41.570836438907598 ], [ -121.686808468270002, 41.571717047815198 ], [ -121.686734494565002, 41.572630432154398 ], [ -121.686446782727003, 41.5732891730799 ], [ -121.685698855251005, 41.574055242269601 ], [ -121.685797911267002, 41.574641841582697 ], [ -121.686547230501006, 41.575213354322699 ], [ -121.687887315290993, 41.575561923564599 ], [ -121.689058736172996, 41.575836496462102 ], [ -121.690164709599003, 41.576159851231303 ], [ -121.691312397234995, 41.576199944040603 ], [ -121.692287112244998, 41.576638877427897 ], [ -121.692730774786, 41.576720484617098 ], [ -121.693473243213006, 41.576855026047802 ], [ -121.694826202900998, 41.577014509999003 ], [ -121.695976934501005, 41.577500446356098 ], [ -121.696968046444994, 41.578133180507301 ], [ -121.698455560330004, 41.578649930582401 ], [ -121.699257666335996, 41.579438130534101 ], [ -121.699730414905005, 41.580164053234597 ], [ -121.700071315122997, 41.580847950736 ], [ -121.700307823776001, 41.581129847521098 ], [ -121.70104248426, 41.580647260112499 ], [ -121.701675160988998, 41.580240077184399 ], [ -121.702629954010007, 41.579845533727699 ], [ -121.703337261409004, 41.579641845384799 ], [ -121.703955015510999, 41.5791173880583 ], [ -121.704410682157999, 41.5784875180481 ], [ -121.704896500687994, 41.577848978649598 ], [ -121.705163630805004, 41.577424146528102 ], [ -121.705568907363002, 41.5769513298563 ], [ -121.705835817915002, 41.576386882199401 ], [ -121.706124369337005, 41.575827181026099 ], [ -121.706882767620002, 41.575615038395 ], [ -121.707963238069993, 41.575492079358298 ], [ -121.708825332421, 41.575380168386097 ], [ -121.709217265055003, 41.575010771388897 ], [ -121.709246308733, 41.574907514795299 ], [ -121.709401896445002, 41.574359822926297 ], [ -121.709819773923002, 41.5734773050158 ], [ -121.710006325888003, 41.5729930100443 ], [ -121.710423558984999, 41.572142007639599 ], [ -121.710830050282993, 41.571642163808001 ], [ -121.711316289593995, 41.571278320445401 ], [ -121.712045019732003, 41.570971235198002 ], [ -121.712685012191997, 41.5709423748213 ], [ -121.713764244467995, 41.571179634983203 ], [ -121.714437728540005, 41.571389830352999 ], [ -121.715291799751995, 41.571187708869402 ], [ -121.716064711051999, 41.570957652999802 ], [ -121.717363170997004, 41.570647888389203 ], [ -121.718618174995996, 41.570450214716502 ], [ -121.719537257691002, 41.570181232167897 ], [ -121.720601352488003, 41.569742719295199 ], [ -121.721197600880998, 41.569384561638898 ], [ -121.722349443102004, 41.5689425048975 ], [ -121.723085799261995, 41.568739016906797 ], [ -121.724325857531994, 41.568460049790701 ], [ -121.725276340956995, 41.568497614614401 ], [ -121.726111701926996, 41.568862659058503 ], [ -121.726867632839003, 41.569226817814702 ], [ -121.727476725691005, 41.5696253751413 ], [ -121.728063259975002, 41.569875060728798 ], [ -121.728481310462996, 41.570001282635801 ], [ -121.728767152990002, 41.5701035231234 ], [ -121.729472911307994, 41.569701497292897 ], [ -121.730119367905004, 41.569226754357103 ], [ -121.730634842230998, 41.568818115599299 ], [ -121.731026434775998, 41.568381085473199 ], [ -121.731532899304995, 41.567742659237901 ], [ -121.731572518166999, 41.567135109540601 ], [ -121.731758357218993, 41.566524669328302 ], [ -121.731836855181001, 41.565998613240097 ], [ -121.731848843614998, 41.565922184159803 ], [ -121.731983322892006, 41.565369723782702 ], [ -121.732337722785005, 41.5648782353109 ], [ -121.732633001718995, 41.564305028989502 ], [ -121.732899626564006, 41.563817074599001 ], [ -121.733201326610995, 41.5631448580422 ], [ -121.733621204434996, 41.5626000435295 ], [ -121.734238066065998, 41.5620618999938 ], [ -121.735052615198995, 41.5615709644959 ], [ -121.735953440432993, 41.5608828128629 ], [ -121.736892534101003, 41.560460787638299 ], [ -121.737658052544006, 41.560176460916203 ], [ -121.738797011586001, 41.560035838434601 ], [ -121.739723644302998, 41.5599063881142 ], [ -121.740738881192001, 41.559845455067098 ], [ -121.741615178722995, 41.559760474260599 ], [ -121.742236230909995, 41.559735745173001 ], [ -121.742391974369994, 41.559124957377499 ], [ -121.742414140978994, 41.558174937058801 ], [ -121.742415144575006, 41.557427347815398 ], [ -121.742535139892993, 41.556843190223603 ], [ -121.742880062474001, 41.556099361936297 ], [ -121.743122813935997, 41.555367926415201 ], [ -121.743294323653998, 41.5547933381999 ], [ -121.743947065710003, 41.554174468435903 ], [ -121.744064115968996, 41.553315555907702 ], [ -121.744043945968997, 41.552576741916702 ], [ -121.744235460835, 41.551858254660601 ], [ -121.744494488244001, 41.551329656354802 ], [ -121.744790536902997, 41.550823979707502 ], [ -121.744957610704006, 41.550244836437798 ], [ -121.745017808097998, 41.550038326933802 ], [ -121.745094642517003, 41.549552774390399 ], [ -121.745123929165004, 41.549278373066102 ], [ -121.745155898533994, 41.548981482886298 ], [ -121.745273409741003, 41.548136084202 ], [ -121.745304624173002, 41.547451874009496 ], [ -121.745328554487998, 41.546718044365001 ], [ -121.745294207124005, 41.546091665653201 ], [ -121.745292516350005, 41.546024092822201 ], [ -121.745283260650993, 41.545650190900503 ], [ -121.745399291224999, 41.545462304829599 ], [ -121.745779115754999, 41.545466448922298 ], [ -121.746283775055005, 41.545602558239501 ], [ -121.747068772193998, 41.545966902009802 ], [ -121.747537499071996, 41.546179175880702 ], [ -121.748439468357006, 41.546540280863503 ], [ -121.749260308076003, 41.546873474469997 ], [ -121.749678790418002, 41.547166258269002 ], [ -121.750782545619998, 41.548101499525401 ], [ -121.751126852808994, 41.5481998161953 ], [ -121.752115175282995, 41.548476261460202 ], [ -121.753708282589002, 41.5489844369746 ], [ -121.754795669122998, 41.5494105526585 ], [ -121.756623134018, 41.550204954175697 ], [ -121.758340414122003, 41.5508855461282 ], [ -121.760193388654002, 41.551761231664202 ], [ -121.761915903846003, 41.552171609260199 ], [ -121.763498856588001, 41.551805836758298 ], [ -121.764284542867998, 41.550647845170801 ], [ -121.764764966125, 41.549738771690201 ], [ -121.765212265591003, 41.548482560963102 ], [ -121.766025363820006, 41.5479283372227 ], [ -121.768042475848006, 41.547224884635703 ], [ -121.769295855015002, 41.546567267279201 ], [ -121.770331151736002, 41.545830742134697 ], [ -121.771190213501995, 41.5452589584362 ], [ -121.771858888482996, 41.544689638303502 ], [ -121.773325705570002, 41.543993723493998 ], [ -121.774745513297006, 41.5438016957618 ], [ -121.776305863369004, 41.543944415243303 ], [ -121.777485848124002, 41.544231689677098 ], [ -121.778537286450998, 41.5446211699944 ], [ -121.779157954439, 41.545046600090998 ], [ -121.781443428207993, 41.546439950026503 ], [ -121.782631719137996, 41.547047017642598 ], [ -121.783994319130997, 41.547430735079203 ], [ -121.785164728590999, 41.547794391268198 ], [ -121.786273628675005, 41.548562713117001 ], [ -121.786743835216996, 41.549184673534398 ], [ -121.787675608317002, 41.550050192383303 ], [ -121.78903697762, 41.550866185696499 ], [ -121.790242614777, 41.551194132222797 ], [ -121.791919162091006, 41.551225272006498 ], [ -121.793468841866996, 41.550462416874304 ], [ -121.795016492038002, 41.549645475777403 ], [ -121.795796629175001, 41.549239315257601 ], [ -121.796930148130002, 41.548607162389402 ], [ -121.797623938702003, 41.548128027611497 ], [ -121.798807115882994, 41.547563929843498 ], [ -121.800216612531997, 41.5469571453648 ], [ -121.801784747148005, 41.546482602304998 ], [ -121.803853224109005, 41.545896149649302 ], [ -121.805415081364004, 41.545637666139797 ], [ -121.806875767205995, 41.545175447781403 ], [ -121.808062435986997, 41.5442915319028 ], [ -121.808156683986994, 41.543770086721501 ], [ -121.807956645050993, 41.542952854046398 ], [ -121.807710535721995, 41.541747830042397 ], [ -121.807657185267999, 41.541062723264602 ], [ -121.808011385653998, 41.539931478019597 ], [ -121.808534349236993, 41.539279366604397 ], [ -121.809905457639999, 41.538136130188903 ], [ -121.810484213058999, 41.537340470427701 ], [ -121.810641966776998, 41.536499920642697 ], [ -121.810410493229, 41.535394132656002 ], [ -121.810360315238, 41.533880388000398 ], [ -121.810308198274001, 41.533249338023403 ], [ -121.811249295178996, 41.532137663060396 ], [ -121.811978666250994, 41.531622778136402 ], [ -121.812909247370001, 41.531042411262703 ], [ -121.814232684803997, 41.530362504846003 ], [ -121.815991302838995, 41.529849196543402 ], [ -121.817343621272002, 41.529390230387598 ], [ -121.819089947818995, 41.528849726099097 ], [ -121.821415536161993, 41.528544820467999 ], [ -121.825209630461998, 41.528516092949801 ], [ -121.826660208874998, 41.528625481276798 ], [ -121.828931795269, 41.528986413385503 ], [ -121.831254661201996, 41.529496442526202 ], [ -121.832335448671998, 41.529633525533697 ], [ -121.834531977192995, 41.529880993454199 ], [ -121.836719674248997, 41.5297860522262 ], [ -121.838372257621003, 41.528865998956299 ], [ -121.838909371024002, 41.5279031375443 ], [ -121.840201985525994, 41.526497530432799 ], [ -121.841402454583999, 41.526180865656698 ], [ -121.842173562173997, 41.5268371598725 ], [ -121.842717610286002, 41.528423421180797 ], [ -121.843143466841994, 41.528697926057298 ], [ -121.844280868875003, 41.528727378586503 ], [ -121.845674382878002, 41.528930530310603 ], [ -121.846487176216996, 41.529353023742097 ], [ -121.847188344724003, 41.530071633771897 ], [ -121.848083254304001, 41.530427384301902 ], [ -121.848660806118005, 41.529627014036002 ], [ -121.848857754381001, 41.528912904161203 ], [ -121.849532421282007, 41.527703668386501 ], [ -121.849959406664993, 41.526604542891199 ], [ -121.850226217480994, 41.524904826940897 ], [ -121.850663194914006, 41.523747250513097 ], [ -121.851247708710005, 41.522293904321103 ], [ -121.851480552449999, 41.521580147524801 ], [ -121.852080734424007, 41.520721436912901 ], [ -121.853106506008004, 41.520150699659297 ], [ -121.854849981453, 41.519528555243802 ], [ -121.856128357661007, 41.518987328176301 ], [ -121.857779371421003, 41.5180399550405 ], [ -121.858197828230999, 41.517584736662798 ], [ -121.858839598524, 41.516483204568203 ], [ -121.860188494056004, 41.516356969373199 ], [ -121.862270355826993, 41.516332549889 ], [ -121.862947716014006, 41.516145591956203 ], [ -121.864945408156004, 41.515665420774603 ], [ -121.867091204887998, 41.514893935242903 ], [ -121.868936274945, 41.514529286178103 ], [ -121.871500563352996, 41.5141941863303 ], [ -121.873271355433999, 41.514180025221201 ], [ -121.874418243131998, 41.514123702064701 ], [ -121.876026124625, 41.513828675851101 ], [ -121.878255032710996, 41.513481139119797 ], [ -121.879301316801005, 41.513698510042801 ], [ -121.880830680331997, 41.514046677067697 ], [ -121.881327651819007, 41.513848847390499 ], [ -121.882417022639004, 41.513391057548603 ], [ -121.883289012551003, 41.512899620727403 ], [ -121.885035692510002, 41.5119753010203 ], [ -121.885088769611997, 41.511719105928101 ], [ -121.885541927502999, 41.5111920644487 ], [ -121.885927154241003, 41.510389638501302 ], [ -121.886457326932998, 41.509606629534403 ], [ -121.886885749008997, 41.509079342965798 ], [ -121.887557891219998, 41.507788786698498 ], [ -121.887838784858005, 41.506647568137602 ], [ -121.888014506766993, 41.506050277512003 ], [ -121.888941673760996, 41.504469438544398 ], [ -121.889740365758996, 41.503436801017003 ], [ -121.891087333209995, 41.502350898069402 ], [ -121.892556665026007, 41.501815607469602 ], [ -121.893443514012006, 41.5014053015203 ], [ -121.894462352445998, 41.500586421896301 ], [ -121.894871148771998, 41.499752664814601 ], [ -121.895092502731998, 41.4986243654158 ], [ -121.895556372352999, 41.4971921436331 ], [ -121.895614743685996, 41.496224410260801 ], [ -121.895807092908001, 41.494906675043403 ], [ -121.896684069171002, 41.493703598190898 ], [ -121.898049206371994, 41.492851977542003 ], [ -121.899477009508999, 41.492100021503603 ], [ -121.900890999903993, 41.490834493955298 ], [ -121.901585613574994, 41.489958405499202 ], [ -121.902428085346003, 41.4883496207596 ], [ -121.902979705009997, 41.487071329171499 ], [ -121.904904074718004, 41.483405640194199 ], [ -121.905559281305003, 41.482416558383399 ], [ -121.906236115013996, 41.481342107879101 ], [ -121.906926389955999, 41.480312817959202 ], [ -121.907721069627996, 41.479171922564198 ], [ -121.908285154468999, 41.4783440923607 ], [ -121.909120475560997, 41.477365706126399 ], [ -121.910611162717004, 41.476316960084901 ], [ -121.912084444192999, 41.475948090272396 ], [ -121.914010621714993, 41.476876044210599 ], [ -121.915547536122006, 41.477539080834703 ], [ -121.917436998179994, 41.477980230382997 ], [ -121.918508448417001, 41.478233511181699 ], [ -121.919769634587993, 41.4784210086016 ], [ -121.921385132462007, 41.4784586894745 ], [ -121.923363871988997, 41.477761139845498 ], [ -121.924556591381005, 41.477200327498103 ], [ -121.927102597269993, 41.476233289643602 ], [ -121.928423584474999, 41.476015915703897 ], [ -121.929651923948995, 41.4758787312376 ], [ -121.930882446522006, 41.4758361319481 ], [ -121.931795605157006, 41.475975224621401 ], [ -121.933156283898995, 41.476303114471897 ], [ -121.934328645586007, 41.4758816266758 ], [ -121.935128077024004, 41.474920732271499 ], [ -121.935590656461997, 41.474326019920802 ], [ -121.936174221716001, 41.473381134766903 ], [ -121.936580763131005, 41.472916507716697 ], [ -121.937286352637997, 41.472472657642903 ], [ -121.938447173007006, 41.472064531843003 ], [ -121.940274199108003, 41.4719732912762 ], [ -121.941864915940002, 41.471960914792298 ], [ -121.943305296298007, 41.472172321187401 ], [ -121.944991462304998, 41.472597639265302 ], [ -121.946278853311, 41.472875160785101 ], [ -121.948450145785003, 41.473111211823202 ], [ -121.949636590343999, 41.473198616529103 ], [ -121.950770344858995, 41.473118890658299 ], [ -121.952105895773997, 41.472964429107499 ], [ -121.953435742798007, 41.473071115974903 ], [ -121.954156797351004, 41.473194771758898 ], [ -121.955488077403999, 41.473305951659 ], [ -121.956684244960996, 41.472461101476199 ], [ -121.957495233461998, 41.471923504854999 ], [ -121.958251513139999, 41.471155716998901 ], [ -121.958970329376001, 41.470342547688098 ], [ -121.959566774737993, 41.469411169948899 ], [ -121.960556236564997, 41.468848143289598 ], [ -121.961587664646004, 41.468515176972303 ], [ -121.962543181233997, 41.468483266342197 ], [ -121.963698238904001, 41.467858653853703 ], [ -121.964095665138998, 41.467528958185099 ], [ -121.965522016587997, 41.466785169646101 ], [ -121.965924796332004, 41.466635664855701 ], [ -121.966826238541003, 41.4663780459191 ], [ -121.967646605064999, 41.466182744413501 ], [ -121.969213847475004, 41.465800472641 ], [ -121.970113234305003, 41.465434719888002 ], [ -121.971065950484004, 41.464866769255202 ], [ -121.971664465963002, 41.464453274972797 ], [ -121.972187285912, 41.463903989168998 ], [ -121.972778077236001, 41.4632201960112 ], [ -121.973579167162001, 41.462772470723301 ], [ -121.974187076945, 41.462710338105701 ], [ -121.974828186001005, 41.462535904850398 ], [ -121.975433839380003, 41.461951312400203 ], [ -121.975833029642004, 41.4616936510496 ], [ -121.976758592612995, 41.461418153595197 ], [ -121.977583055813, 41.461384951698498 ], [ -121.978967522556999, 41.461289160426297 ], [ -121.979613052293999, 41.461308400243098 ], [ -121.980225988477002, 41.461831765794599 ], [ -121.980819370152005, 41.462553119105699 ], [ -121.981495058429999, 41.463180619752997 ], [ -121.982109286156998, 41.463767038891099 ], [ -121.983153860930003, 41.4643527563993 ], [ -121.98401171658, 41.464675598671498 ], [ -121.984858753500006, 41.465020857728298 ], [ -121.985609335581003, 41.465793114538997 ], [ -121.985991064065999, 41.466174794106998 ], [ -121.987007660881005, 41.465773912429903 ], [ -121.988225267599006, 41.4656810439878 ], [ -121.989513653719996, 41.465994120512697 ], [ -121.992583967214998, 41.466746155022697 ], [ -121.994377354942998, 41.466734826701597 ], [ -121.995419745986993, 41.466793476967297 ], [ -121.996215477956994, 41.4670256110008 ], [ -121.997510265971997, 41.467996198968898 ], [ -121.998808862301004, 41.469110924885896 ], [ -121.999272077504003, 41.469407698775598 ], [ -122.000247391024999, 41.469645871016901 ], [ -122.001410314707002, 41.470583742499997 ], [ -122.002079804071997, 41.471292135376203 ], [ -122.002730158616998, 41.471833720342801 ], [ -122.003260882655994, 41.472221138075099 ], [ -122.003684102609995, 41.472346405752397 ], [ -122.004157958307005, 41.472391043154801 ], [ -122.005099932986994, 41.472610870679098 ], [ -122.005712011450001, 41.472818831574202 ], [ -122.006257924032994, 41.472850572042901 ], [ -122.006820767519997, 41.472950012090102 ], [ -122.007628164557005, 41.473308272382702 ], [ -122.008626406459996, 41.473717713212302 ], [ -122.009210136123002, 41.473920907410204 ], [ -122.009852598733005, 41.474003003565898 ], [ -122.010473031708997, 41.473958802142597 ], [ -122.010978702529002, 41.473733461327903 ], [ -122.011417364473004, 41.4733859415811 ], [ -122.011901487952002, 41.472804616648098 ], [ -122.012928073123007, 41.471791084298303 ], [ -122.013925084822006, 41.4710970540796 ], [ -122.015277881852995, 41.470680789533297 ], [ -122.016366828526998, 41.470388357373899 ], [ -122.017069882339001, 41.469826897281301 ], [ -122.017472971084999, 41.469303404357397 ], [ -122.017950616153996, 41.468798561514703 ], [ -122.018675406106993, 41.4681336910241 ], [ -122.019490316325005, 41.467347983248303 ], [ -122.020128883992001, 41.466740916879402 ], [ -122.020757243231998, 41.466264368376301 ], [ -122.021372743417004, 41.465895796701098 ], [ -122.021841233209997, 41.4655980313754 ], [ -122.022398484076007, 41.465170410133197 ], [ -122.022845258589996, 41.464822914945202 ], [ -122.023993416126999, 41.464116568841902 ], [ -122.024631657944994, 41.463676112611502 ], [ -122.025326349674998, 41.4632136124483 ], [ -122.026030198968996, 41.462638592021101 ], [ -122.026425919359994, 41.462299657835501 ], [ -122.027004003900998, 41.461926235149399 ], [ -122.027750450056004, 41.461603773957002 ], [ -122.028335725784999, 41.461198879078999 ], [ -122.029111454684994, 41.460768566488603 ], [ -122.029923233760002, 41.460379086360597 ], [ -122.030873662648006, 41.460125881101398 ], [ -122.032894194812002, 41.460075331514197 ], [ -122.034399460906997, 41.460051948126797 ], [ -122.036004791777998, 41.460042894961902 ], [ -122.038005182884007, 41.459987583003702 ], [ -122.039959896946002, 41.4600354411673 ], [ -122.040938315003999, 41.460165204682802 ], [ -122.041865854421005, 41.459938740077099 ], [ -122.042917199461002, 41.459740320693598 ], [ -122.043881915303004, 41.459631246549698 ], [ -122.044612802236998, 41.4594436586057 ], [ -122.044927993642006, 41.459076968883402 ], [ -122.045192543854, 41.458642301673201 ], [ -122.045516024847004, 41.458118047876297 ], [ -122.045743904087999, 41.457683074996503 ], [ -122.046037404394994, 41.457365743375099 ], [ -122.046462408919993, 41.456806298730598 ], [ -122.046840348792998, 41.455832117381199 ], [ -122.047119806121998, 41.455041772605902 ], [ -122.047123923887, 41.454249146401096 ], [ -122.047178452208996, 41.453335336358002 ], [ -122.047582226507004, 41.452690139923398 ], [ -122.048175995299999, 41.451843845396702 ], [ -122.048434896326, 41.4512289731368 ], [ -122.048452411804007, 41.4507472162665 ], [ -122.048351911313006, 41.450097844075401 ], [ -122.048076744919996, 41.449420003842 ], [ -122.047845657566, 41.448747031522601 ], [ -122.047630356358994, 41.448222813353397 ], [ -122.047442809315996, 41.447847448568503 ], [ -122.047297379561002, 41.447508462358201 ], [ -122.047305049325004, 41.447188759101699 ], [ -122.047459633952002, 41.446901798825103 ], [ -122.048097458623005, 41.446416169234901 ], [ -122.049090609757997, 41.4461901882433 ], [ -122.05006834356, 41.4461487254462 ], [ -122.050929793628995, 41.4461288137556 ], [ -122.051922148133002, 41.446213561079901 ], [ -122.052103060568996, 41.446480773828803 ], [ -122.052467242660995, 41.446596368301797 ], [ -122.052969562822994, 41.446731114040603 ], [ -122.053291564280997, 41.4468148323094 ], [ -122.053990090933993, 41.447297977682297 ], [ -122.054986124825007, 41.448161879065204 ], [ -122.055727370010999, 41.4489516203137 ], [ -122.056438898861003, 41.449831188101903 ], [ -122.057040891141995, 41.450732372275297 ], [ -122.057385583191007, 41.452144873090504 ], [ -122.057416904326999, 41.453392669874702 ], [ -122.057591799951993, 41.455164078186698 ], [ -122.057697428040001, 41.4563449267661 ], [ -122.057910113876005, 41.457832907005098 ], [ -122.058175908877999, 41.458961021365504 ], [ -122.058412625943006, 41.460237520610001 ], [ -122.058661843864996, 41.461581677643103 ], [ -122.058919565100993, 41.462700716053 ], [ -122.059308441327005, 41.464118073696099 ], [ -122.059580108153, 41.465412870319497 ], [ -122.05972268136, 41.466526460981903 ], [ -122.059791758680007, 41.467598916805201 ], [ -122.060340439916004, 41.469044598553502 ], [ -122.06123815814, 41.470889456016003 ], [ -122.062348788698003, 41.472506351189899 ], [ -122.063518781347994, 41.4739030354392 ], [ -122.064237900991998, 41.474697042850401 ], [ -122.064476823334999, 41.475311494972303 ], [ -122.064437496265995, 41.4759642171446 ], [ -122.064290032052995, 41.476589037086697 ], [ -122.064242181164005, 41.477313749488701 ], [ -122.064619010835003, 41.4781770285188 ], [ -122.065302162118996, 41.478925698940301 ], [ -122.066407246252993, 41.480006563681499 ], [ -122.067010579894998, 41.480790605749696 ], [ -122.067182451394004, 41.481751295306999 ], [ -122.067142432531995, 41.482714769733597 ], [ -122.067714514263997, 41.483957935060097 ], [ -122.068674953945006, 41.484744862186098 ], [ -122.069592540792002, 41.485441359940197 ], [ -122.069911309256995, 41.485975378598397 ], [ -122.070361910811997, 41.4866095441228 ], [ -122.071032326010993, 41.487159912682998 ], [ -122.071716658190994, 41.487575277731899 ], [ -122.072896985385, 41.4881747872844 ], [ -122.073998261420002, 41.4887015885678 ], [ -122.074814212717001, 41.489235091796601 ], [ -122.075628601922006, 41.489984755660203 ], [ -122.076880826497003, 41.491273872569799 ], [ -122.077837585064998, 41.492916401343798 ], [ -122.079057821199996, 41.494673625140102 ], [ -122.080709807383997, 41.496402761549497 ], [ -122.082150078512996, 41.497594241238701 ], [ -122.083200206415, 41.498260161278999 ], [ -122.083475879092006, 41.498410981479097 ], [ -122.084032900848996, 41.498469464024197 ], [ -122.084491538706004, 41.498495634641799 ], [ -122.085120374412, 41.498559187313198 ], [ -122.085967021279004, 41.498628971615801 ], [ -122.087156271477994, 41.4986699435579 ], [ -122.088158049499, 41.498623846158502 ], [ -122.089391790472007, 41.498642629110101 ], [ -122.090165952671995, 41.498648756397799 ], [ -122.091080451786993, 41.498525379680501 ], [ -122.091956814298001, 41.498505280243201 ], [ -122.093036122559994, 41.498644405195101 ], [ -122.094020466293003, 41.498881853896997 ], [ -122.095254574036005, 41.499143778000096 ], [ -122.096386991719001, 41.499395882454301 ], [ -122.097167400665995, 41.499492086205699 ], [ -122.098212046322004, 41.499648905385399 ], [ -122.098911911870005, 41.499667902373901 ], [ -122.099256822308007, 41.499580529841403 ], [ -122.099884434580005, 41.4994097985061 ], [ -122.100280005770998, 41.499340834301101 ], [ -122.100921841323995, 41.499278297978798 ], [ -122.101455549484996, 41.499237431929402 ], [ -122.102159279877995, 41.499247431890197 ], [ -122.102476486640995, 41.499267922816301 ], [ -122.102857150971005, 41.4993564638092 ], [ -122.103194142196998, 41.499462677888303 ], [ -122.103787470810005, 41.499931186954299 ], [ -122.104040058500004, 41.500185363715303 ], [ -122.104650992808999, 41.5006269831037 ], [ -122.105519614791007, 41.500953506939403 ], [ -122.106198786042, 41.501008328447 ], [ -122.107076416626995, 41.5008980491898 ], [ -122.107638827100004, 41.5007853177136 ], [ -122.108377056975996, 41.500628909493301 ], [ -122.109349759661995, 41.500465305203299 ], [ -122.109860456041005, 41.500464755476003 ], [ -122.110978762510001, 41.500549969241803 ], [ -122.111847353865002, 41.500552176813798 ], [ -122.113009191564004, 41.500520610125399 ], [ -122.113886976996, 41.500342724126099 ], [ -122.114589284518999, 41.500073405993298 ], [ -122.114886687579997, 41.499954094679403 ], [ -122.115137510940002, 41.499956024847201 ], [ -122.115431821745005, 41.499953785240102 ], [ -122.115847977510001, 41.4999119481473 ], [ -122.116168418333004, 41.499860366536502 ], [ -122.116410152960995, 41.499704593606999 ], [ -122.116726024366002, 41.499603434322502 ], [ -122.117309890944, 41.499562879894803 ], [ -122.117703902320002, 41.499552392203199 ], [ -122.118187285668995, 41.499411980354402 ], [ -122.118807133193002, 41.499313145732302 ], [ -122.119326240117005, 41.4992991072005 ], [ -122.119801338317004, 41.499217173575502 ], [ -122.120131532485999, 41.499053062327398 ], [ -122.120532896252996, 41.498830945920801 ], [ -122.120963772560003, 41.498807217769503 ], [ -122.121394076602996, 41.498936610423598 ], [ -122.122020238020994, 41.499256653499302 ], [ -122.122254576293997, 41.499758356181999 ], [ -122.122478679056002, 41.5002419653378 ], [ -122.122739188753002, 41.500802415121797 ], [ -122.122780218711995, 41.501424242513998 ], [ -122.122901912735003, 41.502006151519197 ], [ -122.122978479493, 41.502713820546198 ], [ -122.123260490280003, 41.503846406089799 ], [ -122.123336617700005, 41.5045315526921 ], [ -122.123442190518006, 41.505532184319897 ], [ -122.123600446645, 41.506235971425198 ], [ -122.123868254702998, 41.5068685333381 ], [ -122.124143656100998, 41.507271462529097 ], [ -122.124457268100002, 41.507395451138699 ], [ -122.125005400047996, 41.507399622991301 ], [ -122.125504612477997, 41.507254797375197 ], [ -122.126634064273006, 41.507245365632699 ], [ -122.128505239386001, 41.507155975370601 ], [ -122.129825918473003, 41.507350628847803 ], [ -122.131008428062998, 41.507629793931102 ], [ -122.132883552463994, 41.507806081994801 ], [ -122.133812121492994, 41.5077545313817 ], [ -122.134396861016, 41.507709393228801 ], [ -122.135222000477, 41.5077201048055 ], [ -122.135452697324993, 41.507266963188201 ], [ -122.135834320811, 41.506783429220299 ], [ -122.136202968256001, 41.506205218229297 ], [ -122.136590529648998, 41.505104715727299 ], [ -122.137378255220995, 41.504038740079402 ], [ -122.137886921024005, 41.503403025070497 ], [ -122.138247147403007, 41.502892299909398 ], [ -122.138572773218002, 41.502336277102302 ], [ -122.138933611526994, 41.501721968477298 ], [ -122.139559643951998, 41.5010420871441 ], [ -122.140014848248001, 41.500595118982901 ], [ -122.140290996779996, 41.500381004588903 ], [ -122.140632903919993, 41.500063795106399 ], [ -122.141131009421997, 41.499599128066102 ], [ -122.141740072846005, 41.499180324252002 ], [ -122.142265093743006, 41.498774401580199 ], [ -122.142968938500005, 41.497923939668397 ], [ -122.143849383626005, 41.4969666984979 ], [ -122.144998552193996, 41.495615119806303 ], [ -122.145733945879002, 41.494922505657897 ], [ -122.146525592432994, 41.494050154699103 ], [ -122.147609957957997, 41.492950277393703 ], [ -122.148724950813005, 41.492138855548397 ], [ -122.149422740245001, 41.491567539833298 ], [ -122.149698702191003, 41.490961575663398 ], [ -122.149981463106002, 41.490121466522602 ], [ -122.151274058279995, 41.488545695878202 ], [ -122.151987257800997, 41.4878213506029 ], [ -122.152414849202003, 41.487239016074099 ], [ -122.152952219754994, 41.486274670258197 ], [ -122.153591411037993, 41.485423664728501 ], [ -122.154304315944003, 41.484717317378603 ], [ -122.155213010200995, 41.483863780163603 ], [ -122.156217493596998, 41.483010938385199 ], [ -122.157250608172006, 41.482257379891699 ], [ -122.158395587219999, 41.481419059373401 ], [ -122.159326454197, 41.480637711188102 ], [ -122.160308974318994, 41.4796225374484 ], [ -122.161208174470005, 41.4783905674159 ], [ -122.161729419322, 41.4771513322194 ], [ -122.161987233166002, 41.476022769103203 ], [ -122.162076753112004, 41.474883971721901 ], [ -122.162158285084999, 41.4735514543977 ], [ -122.162555629886, 41.472396883050799 ], [ -122.163186926082005, 41.4712079823666 ], [ -122.163781284474993, 41.470212470965102 ], [ -122.164454898496999, 41.469163486952503 ], [ -122.165165856602002, 41.468002175827401 ], [ -122.165897860417004, 41.466773456233199 ], [ -122.166521380399004, 41.465715088545501 ], [ -122.167233469506002, 41.464751937536803 ], [ -122.168178150385003, 41.4639751185139 ], [ -122.168992777129006, 41.463359487540401 ], [ -122.169407390461998, 41.462831038125699 ], [ -122.169658277435005, 41.461760953554801 ], [ -122.169733364674997, 41.460626546667299 ], [ -122.169990727392999, 41.459106130976998 ], [ -122.170290445019006, 41.457725636632702 ], [ -122.170794939193001, 41.456423181624402 ], [ -122.171020892664004, 41.456132065255503 ], [ -122.171470434203002, 41.455558821631797 ], [ -122.171854879739001, 41.455102205565403 ], [ -122.172707562880007, 41.4543066701697 ], [ -122.173660671500002, 41.453673985580302 ], [ -122.174482421280999, 41.453013327698898 ], [ -122.175085333894003, 41.452319568250701 ], [ -122.175700625204001, 41.4512971187416 ], [ -122.175800716948004, 41.4508970000552 ], [ -122.175864930575003, 41.450316473212297 ], [ -122.175984383656001, 41.449213904035403 ], [ -122.176126336668005, 41.448579888418202 ], [ -122.176553581378002, 41.447691199898102 ], [ -122.176973528570997, 41.446964593414798 ], [ -122.177517881826006, 41.446220859760402 ], [ -122.178048395773004, 41.445742747472003 ], [ -122.178914612813998, 41.445163442479299 ], [ -122.179467572090005, 41.444802582002097 ], [ -122.179700324555995, 41.444678136186702 ], [ -122.180297549203004, 41.444425678046102 ], [ -122.181077462953994, 41.444102457026297 ], [ -122.182061007184004, 41.443708618294799 ], [ -122.183249882582999, 41.443406304802799 ], [ -122.184386918620007, 41.443180175726198 ], [ -122.185232322391002, 41.443001511737599 ], [ -122.185939438797007, 41.442812855406999 ], [ -122.186361999135002, 41.442644701279399 ], [ -122.186704214578995, 41.4424399473085 ], [ -122.187046410470003, 41.442176642993701 ], [ -122.187468854312996, 41.4418373401883 ], [ -122.187823237651997, 41.441556104473598 ], [ -122.188536539620003, 41.440989157917699 ], [ -122.189182763009001, 41.440160514567999 ], [ -122.189972133538006, 41.438828451527002 ], [ -122.190541231712999, 41.437400253406302 ], [ -122.190865133342001, 41.436136967831303 ], [ -122.191121849229006, 41.434801148020597 ], [ -122.191347040455, 41.433352510953497 ], [ -122.191559080480999, 41.431998360260501 ], [ -122.191773398718993, 41.430761323449403 ], [ -122.192145556477996, 41.429160587213097 ], [ -122.192350800260002, 41.4278694394173 ], [ -122.192651287017995, 41.426678042905998 ], [ -122.192975350387997, 41.425635436022901 ], [ -122.193146213873007, 41.424762897933498 ], [ -122.193217545747004, 41.424317522264602 ], [ -122.193378762787006, 41.423075604498699 ], [ -122.193578263296999, 41.422063648363498 ], [ -122.193771599387006, 41.4211867624958 ], [ -122.194133732710995, 41.42050922592 ], [ -122.194263121586005, 41.420266926961297 ], [ -122.194293908169001, 41.420014929725603 ], [ -122.194341431922993, 41.419618928040997 ], [ -122.194199138485999, 41.419392741392301 ], [ -122.194648572182004, 41.418427571056 ], [ -122.194756553043007, 41.418040999894203 ], [ -122.194868864617007, 41.417424764954902 ], [ -122.195041058187002, 41.416682842335703 ], [ -122.195125243524004, 41.415679083014403 ], [ -122.194999555921996, 41.414047826151503 ], [ -122.194825883703999, 41.412911651640698 ], [ -122.194596785905006, 41.412085851367401 ], [ -122.194343766629004, 41.411259883017102 ], [ -122.194114936942995, 41.410776372884698 ], [ -122.194087230367003, 41.4105374769631 ], [ -122.194047400987003, 41.410190404694802 ], [ -122.193929404417005, 41.409694159056599 ], [ -122.193757805852997, 41.4090579195449 ], [ -122.193622553232004, 41.4082643011158 ], [ -122.193576221111996, 41.407899167736701 ], [ -122.193502885325003, 41.407601402184198 ], [ -122.193538344941999, 41.407394475458403 ], [ -122.193463212379001, 41.407060666773297 ], [ -122.194286415448005, 41.406823228934797 ], [ -122.195103297776996, 41.406612763833003 ], [ -122.195764860592007, 41.406203039563501 ], [ -122.196375603410004, 41.405729903104799 ], [ -122.196810805010003, 41.405242026560501 ], [ -122.197127929957006, 41.404505614652599 ], [ -122.197446182305001, 41.403859285908602 ], [ -122.197648599977001, 41.4034508506167 ], [ -122.197857328446005, 41.402893833044502 ], [ -122.198023079131005, 41.402426591768602 ], [ -122.19828543909, 41.402432924074802 ], [ -122.198568451970999, 41.402097109673001 ], [ -122.199515518661002, 41.402117214286903 ], [ -122.200216177662, 41.402171629000499 ], [ -122.200741809335995, 41.402170777894597 ], [ -122.201677026363001, 41.402181774765403 ], [ -122.202632218244005, 41.402332520767601 ], [ -122.203047928271999, 41.402393950689998 ], [ -122.203500162664, 41.402464639604503 ], [ -122.204530522503006, 41.402705966531599 ], [ -122.205533002376001, 41.403149763432197 ], [ -122.206635876250999, 41.403823938509902 ], [ -122.207238177662006, 41.404467631988901 ], [ -122.207884785717994, 41.405404375259899 ], [ -122.208413149698998, 41.406043049574002 ], [ -122.209422626497997, 41.406779608500898 ], [ -122.210827719928005, 41.407451315689102 ], [ -122.212046425674998, 41.407770431905099 ], [ -122.213552761569005, 41.408235623745398 ], [ -122.214370870178001, 41.408664571597697 ], [ -122.214955632153007, 41.408911769107704 ], [ -122.215422825092006, 41.408987017068497 ], [ -122.216254863276006, 41.408943146185202 ], [ -122.217225377944999, 41.408949753473003 ], [ -122.218117272848005, 41.409401695761602 ], [ -122.218827378545001, 41.409861404560502 ], [ -122.219521442450002, 41.410100313338098 ], [ -122.220032603014005, 41.410189352288 ], [ -122.220740952477996, 41.410234686630297 ], [ -122.221016924186003, 41.4101059449739 ], [ -122.221853653346002, 41.409607180294302 ], [ -122.222117106637, 41.409712549581101 ], [ -122.222392606522007, 41.409372122195698 ], [ -122.223160708340004, 41.408481052235402 ], [ -122.223690531282998, 41.407881117365598 ], [ -122.224269008560995, 41.4069617371566 ], [ -122.22492742112, 41.405858235928299 ], [ -122.225636598147005, 41.404759576179103 ], [ -122.226448551686005, 41.403693129590998 ], [ -122.227156236618001, 41.402526892645803 ], [ -122.227690233721006, 41.401251393607701 ], [ -122.228018998807997, 41.400195202141902 ], [ -122.228691533491002, 41.399024215241397 ], [ -122.229792763584996, 41.397572353844801 ], [ -122.231259180647001, 41.396149944949897 ], [ -122.232412784683007, 41.395193828303597 ], [ -122.233276979817006, 41.394496993582003 ], [ -122.234163914546002, 41.393899387800403 ], [ -122.234847372649995, 41.393503094343401 ], [ -122.235530505903, 41.393133817590297 ], [ -122.236011767492997, 41.392893807494602 ], [ -122.236723988250006, 41.392529220556803 ], [ -122.237926136653996, 41.392140852218198 ], [ -122.238776861587993, 41.391885261665998 ], [ -122.239738840404996, 41.391576354021403 ], [ -122.240881177928003, 41.391056948381298 ], [ -122.241949016640007, 41.390320856645502 ], [ -122.243060257406995, 41.389449925449703 ], [ -122.243660578277996, 41.388800817579302 ], [ -122.244293793080999, 41.388408640988096 ], [ -122.245376190019996, 41.387893300385898 ], [ -122.246039114200997, 41.387645431603197 ], [ -122.246721947612002, 41.3872265436435 ], [ -122.247811219591995, 41.386305879859599 ], [ -122.248870615198001, 41.385380506690503 ], [ -122.249407398784996, 41.384983168214198 ], [ -122.249687514024998, 41.384804841732503 ], [ -122.249862958988999, 41.384693389762198 ], [ -122.25021204187, 41.384497496251697 ], [ -122.250621814493002, 41.384419096696803 ], [ -122.250877254974995, 41.384371217846301 ], [ -122.251273988978994, 41.384126089115902 ], [ -122.251970102382003, 41.383716263704798 ], [ -122.252751463658001, 41.383302483852198 ], [ -122.253561422564999, 41.382870868814699 ], [ -122.254548169342996, 41.382404362792101 ], [ -122.255663477338004, 41.381871122379103 ], [ -122.256903948385002, 41.381437763928197 ], [ -122.257747764917994, 41.381245041351697 ], [ -122.258845483875007, 41.381071963656098 ], [ -122.260596632301002, 41.381015672281599 ], [ -122.261428271089002, 41.381039028759098 ], [ -122.262963904624002, 41.381269563601897 ], [ -122.264044603757995, 41.381411596101998 ], [ -122.265534829336005, 41.381560737076001 ], [ -122.266454669981002, 41.381584620202098 ], [ -122.267205307610993, 41.381566883947698 ], [ -122.268049490414001, 41.381405614984502 ], [ -122.269241962506996, 41.381178994663202 ], [ -122.270562509499996, 41.381128823771299 ], [ -122.271489217275999, 41.381206756272597 ], [ -122.272438549930996, 41.381266809006902 ], [ -122.273721380617999, 41.381180332631203 ], [ -122.275452899854997, 41.380871476042699 ], [ -122.277640009728003, 41.380254689213103 ], [ -122.279755384604996, 41.379768023137999 ], [ -122.281114200797006, 41.3794972822283 ], [ -122.282748973338002, 41.379075115 ], [ -122.284417836234994, 41.378472982668001 ], [ -122.285773427964003, 41.3778778896231 ], [ -122.286702246660994, 41.377554870361301 ], [ -122.287566755490005, 41.377371064659599 ], [ -122.288454782027998, 41.377223428653501 ], [ -122.289718634107004, 41.3768799370065 ], [ -122.290902947736001, 41.376495406674898 ], [ -122.292049944396993, 41.376173688390097 ], [ -122.293174412365005, 41.375860827944102 ], [ -122.294201865318001, 41.375741026945903 ], [ -122.294841577702002, 41.375537771973598 ], [ -122.295443366784994, 41.375316265835501 ], [ -122.296046228468995, 41.3752028554837 ], [ -122.296557497202997, 41.375196974458603 ], [ -122.297066184501006, 41.375222602338702 ], [ -122.297613207563003, 41.375158384989902 ], [ -122.298140197012998, 41.375080531294202 ], [ -122.299407159672, 41.374926113605 ], [ -122.300690702330002, 41.374758271162101 ], [ -122.301106792208003, 41.374706752933299 ], [ -122.302206944171004, 41.374564802644002 ], [ -122.303308180171996, 41.374530940808597 ], [ -122.305167542421003, 41.374609741258702 ], [ -122.305552968819001, 41.374630083394997 ], [ -122.306427622635994, 41.374608335585997 ], [ -122.307397376907005, 41.374569138176703 ], [ -122.308783292729998, 41.374541440938202 ], [ -122.310524327926998, 41.374502343831601 ], [ -122.312193191608998, 41.374503323669202 ], [ -122.313243462743003, 41.3744825736363 ], [ -122.314722090321993, 41.3744508542906 ], [ -122.316342101893994, 41.374406444476499 ], [ -122.320071842779996, 41.374442055173802 ], [ -122.321332572060001, 41.374593621095798 ], [ -122.321908664362994, 41.3746780867735 ], [ -122.323015313075999, 41.374770176083601 ], [ -122.323621020635997, 41.374737707242602 ], [ -122.324197440573997, 41.374646513114698 ], [ -122.325159804015001, 41.374526053205699 ], [ -122.325946686136007, 41.374463107527902 ], [ -122.326946182379999, 41.374437431105697 ], [ -122.327958938679004, 41.374357777196103 ], [ -122.329074584712998, 41.374229171931098 ], [ -122.329644267017997, 41.374137911201203 ], [ -122.330351269733995, 41.374065462289998 ], [ -122.331430896756999, 41.373950136097697 ], [ -122.332523199890005, 41.373983500507599 ], [ -122.333171435547001, 41.374176420788999 ], [ -122.334197545170994, 41.374398547596201 ], [ -122.335203424553001, 41.374552990559302 ], [ -122.335764772082996, 41.374619286283099 ], [ -122.336405048654996, 41.374420307041902 ], [ -122.337158059740005, 41.374158919702502 ], [ -122.338004417240001, 41.373830506642499 ], [ -122.338560808395997, 41.373500420907298 ], [ -122.339248574969005, 41.3729639095218 ], [ -122.340206848479994, 41.372059629041701 ], [ -122.341655805884002, 41.370590662608301 ], [ -122.342914980884004, 41.3695574682841 ], [ -122.344246012171993, 41.368583219619701 ], [ -122.345598132435001, 41.367663121594099 ], [ -122.346526275290003, 41.367064878632299 ], [ -122.346848950566994, 41.366706401625301 ], [ -122.347785605965996, 41.367423324456702 ], [ -122.348863548416006, 41.367762714808698 ], [ -122.349605552556, 41.367843476699299 ], [ -122.350472575892994, 41.368127613319501 ], [ -122.351484690294996, 41.368250422179997 ], [ -122.352788318096998, 41.368140661295897 ], [ -122.355120839736003, 41.368270857112599 ], [ -122.355637933311996, 41.368350319466799 ], [ -122.357021303297998, 41.368641800833998 ], [ -122.358373821807007, 41.3690321785121 ], [ -122.359588888974997, 41.369723534124503 ], [ -122.360475312627997, 41.370322973629598 ], [ -122.361842477051994, 41.3710556853136 ], [ -122.363494039627, 41.3716728538312 ], [ -122.365509621339001, 41.372440633759503 ], [ -122.366900300767, 41.372916694906301 ], [ -122.368436938504004, 41.3732944555193 ], [ -122.370140194531999, 41.373601046008403 ], [ -122.371422659697998, 41.373756686094097 ], [ -122.372952841344997, 41.3738776311612 ], [ -122.374133728675005, 41.373793982908701 ], [ -122.374976378368999, 41.3739111595117 ], [ -122.375698422759996, 41.3739015676002 ], [ -122.376353024904006, 41.374067256189697 ], [ -122.377219244368007, 41.374378210078298 ], [ -122.378603312734, 41.374619893343997 ], [ -122.379459133899999, 41.3747686352743 ], [ -122.380237174187997, 41.374687255100397 ], [ -122.381266037610004, 41.374400041068398 ], [ -122.382497859077006, 41.373830163918697 ], [ -122.383670001233, 41.373246442271999 ], [ -122.385051183906995, 41.372762910877299 ], [ -122.387303099248996, 41.372189421263002 ], [ -122.388005639116002, 41.372265221615201 ], [ -122.388587299408002, 41.372799769412403 ], [ -122.388816452952, 41.3735486278228 ], [ -122.389034842846996, 41.374410025060001 ], [ -122.389439505633007, 41.375173325358602 ], [ -122.390095970225005, 41.375784827826003 ], [ -122.390973564552993, 41.376167800255999 ], [ -122.392098216289, 41.376507032847201 ], [ -122.392447587923002, 41.3762296387333 ], [ -122.392810827711997, 41.375907278119499 ], [ -122.393240577691003, 41.375585267063499 ], [ -122.393560505951001, 41.375258171784601 ], [ -122.393719204196003, 41.375069845898402 ], [ -122.394054742961004, 41.374670769677998 ], [ -122.394745836094003, 41.374372648127199 ], [ -122.395580285034995, 41.3740887870714 ], [ -122.396481197162998, 41.373809772406403 ], [ -122.397253103837997, 41.373660687000502 ], [ -122.398359600594006, 41.373616935125902 ], [ -122.399408508948, 41.373496306382897 ], [ -122.400594297417001, 41.3733628695772 ], [ -122.401547705913003, 41.373223708360001 ], [ -122.402550845522995, 41.373039758816098 ], [ -122.403337216772996, 41.372859180592897 ], [ -122.403975320409003, 41.372628286602698 ], [ -122.404823273933005, 41.372249847132402 ], [ -122.405229569341003, 41.371950188970899 ], [ -122.405692063138005, 41.371551734589303 ], [ -122.406089239709999, 41.371103398695404 ], [ -122.406796615782994, 41.370318870974003 ], [ -122.407447462006004, 41.369750233283497 ], [ -122.407657926187994, 41.369616200860797 ], [ -122.408265359948999, 41.369218481922701 ], [ -122.408851821978004, 41.368825155872699 ], [ -122.409343469703998, 41.368503402045199 ], [ -122.410003339068993, 41.368006857860898 ], [ -122.410458262532998, 41.367612849015003 ], [ -122.411013263759997, 41.366976141691602 ], [ -122.411311396504004, 41.3660678856372 ], [ -122.411386068203996, 41.365410702592001 ], [ -122.411548099328002, 41.364844043595397 ], [ -122.411720242586995, 41.363818041124901 ], [ -122.411846325634002, 41.363093562240998 ], [ -122.411827623001997, 41.362598040692802 ], [ -122.411575853572998, 41.362177893419997 ], [ -122.411618693609, 41.361984445933203 ], [ -122.411685977111006, 41.361565929728897 ], [ -122.411702410703995, 41.361151657381399 ], [ -122.411813556252, 41.360674814901699 ], [ -122.411836771164005, 41.3603371429937 ], [ -122.412143978941998, 41.359744201294703 ], [ -122.412495709065993, 41.359101943385703 ], [ -122.412774715525003, 41.3584863364988 ], [ -122.413154678767995, 41.358109949182399 ], [ -122.413526964040003, 41.3577560408336 ], [ -122.414197637076995, 41.357372123434999 ], [ -122.414519067873002, 41.3571891002629 ], [ -122.414862161927005, 41.356839542876997 ], [ -122.415133103171001, 41.356453586738802 ], [ -122.415410783810998, 41.355982090484197 ], [ -122.415820418663003, 41.355542790582298 ], [ -122.416199824044, 41.355224940557797 ], [ -122.416884995716998, 41.3548861196061 ], [ -122.417657748081993, 41.354444148536601 ], [ -122.419554649454, 41.353192645394699 ], [ -122.419984665231993, 41.352893053495499 ], [ -122.420466956807999, 41.352427079624498 ], [ -122.420787729820006, 41.3521449500128 ], [ -122.420782397512994, 41.351735069928203 ], [ -122.421045742944003, 41.351272495209699 ], [ -122.421294930239995, 41.350805344767501 ], [ -122.421595532593003, 41.350099746353997 ], [ -122.421985086728, 41.349218942387097 ], [ -122.422335180432995, 41.348828862307897 ], [ -122.422984324278005, 41.348413257622298 ], [ -122.423204026175995, 41.348067559835002 ], [ -122.423452994792996, 41.347537348923602 ], [ -122.423833792720998, 41.3469672625233 ], [ -122.424257586774004, 41.346518994840999 ], [ -122.424659202482999, 41.346043591358999 ], [ -122.425265305048001, 41.345420579539599 ], [ -122.425826755236002, 41.345117117711297 ], [ -122.426432320415998, 41.344638221356803 ], [ -122.427016611873995, 41.3440286030769 ], [ -122.427520452498996, 41.343477132143299 ], [ -122.427871311974002, 41.342906882961998 ], [ -122.428172791142998, 41.342088673337201 ], [ -122.428414699184998, 41.341504369273103 ], [ -122.428700633790996, 41.340924787085399 ], [ -122.429008539451004, 41.3403092819958 ], [ -122.429681141239001, 41.339416342514902 ], [ -122.430389696166998, 41.338595639180099 ], [ -122.430995676793003, 41.338058169565898 ], [ -122.431455646393999, 41.337560510532803 ], [ -122.431952478032997, 41.336945930292401 ], [ -122.432485972517, 41.3362369468189 ], [ -122.43288065982, 41.335684913216298 ], [ -122.433426980487994, 41.335475920880903 ], [ -122.434372150442002, 41.335440034901502 ], [ -122.435398225119997, 41.335463088736702 ], [ -122.436263748303006, 41.3353952691891 ], [ -122.437398481920994, 41.335463876341002 ], [ -122.438168695113006, 41.335535197305397 ], [ -122.438611536010001, 41.335893166079401 ], [ -122.439082931388, 41.3363188307451 ], [ -122.439525344537003, 41.336640762717899 ], [ -122.440157501673994, 41.336873538220203 ], [ -122.441080366205995, 41.337089706829403 ], [ -122.441850657680007, 41.337242073664399 ], [ -122.442548655568999, 41.337376069619197 ], [ -122.443443997195999, 41.337317348335297 ], [ -122.444280311461, 41.337172761057303 ], [ -122.444717426919993, 41.3370667773885 ], [ -122.445583136517996, 41.337066447125402 ], [ -122.446652181540998, 41.337134646608298 ], [ -122.447568149548999, 41.337197597591597 ], [ -122.448541859298999, 41.337499524466601 ], [ -122.449341773060993, 41.337773588303598 ], [ -122.449980471627995, 41.338033364538703 ], [ -122.450449718987997, 41.338103164598898 ], [ -122.450461972629995, 41.338067191944099 ], [ -122.450877717740994, 41.337303514013499 ], [ -122.451394427794995, 41.3366123781393 ], [ -122.451906532210998, 41.335934729605398 ], [ -122.452517811831001, 41.335275566108699 ], [ -122.453286841452993, 41.334864863163197 ], [ -122.454781127206999, 41.334363011206896 ], [ -122.455731398428, 41.3339801736754 ], [ -122.456942019626993, 41.333544510217997 ], [ -122.457797750134006, 41.333120674301902 ], [ -122.458927640127996, 41.332508957358698 ], [ -122.460010857057, 41.331577233240203 ], [ -122.460715695898003, 41.330697773229602 ], [ -122.461306594107995, 41.329957396495303 ], [ -122.462005015797999, 41.329127441197699 ], [ -122.462624758581995, 41.328508797700401 ], [ -122.463223586485995, 41.327980131339601 ], [ -122.463794108298003, 41.327532400225998 ], [ -122.464488959964996, 41.327040205731102 ], [ -122.465407681770003, 41.326476984537202 ], [ -122.466626584191005, 41.326099807600698 ], [ -122.467454023767999, 41.325828900839497 ], [ -122.468149678648999, 41.3255078362292 ], [ -122.468583536417995, 41.325145023748298 ], [ -122.469068222426998, 41.324223959468704 ], [ -122.469445507611994, 41.323284382312501 ], [ -122.469605259283, 41.322370824965098 ], [ -122.469785257943002, 41.321538430907999 ], [ -122.470125691289994, 41.320535626516502 ], [ -122.470301578155997, 41.319932911950502 ], [ -122.470764490305001, 41.319664806692003 ], [ -122.471388179385997, 41.319460492840598 ], [ -122.472303611144, 41.319284537009104 ], [ -122.473205343404004, 41.319140038573202 ], [ -122.473803314131004, 41.3191607895304 ], [ -122.474742796550998, 41.319336229431698 ], [ -122.475727267479002, 41.319489347033397 ], [ -122.476599925619993, 41.319524846078302 ], [ -122.477372236953002, 41.319595914207703 ], [ -122.478204962307998, 41.319676258883199 ], [ -122.478439855795003, 41.319249451791499 ], [ -122.479147777258007, 41.318685164414198 ], [ -122.480183809972004, 41.318081819684799 ], [ -122.481190377890997, 41.317613450174598 ], [ -122.482154651567996, 41.317298014639199 ], [ -122.483237639039999, 41.317077686268803 ], [ -122.484444749561007, 41.317024548605701 ], [ -122.485375654616007, 41.3169611558301 ], [ -122.486342359385006, 41.316807836975499 ], [ -122.487053405972006, 41.316594820014799 ], [ -122.487828149991998, 41.316161390201998 ], [ -122.488145285149002, 41.315806991537002 ], [ -122.488474997354004, 41.3153715773581 ], [ -122.488703193909998, 41.314931207372801 ], [ -122.489141823455, 41.314316118263598 ], [ -122.489727272219, 41.313926874311697 ], [ -122.490148445298999, 41.313825150583597 ], [ -122.490337373448995, 41.313726901094498 ], [ -122.490618303901002, 41.313511956597999 ], [ -122.490965427888, 41.313234249297501 ], [ -122.491346567947005, 41.312902644228103 ], [ -122.491817697619993, 41.312616474414199 ], [ -122.492585739714002, 41.312363139380103 ], [ -122.492934719066, 41.312229559688099 ], [ -122.493194728872993, 41.312014516662202 ], [ -122.493548344526999, 41.311763853580104 ], [ -122.494151535881997, 41.311680931559799 ], [ -122.494601008618005, 41.311489237421902 ], [ -122.495028861386004, 41.3112929427501 ], [ -122.495530783581998, 41.3111735377909 ], [ -122.495936373234002, 41.311152795080403 ], [ -122.496382141615996, 41.311150242429498 ], [ -122.496817630411002, 41.3111251235079 ], [ -122.497658493499998, 41.310912608122798 ], [ -122.498718869144994, 41.3106019565016 ], [ -122.499191695923002, 41.310477904909199 ], [ -122.499538917582001, 41.310375824924897 ], [ -122.499880440602993, 41.310237687751801 ], [ -122.500343153887002, 41.3100685482475 ], [ -122.501350125065002, 41.309708097315699 ], [ -122.501458193548999, 41.309537416368897 ], [ -122.501307798878003, 41.308991790173103 ], [ -122.501009024162997, 41.308224828311999 ], [ -122.500770008016005, 41.307552707195399 ], [ -122.500309676731007, 41.306825577855001 ], [ -122.50003472409, 41.306265897187203 ], [ -122.499717497526007, 41.305670000679903 ], [ -122.499310517999007, 41.305096232500503 ], [ -122.499015710896003, 41.304694100315999 ], [ -122.498710549262995, 41.304084741620997 ], [ -122.498506533123006, 41.303331697091899 ], [ -122.498465411392004, 41.302755015168898 ], [ -122.498530641258995, 41.302133757263498 ], [ -122.498604655511002, 41.301535057161097 ], [ -122.498313743085006, 41.300822168790297 ], [ -122.498109340086998, 41.300024082159403 ], [ -122.498348424184996, 41.299218920800897 ], [ -122.498435380806001, 41.298489662894397 ], [ -122.498334648094001, 41.297899208887898 ], [ -122.498188809940004, 41.297155424410199 ], [ -122.498080125130002, 41.296434321327602 ], [ -122.497861645884001, 41.295721747025297 ], [ -122.497746601813006, 41.295149245536301 ], [ -122.497823654216006, 41.294154212216597 ], [ -122.498103639179007, 41.293074488873899 ], [ -122.498301722834, 41.292453809212603 ], [ -122.498557975298993, 41.291936973083999 ], [ -122.498919752454, 41.291578233518003 ], [ -122.499554684909995, 41.291418853869899 ], [ -122.499806104244996, 41.29123978914 ], [ -122.500259976528994, 41.290939996630499 ], [ -122.501022969866, 41.290429857582502 ], [ -122.501468277916004, 41.2901750625104 ], [ -122.501931556996993, 41.290010422225599 ], [ -122.502338814463002, 41.289949128473602 ], [ -122.502948613870004, 41.289852676509597 ], [ -122.503463518874, 41.289769323844197 ], [ -122.503928888676995, 41.289721786926201 ], [ -122.504377435405999, 41.289530049649699 ], [ -122.505014168114002, 41.289325608145703 ], [ -122.506464172050002, 41.288962510950597 ], [ -122.507559196987998, 41.288755515345102 ], [ -122.508375349773004, 41.288709460490601 ], [ -122.508900863901999, 41.288801782434298 ], [ -122.509009478346002, 41.288351851740103 ], [ -122.509108898666994, 41.287933409284001 ], [ -122.509297100148999, 41.287519849134803 ], [ -122.50972910566, 41.286841594710403 ], [ -122.510307289227995, 41.286276559048702 ], [ -122.510721786302994, 41.285841439143397 ], [ -122.511119993039998, 41.285388232752503 ], [ -122.511490688345006, 41.285020483116803 ], [ -122.511776742942999, 41.284692908808097 ], [ -122.511936113725, 41.284238686303802 ], [ -122.512094711041001, 41.283487199937902 ], [ -122.512242085135, 41.282839256431799 ], [ -122.512206547079998, 41.282199545632899 ], [ -122.512177986384003, 41.281825597124097 ], [ -122.512192710571995, 41.281451832010099 ], [ -122.512361655416996, 41.281213838637598 ], [ -122.512650521599994, 41.2807061159589 ], [ -122.512702111665007, 41.280291971244303 ], [ -122.512628845763999, 41.279607061103498 ], [ -122.512367249202001, 41.279259149334102 ], [ -122.511972067231994, 41.278811583860701 ], [ -122.511387234915006, 41.278277637187202 ], [ -122.511129542538995, 41.277808132493703 ], [ -122.511411216628005, 41.277363437361899 ], [ -122.511707091068004, 41.276815210893503 ], [ -122.512036876134005, 41.276222087847003 ], [ -122.512088508106999, 41.275501674620699 ], [ -122.512044523270006, 41.275195219537402 ], [ -122.511902760747006, 41.274591089114601 ], [ -122.511790345487995, 41.2740546421944 ], [ -122.511770829379998, 41.273469045661898 ], [ -122.511844545464996, 41.272789261430198 ], [ -122.511907351998005, 41.272271573133999 ], [ -122.511867931471997, 41.271753451348097 ], [ -122.511531476586995, 41.271342164461601 ], [ -122.511048024315002, 41.2708311653398 ], [ -122.510653647826004, 41.270383598178299 ], [ -122.510590697615996, 41.269820336229799 ], [ -122.511079957320007, 41.269151325760703 ], [ -122.511822039056, 41.268397810304997 ], [ -122.512255324540007, 41.267827644326204 ], [ -122.512642232911006, 41.267171705143198 ], [ -122.512785775405007, 41.266631837804297 ], [ -122.512671051194005, 41.266005302069701 ], [ -122.512366651465996, 41.265400482706603 ], [ -122.512094213927995, 41.264912900878599 ], [ -122.511833424982996, 41.264164138111099 ], [ -122.511845875055002, 41.263394013754798 ], [ -122.512073034291006, 41.262746406403203 ], [ -122.512169015514004, 41.262080226913199 ], [ -122.512237055487006, 41.261458968505998 ], [ -122.512369489015001, 41.2608064550123 ], [ -122.512412345895001, 41.2603607442393 ], [ -122.512473609514998, 41.259847551916003 ], [ -122.512559185927998, 41.258974145361698 ], [ -122.512586847660003, 41.2581635489368 ], [ -122.512688129436, 41.257384791779899 ], [ -122.512874616534006, 41.256885640830099 ], [ -122.512953589763001, 41.256196868188397 ], [ -122.512801672286002, 41.2554575749515 ], [ -122.512385269619003, 41.254672121886401 ], [ -122.511805735387995, 41.2537553605437 ], [ -122.511101601110994, 41.252743483785203 ], [ -122.510531704559995, 41.251939355919397 ], [ -122.509908871087006, 41.251333174476002 ], [ -122.509243467835006, 41.250834903446503 ], [ -122.50882050621, 41.250436750435803 ], [ -122.508541139117, 41.249989665209597 ], [ -122.508397604389003, 41.249633238751201 ], [ -122.508161267521004, 41.249118776704698 ], [ -122.508027293121998, 41.248582231716 ], [ -122.508046304404999, 41.248235507129401 ], [ -122.508167538007996, 41.247884715263403 ], [ -122.508170985743007, 41.247524412210403 ], [ -122.508081227532003, 41.247060119575103 ], [ -122.507648053262002, 41.2464367197447 ], [ -122.506688771054996, 41.245847097060903 ], [ -122.507348901987996, 41.245449069890803 ], [ -122.508261255186, 41.244736838180401 ], [ -122.509026827027995, 41.244100540885299 ], [ -122.509836047337998, 41.243410376528999 ], [ -122.510646473519003, 41.242756243315696 ], [ -122.511484915536002, 41.242043671471599 ], [ -122.511925369202999, 41.241689725214101 ], [ -122.512555818048, 41.241160926621703 ], [ -122.513120578542001, 41.240839029759101 ], [ -122.514120580324999, 41.2404604158952 ], [ -122.515013119968998, 41.240189436198001 ], [ -122.515854623223007, 41.239859683241001 ], [ -122.516338065693006, 41.239334749449696 ], [ -122.516501948050006, 41.238957103447902 ], [ -122.516477688131999, 41.238605691129997 ], [ -122.516365079633999, 41.237997180829304 ], [ -122.516396473803994, 41.237582946458801 ], [ -122.516562787807004, 41.237178286574 ], [ -122.516690915110999, 41.236895073636497 ], [ -122.516861236668007, 41.236350806649298 ], [ -122.516494105323005, 41.235871843453502 ], [ -122.516083260094007, 41.235455751098399 ], [ -122.515490973021997, 41.234867742549099 ], [ -122.514902744975004, 41.234135620535 ], [ -122.514205060796002, 41.233281426116598 ], [ -122.513719872018996, 41.232536220621 ], [ -122.513366497407006, 41.231917681748698 ], [ -122.512871034794003, 41.230951733799003 ], [ -122.512566763343997, 41.230049648900902 ], [ -122.512364669294001, 41.22924708355 ], [ -122.512103996828998, 41.228300141932102 ], [ -122.511771136765006, 41.227735732537198 ], [ -122.511384409209001, 41.227396292992204 ], [ -122.511104483755005, 41.227034785707701 ], [ -122.510840690191003, 41.226610290408402 ], [ -122.510866740229005, 41.226416729534698 ], [ -122.511402694962996, 41.225941582098201 ], [ -122.511949951679, 41.225349376277002 ], [ -122.512536024921999, 41.224951003711297 ], [ -122.512946955762004, 41.224439287661802 ], [ -122.513452185739993, 41.223779336864098 ], [ -122.513947812465005, 41.2231058312477 ], [ -122.514604035868004, 41.222392464561203 ], [ -122.515737854034995, 41.221320784072802 ], [ -122.516576478508, 41.220639700780303 ], [ -122.517140246373998, 41.220223194735702 ], [ -122.518081137557999, 41.219623601023201 ], [ -122.518646199325005, 41.219333204799398 ], [ -122.519239086257997, 41.218907802080601 ], [ -122.519720561829004, 41.218117107924101 ], [ -122.519912198818005, 41.217604451421899 ], [ -122.520125827471006, 41.216938750284498 ], [ -122.520468409181007, 41.216174497786099 ], [ -122.520776107011002, 41.215387578992299 ], [ -122.521111930318, 41.214627800224903 ], [ -122.521449250860996, 41.214070706590398 ], [ -122.521699725136003, 41.213562795218003 ], [ -122.521459810004004, 41.213440190444601 ], [ -122.520726846718006, 41.212739022044602 ], [ -122.520013711871002, 41.211673107437598 ], [ -122.519177694600003, 41.210593163213403 ], [ -122.518626734923004, 41.2099873250313 ], [ -122.517930566418997, 41.209259268280498 ], [ -122.517314691001999, 41.208563071859402 ], [ -122.516473355233998, 41.207811877561802 ], [ -122.515801165876994, 41.207376668717799 ], [ -122.515295997010995, 41.206937655049103 ], [ -122.514930743647994, 41.206530756621397 ], [ -122.514744597553005, 41.206097587851602 ], [ -122.514486021755005, 41.205479449156101 ], [ -122.513957855984003, 41.2049277323813 ], [ -122.513381493202999, 41.204745138038902 ], [ -122.512464891636995, 41.204606140932597 ], [ -122.511482111421998, 41.204345247630002 ], [ -122.510513602482007, 41.204070894579303 ], [ -122.509762966907005, 41.203869525202698 ], [ -122.508881958116007, 41.203658586985 ], [ -122.508181914727999, 41.203371846914997 ], [ -122.507440728483999, 41.202409325470803 ], [ -122.506714879965003, 41.201590993095301 ], [ -122.506005651733005, 41.201042967883602 ], [ -122.505611452957993, 41.2007304996161 ], [ -122.504763507269999, 41.199997206701802 ], [ -122.504031444568994, 41.199417542953398 ], [ -122.503497615852993, 41.199041409806497 ], [ -122.502520757081001, 41.198604809051197 ], [ -122.501632690348998, 41.198452336948002 ], [ -122.500926791202005, 41.198359199739301 ], [ -122.500556459934003, 41.198344082204201 ], [ -122.499833523606995, 41.198237352373901 ], [ -122.499138677779001, 41.197770419331498 ], [ -122.498111242302997, 41.197130880657397 ], [ -122.497110955527006, 41.196550003478698 ], [ -122.496484163592996, 41.196155415678199 ], [ -122.496137535526003, 41.195383713549496 ], [ -122.495988093617001, 41.194752497843197 ], [ -122.495715873731001, 41.194192808525699 ], [ -122.495108641884002, 41.193487521825297 ], [ -122.494480590720002, 41.192971309063502 ], [ -122.494049421927002, 41.192730702854803 ], [ -122.493707913809004, 41.192558049450298 ], [ -122.493516519449003, 41.192345519188997 ], [ -122.493711609895996, 41.1919815518307 ], [ -122.494755255770997, 41.191369085141197 ], [ -122.495504895148997, 41.190219343415102 ], [ -122.495821605901995, 41.189446039498002 ], [ -122.496056017520004, 41.188519237896699 ], [ -122.496269211143996, 41.187637383039799 ], [ -122.496454681127005, 41.187066183747397 ], [ -122.496584078485, 41.186810020354898 ], [ -122.497047753491003, 41.186402180471603 ], [ -122.497670127814999, 41.185900446581002 ], [ -122.498153829296001, 41.1853080246728 ], [ -122.498201313742996, 41.184749733008999 ], [ -122.497835337108995, 41.184369800059201 ], [ -122.497411127934996, 41.183809450956097 ], [ -122.497000580220998, 41.183217631758403 ], [ -122.496895818539002, 41.1826902035627 ], [ -122.497183548985006, 41.182191513610597 ], [ -122.497615996003006, 41.181477261131697 ], [ -122.497773751137998, 41.1810185387586 ], [ -122.497805771223994, 41.180338570745597 ], [ -122.496951868363993, 41.1796502324407 ], [ -122.495465549738, 41.1789365989017 ], [ -122.494435791946998, 41.1783510639128 ], [ -122.493132289029006, 41.177611178373702 ], [ -122.492103352754, 41.1770211220392 ], [ -122.491105672152003, 41.176534787201298 ], [ -122.490048771933004, 41.176192310369501 ], [ -122.489835689333006, 41.175997693541099 ], [ -122.489306049212999, 41.176076418728698 ], [ -122.488487526626997, 41.176509676936703 ], [ -122.487748192206993, 41.177010841904398 ], [ -122.486972490838994, 41.177205566329 ], [ -122.486021117196003, 41.177376981544803 ], [ -122.485252081818004, 41.177670812661397 ], [ -122.484475087091994, 41.177838490289801 ], [ -122.483233495521006, 41.177959038734897 ], [ -122.482317475388001, 41.177896372640802 ], [ -122.481683213305999, 41.177821455556497 ], [ -122.481114879887997, 41.177512622733403 ], [ -122.480329512363994, 41.1773244166911 ], [ -122.479151653475, 41.177301079898697 ], [ -122.478315790376996, 41.177373865205197 ], [ -122.477756673499997, 41.1775019479729 ], [ -122.477059889661007, 41.177606882897202 ], [ -122.476374376275999, 41.177419103248504 ], [ -122.475574274774004, 41.177118197187603 ], [ -122.474802689271996, 41.176979560498701 ], [ -122.473980945185005, 41.176777633216801 ], [ -122.473318355738002, 41.17642779517 ], [ -122.473097811995004, 41.176147536848603 ], [ -122.472679854361999, 41.175397955725401 ], [ -122.472414211477002, 41.174703119144702 ], [ -122.472133650931994, 41.173918132965802 ], [ -122.471491732369998, 41.173226072951401 ], [ -122.470484284422, 41.172590881704203 ], [ -122.469630114799998, 41.171798746548902 ], [ -122.468534380348004, 41.170753264922901 ], [ -122.467352311331993, 41.169792950060803 ], [ -122.465945080606005, 41.168948683918302 ], [ -122.464932011678002, 41.168561139416497 ], [ -122.464080922977999, 41.1682283881768 ], [ -122.462865358805999, 41.167916451608001 ], [ -122.461143471816001, 41.168025513358899 ], [ -122.459800125122996, 41.168397559161498 ], [ -122.458400669140005, 41.168886430185303 ], [ -122.457413284867997, 41.169003391695497 ], [ -122.456663252970003, 41.168887255155802 ], [ -122.455418139027003, 41.168277834694202 ], [ -122.454506874889006, 41.167751054931998 ], [ -122.453573316686004, 41.167129577527 ], [ -122.452849525741001, 41.1664595448689 ], [ -122.452534918040996, 41.165859013749298 ], [ -122.452181663600001, 41.165069128568803 ], [ -122.451706208554995, 41.164283164581697 ], [ -122.451062452881999, 41.163401811852196 ], [ -122.450177012989002, 41.162204019583903 ], [ -122.449342711457007, 41.160952416383999 ], [ -122.448713870072993, 41.1601657061574 ], [ -122.448260628339, 41.1595825153221 ], [ -122.447851698848993, 41.159134656172903 ], [ -122.447508706188998, 41.158907809627898 ], [ -122.446955128623998, 41.158743007628097 ], [ -122.446315702842995, 41.158600310501697 ], [ -122.445631662894002, 41.158448387032898 ], [ -122.445499809492006, 41.1582720949201 ], [ -122.445338067717998, 41.157753351925898 ], [ -122.444818556479007, 41.157084251515997 ], [ -122.444729545257005, 41.156863124603902 ], [ -122.444997580602006, 41.156436532848097 ], [ -122.445496180158003, 41.155785848707502 ], [ -122.445748160893004, 41.155318641470203 ], [ -122.446138337169998, 41.154892634593601 ], [ -122.446979120764993, 41.154293133154503 ], [ -122.447404947560003, 41.153966381934701 ], [ -122.447433524182998, 41.1535791715595 ], [ -122.447065461275002, 41.152793702184397 ], [ -122.446936578442006, 41.151910291303501 ], [ -122.446965459571004, 41.1514870500339 ], [ -122.447195284360006, 41.151082789454897 ], [ -122.447832724090006, 41.150743539702901 ], [ -122.448238592584005, 41.150484250126503 ], [ -122.448911752171995, 41.149969507757298 ], [ -122.449368538285, 41.149498767687902 ], [ -122.449480118970001, 41.148981335959199 ], [ -122.449366198850996, 41.147908828790399 ], [ -122.449363081735996, 41.147035029065599 ], [ -122.449411166249007, 41.146539813854297 ], [ -122.449475512673999, 41.146148269373199 ], [ -122.449515139859997, 41.145684541947098 ], [ -122.449439367642995, 41.144859939164 ], [ -122.449187484776004, 41.143899372772601 ], [ -122.448979499811998, 41.143033600707497 ], [ -122.448853568885994, 41.142330366559499 ], [ -122.448683637144001, 41.141901668649503 ], [ -122.448420301802997, 41.141332897686297 ], [ -122.448126655159996, 41.140827037563596 ], [ -122.447761070739006, 41.140374880408899 ], [ -122.447738385378003, 41.140149569100899 ], [ -122.447926026852997, 41.1399748105665 ], [ -122.448092054976001, 41.139624290160199 ], [ -122.448192032657005, 41.139246428792802 ], [ -122.448206466011001, 41.139034807492997 ], [ -122.448124810815997, 41.138737148877702 ], [ -122.448029234443993, 41.138412399169297 ], [ -122.447982919245007, 41.138074373284098 ], [ -122.448018073087994, 41.137700705352501 ], [ -122.447934790600002, 41.137330973886797 ], [ -122.447739122469997, 41.1371318576224 ], [ -122.447294531102997, 41.136868490179602 ], [ -122.447017043936995, 41.136569890889703 ], [ -122.446965699946006, 41.136299401166497 ], [ -122.446759587345994, 41.136014656038 ], [ -122.446367825177006, 41.135846123837503 ], [ -122.446082798286, 41.135736656306101 ], [ -122.445828402144002, 41.135703904355999 ], [ -122.445523309893005, 41.135589834853 ], [ -122.445528415799998, 41.135071893147597 ], [ -122.445395702594993, 41.134737954203601 ], [ -122.445371841311996, 41.134476604119499 ], [ -122.445311560684999, 41.134030412378202 ], [ -122.445200496281004, 41.1336019922215 ], [ -122.445366336980996, 41.1330082554068 ], [ -122.445639833298998, 41.132716808222597 ], [ -122.446334978056996, 41.132224705157498 ], [ -122.446790636486, 41.131875577828701 ], [ -122.447282989734006, 41.131589681548398 ], [ -122.447296399863006, 41.131233925317098 ], [ -122.447244453826997, 41.131035497513601 ], [ -122.447117655572001, 41.130440353304699 ], [ -122.446840106468002, 41.129975102819003 ], [ -122.446591321631004, 41.129631599421302 ], [ -122.446757923375998, 41.129299099270298 ], [ -122.446994359653004, 41.128984950359801 ], [ -122.447427866932998, 41.128433031226699 ], [ -122.447730404175005, 41.127871474465003 ], [ -122.447690350288994, 41.127231705777497 ], [ -122.447724662967005, 41.126691382910799 ], [ -122.447730003719002, 41.126231994208503 ], [ -122.447844588278997, 41.125885730693703 ], [ -122.447865013184, 41.125669633595997 ], [ -122.447893044501001, 41.125345475437001 ], [ -122.447776215931995, 41.125160248885102 ], [ -122.447599838665994, 41.124884655417503 ], [ -122.447403588094005, 41.124581941960997 ], [ -122.447301837113002, 41.124108527166499 ], [ -122.447269321009003, 41.123369704674701 ], [ -122.447271149588005, 41.1224418761457 ], [ -122.447321870479996, 41.121365647869702 ], [ -122.447363233836001, 41.120694740461197 ], [ -122.447480600481001, 41.119749449418201 ], [ -122.447792992613998, 41.118273613058797 ], [ -122.447914430371995, 41.118085024218999 ], [ -122.448265056221999, 41.117730882571301 ], [ -122.448399043288006, 41.117465784128399 ], [ -122.448265039869995, 41.117199402356398 ], [ -122.448303298366, 41.116897812937097 ], [ -122.448704582380998, 41.116449326985901 ], [ -122.449184796558995, 41.116086794336901 ], [ -122.449731670633994, 41.115675033298402 ], [ -122.450241393358993, 41.115254084200103 ], [ -122.450723229315003, 41.1148735364904 ], [ -122.451082267787001, 41.1145779790603 ], [ -122.451347912168004, 41.114412593827403 ], [ -122.451657179099996, 41.114193366752801 ], [ -122.451943522818993, 41.113865932056498 ], [ -122.452032899516993, 41.1135916087986 ], [ -122.451809461950006, 41.1131581548482 ], [ -122.451544771037007, 41.112404714856403 ], [ -122.451267824048003, 41.111335930613798 ], [ -122.451026839123003, 41.110240292439101 ], [ -122.450858655697999, 41.109163016900801 ], [ -122.450771607467999, 41.108622112834098 ], [ -122.450867317588006, 41.108212698126003 ], [ -122.451206213309007, 41.107471140282001 ], [ -122.451537503240999, 41.1068376429903 ], [ -122.451821367210997, 41.106357057673002 ], [ -122.452169090351006, 41.105804710028302 ], [ -122.452467198779004, 41.105310678515202 ], [ -122.452794625089993, 41.104870834386901 ], [ -122.453164881449993, 41.104381647708102 ], [ -122.453702927904999, 41.103852718806998 ], [ -122.454181387697005, 41.103328009130799 ], [ -122.454329500612999, 41.102968384265097 ], [ -122.454372785611, 41.102504668907201 ], [ -122.454475758602996, 41.102023219805403 ], [ -122.454734612004998, 41.1014118900314 ], [ -122.455159238223999, 41.100643700768799 ], [ -122.455543444146997, 41.100082506655603 ], [ -122.455786803541997, 41.099903493099099 ], [ -122.456139597719002, 41.099630409900897 ], [ -122.456301160166007, 41.099171755876498 ], [ -122.456345211344001, 41.098793620666797 ], [ -122.456302001595006, 41.098257430689202 ], [ -122.456297046459994, 41.097865551907503 ], [ -122.456277320317, 41.097550172844599 ], [ -122.456211153425997, 41.0970003621185 ], [ -122.45608013463, 41.0966439208661 ], [ -122.456417808460003, 41.096668034942397 ], [ -122.456851628539994, 41.096584503257901 ], [ -122.457967040870003, 41.096423104992503 ], [ -122.459043359655993, 41.096581302517997 ], [ -122.459590124971996, 41.096791056383701 ], [ -122.459958067258995, 41.097026994111999 ], [ -122.460420199845998, 41.097393990313201 ], [ -122.460707745974005, 41.097724134886199 ], [ -122.461031090218995, 41.098045438024997 ], [ -122.461330340624002, 41.0981279110703 ], [ -122.461604189336001, 41.097949027675497 ], [ -122.461892139555999, 41.097774713569997 ], [ -122.462194227967998, 41.097600464733702 ], [ -122.462496828791004, 41.097363160281397 ], [ -122.463296792064995, 41.097006562630597 ], [ -122.463693799498003, 41.096873288731899 ], [ -122.464201811071007, 41.096817099209098 ], [ -122.464723632285995, 41.096801508385902 ], [ -122.465655368328001, 41.096895915133103 ], [ -122.466229313053006, 41.097060722695502 ], [ -122.466608449092007, 41.097112023511798 ], [ -122.466993450397993, 41.097082276651498 ], [ -122.467363349284, 41.0970794832078 ], [ -122.467652713217007, 41.097004251100302 ], [ -122.468266960738006, 41.096786387325402 ], [ -122.468829655521006, 41.096500721287597 ], [ -122.469470484412, 41.0962154122914 ], [ -122.470401206182999, 41.095787301779502 ], [ -122.471836657769003, 41.095244392255097 ], [ -122.472393406744999, 41.094954177346501 ], [ -122.472837434029003, 41.094613899044496 ], [ -122.473310982545001, 41.094210696702703 ], [ -122.473855722970995, 41.093744760241698 ], [ -122.474314483737999, 41.093327973893601 ], [ -122.474715724367002, 41.092937947999197 ], [ -122.474985946936997, 41.092646413737697 ], [ -122.475437394828006, 41.092211573127202 ], [ -122.475753847150003, 41.092001321137801 ], [ -122.476370032595995, 41.091905033162803 ], [ -122.477096163447996, 41.091926347311599 ], [ -122.477626868084997, 41.092005324218 ], [ -122.478469758402994, 41.092036167203098 ], [ -122.479164148340999, 41.091836624125399 ], [ -122.479672754473, 41.0914155374548 ], [ -122.480327768894995, 41.091017629410601 ], [ -122.481354445617001, 41.090765522205601 ], [ -122.482207310807993, 41.0905666739677 ], [ -122.482936148053, 41.090241148241098 ], [ -122.483722768277005, 41.089852819488399 ], [ -122.484738166534996, 41.089325881722502 ], [ -122.485811300679998, 41.0887406393704 ], [ -122.486617399989001, 41.088235271140697 ], [ -122.487302253612995, 41.087914025702801 ], [ -122.488406729922005, 41.087599144221301 ], [ -122.489389305754003, 41.087265695578701 ], [ -122.490221650620001, 41.0870171517847 ], [ -122.490869388746006, 41.086776794564898 ], [ -122.491773500071005, 41.0864835156422 ], [ -122.492410653350007, 41.086360209574998 ], [ -122.493091790917006, 41.086322671355603 ], [ -122.493891426277997, 41.086357715242698 ], [ -122.494707333240001, 41.086600013446102 ], [ -122.495794649241006, 41.086965104521198 ], [ -122.496494390861002, 41.087220393954297 ], [ -122.497472117011, 41.0875174287699 ], [ -122.498258434815, 41.087642466227301 ], [ -122.499174671671994, 41.087709509846903 ], [ -122.499819454600001, 41.087757351699899 ], [ -122.500815676377002, 41.087383327897498 ], [ -122.501344263876007, 41.087052313514903 ], [ -122.501908931759004, 41.086770997743002 ], [ -122.502590044097005, 41.086440636851201 ], [ -122.503256537457005, 41.086173266265902 ], [ -122.503654922118997, 41.086035356039702 ], [ -122.504279332647002, 41.085920937594402 ], [ -122.504576824767, 41.085940233527303 ], [ -122.505018667013005, 41.086059239088399 ], [ -122.505550273444996, 41.086214660991999 ], [ -122.506204148842997, 41.086438165997599 ], [ -122.506901929256003, 41.086661855194698 ], [ -122.507570594453, 41.0868989280306 ], [ -122.508601672237006, 41.087232129269601 ], [ -122.509808856961001, 41.087800283759698 ], [ -122.510361566051003, 41.0880233347021 ], [ -122.511103112244001, 41.088269704905301 ], [ -122.511727873867997, 41.088511071387998 ], [ -122.512077811251004, 41.088886393931503 ], [ -122.512379514661006, 41.088338171221601 ], [ -122.512770150086993, 41.087938959016903 ], [ -122.513261751488002, 41.087369016262102 ], [ -122.513767003397007, 41.086763096151699 ], [ -122.514121474186993, 41.086422279908099 ], [ -122.514592049604005, 41.086077447639603 ], [ -122.515519593636, 41.085617429176303 ], [ -122.516635504291003, 41.085140177158898 ], [ -122.517489444627998, 41.084769915956301 ], [ -122.518379932662, 41.084386288855498 ], [ -122.519394436808, 41.084034700903103 ], [ -122.519937458059005, 41.083748702088997 ], [ -122.520480108545001, 41.083205965289601 ], [ -122.520933637780999, 41.082536740464299 ], [ -122.521230570271001, 41.082119093007599 ], [ -122.521655993406995, 41.081629912577803 ], [ -122.522257161205999, 41.081118938815997 ], [ -122.523075538249998, 41.080613365224899 ], [ -122.523943231152003, 41.080180055213397 ], [ -122.524673692003006, 41.079791213647098 ], [ -122.525354589261994, 41.079258031848298 ], [ -122.525810596392006, 41.078750945321403 ], [ -122.526329511506006, 41.078185562160698 ], [ -122.526763476091006, 41.077741438642597 ], [ -122.527219203688006, 41.077270378096102 ], [ -122.527752909905004, 41.076714057252801 ], [ -122.528092639039002, 41.076544292980202 ], [ -122.528912516743006, 41.076439549256001 ], [ -122.530291929564996, 41.076535262747797 ], [ -122.531352536670994, 41.076580118320102 ], [ -122.532505588649997, 41.076598314580202 ], [ -122.532904088975002, 41.076532369047399 ], [ -122.533426373341001, 41.076426386443202 ], [ -122.534129960564997, 41.076352663402297 ], [ -122.534781976892006, 41.076206662103701 ], [ -122.535360940813007, 41.075974784464897 ], [ -122.536049785093994, 41.075563181967802 ], [ -122.536533718046996, 41.075195792404003 ], [ -122.537125974475998, 41.074657679748498 ], [ -122.537465935360004, 41.074343757098603 ], [ -122.537892234354999, 41.0739175769125 ], [ -122.538289672036996, 41.073468758907303 ], [ -122.538563864381999, 41.072983413111501 ], [ -122.538683726391994, 41.072438895388601 ], [ -122.538513483757995, 41.071677018540697 ], [ -122.538294268049995, 41.071216720772398 ], [ -122.537978424071994, 41.070638928180898 ], [ -122.537549035856998, 41.069916547364102 ], [ -122.537151893319006, 41.068946568038001 ], [ -122.536946304273002, 41.068243099972698 ], [ -122.536965797419995, 41.067797270781703 ], [ -122.536992188957996, 41.067216345761601 ], [ -122.536997120221002, 41.066725416798803 ], [ -122.537008490350999, 41.066058853067702 ], [ -122.536831542095996, 41.065409548949901 ], [ -122.536546949205004, 41.0650480752089 ], [ -122.536342282958003, 41.064957169504197 ], [ -122.536052329523997, 41.064829887133399 ], [ -122.535589095866001, 41.064697401686701 ], [ -122.534957504415999, 41.064600268011098 ], [ -122.534316830031003, 41.064525614762999 ], [ -122.533991489909994, 41.064564836592197 ], [ -122.533368182705999, 41.064769503665701 ], [ -122.532650988957002, 41.064996307207998 ], [ -122.531802938677004, 41.065213566428199 ], [ -122.530838220354994, 41.065308733256998 ], [ -122.529758454887997, 41.065263794919602 ], [ -122.528799546358997, 41.065169795433803 ], [ -122.527921425865998, 41.065013061316897 ], [ -122.527057374552996, 41.064658197058201 ], [ -122.526429998886002, 41.064286282744298 ], [ -122.525855053932005, 41.063761440711502 ], [ -122.525221906178999, 41.063263380698501 ], [ -122.524712820106004, 41.062891944285802 ], [ -122.524122930315997, 41.0622769494802 ], [ -122.523509814109005, 41.061274501215003 ], [ -122.522873817096993, 41.060353028983002 ], [ -122.522231279981995, 41.0593099147098 ], [ -122.522004845903993, 41.058840546986303 ], [ -122.521857573337002, 41.058430060866399 ], [ -122.521856137596004, 41.058114766319399 ], [ -122.521927687529001, 41.057786262200104 ], [ -122.522078302395002, 41.057426557088 ], [ -122.522213856777, 41.056886624361802 ], [ -122.522109605531995, 41.056287143574401 ], [ -122.521810805824003, 41.055952598849601 ], [ -122.521467777062995, 41.055563820180602 ], [ -122.521191074382997, 41.055157299571597 ], [ -122.52087656706, 41.054426324062099 ], [ -122.520756623745001, 41.0537366940477 ], [ -122.520986990509996, 41.053147611286001 ], [ -122.521383581623994, 41.052608763888699 ], [ -122.521976355445005, 41.051782464846497 ], [ -122.522407020038997, 41.051054581719796 ], [ -122.522624324410003, 41.0506230857509 ], [ -122.522794426464998, 41.0500337493594 ], [ -122.522829760367998, 41.049466375352097 ], [ -122.522963385981001, 41.048881391674399 ], [ -122.523542027587993, 41.048460397235303 ], [ -122.523911272868006, 41.048200683686801 ], [ -122.524047784724004, 41.0480390988563 ], [ -122.524353104970004, 41.047774615704903 ], [ -122.524764764661001, 41.0474069752782 ], [ -122.525253824084004, 41.046823453896799 ], [ -122.525674105698997, 41.046289192764299 ], [ -122.526120342024001, 41.045660449976197 ], [ -122.526329069138995, 41.045278456755 ], [ -122.526383993229999, 41.044567029376502 ], [ -122.526256863263995, 41.043733242005999 ], [ -122.526122624679999, 41.043061574013102 ], [ -122.526006138108997, 41.042507086327298 ], [ -122.525901583380005, 41.042155333672298 ], [ -122.525625296070004, 41.042005560255397 ], [ -122.526009691121999, 41.041597265496399 ], [ -122.526397831531, 41.0411844806749 ], [ -122.526961411781002, 41.0405697285915 ], [ -122.527423439486995, 41.040013111079297 ], [ -122.527849833464998, 41.039447337391998 ], [ -122.528231386426995, 41.039016502665497 ], [ -122.528504281443006, 41.0385987345636 ], [ -122.52848254093, 41.038206785527301 ], [ -122.528188721722998, 41.037493929007503 ], [ -122.527800314621004, 41.036596014394902 ], [ -122.527477703472002, 41.035752417823304 ], [ -122.527416776316997, 41.034810802466602 ], [ -122.527367521046997, 41.033900763788502 ], [ -122.527322341300007, 41.0330447913787 ], [ -122.527124374454999, 41.032656622962698 ], [ -122.526840135536006, 41.032272604168298 ], [ -122.526554571551003, 41.031658867863797 ], [ -122.526624546087007, 41.031127666267601 ], [ -122.526847442161994, 41.030525026166202 ], [ -122.527330060327998, 41.030198203904497 ], [ -122.527780162097002, 41.030051412193401 ], [ -122.528221300411005, 41.0297018954696 ], [ -122.528239829889998, 41.0290849033114 ], [ -122.528098121536999, 41.028106923345902 ], [ -122.527867944562999, 41.026921389865599 ], [ -122.527609983543996, 41.0258798745772 ], [ -122.527309013557002, 41.024928265138101 ], [ -122.526652522836997, 41.023795029189699 ], [ -122.526154877601996, 41.023009262101098 ], [ -122.525803361395006, 41.022165540115402 ], [ -122.525815543576002, 41.021503479926501 ], [ -122.525840038346999, 41.020679320819497 ], [ -122.526011841709007, 41.020044941919302 ], [ -122.526408059117998, 41.019316897797097 ], [ -122.526644979934005, 41.019034109365201 ], [ -122.527166228894998, 41.018594841810099 ], [ -122.527511950594999, 41.0180647693334 ], [ -122.527372068646997, 41.017667830172897 ], [ -122.526766064453, 41.016656412752802 ], [ -122.526559932542, 41.015754734968603 ], [ -122.526644947928006, 41.015196568698997 ], [ -122.526801446533995, 41.014724274799299 ], [ -122.527220087036994, 41.014180989687098 ], [ -122.527617108447998, 41.013853813990103 ], [ -122.528084879757998, 41.013090023205102 ], [ -122.528422857181994, 41.0121815663353 ], [ -122.528788853717003, 41.0115119433624 ], [ -122.529119403810995, 41.011017836599898 ], [ -122.529387402319003, 41.010748681505298 ], [ -122.530066090828001, 41.0102109512545 ], [ -122.530837716996004, 41.009457395501101 ], [ -122.531226257198995, 41.008747318712402 ], [ -122.531594828048995, 41.008127242627502 ], [ -122.531904445272005, 41.007750150716198 ], [ -122.532481892912003, 41.007333607121303 ], [ -122.532981577149002, 41.007087903778903 ], [ -122.533900335366994, 41.006749306199602 ], [ -122.534216924953, 41.006223598716403 ], [ -122.534243800499993, 41.005678703347698 ], [ -122.534429634822004, 41.005039862605102 ], [ -122.534767858441, 41.004500728316899 ], [ -122.535106439854999, 41.004015644421102 ], [ -122.535467943011994, 41.003652264371198 ], [ -122.535705622630005, 41.003459542814703 ], [ -122.536066772016994, 41.003145705259698 ], [ -122.536436141318006, 41.002930991297902 ], [ -122.536949361284002, 41.002761895789803 ], [ -122.537826230460993, 41.002769919204901 ], [ -122.538935450511005, 41.002814898929699 ], [ -122.539834762794996, 41.002908576027203 ], [ -122.540726107482996, 41.003186885246002 ], [ -122.541583544204002, 41.003640715255699 ], [ -122.541823850265999, 41.003817333242701 ], [ -122.542326698495998, 41.004179664329598 ], [ -122.543075751407997, 41.004619540289397 ], [ -122.543736103138002, 41.004883397781001 ], [ -122.544344348416999, 41.004944358013503 ], [ -122.545171518003997, 41.005051220773403 ], [ -122.546099142537003, 41.005248556556303 ], [ -122.546577866532004, 41.005340524058198 ], [ -122.546833577363003, 41.005332521341003 ], [ -122.547585657480994, 41.005227375703797 ], [ -122.548686083294996, 41.004934414592803 ], [ -122.549533893992006, 41.004739547667398 ], [ -122.550850268014003, 41.004271747044598 ], [ -122.551285868784007, 41.004147326904302 ], [ -122.551913597671998, 41.003965097970401 ], [ -122.552659910220996, 41.0037202675272 ], [ -122.553239283224997, 41.003434247794097 ], [ -122.553744792732999, 41.003080376652903 ], [ -122.553959381718997, 41.002666823671298 ], [ -122.554045769103993, 41.0024194286067 ], [ -122.554152024576993, 41.001870330933798 ], [ -122.554164507874006, 41.001451491391499 ], [ -122.554133981177003, 41.0010189729459 ], [ -122.554088015843007, 41.000671973985398 ], [ -122.554086546538002, 41.000338659641301 ], [ -122.554110555335996, 40.999973914636797 ], [ -122.554217275458996, 40.9996860604274 ], [ -122.554551504561999, 40.999381068837103 ], [ -122.555100031212007, 40.999144466161802 ], [ -122.555753995583004, 40.998809175471898 ], [ -122.556319748977003, 40.998329408011301 ], [ -122.556602519031003, 40.9979386330061 ], [ -122.557023679441002, 40.997521364147097 ], [ -122.557643366695999, 40.997307543575801 ], [ -122.558402980093007, 40.997170826760801 ], [ -122.559205898705997, 40.997002741321097 ], [ -122.559764918010003, 40.996635535362898 ], [ -122.560139841278001, 40.996015390513001 ], [ -122.560541272902, 40.995318774444499 ], [ -122.561101114416999, 40.994600239261601 ], [ -122.561616621374995, 40.994178808326701 ], [ -122.561939620006001, 40.993540443124303 ], [ -122.561969652917, 40.992819888847997 ], [ -122.562003487461993, 40.992198440840802 ], [ -122.562127347030994, 40.991446713570902 ], [ -122.562160346889002, 40.990838774733099 ], [ -122.562415593243003, 40.990105562656602 ], [ -122.562566962012994, 40.989574643896098 ], [ -122.562864578615006, 40.988837087245699 ], [ -122.563214404625995, 40.988406011904701 ], [ -122.563801532145007, 40.9880433963814 ], [ -122.564632618621005, 40.987866370935897 ], [ -122.565397513570005, 40.987585493764499 ], [ -122.565817273231005, 40.987136657308298 ], [ -122.566285520858003, 40.986543867865201 ], [ -122.566737014422998, 40.986239281224599 ], [ -122.567072839250002, 40.985898224980097 ], [ -122.567434391665998, 40.985485197331897 ], [ -122.567864952746007, 40.985198544389299 ], [ -122.568702405853003, 40.984949446368397 ], [ -122.569728891701999, 40.9847641065546 ], [ -122.570755008592997, 40.984520201806902 ], [ -122.571585886858998, 40.984365646193503 ], [ -122.572554523492002, 40.984162049430502 ], [ -122.573585774660003, 40.983810038011498 ], [ -122.574082784794996, 40.983582161911698 ], [ -122.574534222432007, 40.9832775442976 ], [ -122.575503569237, 40.983191034156697 ], [ -122.576556085655994, 40.983226434432702 ], [ -122.577586516810001, 40.983230214867604 ], [ -122.579114993153993, 40.983073654833397 ], [ -122.580144307756001, 40.983018853893398 ], [ -122.580909517357995, 40.983255856069697 ], [ -122.581459400941, 40.983591163682703 ], [ -122.581955507876998, 40.983737097819201 ], [ -122.583002042071001, 40.983898534782199 ], [ -122.584060390622994, 40.984190626282903 ], [ -122.584827752319995, 40.984562735786497 ], [ -122.585882115813007, 40.985138559912897 ], [ -122.586927598166994, 40.985592729525997 ], [ -122.587544847901, 40.9856174606088 ], [ -122.588092667013001, 40.985457268703001 ], [ -122.588546213444999, 40.985283225181199 ], [ -122.588477972546002, 40.985026242985498 ], [ -122.588508538905998, 40.984292169709498 ], [ -122.588447442784997, 40.983364089064501 ], [ -122.58842202484, 40.982791966481599 ], [ -122.588431158225006, 40.982039799660299 ], [ -122.588490808540001, 40.981287813080002 ], [ -122.588528549691006, 40.980594302634501 ], [ -122.588610567931994, 40.979828883064798 ], [ -122.589018147294993, 40.979154708259898 ], [ -122.589493347288993, 40.978476268546402 ], [ -122.589881445051006, 40.977946155275497 ], [ -122.589989776199005, 40.9774871130329 ], [ -122.590053618322003, 40.977014399874903 ], [ -122.590180777098993, 40.976753608812302 ], [ -122.590727004445995, 40.9769582380057 ], [ -122.591219463784, 40.977329329084 ], [ -122.591943096934003, 40.977678715593498 ], [ -122.592550141253, 40.977901568155602 ], [ -122.593017341844003, 40.978033840061997 ], [ -122.593806595041002, 40.977982573409797 ], [ -122.594403861391996, 40.977741449960803 ], [ -122.594905873334, 40.977405400674201 ], [ -122.595478753918997, 40.977020051752703 ], [ -122.596197969019002, 40.976635212617097 ], [ -122.596729320709002, 40.976357812587899 ], [ -122.597252715834003, 40.976044348742903 ], [ -122.597555752866, 40.975563458259998 ], [ -122.597643200191996, 40.975108839855402 ], [ -122.597778847951005, 40.9746679021139 ], [ -122.598063254338996, 40.974317566832198 ], [ -122.598407694862004, 40.974111574230101 ], [ -122.598888832811994, 40.9737799388081 ], [ -122.599549174561005, 40.973417394606997 ], [ -122.599907194061004, 40.973175411077698 ], [ -122.600181672901002, 40.972743960462502 ], [ -122.600463322032994, 40.971862114277101 ], [ -122.600581732555, 40.971195903321401 ], [ -122.600681726120996, 40.970750334097801 ], [ -122.600573631824005, 40.970322060773697 ], [ -122.600391116607994, 40.9697944369995 ], [ -122.600259728091999, 40.969411124561397 ], [ -122.600311948552005, 40.969127541049403 ], [ -122.600464567974001, 40.968700171089502 ], [ -122.600257402335998, 40.968073369119701 ], [ -122.600048529030005, 40.967360980970803 ], [ -122.599952238102006, 40.966824646935599 ], [ -122.599910706404998, 40.9657074607534 ], [ -122.599915069302995, 40.964739072319702 ], [ -122.600113602940993, 40.964086651639597 ], [ -122.600412831905004, 40.963362512323201 ], [ -122.600715288914998, 40.962841072521897 ], [ -122.601118248142001, 40.962279441792901 ], [ -122.601313260498998, 40.961838704220902 ], [ -122.601465221994999, 40.961393313265603 ], [ -122.601678347488004, 40.961150822682498 ], [ -122.601871094478, 40.960962311796898 ], [ -122.602036000168994, 40.960462914234498 ], [ -122.602041513749001, 40.960039537831001 ], [ -122.602038410374007, 40.959814316767897 ], [ -122.602071507911006, 40.959620750100697 ], [ -122.602407163628996, 40.9593786809357 ], [ -122.602856186617998, 40.959303657035399 ], [ -122.603666461792997, 40.959175823326198 ], [ -122.604249116283995, 40.958984143894199 ], [ -122.604832224060999, 40.958715891522203 ], [ -122.605398594972996, 40.9583890241897 ], [ -122.605870752025993, 40.958043815179401 ], [ -122.606169234129993, 40.957679994239399 ], [ -122.606203556580994, 40.957153118987598 ], [ -122.606356577758007, 40.956396934298297 ], [ -122.606438565548004, 40.955721582638603 ], [ -122.606377435922994, 40.9551358265348 ], [ -122.606113864525, 40.954625950497203 ], [ -122.605724832744002, 40.9539850226965 ], [ -122.605497531845003, 40.953371672302097 ], [ -122.605297155821006, 40.952726884086402 ], [ -122.604741144352005, 40.952071868372897 ], [ -122.604351300827005, 40.951322831765502 ], [ -122.604194091080998, 40.950664676898803 ], [ -122.604110262429998, 40.950029294810498 ], [ -122.604007037581994, 40.9495334766548 ], [ -122.603848807898999, 40.948798745946398 ], [ -122.603640724486993, 40.948081860424097 ], [ -122.603404525497993, 40.947472978941903 ], [ -122.603338558239003, 40.947080885124599 ], [ -122.603260711524996, 40.946688750367102 ], [ -122.603067602346997, 40.946449362184403 ], [ -122.602932126320994, 40.946133600458197 ], [ -122.602873844987997, 40.9458226086848 ], [ -122.6030480334, 40.945377290894399 ], [ -122.603309456413001, 40.944995332035099 ], [ -122.603664726386, 40.944564148774703 ], [ -122.603681468329, 40.943875060734499 ], [ -122.603179492093005, 40.943386878447299 ], [ -122.602810966090004, 40.9430568014469 ], [ -122.602504136342006, 40.942591809346901 ], [ -122.602280319710999, 40.941780277740897 ], [ -122.602204160664002, 40.941108885992598 ], [ -122.602197561050005, 40.940847618348897 ], [ -122.602925739471999, 40.940629421457601 ], [ -122.603835176952003, 40.940393825994001 ], [ -122.604625827093002, 40.940031697834499 ], [ -122.605016358553996, 40.939533067551899 ], [ -122.605531072830004, 40.938751094709197 ], [ -122.605885131031002, 40.938265849242399 ], [ -122.606094834630994, 40.937834160276303 ], [ -122.606193896204999, 40.937280478980803 ], [ -122.606265419766004, 40.936487979548197 ], [ -122.606341990328005, 40.9354702858625 ], [ -122.606355951956999, 40.934619034629002 ], [ -122.606362670414995, 40.933862347326397 ], [ -122.606496620575001, 40.933182666080498 ], [ -122.606553609268005, 40.932336065538102 ], [ -122.606519202144995, 40.931628784112597 ], [ -122.606520321009, 40.930939640747397 ], [ -122.606496696557997, 40.9304170693974 ], [ -122.606418689573005, 40.930051960467502 ], [ -122.606262071051006, 40.929799188835197 ], [ -122.606505532694996, 40.929678405679098 ], [ -122.606874285724004, 40.929585074625003 ], [ -122.607101365747994, 40.929347124333503 ], [ -122.607600124274001, 40.928484010192903 ], [ -122.607809505686006, 40.927597388712996 ], [ -122.607979596240995, 40.926575506125303 ], [ -122.608269289646003, 40.925788249669502 ], [ -122.608743587640006, 40.925163771355102 ], [ -122.609431437590999, 40.924323811223097 ], [ -122.610020418793994, 40.923632152313601 ], [ -122.610908825495002, 40.922635212911203 ], [ -122.611213957711001, 40.922244373457602 ], [ -122.611483798096003, 40.921668740511798 ], [ -122.611621547593998, 40.921214276493302 ], [ -122.611302085142995, 40.920758272000903 ], [ -122.611149840630006, 40.920392915372503 ], [ -122.610799315519998, 40.9197926690209 ], [ -122.610305048279997, 40.919277516425403 ], [ -122.609593562333998, 40.918847207023099 ], [ -122.608921080227006, 40.9180972244245 ], [ -122.608660071659997, 40.917677444554997 ], [ -122.608423349847996, 40.917041542961201 ], [ -122.608396741698996, 40.9167711981178 ], [ -122.608372258133997, 40.916266639894801 ], [ -122.608411464457006, 40.916037056694698 ], [ -122.608600246471994, 40.9156142988301 ], [ -122.608738160754001, 40.915258931683503 ], [ -122.608909790225994, 40.914723508971598 ], [ -122.608890974093995, 40.914390131149197 ], [ -122.608766799547993, 40.914051891660201 ], [ -122.608406677288997, 40.913703842539 ], [ -122.607751033414999, 40.913129575227202 ], [ -122.607482181102995, 40.912660218984897 ], [ -122.607238187589004, 40.912380125041103 ], [ -122.606645556684001, 40.912071816404797 ], [ -122.606215476844994, 40.9118856745256 ], [ -122.605520228290004, 40.911613043591103 ], [ -122.604983261176002, 40.911057183275602 ], [ -122.604516670310005, 40.910150230578402 ], [ -122.603935643929006, 40.909643760872299 ], [ -122.603263540916004, 40.909353178765997 ], [ -122.602624621085994, 40.908851007462999 ], [ -122.601939151378005, 40.907821674911702 ], [ -122.601402599715996, 40.906959510152099 ], [ -122.600884602476995, 40.905975792264201 ], [ -122.600621088354004, 40.905001961999602 ], [ -122.600536968705995, 40.904429630841697 ], [ -122.600497670650995, 40.903807908085298 ], [ -122.600460887330001, 40.903015032396198 ], [ -122.600408044643999, 40.902424792296301 ], [ -122.600246435282997, 40.901906243180299 ], [ -122.599983888400004, 40.9013918479748 ], [ -122.599791772174996, 40.901134439005297 ], [ -122.599328990252005, 40.900849064126099 ], [ -122.599125013949006, 40.900713227665399 ], [ -122.598901739176995, 40.900455708875199 ], [ -122.599578450769997, 40.899840977706603 ], [ -122.600448302494996, 40.8994341075121 ], [ -122.600873004559006, 40.8992644164667 ], [ -122.601352518048998, 40.898986811211799 ], [ -122.602043153826997, 40.898642368836299 ], [ -122.602521996860006, 40.898351243596899 ], [ -122.602994873015007, 40.8980646000647 ], [ -122.603432103805005, 40.897782336262999 ], [ -122.603628703596996, 40.897413663122897 ], [ -122.603748104928002, 40.896801494529498 ], [ -122.603578643977997, 40.896228871492397 ], [ -122.603498127335001, 40.895796185974199 ], [ -122.603496633789007, 40.895300712469997 ], [ -122.603552211015, 40.893945121685697 ], [ -122.603655875726005, 40.893233804999603 ], [ -122.603955687134004, 40.892599734298599 ], [ -122.604278723752003, 40.892051323389197 ], [ -122.604889751293001, 40.890981404190399 ], [ -122.605028348296003, 40.890630546512703 ], [ -122.605446113062996, 40.8901184905991 ], [ -122.605956926426998, 40.889552699917097 ], [ -122.606376123960004, 40.888671295817602 ], [ -122.606580615655005, 40.887964824142202 ], [ -122.606695557353007, 40.887095893131601 ], [ -122.606763314825002, 40.886803346957201 ], [ -122.607078432582, 40.886205353668302 ], [ -122.607378814490005, 40.885589292221297 ], [ -122.607612004055994, 40.884918950136502 ], [ -122.607686880827998, 40.884675974457103 ], [ -122.607917623459002, 40.884167776938902 ], [ -122.608090368570998, 40.883681903183898 ], [ -122.608262819003002, 40.883245575073097 ], [ -122.608511538502995, 40.882958146433502 ], [ -122.609338302053999, 40.882641146768002 ], [ -122.609651102621001, 40.882682744282803 ], [ -122.610385214478001, 40.8824780301902 ], [ -122.611174297418998, 40.882386103471703 ], [ -122.612223841684994, 40.882024791215798 ], [ -122.613145603598994, 40.881694570725102 ], [ -122.614036541597002, 40.881305684182003 ], [ -122.615116492436997, 40.880939942976099 ], [ -122.616194544345007, 40.880515629782302 ], [ -122.617045864353997, 40.880302254599997 ], [ -122.617824760923, 40.880169710041997 ], [ -122.618482539080006, 40.880072793805397 ], [ -122.619068182999001, 40.880007165490497 ], [ -122.619770844818007, 40.879973449933402 ], [ -122.620675035640005, 40.879980931517103 ], [ -122.621307659470006, 40.880131651360202 ], [ -122.621925042135004, 40.880223762244398 ], [ -122.622881186350995, 40.880226892557801 ], [ -122.623435594951999, 40.880044028866003 ], [ -122.624145100644, 40.879586907441499 ], [ -122.624652317203001, 40.878827337193798 ], [ -122.625003029382, 40.877801503729202 ], [ -122.625362221187999, 40.8773747650079 ], [ -122.625346019218995, 40.877090943115903 ], [ -122.625327668360001, 40.876793601404003 ], [ -122.625177995906, 40.876239089325502 ], [ -122.625138567906006, 40.875865106366497 ], [ -122.625184509251, 40.875347264012099 ], [ -122.625223957356994, 40.874928494562297 ], [ -122.625255723511998, 40.874293494848601 ], [ -122.625304537500995, 40.873397302375302 ], [ -122.625166287731005, 40.872396903579997 ], [ -122.625032252322995, 40.871833433157498 ], [ -122.625171078381996, 40.871284362416198 ], [ -122.625410529202995, 40.870514908608797 ], [ -122.625249236233003, 40.869392819010102 ], [ -122.625034265037996, 40.8688471024306 ], [ -122.624896185354999, 40.867950301553499 ], [ -122.625337140994006, 40.867086912648602 ], [ -122.626299575217004, 40.866333315409101 ], [ -122.627473583029996, 40.865670479194101 ], [ -122.628403653525993, 40.865259085203697 ], [ -122.629282831590004, 40.864928597227397 ], [ -122.629684612332994, 40.864560536545603 ], [ -122.630055537957006, 40.863872571258099 ], [ -122.630543873367998, 40.863540819357503 ], [ -122.631171571528995, 40.863218519645599 ], [ -122.632149351031998, 40.8626180677443 ], [ -122.632844430158002, 40.861908605083002 ], [ -122.633282233605001, 40.860783926024403 ], [ -122.633308639313, 40.8596264079425 ], [ -122.633443282545002, 40.858473737918999 ], [ -122.633400712931007, 40.857721386248699 ], [ -122.633490496370996, 40.857307276864603 ], [ -122.633649233593999, 40.857163643833303 ], [ -122.634289980694007, 40.856881906768898 ], [ -122.635516365007007, 40.856358786399902 ], [ -122.636349239265996, 40.855789370100702 ], [ -122.636986189395998, 40.854976099509898 ], [ -122.637342852808004, 40.854432201982704 ], [ -122.637561418233005, 40.8537842707184 ], [ -122.637659650825995, 40.8534467573106 ], [ -122.637741264675, 40.852892985493497 ], [ -122.637882347038996, 40.852447503334197 ], [ -122.638136134760998, 40.851592483733199 ], [ -122.638294276192994, 40.8508722924403 ], [ -122.638384883509005, 40.850435659809598 ], [ -122.638444716527999, 40.849931366172598 ], [ -122.638446182026996, 40.8491160930351 ], [ -122.638423131680995, 40.8483097515346 ], [ -122.638491957230997, 40.8477874686766 ], [ -122.638492386791, 40.847026243571399 ], [ -122.638480471519998, 40.846490194643998 ], [ -122.638426751729, 40.846143195222801 ], [ -122.638259225884994, 40.845728274433398 ], [ -122.638462345177004, 40.845323524210201 ], [ -122.638881512699001, 40.845135656553097 ], [ -122.639839578145995, 40.844827855032896 ], [ -122.641095546198997, 40.8445434942738 ], [ -122.641910411159998, 40.844253247083998 ], [ -122.642522279055001, 40.843935339419403 ], [ -122.643446676653994, 40.843816584176899 ], [ -122.644357721397995, 40.843837413711398 ], [ -122.645196184723005, 40.843844499929297 ], [ -122.646217288350002, 40.8438025930081 ], [ -122.647256876105004, 40.843630108808902 ], [ -122.648267018273003, 40.843416986730297 ], [ -122.649234516489003, 40.843275794973501 ], [ -122.649993475048007, 40.843174501274802 ], [ -122.650259284843003, 40.843098734318403 ], [ -122.651139662608998, 40.842745560158299 ], [ -122.652127173945999, 40.842460266921101 ], [ -122.653207979502, 40.842053629507198 ], [ -122.653921915208997, 40.841767498097497 ], [ -122.654238383885001, 40.841642326564099 ], [ -122.654381150481996, 40.841417539173698 ], [ -122.654412816036995, 40.8410302638503 ], [ -122.654734372457, 40.840495214424102 ], [ -122.654898773602, 40.840243465260997 ], [ -122.655147229115002, 40.8397937777045 ], [ -122.655257848014998, 40.839190531334197 ], [ -122.655319043180995, 40.838825865379803 ], [ -122.655294245812996, 40.838460942447803 ], [ -122.655419822034006, 40.837974852458103 ], [ -122.655748255809002, 40.837538915204902 ], [ -122.655839261555997, 40.837142807664698 ], [ -122.656000114199003, 40.836571240302902 ], [ -122.656133001339995, 40.836103188402198 ], [ -122.656337584200998, 40.835531750802097 ], [ -122.656693707909, 40.834897703513803 ], [ -122.657303521193001, 40.834372512384697 ], [ -122.657864309532002, 40.8340093277683 ], [ -122.658209364306998, 40.833794143688202 ], [ -122.658586446865996, 40.833115109317603 ], [ -122.658778749204004, 40.832764341982603 ], [ -122.659033936824997, 40.8322921437628 ], [ -122.659377143415, 40.831856239352199 ], [ -122.659937319066003, 40.831461512467897 ], [ -122.660751568275998, 40.831099060447102 ], [ -122.661427406046997, 40.830695657699103 ], [ -122.662101835105005, 40.830130091533398 ], [ -122.662374376979002, 40.829883152207103 ], [ -122.662982628348004, 40.829209283552203 ], [ -122.663453482543005, 40.828440420243602 ], [ -122.663720807576993, 40.827756543815497 ], [ -122.664034926305007, 40.827198923817299 ], [ -122.664720044537006, 40.826412661542697 ], [ -122.665051871255997, 40.826310026130599 ], [ -122.665078317484998, 40.826062365466697 ], [ -122.664894058822995, 40.825561851165098 ], [ -122.664766040390006, 40.825079517235899 ], [ -122.664638076726007, 40.824439532139799 ], [ -122.664501781294007, 40.823835557155398 ], [ -122.664222885621001, 40.823438365692702 ], [ -122.663242659589002, 40.822935529157903 ], [ -122.662369605235995, 40.822347415875598 ], [ -122.661632741269997, 40.821651591763398 ], [ -122.660952744894004, 40.820852330627098 ], [ -122.660467675280998, 40.820053639215701 ], [ -122.660159560702994, 40.819435639932898 ], [ -122.660199752655004, 40.8191114471134 ], [ -122.660202700206995, 40.818679040828499 ], [ -122.660219194058996, 40.818206135498798 ], [ -122.660230172683995, 40.817652136061803 ], [ -122.659769019482994, 40.8171102581992 ], [ -122.658951415348, 40.816279048545503 ], [ -122.658447300752997, 40.815737038285597 ], [ -122.658189871608997, 40.8152137741858 ], [ -122.658033576435002, 40.814767382808903 ], [ -122.657646055409998, 40.814180671185298 ], [ -122.657155422670002, 40.813472035029697 ], [ -122.656584839512007, 40.812749645782802 ], [ -122.655984674630005, 40.812018156779601 ], [ -122.655407750419002, 40.811237186378598 ], [ -122.655024607743002, 40.810528861831997 ], [ -122.654859137583003, 40.809857221926102 ], [ -122.654774962774994, 40.809370502504798 ], [ -122.654661704158997, 40.808919730574402 ], [ -122.654487213249993, 40.808703000322602 ], [ -122.654152539831003, 40.808368677167699 ], [ -122.654032844707999, 40.808016980529999 ], [ -122.654087254494002, 40.807670310192201 ], [ -122.654368181020004, 40.8075089961741 ], [ -122.654784918364996, 40.807163410310601 ], [ -122.655105723418004, 40.806740962550599 ], [ -122.655295935343005, 40.806210019805398 ], [ -122.655450094184005, 40.8056294213768 ], [ -122.655694862011003, 40.804720276772002 ], [ -122.655834630127003, 40.804342329748799 ], [ -122.656019546568999, 40.803973525806597 ], [ -122.656075098909994, 40.803689918358103 ], [ -122.656170759134994, 40.803100135640598 ], [ -122.656224647852994, 40.802564280353501 ], [ -122.656370800190999, 40.802096264841197 ], [ -122.656845745932998, 40.801804896532701 ], [ -122.657696207124005, 40.801537162589597 ], [ -122.658841837682999, 40.8012117391145 ], [ -122.659094133661, 40.801135911103103 ], [ -122.659519867105004, 40.801047081456502 ], [ -122.659960394278002, 40.8009627981723 ], [ -122.660175362024006, 40.800796771039401 ], [ -122.660227757757994, 40.8002564048968 ], [ -122.660138162443005, 40.7998102116184 ], [ -122.659928725257998, 40.799183491563397 ], [ -122.659858201638997, 40.798485111237397 ], [ -122.659805564851993, 40.797475984109802 ], [ -122.659798223018001, 40.796737250747 ], [ -122.659876491302995, 40.795917691544602 ], [ -122.660039177116005, 40.795395667441298 ], [ -122.660237380037003, 40.795026895257003 ], [ -122.660478938506003, 40.794581676478302 ], [ -122.660376408258998, 40.793621949861198 ], [ -122.659876812175, 40.792661053252402 ], [ -122.659529934099993, 40.791970865688597 ], [ -122.659345372329, 40.791555921317503 ], [ -122.659348042575004, 40.791033425263301 ], [ -122.659273261652004, 40.790735917723502 ], [ -122.658785428670001, 40.790378632934399 ], [ -122.658035271746996, 40.789606169165403 ], [ -122.657488816858006, 40.788550531455002 ], [ -122.657244670804005, 40.787770554528599 ], [ -122.657299092943006, 40.787414872754397 ], [ -122.657865247402995, 40.786939091986703 ], [ -122.658612619110997, 40.786513392504098 ], [ -122.659136304859004, 40.786082523237802 ], [ -122.659643913007997, 40.785462421482798 ], [ -122.659944192097001, 40.785116471916297 ], [ -122.660658436079999, 40.784352835151203 ], [ -122.661341663003, 40.783859363843597 ], [ -122.662176037978995, 40.783501461561499 ], [ -122.663003361335001, 40.783071463004603 ], [ -122.663607226788002, 40.7827399029931 ], [ -122.664297013524006, 40.782259946186301 ], [ -122.664890818949004, 40.781716645578001 ], [ -122.665433829804996, 40.780961490011499 ], [ -122.666103330859997, 40.779940940988297 ], [ -122.666564976995005, 40.779158518249702 ], [ -122.666677943221003, 40.778784983188203 ], [ -122.666576174639005, 40.777955887863499 ], [ -122.666478035853999, 40.777586247111699 ], [ -122.666490049090001, 40.777257463864302 ], [ -122.666645743546994, 40.7769290957512 ], [ -122.667352081119006, 40.775935671250501 ], [ -122.668272923586997, 40.774695119375799 ], [ -122.668942186417993, 40.773850221961702 ], [ -122.669227888052006, 40.7734366402237 ], [ -122.669613738926003, 40.772838665778202 ], [ -122.670137201404003, 40.772416753452902 ], [ -122.670770971685002, 40.772301449965099 ], [ -122.671525866091997, 40.771952261091997 ], [ -122.672071703670994, 40.771494368707501 ], [ -122.672351627029002, 40.771346519915603 ], [ -122.673603779708998, 40.770773510077198 ], [ -122.674768739353993, 40.770308345556401 ], [ -122.675969210567004, 40.769694624979799 ], [ -122.677312605845998, 40.768923638857203 ], [ -122.678155616639998, 40.768561139605602 ], [ -122.679457131258999, 40.768019734077598 ], [ -122.680088789029995, 40.767715190104397 ], [ -122.680462042414007, 40.767400918709299 ], [ -122.681187042199994, 40.766776817186397 ], [ -122.682271002709001, 40.766189734813203 ], [ -122.683155997911001, 40.7657056965013 ], [ -122.683659104876995, 40.7654863627697 ], [ -122.684566967308001, 40.765173542173201 ], [ -122.685482414611997, 40.764977848619402 ], [ -122.686252910768005, 40.764741214499502 ], [ -122.687310202972995, 40.764455804622202 ], [ -122.687740822037, 40.7640560818895 ], [ -122.688031355541995, 40.763525352237302 ], [ -122.688339491522996, 40.763188357183303 ], [ -122.688921278129996, 40.762762011874798 ], [ -122.689689102594997, 40.762295624658499 ], [ -122.690321588263004, 40.761950487173102 ], [ -122.690909337668998, 40.761510634618098 ], [ -122.691389338917006, 40.761151569608501 ], [ -122.692151874521002, 40.760860822149397 ], [ -122.693686299597999, 40.760495546686002 ], [ -122.694789914267005, 40.760259738998897 ], [ -122.696195825779, 40.759979673214403 ], [ -122.697205535414994, 40.759874221925003 ], [ -122.697839446496999, 40.759691204158202 ], [ -122.698913000790995, 40.759383208320699 ], [ -122.699886222589996, 40.759156020302498 ], [ -122.699916942575996, 40.758746202289998 ], [ -122.700332580242005, 40.758359906229998 ], [ -122.700706123481993, 40.758113135054103 ], [ -122.700874817485001, 40.757645117586002 ], [ -122.700333189860999, 40.756904995157797 ], [ -122.699650301226995, 40.756461791277097 ], [ -122.699394041673003, 40.756150322233196 ], [ -122.699324688418002, 40.755767269708201 ], [ -122.699658918210005, 40.755205093098603 ], [ -122.699830260580995, 40.754971311347703 ], [ -122.700080284606003, 40.754692690074599 ], [ -122.700394524973007, 40.754292616813899 ], [ -122.701026024255995, 40.753807781821898 ], [ -122.701902716340001, 40.753292046265599 ], [ -122.702136695375003, 40.753121484051597 ], [ -122.702546821479999, 40.7527982266528 ], [ -122.703186793960001, 40.752565646679301 ], [ -122.703544446449996, 40.752219728842199 ], [ -122.703836503849999, 40.751806075887899 ], [ -122.704320043314993, 40.751118145783799 ], [ -122.704790987102996, 40.750430181344299 ], [ -122.704951910930006, 40.750034207444997 ], [ -122.705042004364998, 40.749750661795503 ], [ -122.705451459667003, 40.749571532306703 ], [ -122.706128651829005, 40.749451640345299 ], [ -122.707031145627994, 40.749444926055403 ], [ -122.707846863750007, 40.749474020121099 ], [ -122.708178666630999, 40.749443328903297 ], [ -122.708597283640998, 40.749367812153999 ], [ -122.708957433926003, 40.749287642079302 ], [ -122.709425302401996, 40.7491221588973 ], [ -122.709943357016996, 40.7488216685203 ], [ -122.710524509394006, 40.7484807946432 ], [ -122.711209182215995, 40.748167203183499 ], [ -122.712137193412005, 40.747732596514098 ], [ -122.713081619343001, 40.747437659002202 ], [ -122.713917239248005, 40.7473091062419 ], [ -122.714660360900993, 40.7472568932819 ], [ -122.715331462322993, 40.747254046128702 ], [ -122.715844042547005, 40.7472733268052 ], [ -122.716066886389001, 40.747183787592803 ], [ -122.715978676240994, 40.746949342642999 ], [ -122.715954732672003, 40.746661003203599 ], [ -122.715958589549004, 40.746102469158103 ], [ -122.715948859612993, 40.7456925462904 ], [ -122.715974566122995, 40.745305232525197 ], [ -122.716160108295, 40.744846241769203 ], [ -122.716524830981001, 40.744378682136201 ], [ -122.716839237564002, 40.743992076809299 ], [ -122.717289678919997, 40.743470672322701 ], [ -122.717433276194996, 40.743124186260602 ], [ -122.717450254186005, 40.742610727795302 ], [ -122.717684503857001, 40.742007713206803 ], [ -122.717919119978006, 40.741404698971003 ], [ -122.718183215078994, 40.741094541380399 ], [ -122.718526673043996, 40.740658453875803 ], [ -122.718683174318997, 40.740321006322397 ], [ -122.718659410938002, 40.739811952497497 ], [ -122.718184290983999, 40.739085586751102 ], [ -122.717813479355002, 40.7386387461965 ], [ -122.716964062399995, 40.738033078103498 ], [ -122.716486500558005, 40.737802182121001 ], [ -122.716094912355999, 40.737458885904097 ], [ -122.715717506776002, 40.737088596930597 ], [ -122.715237979353006, 40.736713550403103 ], [ -122.714709393877996, 40.736387928917303 ], [ -122.714151259988995, 40.735963135208998 ], [ -122.713693150024994, 40.7354304815305 ], [ -122.713285536380994, 40.734947499753098 ], [ -122.712820449603996, 40.734491399871096 ], [ -122.712398961586004, 40.734139007765599 ], [ -122.712057590173998, 40.733746274460302 ], [ -122.711888010851993, 40.733079201066602 ], [ -122.711782554514002, 40.732475349003998 ], [ -122.711381262591999, 40.731821209072798 ], [ -122.710828428333997, 40.731297315571503 ], [ -122.710464508190995, 40.730733353863101 ], [ -122.710283142893999, 40.7305707405352 ], [ -122.709559550170994, 40.7303437022439 ], [ -122.709060661337006, 40.730184791960802 ], [ -122.708655866857995, 40.730003595084398 ], [ -122.708270521421994, 40.729606234931403 ], [ -122.708050230609004, 40.729038124001903 ], [ -122.707859755412002, 40.728591706784599 ], [ -122.707409383563999, 40.728004994382999 ], [ -122.706372975863999, 40.727394268868501 ], [ -122.705937558540995, 40.727113887732401 ], [ -122.705653794431996, 40.726680742232801 ], [ -122.705571734599005, 40.726324685465997 ], [ -122.705402263550994, 40.725819760391801 ], [ -122.705304034123003, 40.7251033101617 ], [ -122.705582898230006, 40.724631059821597 ], [ -122.706104604412999, 40.723965738117101 ], [ -122.706418615789005, 40.723407991521903 ], [ -122.706859208333995, 40.722503726629498 ], [ -122.707344988976999, 40.721586061271502 ], [ -122.707808795266004, 40.720952115480699 ], [ -122.708206196755, 40.720101788530798 ], [ -122.708492609070007, 40.719755673102497 ], [ -122.708799881410002, 40.7192069113717 ], [ -122.709102959299003, 40.718090583155501 ], [ -122.709336481037994, 40.717311909244899 ], [ -122.709706576637998, 40.716605648799202 ], [ -122.709989235555, 40.715755026401503 ], [ -122.710055939143999, 40.715048001993097 ], [ -122.710125828241004, 40.714800435087298 ], [ -122.710143674335001, 40.714097792215597 ], [ -122.710072848856001, 40.713196732575099 ], [ -122.710003209229001, 40.712534409450903 ], [ -122.710027871348004, 40.711795748159297 ], [ -122.710068202502001, 40.711367930466999 ], [ -122.710195022958999, 40.7109583475401 ], [ -122.710739978665003, 40.710527290915898 ], [ -122.711185237489005, 40.710222105813102 ], [ -122.711675139590994, 40.7100296407841 ], [ -122.712481728998, 40.709833458470001 ], [ -122.713042987134003, 40.7097357579785 ], [ -122.714095151972998, 40.709553687815301 ], [ -122.715060668383003, 40.709389411852499 ], [ -122.715707515803999, 40.709084706640802 ], [ -122.716269649720999, 40.708865373444901 ], [ -122.717111526647997, 40.708628705724401 ], [ -122.717618651875995, 40.707855188235499 ], [ -122.717819441518003, 40.706648496178602 ], [ -122.718046227911998, 40.705941857144197 ], [ -122.718206775903994, 40.705239560315 ], [ -122.718152514672994, 40.704685384653502 ], [ -122.718112263261006, 40.704054668037301 ], [ -122.718187233764993, 40.703469276851202 ], [ -122.718176298835004, 40.702991781893203 ], [ -122.718274846341998, 40.702428970186901 ], [ -122.718466322305005, 40.702109623611697 ], [ -122.718924643668998, 40.7015792190399 ], [ -122.719318254680005, 40.7011297348228 ], [ -122.719805443664995, 40.700680476390602 ], [ -122.720357594809997, 40.700262904182701 ], [ -122.720779677181994, 40.699723395419298 ], [ -122.720768235796001, 40.699097253262103 ], [ -122.720611939299999, 40.6983491411738 ], [ -122.720700981101004, 40.6976646845131 ], [ -122.721009474384999, 40.697395165125499 ], [ -122.721293627145997, 40.6968418075081 ], [ -122.721209379393997, 40.696111887544603 ], [ -122.721134676869994, 40.695665769186903 ], [ -122.721420798525003, 40.695436734368897 ], [ -122.722262071182996, 40.695033363212097 ], [ -122.722965603586999, 40.694485513841798 ], [ -122.723884510160005, 40.693906644465997 ], [ -122.724898526051007, 40.693490153709703 ], [ -122.725811338095994, 40.693127466798401 ], [ -122.726999474576004, 40.692814972729003 ], [ -122.727893230792006, 40.692767534088603 ], [ -122.728419128959004, 40.692593099802998 ], [ -122.728994826535001, 40.692450311013999 ], [ -122.729961896800006, 40.692655276323798 ], [ -122.730519387323994, 40.692899818029197 ], [ -122.731430666886993, 40.693185720457997 ], [ -122.732073991009997, 40.693425949864498 ], [ -122.732859330793005, 40.693391734400599 ], [ -122.734054175213998, 40.6929665725741 ], [ -122.734745603760999, 40.692923119040898 ], [ -122.735308215719002, 40.692906392649803 ], [ -122.735653672978003, 40.692902679763101 ], [ -122.736469963554001, 40.692990130115902 ], [ -122.737301100089994, 40.693253281118203 ], [ -122.737540725174, 40.693546613859397 ], [ -122.737773624726003, 40.693763355569303 ], [ -122.737984457967997, 40.693948515740402 ], [ -122.738331469227006, 40.694210559503297 ], [ -122.738730774573, 40.694436685169102 ], [ -122.739164215078006, 40.694635860023702 ], [ -122.739800643264005, 40.694948101570198 ], [ -122.740272064224996, 40.695178888826497 ], [ -122.740480986788995, 40.6952874648765 ], [ -122.740994147107997, 40.695342670420999 ], [ -122.741960564246995, 40.695353843435299 ], [ -122.742571729188001, 40.6952200751264 ], [ -122.743060546294998, 40.694968916276402 ], [ -122.743506011117006, 40.6946410837934 ], [ -122.743879021042005, 40.694398672941297 ], [ -122.744195319013002, 40.694187666205799 ], [ -122.744386519355004, 40.693805213472899 ], [ -122.744442978530003, 40.693548586152602 ], [ -122.744786484391, 40.6931844874712 ], [ -122.745202935107997, 40.692991716993802 ], [ -122.745705876776995, 40.692812648834803 ], [ -122.746851965573995, 40.692639494976902 ], [ -122.748254564342005, 40.692115543994298 ], [ -122.749029738505996, 40.691531656078197 ], [ -122.749444773674995, 40.691217247571899 ], [ -122.749932612109006, 40.690817411120697 ], [ -122.750220044773997, 40.690601820760399 ], [ -122.750425203221994, 40.690331998689103 ], [ -122.750957778271001, 40.689833157078603 ], [ -122.751163134251996, 40.689608378383298 ], [ -122.751192129366004, 40.689369706072398 ], [ -122.751141121497, 40.688964197385999 ], [ -122.751042541839993, 40.688621648106398 ], [ -122.750909518610996, 40.688292537706602 ], [ -122.750732052017995, 40.687981348911201 ], [ -122.750655614767993, 40.687652360345901 ], [ -122.750451018457994, 40.6872780504414 ], [ -122.750260343636995, 40.686840708215499 ], [ -122.750095726118005, 40.686655670271897 ], [ -122.749697657116002, 40.6861998602269 ], [ -122.749561492338998, 40.685330209343 ], [ -122.749413457101994, 40.6848659314619 ], [ -122.749100928564999, 40.684482375808201 ], [ -122.748578038865006, 40.683985750505997 ], [ -122.748197885647002, 40.683394841065301 ], [ -122.747608894430002, 40.682681854206599 ], [ -122.746696964910001, 40.682098784829101 ], [ -122.745625899637005, 40.681650490777301 ], [ -122.744836124703994, 40.681139746680103 ], [ -122.744285834517001, 40.680764660925497 ], [ -122.743532285360004, 40.680262996949999 ], [ -122.742923174021996, 40.679802189663299 ], [ -122.742235822463996, 40.679399762169901 ], [ -122.741728672875993, 40.679159893582401 ], [ -122.741424567373997, 40.678911468807001 ], [ -122.741347499406999, 40.678186081599002 ], [ -122.741239482067996, 40.677145314133803 ], [ -122.741218191897005, 40.676244378449802 ], [ -122.741403457556999, 40.675857411684099 ], [ -122.741753118670005, 40.6754122546904 ], [ -122.741878308644004, 40.674781912883198 ], [ -122.741845567460999, 40.674259324456997 ], [ -122.741833100153997, 40.673561108060397 ], [ -122.741852150701007, 40.673223317470999 ], [ -122.741811231672997, 40.672520532884697 ], [ -122.741575786797995, 40.671925419613601 ], [ -122.741550974644994, 40.671456901920003 ], [ -122.741561634243993, 40.670898374698801 ], [ -122.741494504925996, 40.670569399967697 ], [ -122.741267454354002, 40.670100429128503 ], [ -122.741205812166001, 40.669595793111803 ], [ -122.741045051591001, 40.669099943649101 ], [ -122.740624373067007, 40.6687972015051 ], [ -122.740159925805003, 40.668341208149002 ], [ -122.739734507348004, 40.667452873976103 ], [ -122.739745748198999, 40.667033985723002 ], [ -122.739888358656998, 40.666678455729503 ], [ -122.740128154843006, 40.665953779569897 ], [ -122.740010617238994, 40.665660725823102 ], [ -122.739750592755001, 40.665502484327597 ], [ -122.739258488009, 40.665415789562701 ], [ -122.738666970560999, 40.6653198588386 ], [ -122.738132723161002, 40.665233063883299 ], [ -122.737612174565996, 40.665047199713598 ], [ -122.737119201872005, 40.664618155731702 ], [ -122.736559296490995, 40.663819592056598 ], [ -122.736046117723006, 40.663737339953499 ], [ -122.735289366238007, 40.663735607508997 ], [ -122.734697518166001, 40.663635151229897 ], [ -122.734451895613006, 40.663485939752498 ], [ -122.733727133111998, 40.6629707633303 ], [ -122.733026280925003, 40.662766444693403 ], [ -122.732485027592006, 40.662589518381502 ], [ -122.732366618892001, 40.662246905736502 ], [ -122.732486318544005, 40.661711153459699 ], [ -122.732540982597001, 40.661445517468898 ], [ -122.732487123558002, 40.660954407475998 ], [ -122.732469736081995, 40.660494913091 ], [ -122.732607261794996, 40.659567314434703 ], [ -122.732848545256005, 40.658946258407198 ], [ -122.732930709431997, 40.658365373962503 ], [ -122.732686913110996, 40.657486441248899 ], [ -122.732249519315005, 40.656769219516796 ], [ -122.731750276371002, 40.656452748912102 ], [ -122.730903526175993, 40.656054386597198 ], [ -122.730396289685999, 40.655706360288697 ], [ -122.729950229395996, 40.654763886596101 ], [ -122.729318792358995, 40.6541452975383 ], [ -122.728871359695006, 40.654004609637902 ], [ -122.728377045567996, 40.653575524465701 ], [ -122.727555352216996, 40.6524835098651 ], [ -122.726823663038999, 40.651896201581103 ], [ -122.726323798020005, 40.651566192448001 ], [ -122.725903312870003, 40.651168802703303 ], [ -122.725828386355005, 40.650691152136197 ], [ -122.725960923490007, 40.6500968780664 ], [ -122.726180594035995, 40.649525332735898 ], [ -122.726609366179005, 40.648976804487397 ], [ -122.727274769283994, 40.648406311403299 ], [ -122.727583323407003, 40.648150285434198 ], [ -122.727911954199001, 40.647682596225302 ], [ -122.728080298728003, 40.6470929082179 ], [ -122.728257533567003, 40.646588825618799 ], [ -122.728801636753005, 40.646027046875503 ], [ -122.729872666176007, 40.645673704672099 ], [ -122.730512446240994, 40.645486012049503 ], [ -122.731085627759001, 40.644946812591101 ], [ -122.731549918444003, 40.644371321418099 ], [ -122.732012055194005, 40.6435931223727 ], [ -122.732295841379994, 40.642958650948998 ], [ -122.732516000980993, 40.642337544787999 ], [ -122.732655799339, 40.641756792319498 ], [ -122.733126968993005, 40.641208337183897 ], [ -122.733629911175001, 40.640939230361298 ], [ -122.733893552641007, 40.640624525455102 ], [ -122.734178499486006, 40.640062123218001 ], [ -122.734398191623995, 40.639459029930002 ], [ -122.734616651294999, 40.638792870753299 ], [ -122.734848455310996, 40.6379285450422 ], [ -122.735010565810001, 40.637491983534296 ], [ -122.735136993178997, 40.636920205800998 ], [ -122.735040244667005, 40.636528094877001 ], [ -122.734582310711005, 40.635986506705599 ], [ -122.733528243381997, 40.635650748337397 ], [ -122.732545741429007, 40.635441271320801 ], [ -122.732047674572001, 40.6351473260356 ], [ -122.731439473251001, 40.6348576269883 ], [ -122.730820009050007, 40.634797626568599 ], [ -122.730049797980001, 40.6350075388699 ], [ -122.728863180645007, 40.635293045113997 ], [ -122.727364160563994, 40.6353390650211 ], [ -122.725985951430999, 40.635029498925903 ], [ -122.725414842258999, 40.634712829339598 ], [ -122.724822397522999, 40.634463673162003 ], [ -122.723750637166006, 40.634672824497699 ], [ -122.722859581848994, 40.635058074083801 ], [ -122.722247253003005, 40.635061107411303 ], [ -122.721452684463003, 40.634811447646101 ], [ -122.720506040459, 40.634345199789102 ], [ -122.719403081018001, 40.634324507185298 ], [ -122.718365605545998, 40.634461620285798 ], [ -122.717625263580999, 40.634590442051 ], [ -122.716817733520998, 40.634615491477597 ], [ -122.715946917698005, 40.6346629019651 ], [ -122.714900780332002, 40.634574739037099 ], [ -122.714278665048994, 40.6341002319501 ], [ -122.713417401685007, 40.633643146138397 ], [ -122.712241206502995, 40.633297881366701 ], [ -122.711425031250997, 40.6330165674295 ], [ -122.711033865177001, 40.632722798564899 ], [ -122.710288610703003, 40.632279492988999 ], [ -122.709509192629, 40.6320478068928 ], [ -122.708887078781004, 40.631672369027399 ], [ -122.708787691826004, 40.6312441934475 ], [ -122.708750152926001, 40.630699057419697 ], [ -122.708997991681997, 40.629956443901598 ], [ -122.709020979095001, 40.629087138108602 ], [ -122.708771296058003, 40.628383810498399 ], [ -122.708477519911995, 40.627455147133297 ], [ -122.708788435545003, 40.626649630159598 ], [ -122.709079114456998, 40.6260782941089 ], [ -122.709319409090995, 40.625196021439997 ], [ -122.709432161744004, 40.6249260364592 ], [ -122.709751195848995, 40.624629543104099 ], [ -122.709979706217993, 40.624418406661903 ], [ -122.710043744632998, 40.623963615035102 ], [ -122.709977595267006, 40.623368857587799 ], [ -122.709831272985994, 40.622859483761999 ], [ -122.709778448441, 40.622089084805602 ], [ -122.709834634231001, 40.6212288700264 ], [ -122.709978921198001, 40.620499506356303 ], [ -122.710141307325003, 40.619855773012702 ], [ -122.710240903949, 40.619378547730797 ], [ -122.710412734830996, 40.6185997030545 ], [ -122.710307370109007, 40.617504849113999 ], [ -122.710197360031998, 40.616801873450399 ], [ -122.709971800801, 40.615995004307798 ], [ -122.709797168413004, 40.615201776052601 ], [ -122.709722980224996, 40.614588979408602 ], [ -122.709765368388005, 40.6143548526072 ], [ -122.709872268078001, 40.614066834007097 ], [ -122.710059776559007, 40.613760999734197 ], [ -122.710151490480996, 40.613225195877199 ], [ -122.709876323472997, 40.612787569612401 ], [ -122.709276764593994, 40.612362640021402 ], [ -122.70872731064, 40.612140535671301 ], [ -122.707710256574998, 40.611903732794197 ], [ -122.706944845609996, 40.6117351270859 ], [ -122.706395227138003, 40.611553551614101 ], [ -122.705715481270005, 40.610889661649701 ], [ -122.705411896094006, 40.610370871369902 ], [ -122.705324395673003, 40.609771550940103 ], [ -122.705487980778997, 40.609195393371799 ], [ -122.705709376775999, 40.608407671725999 ], [ -122.705771907350993, 40.607457383218097 ], [ -122.705804601850005, 40.6064034151781 ], [ -122.705766926123005, 40.6055609789043 ], [ -122.705354580503993, 40.605253622121303 ], [ -122.704806541959002, 40.605229700263401 ], [ -122.704365773952006, 40.605003348189904 ], [ -122.704096981483005, 40.604308967710097 ], [ -122.704022349392005, 40.603308778550101 ], [ -122.704157533306002, 40.602471288649198 ], [ -122.704350510216003, 40.601593405940001 ], [ -122.704209296776995, 40.600615568465102 ], [ -122.703724652272001, 40.599961174105999 ], [ -122.703168668622993, 40.5995723597497 ], [ -122.702574959624002, 40.5988636261377 ], [ -122.702471947289993, 40.598273271430699 ], [ -122.702391854751994, 40.5976784711305 ], [ -122.701791839348004, 40.597230978052004 ], [ -122.701423720947005, 40.596959757033403 ], [ -122.700896979568995, 40.596647583672301 ], [ -122.700266610227004, 40.595889193426501 ], [ -122.700402036054001, 40.595335491101501 ], [ -122.700689232551994, 40.594867767487997 ], [ -122.700983393582007, 40.594327989108898 ], [ -122.701105471774, 40.5939499268557 ], [ -122.700895800287, 40.5934313662543 ], [ -122.700070654005998, 40.5926319294663 ], [ -122.69931821102, 40.591765108405703 ], [ -122.698884345226006, 40.591011725892997 ], [ -122.698723221579002, 40.590214008315797 ], [ -122.698888069488007, 40.589687410990003 ], [ -122.699281377597003, 40.588940687565398 ], [ -122.699821284232002, 40.588275424891101 ], [ -122.699798630996, 40.587725816116702 ], [ -122.699465573435006, 40.587224949676099 ], [ -122.699203629224996, 40.586512555545497 ], [ -122.698827494439996, 40.585903466769999 ], [ -122.698067635827002, 40.5850636443515 ], [ -122.697266549239004, 40.584363348600498 ], [ -122.696369765811994, 40.5837618949503 ], [ -122.695517614004004, 40.583092984280199 ], [ -122.694765625542004, 40.582487395140603 ], [ -122.693849422344996, 40.581944429107999 ], [ -122.692815858987004, 40.581392134710399 ], [ -122.692209138045001, 40.581003131607602 ], [ -122.691839448471995, 40.580619262393299 ], [ -122.691827050732996, 40.580263372804403 ], [ -122.691816413707997, 40.580006587180499 ], [ -122.691794495601997, 40.579150671134201 ], [ -122.691856934140006, 40.578578764421799 ], [ -122.692172714774998, 40.577994019462402 ], [ -122.692401607795006, 40.577192825503097 ], [ -122.692111076372001, 40.575975832209402 ], [ -122.692087374707, 40.575669461912398 ], [ -122.692209959061998, 40.575345463392999 ], [ -122.692727144705998, 40.574472963908299 ], [ -122.693395787756003, 40.573578341463197 ], [ -122.694459809391006, 40.572441517384298 ], [ -122.695222288056002, 40.571848934994001 ], [ -122.695675655147994, 40.571521300279102 ], [ -122.696013290818001, 40.570823988589702 ], [ -122.696537699868998, 40.570131671133197 ], [ -122.696954728071006, 40.569835467468202 ], [ -122.697372864040005, 40.569620346572499 ], [ -122.697834102127004, 40.569671103690602 ], [ -122.698006287482997, 40.569473354986798 ], [ -122.698822806276993, 40.569493504733998 ], [ -122.699477730658998, 40.5694907058312 ], [ -122.700125909451998, 40.569510408314997 ], [ -122.700818886473996, 40.569584277455803 ], [ -122.701453676447997, 40.569626460424303 ], [ -122.702310766962, 40.5696556994086 ], [ -122.703789817425005, 40.569623465190702 ], [ -122.705513836744004, 40.569627872949901 ], [ -122.706659984227997, 40.569743402096201 ], [ -122.707648594703997, 40.569921584605197 ], [ -122.708470394597001, 40.570428167906996 ], [ -122.709244269975002, 40.571092282964699 ], [ -122.709937913326996, 40.571530965297697 ], [ -122.710998178013, 40.571538127216101 ], [ -122.713008151739999, 40.571160253893296 ], [ -122.714068607103997, 40.5712079287931 ], [ -122.715035547748002, 40.571543652686103 ], [ -122.715310516670996, 40.5719091968733 ], [ -122.715736198068001, 40.572081416952997 ], [ -122.716256676930001, 40.572186300533097 ], [ -122.71667551585, 40.572493635961798 ], [ -122.717369856755994, 40.5730448883374 ], [ -122.718142279183994, 40.573731462632999 ], [ -122.718815072233994, 40.574408780188598 ], [ -122.719666803192993, 40.5749423835328 ], [ -122.720497515147997, 40.575295748958702 ], [ -122.721406225744005, 40.575361007343801 ], [ -122.722263833949, 40.575106314890597 ], [ -122.723077521863004, 40.574756915870097 ], [ -122.723710755810004, 40.574474647422598 ], [ -122.724330915332999, 40.5742283804436 ], [ -122.724805755193003, 40.5740358182615 ], [ -122.725388190515005, 40.573532698049199 ], [ -122.726404044310996, 40.573030602177603 ], [ -122.727166740602001, 40.5727711438266 ], [ -122.727815016418006, 40.5724123114123 ], [ -122.728613579834999, 40.572044819452998 ], [ -122.729724001349993, 40.571700574615797 ], [ -122.730732445810006, 40.571374099507501 ], [ -122.731646235167005, 40.570988836926801 ], [ -122.732279413344997, 40.570517331159998 ], [ -122.733006212147998, 40.5698027940144 ], [ -122.73376093249, 40.569304533712902 ], [ -122.734417483333004, 40.569076314249699 ], [ -122.734834650351004, 40.568888082533498 ], [ -122.735288909006002, 40.568654889054301 ], [ -122.735762193053006, 40.5681829974652 ], [ -122.736337240303996, 40.567459082758198 ], [ -122.736955656617994, 40.5669694992147 ], [ -122.737466164658002, 40.566601289349499 ], [ -122.738042060417001, 40.566125116845001 ], [ -122.738832490519002, 40.565536813442797 ], [ -122.739961881000994, 40.564733050694102 ], [ -122.740350782655, 40.564301490716502 ], [ -122.740601479004994, 40.563811060272798 ], [ -122.740634530153002, 40.563090409807202 ], [ -122.740120067232994, 40.5622018612614 ], [ -122.740175725797002, 40.561458738927897 ], [ -122.740325126662, 40.5608149269069 ], [ -122.740474827995001, 40.560283728586398 ], [ -122.740731975014, 40.559743762138602 ], [ -122.74121296829, 40.559064656196803 ], [ -122.741584604845002, 40.558024940930302 ], [ -122.741778108795003, 40.5575208658219 ], [ -122.742044063978, 40.557084520152003 ], [ -122.742351551794002, 40.556693311812502 ], [ -122.742573687762004, 40.5563244351465 ], [ -122.742709470269006, 40.555950861209801 ], [ -122.742713708617998, 40.555036449920202 ], [ -122.742763810637996, 40.554482503535802 ], [ -122.742797968708004, 40.554140234808699 ], [ -122.742998712133996, 40.553861400262797 ], [ -122.744066172028994, 40.554233141952899 ], [ -122.745063035181005, 40.554537149955898 ], [ -122.746389554347004, 40.554828359869298 ], [ -122.747673555695002, 40.5551419843719 ], [ -122.748799633000999, 40.555347142458999 ], [ -122.749357767228005, 40.555330336540301 ], [ -122.749907411487996, 40.555313509546501 ], [ -122.750223975080999, 40.555345726147202 ], [ -122.750471921284998, 40.555368784624399 ], [ -122.750721713711997, 40.5553918465531 ], [ -122.751787203063998, 40.555515763125598 ], [ -122.752643718076001, 40.555558140982903 ], [ -122.753391363825003, 40.555496675818503 ], [ -122.754562062747993, 40.5553144828678 ], [ -122.755712956935, 40.555298904019303 ], [ -122.756608300701998, 40.555728724705602 ], [ -122.757433332505997, 40.556212445253003 ], [ -122.758011744374002, 40.556510957607998 ], [ -122.758400531429004, 40.556579339347103 ], [ -122.758845521381005, 40.556517205576299 ], [ -122.759528179764004, 40.556360969786901 ], [ -122.760439241957997, 40.556119617616098 ], [ -122.761652571240006, 40.5558833867819 ], [ -122.762738608516997, 40.555840576908899 ], [ -122.763551882791006, 40.555797198896201 ], [ -122.764607693437, 40.555637191630701 ], [ -122.765305178763995, 40.555562033534798 ], [ -122.765680429094999, 40.555490722647299 ], [ -122.766027596220994, 40.555428362742099 ], [ -122.766238221606997, 40.555253112170398 ], [ -122.766594320368, 40.554956532695698 ], [ -122.766730381827003, 40.554037881818203 ], [ -122.767063386269996, 40.5534799909695 ], [ -122.767662809624994, 40.553044257738101 ], [ -122.768386527299, 40.5526312933019 ], [ -122.769288100834999, 40.552119579731901 ], [ -122.770344209889998, 40.551202757735503 ], [ -122.770793443276006, 40.550748691247001 ], [ -122.771445504040997, 40.550448178795001 ], [ -122.772549643882002, 40.5500449490861 ], [ -122.773465776929996, 40.549573772173098 ], [ -122.774174010804003, 40.549133713562803 ], [ -122.775030989490006, 40.548356099594898 ], [ -122.775628777693996, 40.547717616933902 ], [ -122.776099680345993, 40.547277085203902 ], [ -122.776659362255003, 40.5469943822144 ], [ -122.777347183816005, 40.546797509852901 ], [ -122.777856339080003, 40.546613803629597 ], [ -122.778442640031002, 40.546200511340203 ], [ -122.778804662203001, 40.545755255055298 ], [ -122.779236517314004, 40.544945262854696 ], [ -122.779693324118, 40.544513698390197 ], [ -122.780193569144998, 40.5442263602189 ], [ -122.780680907946007, 40.543934490818799 ], [ -122.781209986123997, 40.543629184752902 ], [ -122.781695321382998, 40.543269739034599 ], [ -122.782310189182994, 40.5427934171448 ], [ -122.783008067363994, 40.542092020460899 ], [ -122.783485756605998, 40.541579398096999 ], [ -122.783854904866004, 40.541080084350703 ], [ -122.784371476160999, 40.540175635135299 ], [ -122.784638067098996, 40.539432881590201 ], [ -122.784719291561998, 40.5388429368248 ], [ -122.784656199840995, 40.538149118371898 ], [ -122.784627396458006, 40.5374643728249 ], [ -122.784573562142995, 40.536991294485901 ], [ -122.784194844346004, 40.536571664362803 ], [ -122.783413617540006, 40.5360206471181 ], [ -122.782500686058, 40.535352258306403 ], [ -122.781777150484004, 40.534769806605603 ], [ -122.781535605241999, 40.534386463051199 ], [ -122.781378355342, 40.533611382236103 ], [ -122.781270612892001, 40.532930990498897 ], [ -122.781208642332004, 40.532358794604697 ], [ -122.781304752547996, 40.531849961722699 ], [ -122.78169376548, 40.531129968319298 ], [ -122.782125452247001, 40.530446090443498 ], [ -122.782561717609994, 40.530055015743102 ], [ -122.783060389461994, 40.529646038319299 ], [ -122.783596572196004, 40.529273165436599 ], [ -122.784383496081006, 40.528828685268699 ], [ -122.784978887074004, 40.528627089623001 ], [ -122.785797754905005, 40.528457437316 ], [ -122.786364371526005, 40.528368395148703 ], [ -122.786736639213004, 40.528251964299102 ], [ -122.787281898792003, 40.528032245981201 ], [ -122.788019316819998, 40.527713777455197 ], [ -122.788725948527997, 40.527210560944802 ], [ -122.789354808225994, 40.526680170943401 ], [ -122.789832142297996, 40.526230584055497 ], [ -122.790181225669997, 40.525852835324898 ], [ -122.790609271148995, 40.525470724068498 ], [ -122.791186678608, 40.524985276285399 ], [ -122.791665708094001, 40.524576225799102 ], [ -122.792106314437007, 40.524063499223899 ], [ -122.792337415798002, 40.5234152576895 ], [ -122.792194518203004, 40.522739316236098 ], [ -122.792014335090997, 40.521833574628502 ], [ -122.792083076561994, 40.520838189461898 ], [ -122.792254585018, 40.519892539113997 ], [ -122.792274216929997, 40.518910578890399 ], [ -122.792300542609993, 40.517910612254703 ], [ -122.792380761591005, 40.517257594050903 ], [ -122.792219840789997, 40.5160906215011 ], [ -122.792122018339995, 40.515635484055601 ], [ -122.792096982388003, 40.515261559728401 ], [ -122.792343282936002, 40.514698931343098 ], [ -122.792874460665999, 40.5145782612693 ], [ -122.793556435357004, 40.514480381105699 ], [ -122.794373923042002, 40.5142160690175 ], [ -122.794895956923, 40.513946722523002 ], [ -122.795625041950004, 40.5135155754691 ], [ -122.796353721776995, 40.512971808766899 ], [ -122.796988891634001, 40.512486432608 ], [ -122.797775258917994, 40.512131950212002 ], [ -122.798455924519999, 40.511844846722703 ], [ -122.799094768916007, 40.511602712234499 ], [ -122.799774470322006, 40.511387672441003 ], [ -122.800471028920001, 40.511208694334002 ], [ -122.801389025660001, 40.510985047087203 ], [ -122.802931728396999, 40.5106768726748 ], [ -122.803917385025002, 40.510773145433902 ], [ -122.804572662186004, 40.510958943006301 ], [ -122.805149837846002, 40.511113073176602 ], [ -122.805646367110995, 40.5112220191156 ], [ -122.806331317141002, 40.5113538017265 ], [ -122.807503970588002, 40.511459366285798 ], [ -122.808653761884997, 40.511434248458301 ], [ -122.809710053651003, 40.5113413966547 ], [ -122.810807819665001, 40.511190043642003 ], [ -122.811433044886996, 40.5110514237874 ], [ -122.812070464147993, 40.510903811228403 ], [ -122.812810539577995, 40.510846452969503 ], [ -122.813594345262999, 40.510847719984802 ], [ -122.814306763660994, 40.510920940179098 ], [ -122.815523657716994, 40.511170640822201 ], [ -122.816610712292999, 40.5112894900169 ], [ -122.817322608802996, 40.511286113030501 ], [ -122.818054715439999, 40.511174653701602 ], [ -122.818756852828002, 40.510959537520499 ], [ -122.819272360230002, 40.510739620755999 ], [ -122.820180611807999, 40.5102725618801 ], [ -122.821684688651004, 40.509608215440601 ], [ -122.822386345685999, 40.509284966570398 ], [ -122.823130816854999, 40.5089482652265 ], [ -122.824199587007996, 40.5087156581329 ], [ -122.824980874348995, 40.508541165587999 ], [ -122.825382085634004, 40.508289516251899 ], [ -122.825666543997002, 40.508114267242398 ], [ -122.826274839449994, 40.507795358350698 ], [ -122.826905074915999, 40.507548552340303 ], [ -122.827334165587999, 40.507350992863103 ], [ -122.827843566441999, 40.507189588077203 ], [ -122.828660602504996, 40.507015123843203 ], [ -122.829594058545993, 40.506890375915901 ], [ -122.830412391611006, 40.506783469867301 ], [ -122.831874308647997, 40.506979302883302 ], [ -122.832880093797996, 40.506985266380397 ], [ -122.833957473522005, 40.5068246546249 ], [ -122.834530804992994, 40.506604752656798 ], [ -122.834938342970005, 40.5064611889755 ], [ -122.835816589635002, 40.506584063711202 ], [ -122.836679199068996, 40.506616818103304 ], [ -122.837376791303996, 40.506559242381996 ], [ -122.838543673974002, 40.506750070895599 ], [ -122.839362406587995, 40.506778239369602 ], [ -122.839971704506993, 40.5066259290655 ], [ -122.840459121644002, 40.506387860344297 ], [ -122.841339261558005, 40.506024201204703 ], [ -122.842086436282997, 40.505894591838697 ], [ -122.843112321095006, 40.505814906729199 ], [ -122.844511624088, 40.505501477415898 ], [ -122.845182479738995, 40.505033901808702 ], [ -122.845437423256001, 40.504673876661798 ], [ -122.845920743603997, 40.504115954100001 ], [ -122.846948082590004, 40.503383072572497 ], [ -122.847481569389004, 40.502811696030001 ], [ -122.848253880385997, 40.502308199545197 ], [ -122.848883326332995, 40.502025235667197 ], [ -122.849713126663005, 40.501697483245302 ], [ -122.850272000686999, 40.501468474965399 ], [ -122.850786555328, 40.501266434255101 ], [ -122.850177766493999, 40.5007250965891 ], [ -122.849720487381006, 40.500382154484498 ], [ -122.849659482787999, 40.5001208092688 ], [ -122.849291225637003, 40.499881586647398 ], [ -122.849104950907005, 40.499732692293001 ], [ -122.848592659554001, 40.499259040873397 ], [ -122.848349953123005, 40.499114575924402 ], [ -122.848059746184006, 40.498938515926 ], [ -122.847597121914006, 40.498523484931901 ], [ -122.847261352383001, 40.498113124372999 ], [ -122.846822545378998, 40.497608029981002 ], [ -122.846331277364001, 40.496823579776397 ], [ -122.845907782699001, 40.496079759051597 ], [ -122.845568436598995, 40.4953090216341 ], [ -122.845423794764997, 40.494543048296499 ], [ -122.845354385467999, 40.493615010168597 ], [ -122.845322679511995, 40.4928086462401 ], [ -122.845440293978001, 40.492173656413399 ], [ -122.845592058758996, 40.491921602223897 ], [ -122.845819795988007, 40.491502979347501 ], [ -122.845980163085002, 40.491196881001599 ], [ -122.846607138994997, 40.490661668516601 ], [ -122.847347297472993, 40.490131106720803 ], [ -122.848238696172999, 40.489569206682603 ], [ -122.848932739057005, 40.489038574053502 ], [ -122.849297375568, 40.488561563250997 ], [ -122.849812928880993, 40.487868526977103 ], [ -122.850041993546995, 40.487332777740903 ], [ -122.850203408244994, 40.486873518443403 ], [ -122.850582105149996, 40.4863649894547 ], [ -122.851328722553006, 40.485879456025899 ], [ -122.852174829229, 40.485249897956002 ], [ -122.852725791298994, 40.4848632060936 ], [ -122.853133044995005, 40.4846024577473 ], [ -122.853571209218998, 40.484368774699 ], [ -122.854090911916003, 40.484108165366202 ], [ -122.854703542809006, 40.483667486660401 ], [ -122.855028096061005, 40.4832804988473 ], [ -122.855399246413, 40.482825999435498 ], [ -122.856280126770002, 40.482624391273603 ], [ -122.857256697452996, 40.482675152110097 ], [ -122.858345172230003, 40.482811629267403 ], [ -122.859276019386002, 40.482866821589298 ], [ -122.859756997293999, 40.482772809667303 ], [ -122.860382488084994, 40.4825077956733 ], [ -122.861240205819001, 40.482265580316998 ], [ -122.86200026777, 40.482176398375699 ], [ -122.862774394268001, 40.482060200541298 ], [ -122.863729572685003, 40.4819306973341 ], [ -122.864796278358995, 40.482076097282203 ], [ -122.865569814, 40.482067990400601 ], [ -122.866321451283, 40.481947238043198 ], [ -122.866697281694996, 40.481880103145102 ], [ -122.867847382311993, 40.4818048457416 ], [ -122.868847405013994, 40.481738415882397 ], [ -122.869531361290001, 40.481721171598501 ], [ -122.870349513235993, 40.4817085784819 ], [ -122.870779769647001, 40.481519867161801 ], [ -122.871569571997995, 40.4812910129302 ], [ -122.872419715532999, 40.481125284310998 ], [ -122.873104212119003, 40.481013422878803 ], [ -122.874367628357007, 40.480857142129402 ], [ -122.875193635947994, 40.480776954252597 ], [ -122.875473784253998, 40.480606081627002 ], [ -122.875365434985994, 40.4799843299689 ], [ -122.875677102970002, 40.479313480090902 ], [ -122.876190434142998, 40.478841047969802 ], [ -122.876772331251999, 40.478368686651102 ], [ -122.877285794195004, 40.478017873985699 ], [ -122.877512019232995, 40.477891985089798 ], [ -122.878423823297993, 40.477437982940302 ], [ -122.879388536318004, 40.476871413699897 ], [ -122.880015370785003, 40.476399082759698 ], [ -122.880686804852004, 40.4759267944264 ], [ -122.881372800205, 40.475553618393498 ], [ -122.882073495960995, 40.475202976284798 ], [ -122.882526770165995, 40.4748791063247 ], [ -122.882776967010997, 40.474523496544997 ], [ -122.882787139404002, 40.474185661457703 ], [ -122.882775169406997, 40.473649601236303 ], [ -122.882951905089001, 40.473136255249699 ], [ -122.883073970938, 40.4726859181471 ], [ -122.883417254582, 40.472001564651798 ], [ -122.883924111802997, 40.471371429733303 ], [ -122.884663826548007, 40.470804589629701 ], [ -122.885358602143995, 40.470210672514497 ], [ -122.886037464468998, 40.469864488968597 ], [ -122.886557222275997, 40.4696487790319 ], [ -122.886919108634999, 40.469491472324798 ], [ -122.887280639156003, 40.469325154913903 ], [ -122.887888850693997, 40.469114029803102 ], [ -122.888693739706, 40.469002192464103 ], [ -122.888359829286998, 40.468519877165001 ], [ -122.888334544521001, 40.467983804109203 ], [ -122.888360569989999, 40.467182008513603 ], [ -122.888314232254999, 40.466226986096103 ], [ -122.888339920394998, 40.4656278974944 ], [ -122.888648791524005, 40.465416478673902 ], [ -122.889139255592994, 40.465056581107497 ], [ -122.889404944597999, 40.464651420453698 ], [ -122.889490238869001, 40.464336179099 ], [ -122.889711196388006, 40.463782322655902 ], [ -122.889872425129994, 40.463237418071898 ], [ -122.889965212131997, 40.462845604976998 ], [ -122.890268577300006, 40.462381918040698 ], [ -122.890671011815996, 40.4617381393969 ], [ -122.891049542798996, 40.461283530619902 ], [ -122.891463864184999, 40.461031661906503 ], [ -122.891848262154994, 40.460820305248603 ], [ -122.892419063697005, 40.460667680957002 ], [ -122.893097160343999, 40.4604881254239 ], [ -122.893609289910003, 40.460141742443597 ], [ -122.893933201918998, 40.459948341595002 ], [ -122.894137560656006, 40.459840418126902 ], [ -122.894032780179998, 40.459673651280397 ], [ -122.893764765547999, 40.459245466611399 ], [ -122.893332332273005, 40.458844157387603 ], [ -122.893320627492997, 40.458321610885498 ], [ -122.893452194768997, 40.457628020972201 ], [ -122.893329838032997, 40.456925187537799 ], [ -122.893168679455997, 40.456289887332701 ], [ -122.893164746859995, 40.455515089020302 ], [ -122.893334361011995, 40.4549972142757 ], [ -122.893682616809002, 40.454542568377697 ], [ -122.894076912301003, 40.453867237123497 ], [ -122.894381271384006, 40.453196326923603 ], [ -122.894702133916994, 40.452336236709897 ], [ -122.895295367100999, 40.451215124319603 ], [ -122.895787771786999, 40.450463297029899 ], [ -122.896180912134, 40.450031206810003 ], [ -122.896588586670006, 40.4497297623534 ], [ -122.896936197114002, 40.4494237582797 ], [ -122.897412307248004, 40.4489466914752 ], [ -122.897917058982998, 40.448532712730703 ], [ -122.898430977119006, 40.448145767563403 ], [ -122.898966664336001, 40.447736315977501 ], [ -122.899245631268997, 40.447484300353999 ], [ -122.899639086611998, 40.447061207663197 ], [ -122.899873659609995, 40.446674013113203 ], [ -122.899920611715999, 40.446322692803001 ], [ -122.899929823088996, 40.4460749462351 ], [ -122.899992533548996, 40.445782199668002 ], [ -122.900293202469996, 40.445548218713299 ], [ -122.900924624558002, 40.445418127375902 ], [ -122.901886410917001, 40.445405433799401 ], [ -122.902923789222001, 40.445356758694999 ], [ -122.903665481971004, 40.445415939339298 ], [ -122.904535060026006, 40.445722975480599 ], [ -122.905253969526001, 40.446002853905 ], [ -122.905762879020003, 40.4462555290742 ], [ -122.906542583529003, 40.446548962890503 ], [ -122.907284210954998, 40.446666680418502 ], [ -122.907983194382993, 40.4467122852054 ], [ -122.909146059508998, 40.446803297560798 ], [ -122.909790175091999, 40.447096602804898 ], [ -122.910478266908001, 40.447579132855601 ], [ -122.911383371583995, 40.448097862352199 ], [ -122.912365409515999, 40.4484094302504 ], [ -122.913228279055005, 40.448549724597299 ], [ -122.913992678780005, 40.448753004047198 ], [ -122.914666990648001, 40.449095855378303 ], [ -122.914965191133007, 40.449330315674601 ], [ -122.915594168707997, 40.4496866420846 ], [ -122.916193419853002, 40.4499483463714 ], [ -122.916644173470999, 40.449903626032601 ], [ -122.917405746358995, 40.449426682371701 ], [ -122.918137113502993, 40.448931693758603 ], [ -122.918717146435, 40.448630293102198 ], [ -122.919347878850999, 40.448455054449703 ], [ -122.919948448216005, 40.448541059813401 ], [ -122.921322054786998, 40.448713178691897 ], [ -122.921954384361001, 40.448425311238701 ], [ -122.922685972, 40.4480203864373 ], [ -122.923655023243995, 40.447804808395802 ], [ -122.924586727873006, 40.447697308919899 ], [ -122.925413121741997, 40.447513155363303 ], [ -122.926421276156006, 40.447243523800601 ], [ -122.927377920728006, 40.4468927677785 ], [ -122.927949754248999, 40.446622847919201 ], [ -122.928392514346001, 40.4464429379031 ], [ -122.928950275440002, 40.446231564524801 ], [ -122.929589461969002, 40.446029247328802 ], [ -122.930006428499993, 40.445484440445803 ], [ -122.929767651798997, 40.445123925278402 ], [ -122.929538159854999, 40.444695845809001 ], [ -122.929510771072998, 40.444105722578897 ], [ -122.929499023752996, 40.4433579467443 ], [ -122.929489085537, 40.442641704334001 ], [ -122.929732443191995, 40.442132829142203 ], [ -122.930290341266996, 40.441750273194202 ], [ -122.930734269688003, 40.441471252839797 ], [ -122.931323178002998, 40.441021140946397 ], [ -122.931948592424007, 40.440535010446602 ], [ -122.932521464277002, 40.440260563632698 ], [ -122.933191361669003, 40.439860040337997 ], [ -122.933666678449995, 40.439486429447797 ], [ -122.934181823000998, 40.438693908258102 ], [ -122.935049455300998, 40.4380141991183 ], [ -122.935906810340001, 40.437663316080801 ], [ -122.936435233864998, 40.437204135008301 ], [ -122.936625932688003, 40.436587104567103 ], [ -122.936412083243994, 40.435965347294903 ], [ -122.936392408374999, 40.435339191923397 ], [ -122.936614880755997, 40.434623076743399 ], [ -122.936866345471003, 40.434024097478698 ], [ -122.936802007645994, 40.433483505700501 ], [ -122.936285510494997, 40.433050776859801 ], [ -122.935851881583005, 40.432654128807002 ], [ -122.935561899139003, 40.432302605654201 ], [ -122.935503192661997, 40.432050313090002 ], [ -122.935649255995997, 40.431487314474197 ], [ -122.936026688355, 40.430915434598901 ], [ -122.936352922758005, 40.430325506692597 ], [ -122.936807785360003, 40.429672583199199 ], [ -122.937599388199999, 40.428988307590799 ], [ -122.938526084019003, 40.4284077051746 ], [ -122.939226001478005, 40.428047703792402 ], [ -122.939790984772998, 40.427791234751297 ], [ -122.940369551250001, 40.427584321021797 ], [ -122.941504763325995, 40.427373182730499 ], [ -122.942203263101007, 40.4273465061775 ], [ -122.942811942728, 40.427238697421103 ], [ -122.943370069227001, 40.426788507762403 ], [ -122.943551562704002, 40.426495794645199 ], [ -122.943673796076993, 40.426139987346403 ], [ -122.943915787934998, 40.425743696249498 ], [ -122.944307932656997, 40.425523158209899 ], [ -122.944569459963006, 40.425554816412202 ], [ -122.945673032561999, 40.425690479611198 ], [ -122.946852766663, 40.425483814285201 ], [ -122.947634747715, 40.425137313429303 ], [ -122.948485249884001, 40.424777323876597 ], [ -122.949515123835994, 40.4244444343854 ], [ -122.950472216286997, 40.423881767575203 ], [ -122.951112760064007, 40.4234586034176 ], [ -122.951579369678996, 40.423111941964599 ], [ -122.952274260207005, 40.4223914873198 ], [ -122.953222944223995, 40.421662122070998 ], [ -122.954207367983003, 40.421432779106397 ], [ -122.955498478037995, 40.421433283282099 ], [ -122.956608964319003, 40.4216319099218 ], [ -122.957288621699007, 40.422172720783401 ], [ -122.957654883173007, 40.422591787754499 ], [ -122.957847318552993, 40.4229477252264 ], [ -122.958256551497996, 40.423587533593697 ], [ -122.958360653624993, 40.423826317410899 ], [ -122.958554967948004, 40.424132703195397 ], [ -122.959135020773004, 40.424975278493697 ], [ -122.959283624327995, 40.425344711862998 ], [ -122.959611950634994, 40.425799796199399 ], [ -122.959925615318994, 40.426137753722301 ], [ -122.960473461917999, 40.426047849427498 ], [ -122.961136470843996, 40.425561572533297 ], [ -122.961671151589002, 40.425291472309098 ], [ -122.962625402251007, 40.425044029225802 ], [ -122.963529315822996, 40.424539797563497 ], [ -122.964230662350005, 40.423936394068697 ], [ -122.964450056662002, 40.423535548177298 ], [ -122.964654707600005, 40.423148211276398 ], [ -122.965218448886006, 40.422891617351397 ], [ -122.965857264869996, 40.422770182288403 ], [ -122.967278175998999, 40.422545360796299 ], [ -122.968449697729994, 40.422311444747301 ], [ -122.969743229919999, 40.421879344291597 ], [ -122.970631199227, 40.421397575882601 ], [ -122.971166211435005, 40.421046347944902 ], [ -122.971776400875996, 40.420605042900704 ], [ -122.972655811452, 40.420258396229997 ], [ -122.973632787035001, 40.420015372085501 ], [ -122.974933164988997, 40.419785924194301 ], [ -122.975773819045997, 40.419587898800998 ], [ -122.976300675405, 40.419268177831498 ], [ -122.977315174029002, 40.4190881953187 ], [ -122.978546993066999, 40.418908244426703 ], [ -122.979192736933001, 40.418818269429899 ], [ -122.980094862616994, 40.418678784090297 ], [ -122.981569033949995, 40.4185168610611 ], [ -122.982073242609999, 40.4187376682344 ], [ -122.982377474486, 40.418827808022201 ], [ -122.982847431007002, 40.419048606581498 ], [ -122.983649285007004, 40.4192244041324 ], [ -122.984445276672005, 40.419287579069703 ], [ -122.985247914713995, 40.419278674968403 ], [ -122.986171391243005, 40.419179686802501 ], [ -122.986660580063997, 40.419080641967298 ], [ -122.987800978839005, 40.4191483376772 ], [ -122.989098273965993, 40.419360185851197 ], [ -122.990119339231995, 40.419391810173998 ], [ -122.990893653561997, 40.419099071476602 ], [ -122.991975912141001, 40.418707247042299 ], [ -122.993161629861007, 40.418639753491 ], [ -122.994558036903001, 40.418621809048098 ], [ -122.996322794628, 40.418504757719802 ], [ -122.996615264590005, 40.418450710839302 ], [ -122.997058388415994, 40.418392162498598 ], [ -122.997526560609003, 40.418257033927198 ], [ -122.997602461490004, 40.417644402926101 ], [ -122.997173399852002, 40.4163020068642 ], [ -122.996939569207001, 40.414923576995903 ], [ -122.997109406194994, 40.414045173795898 ], [ -122.997465597822, 40.413392007204301 ], [ -122.997228801952005, 40.4125991824232 ], [ -122.996656868290998, 40.411400928758603 ], [ -122.996710358193994, 40.409662132562303 ], [ -122.997016101613994, 40.408400836471799 ], [ -122.996886885679004, 40.407207098300397 ], [ -122.997228696166005, 40.406184549095499 ], [ -122.997960492188, 40.4053872393077 ], [ -122.998436318385998, 40.404752089429103 ], [ -122.998627094838, 40.404175495099203 ], [ -122.998391795513996, 40.403130410303298 ], [ -122.997948820594004, 40.401657378242597 ], [ -122.997527589635993, 40.400220381895302 ], [ -122.996999937484006, 40.399175286921299 ], [ -122.996418533981995, 40.398251813706899 ], [ -122.995918132122995, 40.397724751057197 ], [ -122.995418480286006, 40.3971301162046 ], [ -122.995760246193001, 40.396359830974298 ], [ -122.996530249805005, 40.395508474227803 ], [ -122.997395230766998, 40.394769731150603 ], [ -122.998209374035994, 40.3941886441919 ], [ -122.998721938342001, 40.393648090537702 ], [ -122.999029763614999, 40.393598542152702 ], [ -122.999517643298006, 40.393652601265401 ], [ -122.999919729910999, 40.393688639608897 ], [ -123.000330283710994, 40.393413854249197 ], [ -123.000652097314997, 40.393220152031802 ], [ -123.000987900905997, 40.393021944122502 ], [ -123.001810464075007, 40.392535429661997 ], [ -123.002655474045994, 40.391990348059998 ], [ -123.003476896124994, 40.391283092733303 ], [ -123.004283203922, 40.390548804006102 ], [ -123.004857922503007, 40.390084799939203 ], [ -123.005463201780003, 40.389737913057502 ], [ -123.006009945176004, 40.389535175610902 ], [ -123.007177453311002, 40.3893549220777 ], [ -123.008054463804996, 40.389246752137403 ], [ -123.008637653953002, 40.389102560470498 ], [ -123.009250653585994, 40.388881784013201 ], [ -123.010036329452006, 40.388669998788799 ], [ -123.010905204652005, 40.388426667678701 ], [ -123.011556104031996, 40.388147314618799 ], [ -123.012227955537995, 40.387705787357497 ], [ -123.012406044168998, 40.387106646534697 ], [ -123.012229531060996, 40.386241767512601 ], [ -123.012024712715004, 40.385593115537802 ], [ -123.011821392216007, 40.385066089265301 ], [ -123.011699792732003, 40.384457970145199 ], [ -123.011853914659994, 40.383669635758203 ], [ -123.012345251344996, 40.382836218756701 ], [ -123.012950432509001, 40.3825163203336 ], [ -123.013736017344002, 40.382277481671601 ], [ -123.014445751411998, 40.382007114404303 ], [ -123.015015221642003, 40.381759284466497 ], [ -123.015642460885005, 40.381403331587002 ], [ -123.015955245571007, 40.380817680381902 ], [ -123.016250231911997, 40.379723001769698 ], [ -123.016673715265, 40.378749930166002 ], [ -123.017216835604998, 40.377808371878601 ], [ -123.017619059473006, 40.377281263342198 ], [ -123.017915600025006, 40.376655066730699 ], [ -123.017681277565003, 40.375893811136599 ], [ -123.017267754429, 40.3753848442323 ], [ -123.016981284329006, 40.3750695586888 ], [ -123.016505276871001, 40.374898449561798 ], [ -123.016272595071996, 40.374745323229398 ], [ -123.015890798479006, 40.374457076438198 ], [ -123.015484655698998, 40.373925578582799 ], [ -123.015304564702006, 40.373538199527303 ], [ -123.015326170015996, 40.3730381764382 ], [ -123.015581940122999, 40.3727858797849 ], [ -123.015999721916998, 40.372745280554398 ], [ -123.016734454341005, 40.372785718753299 ], [ -123.017243528156996, 40.372767625218799 ], [ -123.017715018017, 40.372600880528601 ], [ -123.018328154686003, 40.372186353736801 ], [ -123.018859909786002, 40.371681743205997 ], [ -123.019480256712001, 40.370794216771003 ], [ -123.019845956582998, 40.370186021586399 ], [ -123.020331212900999, 40.369366083806902 ], [ -123.020861430820005, 40.3687713702911 ], [ -123.021392779831004, 40.368289271341297 ], [ -123.021782114206005, 40.368018917220297 ], [ -123.022126596880994, 40.367919748624701 ], [ -123.022425478101994, 40.367942214509299 ], [ -123.022838116969993, 40.368032227575902 ], [ -123.023429568669002, 40.367919491991799 ], [ -123.024035695989994, 40.367676114290298 ], [ -123.024805949889, 40.367360623252701 ], [ -123.025495597448995, 40.367063163632899 ], [ -123.026160558290002, 40.366711649170199 ], [ -123.026999913417995, 40.366211435436703 ], [ -123.027485599499997, 40.365828422171298 ], [ -123.027776991869004, 40.365558070990502 ], [ -123.028105537526002, 40.365242663109797 ], [ -123.028486361692003, 40.364972288346003 ], [ -123.029040496056993, 40.364607270363102 ], [ -123.029541629017999, 40.364251272640601 ], [ -123.029818653033999, 40.363980919911697 ], [ -123.030477413274994, 40.363872635527997 ], [ -123.031810576005, 40.3640614736656 ], [ -123.032401688210996, 40.364110861198597 ], [ -123.032852571204998, 40.364155780935498 ], [ -123.033218866187994, 40.364326854667098 ], [ -123.033976042625, 40.364515831834296 ], [ -123.035084661350993, 40.364601090005799 ], [ -123.035684604425995, 40.3646324393006 ], [ -123.036088743658993, 40.364663846749302 ], [ -123.036440058146994, 40.364334893958301 ], [ -123.036776560370996, 40.363848280502502 ], [ -123.037389438709994, 40.363321034755799 ], [ -123.037784960550994, 40.363091166786603 ], [ -123.038526010474996, 40.362753070192198 ], [ -123.039229856749998, 40.362374439199201 ], [ -123.039213097135999, 40.3620320880365 ], [ -123.039085485070999, 40.361563642884597 ], [ -123.039121576387998, 40.360969010797803 ], [ -123.039211149457003, 40.360577071869898 ], [ -123.039419171735005, 40.3600904938978 ], [ -123.039515276979998, 40.359545392736599 ], [ -123.039828707656994, 40.358702906738401 ], [ -123.040328246339996, 40.357693681165401 ], [ -123.040544323741003, 40.357166555823099 ], [ -123.041060203330005, 40.356436612489901 ], [ -123.041597522846004, 40.355882342369803 ], [ -123.042105430960007, 40.355386641521399 ], [ -123.042621383921997, 40.354823364919298 ], [ -123.042994595363993, 40.354336719038599 ], [ -123.043225532901005, 40.353503263115698 ], [ -123.042909039497999, 40.352890741437399 ], [ -123.042811702308001, 40.352593467124301 ], [ -123.042787991663005, 40.352341212530099 ], [ -123.042825711302001, 40.352052897563503 ], [ -123.043041831473005, 40.351651898726601 ], [ -123.043332632399995, 40.351223843278703 ], [ -123.043525758529995, 40.350552569828402 ], [ -123.043411702558004, 40.3494309411602 ], [ -123.043057946681003, 40.348638245191097 ], [ -123.042787512196995, 40.3480887713892 ], [ -123.042793876466007, 40.347678840731497 ], [ -123.042994574380003, 40.347349922695699 ], [ -123.043361670755999, 40.347151578540199 ], [ -123.043885602271004, 40.347088315030398 ], [ -123.044349572854998, 40.347052100397399 ], [ -123.044881561905001, 40.346934772797198 ], [ -123.045278216488001, 40.346930113491602 ], [ -123.045674907475998, 40.346979509299402 ], [ -123.046535967544997, 40.347037727256399 ], [ -123.047015774746001, 40.347024019091599 ], [ -123.048041406902996, 40.347212795333398 ], [ -123.048790589773006, 40.347239509968297 ], [ -123.049793269703997, 40.347230073239103 ], [ -123.050564852418006, 40.347193700836797 ], [ -123.051058618528003, 40.347148436848002 ], [ -123.051512977631006, 40.3470581412369 ], [ -123.051785404043997, 40.3472382078686 ], [ -123.052542550558002, 40.347566709996201 ], [ -123.053067077034996, 40.347800715273003 ], [ -123.053561863306001, 40.348111311945203 ], [ -123.054125539774006, 40.348516473092097 ], [ -123.054655970178999, 40.3487549730647 ], [ -123.055294344629999, 40.349146579028002 ], [ -123.055631898550999, 40.349299577144102 ], [ -123.055923623557007, 40.349209342350498 ], [ -123.056349510765003, 40.348943358016903 ], [ -123.056910881967994, 40.348767399633999 ], [ -123.057591847414002, 40.348600388444801 ], [ -123.058355189780002, 40.3483837799429 ], [ -123.059057794211995, 40.348144673893998 ], [ -123.059642250644004, 40.347874091607899 ], [ -123.060389034444, 40.347261064001003 ], [ -123.060800031995996, 40.346837406216501 ], [ -123.061599114047993, 40.346300923217001 ], [ -123.062526881742997, 40.345674270991502 ], [ -123.062938505337002, 40.345552420616002 ], [ -123.063552514947006, 40.345448476580003 ], [ -123.064098834169002, 40.345358080940898 ], [ -123.064494484804001, 40.345083073783499 ], [ -123.064665500643997, 40.344614488586501 ], [ -123.064686756967006, 40.344141482241596 ], [ -123.064289795134002, 40.3438038503581 ], [ -123.063637040518998, 40.343380768620001 ], [ -123.063059611138996, 40.342840519654303 ], [ -123.062720384011001, 40.3424532989958 ], [ -123.062540752217998, 40.341966887488901 ], [ -123.062628091199002, 40.341322666512397 ], [ -123.062822148223006, 40.340700911044998 ], [ -123.063053135052996, 40.340232295284103 ], [ -123.063359086624999, 40.339669039015199 ], [ -123.063527981917005, 40.33890764985 ], [ -123.063264622896995, 40.338191544707797 ], [ -123.063107406685006, 40.3376690837379 ], [ -123.063196116455003, 40.337322172281198 ], [ -123.063547237753994, 40.337078725310597 ], [ -123.063958095827999, 40.336983899845102 ], [ -123.064788160006998, 40.336677117262099 ], [ -123.065445890578005, 40.336217266015602 ], [ -123.065587962622004, 40.335901855445201 ], [ -123.065744787320995, 40.335626978743399 ], [ -123.066020436678002, 40.335347529339401 ], [ -123.066132121592005, 40.334811404281098 ], [ -123.066182402056995, 40.334311351951399 ], [ -123.066570475853993, 40.333513794283697 ], [ -123.066942711085005, 40.333076621825199 ], [ -123.067264275878998, 40.332743086134599 ], [ -123.067540494807005, 40.3323149769274 ], [ -123.067516434406002, 40.331796948309098 ], [ -123.067080686311996, 40.331238616642501 ], [ -123.066577890344007, 40.330576713329201 ], [ -123.066076122263993, 40.330203109271203 ], [ -123.065835976029007, 40.329896925211898 ], [ -123.065924139852001, 40.329392346275299 ], [ -123.066124696890995, 40.3287120188971 ], [ -123.065658461298995, 40.327788816499599 ], [ -123.065387720564999, 40.327406068457101 ], [ -123.065042265781997, 40.326978314560797 ], [ -123.064703666209994, 40.326406404620897 ], [ -123.064425322576994, 40.325753375058802 ], [ -123.064125002355993, 40.325194956146703 ], [ -123.063718510212993, 40.324771736671501 ], [ -123.063179076013995, 40.324177408869197 ], [ -123.062616464914001, 40.323569576858603 ], [ -123.062060315663999, 40.322777044805697 ], [ -123.061693006515, 40.322133065393302 ], [ -123.061691248203005, 40.321817735450203 ], [ -123.061952934602004, 40.3215968639701 ], [ -123.062340690322003, 40.321276820015903 ], [ -123.062804917666, 40.320925200158001 ], [ -123.063267628066001, 40.320528531966502 ], [ -123.063514020842007, 40.320091438314698 ], [ -123.063437065021006, 40.319609474590003 ], [ -123.063114260795999, 40.3189609701884 ], [ -123.062663029850995, 40.318235954043601 ], [ -123.062047245995004, 40.317339844664403 ], [ -123.061702157067003, 40.316830994670298 ], [ -123.061370706635003, 40.316349164753703 ], [ -123.061124236821001, 40.315885307901603 ], [ -123.061063384801997, 40.315700646036497 ], [ -123.060994741288994, 40.315439407797498 ], [ -123.060926329029996, 40.315025008485499 ], [ -123.060820722608995, 40.314556571871002 ], [ -123.060752149663998, 40.3139619831502 ], [ -123.060735996809001, 40.313583594029602 ], [ -123.060771990109004, 40.313119587556599 ], [ -123.061041004746002, 40.3124932878804 ], [ -123.061518749963994, 40.312101122908302 ], [ -123.062057252855993, 40.311799018059702 ], [ -123.062968998985994, 40.311460670248898 ], [ -123.063536400634007, 40.311005381744799 ], [ -123.063955445103005, 40.310788923531298 ], [ -123.064680964302994, 40.310711939654297 ], [ -123.065279396267002, 40.310801698230698 ], [ -123.065976040159001, 40.310909416682797 ], [ -123.066326831504, 40.310855159265898 ], [ -123.066581425010995, 40.310584728876499 ], [ -123.066872737799002, 40.310260219862201 ], [ -123.067155558769002, 40.309904181872199 ], [ -123.067423837866997, 40.309349943231503 ], [ -123.067639146454994, 40.308786725424099 ], [ -123.067840136981005, 40.308250543984101 ], [ -123.067913337326004, 40.307534247709498 ], [ -123.067725208057993, 40.306953246740498 ], [ -123.067290079227007, 40.306489512552098 ], [ -123.067176844152002, 40.306147218184201 ], [ -123.067422841701998, 40.3057596674876 ], [ -123.067450476717994, 40.305074930919801 ], [ -123.067487038533002, 40.304493798090803 ], [ -123.067500411330997, 40.303890155018102 ], [ -123.067461818606006, 40.303538807714901 ], [ -123.067439128391001, 40.303277545939899 ], [ -123.066989616826007, 40.302746247570703 ], [ -123.066395623307997, 40.302237554124801 ], [ -123.065954265827997, 40.3017557991232 ], [ -123.065585898421006, 40.3014586955073 ], [ -123.065136176102001, 40.3010625321823 ], [ -123.065074943035, 40.300476949977401 ], [ -123.065082266584, 40.300062509413401 ], [ -123.064534188218005, 40.299463685432698 ], [ -123.064247469695005, 40.298779123788798 ], [ -123.064276829844005, 40.298333137693298 ], [ -123.064289875778996, 40.297743008753102 ], [ -123.064453497358002, 40.297355509548503 ], [ -123.064571633868994, 40.2966977506807 ], [ -123.064561849106994, 40.295688692771101 ], [ -123.064642137486004, 40.2950579832427 ], [ -123.064867260292999, 40.294783067602403 ], [ -123.065224785446006, 40.294553124428901 ], [ -123.065463654032001, 40.294048457666896 ], [ -123.064817861639, 40.293107328675099 ], [ -123.064662820883996, 40.292841635196901 ], [ -123.064545962154995, 40.2921299499314 ], [ -123.064394978636997, 40.291485854720797 ], [ -123.064340745536001, 40.290900267244702 ], [ -123.064301852203002, 40.290206557113599 ], [ -123.064128088621999, 40.289571483499003 ], [ -123.063963060671995, 40.289229213655801 ], [ -123.063864328009004, 40.288621126550098 ], [ -123.064013498117006, 40.288134530751002 ], [ -123.064266267853995, 40.287571296402703 ], [ -123.064510897220003, 40.286958513687502 ], [ -123.064742784711996, 40.286480880168099 ], [ -123.064897407120995, 40.285940222935103 ], [ -123.064761900052005, 40.285323147355001 ], [ -123.064177436226998, 40.284994625839097 ], [ -123.063533145308995, 40.284760734099102 ], [ -123.062874543172001, 40.284549370320804 ], [ -123.062403082431999, 40.284360425786403 ], [ -123.061923090456006, 40.2840858935119 ], [ -123.061450557731007, 40.2835185460575 ], [ -123.060999390476994, 40.282581795210199 ], [ -123.06078840875, 40.281789068786402 ], [ -123.060659530788996, 40.281135946387003 ], [ -123.060538141007001, 40.280631476917698 ], [ -123.060313514444999, 40.280190127774802 ], [ -123.060058204365006, 40.279965022578899 ], [ -123.059833777709002, 40.279744405604497 ], [ -123.059615071758003, 40.279339090058301 ], [ -123.059562185594004, 40.278974231676997 ], [ -123.059651485204995, 40.2785282143317 ], [ -123.059582304396002, 40.278023716699003 ], [ -123.059080997956002, 40.277690621387201 ], [ -123.058503464428995, 40.277190886248 ], [ -123.057746144703998, 40.276200218892299 ], [ -123.057520399241994, 40.275700302611099 ], [ -123.057347657996004, 40.275285950099999 ], [ -123.057189406315999, 40.2750517807021 ], [ -123.056956824305999, 40.2747185428777 ], [ -123.056477883428002, 40.274272805961999 ], [ -123.055878470609002, 40.273926230097302 ], [ -123.054926822089001, 40.273431161592697 ], [ -123.054393631676007, 40.2731431084799 ], [ -123.053901262872998, 40.2728775577148 ], [ -123.053061199891005, 40.272152678658699 ], [ -123.052641744325996, 40.271576260127503 ], [ -123.052041342861997, 40.270842254682201 ], [ -123.051366643093999, 40.270018183671098 ], [ -123.050945704407994, 40.269387702207403 ], [ -123.050630305295996, 40.268824744545697 ], [ -123.050181441923002, 40.268185262843403 ], [ -123.049716223706, 40.267784539159898 ], [ -123.048906957244995, 40.267316387949101 ], [ -123.048144030130004, 40.266875240391002 ], [ -123.047588903416994, 40.266636717180603 ], [ -123.047058413231994, 40.266411695592701 ], [ -123.046654406906001, 40.266263201744501 ], [ -123.046166932144004, 40.266051673016499 ], [ -123.044789643951006, 40.265196307719599 ], [ -123.044519750090998, 40.264984687587997 ], [ -123.044309761687998, 40.264773043895303 ], [ -123.044122251841998, 40.264651486692401 ], [ -123.043717847905995, 40.264430906334702 ], [ -123.043134843244999, 40.264219400814099 ], [ -123.042595954389, 40.264025895208199 ], [ -123.042108921099995, 40.263886425503202 ], [ -123.041413150786994, 40.263756038182798 ], [ -123.04084456551, 40.263666144811502 ], [ -123.039737895299993, 40.263477329665903 ], [ -123.039005449200005, 40.263459559781602 ], [ -123.038309742563996, 40.263423754010297 ], [ -123.037702936280994, 40.263320343522999 ], [ -123.037029507596003, 40.263023245924202 ], [ -123.036430184566001, 40.262473853737603 ], [ -123.036107616720997, 40.261964915338403 ], [ -123.035807483279001, 40.261478492928802 ], [ -123.035504517819007, 40.2611902806782 ], [ -123.035202231187995, 40.261496697733399 ], [ -123.034732620759002, 40.262307699068003 ], [ -123.034127560176003, 40.262722318314701 ], [ -123.033507766477996, 40.263087386125399 ], [ -123.032894564916006, 40.263416410532699 ], [ -123.032199821180001, 40.263853568946402 ], [ -123.031572298079993, 40.2642366475621 ], [ -123.030661110691, 40.264754941432798 ], [ -123.029942109467996, 40.264417271773198 ], [ -123.029335985608995, 40.264183178840398 ], [ -123.028161999730997, 40.263787050485597 ], [ -123.027249416293003, 40.263625097146999 ], [ -123.026261511582007, 40.263494687138603 ], [ -123.025393786698999, 40.263368747155702 ], [ -123.024757988532002, 40.2633238371983 ], [ -123.023852782134, 40.263197893668803 ], [ -123.023134658296001, 40.263130467862602 ], [ -123.022058214458994, 40.263040582588502 ], [ -123.021249310670996, 40.262941628931898 ], [ -123.020554736739001, 40.262955268714798 ], [ -123.019955732835001, 40.263036459494103 ], [ -123.019306019829003, 40.2631446842854 ], [ -123.018460751369005, 40.263099774484097 ], [ -123.017966837596006, 40.263135890415903 ], [ -123.017757685594006, 40.262969246070497 ], [ -123.017128415797998, 40.262545892166798 ], [ -123.016499887747003, 40.262118029929098 ], [ -123.015474430083003, 40.2615010174571 ], [ -123.014793395756001, 40.261190277038899 ], [ -123.014246909082004, 40.261064211902003 ], [ -123.013499013249003, 40.260812034137103 ], [ -123.012780139060993, 40.260474257584903 ], [ -123.012114941112003, 40.260226566461199 ], [ -123.011493473287999, 40.259942828957499 ], [ -123.011163426245005, 40.2596680699085 ], [ -123.010856882748001, 40.259280688283297 ], [ -123.010325083940998, 40.258938373908101 ], [ -123.009583468074993, 40.258645627185203 ], [ -123.008611056334999, 40.258141168550502 ], [ -123.008087356394, 40.257740281105697 ], [ -123.007421071763005, 40.257240295369897 ], [ -123.006536870323004, 40.256546612776503 ], [ -123.005930511195004, 40.256105177084201 ], [ -123.005495777066997, 40.255807883104403 ], [ -123.005047818294997, 40.255528607172501 ], [ -123.004561278376002, 40.25521779756 ], [ -123.003602907764005, 40.254551123884902 ], [ -123.002928603642005, 40.254028588346998 ], [ -123.001955566408, 40.253312348663599 ], [ -123.000930740374997, 40.252677187213699 ], [ -123.000616573241999, 40.252533036287403 ], [ -122.999755281937993, 40.252388884640901 ], [ -122.999277604422005, 40.252352844386799 ], [ -122.998634944494, 40.252312295549899 ], [ -122.997984568396006, 40.252312286050604 ], [ -122.997445893109997, 40.252370837585197 ], [ -122.997117030159998, 40.252388848988701 ], [ -122.996743341284997, 40.2523302769062 ], [ -122.996188512390006, 40.252118535190498 ], [ -122.995672276978993, 40.251780658341502 ], [ -122.995365474625999, 40.251609464715102 ], [ -122.994632433907995, 40.251582404339402 ], [ -122.993833263206994, 40.251447221024399 ], [ -122.993421377700997, 40.251307550068397 ], [ -122.992404351228004, 40.250915571641201 ], [ -122.991506722254002, 40.250762346605804 ], [ -122.990631140873006, 40.250636145092699 ], [ -122.990049131665003, 40.250582039107201 ], [ -122.989263219444993, 40.250383758375499 ], [ -122.988305741527, 40.250068330705403 ], [ -122.987924008307999, 40.249910624056398 ], [ -122.987562474219004, 40.249811480512399 ], [ -122.987316705449999, 40.249581709835297 ], [ -122.986926476414993, 40.249680771666199 ], [ -122.986381237554994, 40.249545565253499 ], [ -122.985782359143997, 40.2493968353375 ], [ -122.984766115967005, 40.249112904587598 ], [ -122.984258384295998, 40.248887597392397 ], [ -122.983763960767007, 40.248337945287503 ], [ -122.983495868077, 40.247819857017703 ], [ -122.983196936495006, 40.247220677453598 ], [ -122.982726429888004, 40.246616966785801 ], [ -122.982113377738003, 40.246004222623597 ], [ -122.981358878243, 40.245418481177701 ], [ -122.980679320329997, 40.244909328687498 ], [ -122.979857248924006, 40.244305546885897 ], [ -122.979035982501003, 40.2435215677625 ], [ -122.978639338619999, 40.2430620067151 ], [ -122.978139089875995, 40.242620443907398 ], [ -122.977727340328002, 40.2423275540459 ], [ -122.976338477680002, 40.241638045489999 ], [ -122.976031461808006, 40.241300123001999 ], [ -122.976458503079996, 40.240894779457101 ], [ -122.976286037682002, 40.240309121352297 ], [ -122.975951188672994, 40.239741448470603 ], [ -122.975771784787, 40.239061187393602 ], [ -122.976131691747995, 40.2383495048865 ], [ -122.976439075770998, 40.2375882577578 ], [ -122.976820297537998, 40.2368135101392 ], [ -122.977195228704005, 40.236146875000998 ], [ -122.977382737987995, 40.2356739083001 ], [ -122.977435440988998, 40.235155867094001 ], [ -122.977271000117, 40.234759412872499 ], [ -122.976457104028995, 40.234326789729202 ], [ -122.975716672727003, 40.2339347194387 ], [ -122.975193695434001, 40.233601253558597 ], [ -122.974656027948001, 40.2332722868777 ], [ -122.974230014642004, 40.233001904962798 ], [ -122.973983300262006, 40.232641465956497 ], [ -122.973901984712995, 40.2320332999182 ], [ -122.973903460765996, 40.231060263746997 ], [ -122.974105443010004, 40.230222416435304 ], [ -122.974472965564004, 40.229695436492001 ], [ -122.974786497137998, 40.229141414780102 ], [ -122.975154123783994, 40.228299096520303 ], [ -122.975446212137996, 40.227078357597797 ], [ -122.975410665542995, 40.225835024518098 ], [ -122.975494454580002, 40.224690822174502 ], [ -122.975808915247995, 40.223501619932598 ], [ -122.976318234201997, 40.222762937196102 ], [ -122.976827131248001, 40.222150386608597 ], [ -122.977269142623996, 40.221636926344097 ], [ -122.977530726641007, 40.221389213059197 ], [ -122.978009423420005, 40.220970357962003 ], [ -122.978323232521007, 40.220479393173299 ], [ -122.978466715343998, 40.219700088223902 ], [ -122.978250703387999, 40.2187360188409 ], [ -122.978228162346994, 40.218019749964299 ], [ -122.978199100694994, 40.217024181545 ], [ -122.978402030533005, 40.216375526894801 ], [ -122.978523170882994, 40.215375481387802 ], [ -122.978539318238006, 40.2142492814165 ], [ -122.978412140339003, 40.213447401119602 ], [ -122.978092192139002, 40.212577912041901 ], [ -122.977771904605007, 40.2116498592965 ], [ -122.977480808489005, 40.210199252623099 ], [ -122.977288456729994, 40.208888313580701 ], [ -122.977288788996006, 40.207892749104801 ], [ -122.977244929359998, 40.2072800853026 ], [ -122.977133192535007, 40.206509739386902 ], [ -122.976835249640004, 40.205860986258102 ], [ -122.975617969547997, 40.204932743484797 ], [ -122.974736470585, 40.204608207431498 ], [ -122.973892033436996, 40.204369264594803 ], [ -122.972950692545993, 40.204062720680703 ], [ -122.972211795611997, 40.203467909348298 ], [ -122.971943707516004, 40.202688510632797 ], [ -122.971809722225004, 40.201719941398501 ], [ -122.971407316785999, 40.200814373376303 ], [ -122.971206705100997, 40.200273744880498 ], [ -122.970907400433006, 40.199570917568302 ], [ -122.970489864222003, 40.198899593087198 ], [ -122.970146483163006, 40.198268829593701 ], [ -122.969923583026002, 40.197525475742701 ], [ -122.970156179979, 40.197088567854998 ], [ -122.970903567612993, 40.196512140390404 ], [ -122.971405739909002, 40.195827531887701 ], [ -122.971689497197005, 40.195043761711801 ], [ -122.972041207215, 40.194160900945903 ], [ -122.972273813927998, 40.193638396803898 ], [ -122.972453128764002, 40.193251024344399 ], [ -122.972864908860998, 40.192665493817699 ], [ -122.973163911285994, 40.192246614376202 ], [ -122.973403774790995, 40.191904302668597 ], [ -122.973448661545007, 40.191652042491299 ], [ -122.973150639308002, 40.191458266056102 ], [ -122.972313347222993, 40.191214807995003 ], [ -122.971461804732002, 40.190827185773799 ], [ -122.971283612440999, 40.190295571655099 ], [ -122.971135290890004, 40.189453131276302 ], [ -122.970656799937004, 40.188957479458601 ], [ -122.970127355745007, 40.188308648173098 ], [ -122.969499948215997, 40.18756969196 ], [ -122.96910453916, 40.186866833070397 ], [ -122.969072321100995, 40.1866776214423 ], [ -122.969001292295005, 40.186267662535002 ], [ -122.969293808757996, 40.185569491125896 ], [ -122.969824967101005, 40.184767770123102 ], [ -122.969982546012005, 40.184538064472001 ], [ -122.970310420852002, 40.184366965261802 ], [ -122.970774980990001, 40.183885066011896 ], [ -122.971283659896997, 40.183218477504298 ], [ -122.971837024706005, 40.182763624910599 ], [ -122.972748734850001, 40.182065593310803 ], [ -122.973810596449994, 40.181259472389598 ], [ -122.974894358328001, 40.180719131856598 ], [ -122.975993105214997, 40.180313929408101 ], [ -122.977083788450997, 40.179832132635603 ], [ -122.977719688977004, 40.179327714717502 ], [ -122.978332056094999, 40.178926900184599 ], [ -122.978847954887001, 40.178296317928599 ], [ -122.978900983708996, 40.177733222491 ], [ -122.978932068749998, 40.176913347006703 ], [ -122.979328352712997, 40.176084527493799 ], [ -122.979770495438004, 40.175291753270002 ], [ -122.980443134523995, 40.174444958287097 ], [ -122.981400614245999, 40.173413506755601 ], [ -122.982028356867005, 40.1728775293724 ], [ -122.982447264737004, 40.172323497680502 ], [ -122.982679110061994, 40.171296427749901 ], [ -122.982656982356005, 40.170278329098601 ], [ -122.982949339762996, 40.169381907892699 ], [ -122.983301459968004, 40.168683707770498 ], [ -122.983458294415001, 40.168156663009199 ], [ -122.983645917583004, 40.167773777509801 ], [ -122.983586951381, 40.167282740602197 ], [ -122.983370210917997, 40.1666745549729 ], [ -122.983146181595998, 40.165881668944699 ], [ -122.983155260735003, 40.164782486636902 ], [ -122.983402748909, 40.164169862558801 ], [ -122.983889157259, 40.163426630657703 ], [ -122.984255195217003, 40.162674370603803 ], [ -122.984472643090001, 40.161764419582298 ], [ -122.984660717951002, 40.160904017518497 ], [ -122.984914810475004, 40.160169759581102 ], [ -122.985108316898007, 40.159593163158803 ], [ -122.985064802177007, 40.158903914624801 ], [ -122.984893661163994, 40.157908319156299 ], [ -122.984611362389003, 40.156840630819602 ], [ -122.984231046172994, 40.156025200357803 ], [ -122.983776617843006, 40.155218767888599 ], [ -122.983530204108007, 40.1545700333795 ], [ -122.983396404027005, 40.154060965131997 ], [ -122.983404230348, 40.153560926790497 ], [ -122.983815299407993, 40.153020401724703 ], [ -122.984368422117001, 40.152187078433997 ], [ -122.984750557984995, 40.151340215400502 ], [ -122.985048955471996, 40.150849224336497 ], [ -122.985408293364998, 40.150164531054401 ], [ -122.985625305355995, 40.149322148770501 ], [ -122.985865070691005, 40.148416700635202 ], [ -122.986246032257, 40.147741016827901 ], [ -122.986567864742995, 40.147344626488703 ], [ -122.987030580330995, 40.146907707303299 ], [ -122.987434948604005, 40.146520333442503 ], [ -122.987778767783993, 40.146196019893601 ], [ -122.988062040881999, 40.145921252608197 ], [ -122.988233769592, 40.145727560932301 ], [ -122.988592594831005, 40.145565421643703 ], [ -122.988742682071006, 40.1453311832664 ], [ -122.989444531504006, 40.145124025497203 ], [ -122.990482400469006, 40.145083571651597 ], [ -122.991789167687998, 40.145155749555698 ], [ -122.993058142753995, 40.145308998054901 ], [ -122.993737217518003, 40.145259483239002 ], [ -122.994753100484999, 40.144890134636398 ], [ -122.996239307707, 40.144187433130199 ], [ -122.997240480420004, 40.1439757325332 ], [ -122.998412240967994, 40.143534277464703 ], [ -122.999144861876005, 40.142962166906003 ], [ -122.999667264631, 40.142525197312203 ], [ -123.000190762155995, 40.142205351927302 ], [ -123.000787991373997, 40.141939562113102 ], [ -123.007314140488006, 40.141078903678 ], [ -123.014492954900007, 40.141267432264399 ], [ -123.019792683541993, 40.142239699510803 ], [ -123.025030758260002, 40.1417386452299 ], [ -123.033568316249003, 40.140065178221597 ], [ -123.037795428525996, 40.138131285822197 ], [ -123.044422590528001, 40.136502674093201 ], [ -123.051048694249005, 40.134864673403598 ], [ -123.055327161304007, 40.134394201331197 ], [ -123.059662283616007, 40.135022731460403 ], [ -123.063184724327002, 40.135363233549903 ], [ -123.067271619658996, 40.138568400970598 ], [ -123.071334111167005, 40.1412238432587 ], [ -123.073940666878002, 40.1433665256436 ], [ -123.075832375575004, 40.145523133453203 ], [ -123.080940585402004, 40.147326126422698 ], [ -123.086240461149004, 40.145263577143702 ], [ -123.091886679854994, 40.142916703679802 ], [ -123.096461371027999, 40.140597480836 ], [ -123.098229422604007, 40.140001351750598 ], [ -123.102920838318994, 40.140434249459901 ], [ -123.108350516832004, 40.141402347997499 ], [ -123.113399019352002, 40.141825476622699 ], [ -123.115900352970996, 40.141489639854598 ], [ -123.119074688568006, 40.140026841750498 ], [ -123.121848696054997, 40.137753501522802 ], [ -123.125004627552997, 40.136020267071601 ], [ -123.127634961552005, 40.138706805895801 ], [ -123.129957290280998, 40.142515341683101 ], [ -123.131212836315001, 40.1466133532602 ], [ -123.131854793312002, 40.153216750419602 ], [ -123.132163672773004, 40.160379118777399 ], [ -123.132102907673996, 40.167271608807603 ], [ -123.131951781137005, 40.172236120826398 ], [ -123.132852380182001, 40.176352516350804 ], [ -123.135888685343005, 40.180133056798098 ], [ -123.138521898495995, 40.182823828013902 ], [ -123.140428693339004, 40.185254141096898 ], [ -123.142365274080007, 40.188522283546 ], [ -123.144299801366998, 40.191772374884998 ], [ -123.144396261582997, 40.193979619744802 ], [ -123.144491240584998, 40.196177855868498 ], [ -123.144938463418001, 40.198096351570399 ], [ -123.145713144368997, 40.199464844951699 ], [ -123.146154530643997, 40.201374332529298 ], [ -123.146189722578001, 40.202203174919497 ], [ -123.146858604984004, 40.204535824212897 ], [ -123.147482423325997, 40.204521516643801 ], [ -123.151306215017996, 40.205476107676702 ], [ -123.1537467486, 40.206207176916202 ], [ -123.155143581033997, 40.206700842924903 ], [ -123.157583098527994, 40.207431832438402 ], [ -123.159282631085006, 40.206857394765599 ], [ -123.161710549581997, 40.2073225291375 ], [ -123.164799992336, 40.207246094850298 ], [ -123.166196548233998, 40.207735122911998 ], [ -123.168989375861997, 40.208722138367797 ], [ -123.171778663124002, 40.209438802716399 ], [ -123.174663704465004, 40.212529290740797 ], [ -123.176210334521997, 40.216446130054599 ], [ -123.177426949611004, 40.220638245293003 ], [ -123.178881698761003, 40.222446936912199 ], [ -123.177588254252996, 40.2243229261328 ], [ -123.176648381408, 40.226455134788203 ], [ -123.177209986245998, 40.229413928526498 ], [ -123.178391410887997, 40.229740963746103 ], [ -123.179807651006001, 40.2302388045673 ], [ -123.182617711313, 40.230522711756201 ], [ -123.185177056263001, 40.230455578049799 ], [ -123.188712716626, 40.231436417231102 ], [ -123.194869648256002, 40.2337777166451 ], [ -123.198150601473003, 40.234227129869801 ], [ -123.203315717441996, 40.235164177637103 ], [ -123.207994835516004, 40.235579313399498 ], [ -123.211985652926003, 40.236369420250497 ], [ -123.215211829907005, 40.235570623 ], [ -123.217943079942003, 40.234074426227203 ], [ -123.219352136411999, 40.234391604402198 ], [ -123.219843497029004, 40.234913227807901 ], [ -123.220565913242993, 40.235429904171298 ], [ -123.221782885921002, 40.236648376432903 ], [ -123.224412749256004, 40.238188449276301 ], [ -123.224762864674005, 40.240859108304399 ], [ -123.224905366385002, 40.244066237864402 ], [ -123.225237221678995, 40.246200859206603 ], [ -123.226740059866998, 40.248662039319001 ], [ -123.229371142565995, 40.249629886579903 ], [ -123.230017651454006, 40.250340358308101 ], [ -123.230567507494001, 40.251042009381102 ], [ -123.231206509527993, 40.251806546546803 ], [ -123.231733961724004, 40.252611846484101 ], [ -123.232118331210003, 40.253156154008799 ], [ -123.232686297609007, 40.253231594562699 ], [ -123.233427544031997, 40.253261635175797 ], [ -123.234251996200996, 40.253764504021603 ], [ -123.234470774762997, 40.254232557516801 ], [ -123.234795446540005, 40.254718414848803 ], [ -123.235596393167995, 40.2550050925162 ], [ -123.236037817447993, 40.255035726399598 ], [ -123.237362599972002, 40.255168159860901 ], [ -123.238372523688, 40.255314741469597 ], [ -123.239218614238993, 40.255475167367997 ], [ -123.240348529258, 40.255675540885001 ], [ -123.241867238904007, 40.255775986391903 ], [ -123.243436481645006, 40.255723143394697 ], [ -123.244804331631002, 40.255562590786198 ], [ -123.246074700362001, 40.255375200701899 ], [ -123.247382937414002, 40.255295830276197 ], [ -123.247525159030005, 40.255300030927899 ], [ -123.248438322781993, 40.255307083635202 ], [ -123.248941436647002, 40.255324021514099 ], [ -123.249391534661996, 40.2554131478364 ], [ -123.249899957324004, 40.2555742228298 ], [ -123.250664215838995, 40.2558563705512 ], [ -123.251572289858998, 40.256273343805397 ], [ -123.252744098836004, 40.256757305744898 ], [ -123.253515849403001, 40.257070951587302 ], [ -123.254188039534, 40.257389315765501 ], [ -123.255395265090996, 40.257900201552197 ], [ -123.256718724852007, 40.258338740560397 ], [ -123.257535112677999, 40.258494593501901 ], [ -123.258536079370003, 40.258677057060503 ], [ -123.259431218377998, 40.258859749254498 ], [ -123.260867885043993, 40.259388082218798 ], [ -123.261810150103003, 40.260066174264601 ], [ -123.262078212896995, 40.260299815414598 ], [ -123.262380926684003, 40.260560405976797 ], [ -123.263185763427998, 40.2613288935271 ], [ -123.263711708781997, 40.262007915939698 ], [ -123.264302046066007, 40.262704807879601 ], [ -123.265007212702002, 40.263347376605303 ], [ -123.265569537172993, 40.263922697387599 ], [ -123.266405052471995, 40.264528920091699 ], [ -123.267154017224996, 40.264991184088601 ], [ -123.267589952080996, 40.265287491235703 ], [ -123.267854535165995, 40.265467069636401 ], [ -123.268697607891994, 40.265744410370701 ], [ -123.269928855276007, 40.266038859142498 ], [ -123.270548296496997, 40.266267155413502 ], [ -123.270929967792995, 40.266405910054601 ], [ -123.271615940645006, 40.266818740056301 ], [ -123.273444664996006, 40.267715385408003 ], [ -123.274909349867002, 40.268464210020902 ], [ -123.275867247028998, 40.268943939677897 ], [ -123.276602524753002, 40.269356622323997 ], [ -123.277738628384995, 40.269998081605202 ], [ -123.278602897040003, 40.270401432238103 ], [ -123.279195002091996, 40.271026166568703 ], [ -123.279585024300005, 40.271664900524001 ], [ -123.279936146186998, 40.272227146324802 ], [ -123.280074151348003, 40.272447545486997 ], [ -123.280579708435994, 40.2726670537971 ], [ -123.280807580859999, 40.272842186543201 ], [ -123.281523063072001, 40.273516161493198 ], [ -123.282402015315, 40.273987019050999 ], [ -123.283151645168999, 40.274557291043898 ], [ -123.283805568030999, 40.2754431257463 ], [ -123.284196545148006, 40.276117879289401 ], [ -123.284607191516997, 40.276923220901601 ], [ -123.284774598191007, 40.277837273917697 ], [ -123.284681553574998, 40.278878100707097 ], [ -123.284547438719997, 40.2796802764218 ], [ -123.284484088384005, 40.280703010690402 ], [ -123.284371119390002, 40.281640276456201 ], [ -123.284360019377999, 40.282325025685402 ], [ -123.284564214656001, 40.283067807260601 ], [ -123.284888048395999, 40.283936426804402 ], [ -123.284980510929998, 40.284156931753103 ], [ -123.285170734665996, 40.284633966322403 ], [ -123.285603278457003, 40.285560877329097 ], [ -123.286107451711004, 40.286384000292699 ], [ -123.286726070826006, 40.287143770931699 ], [ -123.287790039482999, 40.287933964460599 ], [ -123.288668132034999, 40.288580460168099 ], [ -123.289639678192003, 40.289240229438697 ], [ -123.291080779935996, 40.290340274867397 ], [ -123.291971609631005, 40.291198435996002 ], [ -123.292691019480998, 40.292029995453603 ], [ -123.293467050915993, 40.293028082086401 ], [ -123.294293147952999, 40.294035045455502 ], [ -123.295561827244001, 40.295351699877401 ], [ -123.296651851662006, 40.296497618243897 ], [ -123.297564613001995, 40.297459287935197 ], [ -123.298497641634, 40.298592077904303 ], [ -123.299172927455004, 40.2997210221545 ], [ -123.299469401267004, 40.300495069421999 ], [ -123.299744108306996, 40.301251153281903 ], [ -123.300114016552001, 40.301831304876004 ], [ -123.300711506889002, 40.302568529529097 ], [ -123.301367891523, 40.303233521876699 ], [ -123.301575201668996, 40.303462722969499 ], [ -123.302658491330007, 40.304613105165203 ], [ -123.303271089980996, 40.305345771929701 ], [ -123.304590846495003, 40.3065675911214 ], [ -123.305732098839997, 40.307582649341803 ], [ -123.306468384468005, 40.308085230685798 ], [ -123.307233814509004, 40.3084435786201 ], [ -123.308420140782005, 40.3090845978966 ], [ -123.309671545726005, 40.309878591409898 ], [ -123.310791069803997, 40.310938704408301 ], [ -123.311346043686996, 40.311824642876701 ], [ -123.312086893525006, 40.312660525268697 ], [ -123.312598676376993, 40.313424946421001 ], [ -123.313261528656, 40.314247517594801 ], [ -123.314218640752998, 40.315073790651397 ], [ -123.315496523087006, 40.316065855921899 ], [ -123.316772595146006, 40.317292157246698 ], [ -123.317529293571994, 40.318186521794303 ], [ -123.317718230740994, 40.318947300463101 ], [ -123.318000869049001, 40.319766382499701 ], [ -123.318513643751004, 40.320481221790601 ], [ -123.319112991661001, 40.3209886029573 ], [ -123.319492615849995, 40.321230809775898 ], [ -123.320792680167003, 40.322128154969803 ], [ -123.322157995322002, 40.322971247091999 ], [ -123.323545759679007, 40.323809755435299 ], [ -123.324654595926006, 40.324311176639902 ], [ -123.326036509139996, 40.324838846071799 ], [ -123.327181254267003, 40.325304104009099 ], [ -123.327976325381002, 40.3255676304845 ], [ -123.329013901652004, 40.326001641024803 ], [ -123.329665558125001, 40.326346648476402 ], [ -123.330043524396004, 40.326687928740299 ], [ -123.330535291152998, 40.327357726508602 ], [ -123.330777495293006, 40.327766962818004 ], [ -123.331054034369004, 40.3283517840147 ], [ -123.331366407561006, 40.328891454742802 ], [ -123.332365200667994, 40.330028280547197 ], [ -123.333393509410996, 40.3308767111088 ], [ -123.334265079420007, 40.331491340655603 ], [ -123.335144224366005, 40.332146483963001 ], [ -123.335966553838006, 40.332765747881901 ], [ -123.336860110887002, 40.333353265520302 ], [ -123.337810627782005, 40.333999171005303 ], [ -123.338461474515995, 40.334452243556299 ], [ -123.338917545696006, 40.335018500872401 ], [ -123.339272628626006, 40.335693165468598 ], [ -123.339835581966, 40.336587948781002 ], [ -123.340869908786999, 40.337643510287698 ], [ -123.341528450653001, 40.338006448521298 ], [ -123.342151850985999, 40.338184794181402 ], [ -123.343649805563004, 40.338441626054397 ], [ -123.344768001033998, 40.338681552279098 ], [ -123.345728096448994, 40.338795808733401 ], [ -123.347076659188005, 40.338971958000997 ], [ -123.347992599961998, 40.3393701242302 ], [ -123.348564056979995, 40.339958519178602 ], [ -123.348949281063994, 40.340389808764002 ], [ -123.349406692688007, 40.340834393077898 ], [ -123.350264573993002, 40.341381371555798 ], [ -123.350915878337005, 40.341609136982903 ], [ -123.351962430531998, 40.341853715464303 ], [ -123.353245673516994, 40.342048010156098 ], [ -123.354787622475996, 40.342250506721399 ], [ -123.356006802308002, 40.342503528295602 ], [ -123.357051689021006, 40.342914739545499 ], [ -123.358254589614006, 40.343564200868101 ], [ -123.359492452395997, 40.344141465793498 ], [ -123.360487937979997, 40.344525771191002 ], [ -123.361239700197004, 40.345018942110997 ], [ -123.361609350598002, 40.345544836230403 ], [ -123.361973977714001, 40.345818481991401 ], [ -123.362490190718006, 40.345952006105101 ], [ -123.363323385843998, 40.345980924665703 ], [ -123.363810292435005, 40.346069488001099 ], [ -123.364490189142998, 40.346328619603 ], [ -123.365443274501004, 40.346685987582802 ], [ -123.366438908714002, 40.346948614336199 ], [ -123.367349552527003, 40.347279072849297 ], [ -123.368523684503998, 40.347680759986403 ], [ -123.369748977609007, 40.348217412351403 ], [ -123.370779366254993, 40.348637554688899 ], [ -123.372039866324997, 40.349079471281897 ], [ -123.373272493233003, 40.349534978111897 ], [ -123.374247568349006, 40.349793099082902 ], [ -123.374729564261997, 40.3499176697431 ], [ -123.375058326041994, 40.350146343253797 ], [ -123.375586428657996, 40.350356349897403 ], [ -123.376030462510997, 40.350535094653203 ], [ -123.376666752437004, 40.3509429508455 ], [ -123.377639956468002, 40.351453311735902 ], [ -123.378298560787002, 40.351834057873603 ], [ -123.378906850215003, 40.352165413514697 ], [ -123.379400184610006, 40.352470114962898 ], [ -123.379843055921995, 40.352896606569502 ], [ -123.380414981401003, 40.3533677188924 ], [ -123.380943821675004, 40.353766895285197 ], [ -123.381565617768004, 40.354269370351702 ], [ -123.382309899766994, 40.354694857549603 ], [ -123.382717967434999, 40.354882704688897 ], [ -123.383291557709001, 40.355056487886401 ], [ -123.383607070192994, 40.355145535510403 ], [ -123.384072638733997, 40.355283635583802 ], [ -123.384466970477007, 40.3554489987145 ], [ -123.385032395533003, 40.3558029877519 ], [ -123.385504363053997, 40.356094219979099 ], [ -123.386104929336994, 40.356542684927902 ], [ -123.386792327799, 40.356986351660801 ], [ -123.387542979480003, 40.357420792959203 ], [ -123.387858030608996, 40.3575548772967 ], [ -123.388209096004005, 40.357679830524702 ], [ -123.388761353587, 40.357849153382297 ], [ -123.389570178669004, 40.358220320324001 ], [ -123.390379381193995, 40.358591480299197 ], [ -123.391087644224001, 40.359071088296197 ], [ -123.391201186865999, 40.359359003852298 ], [ -123.391393772773995, 40.359696203290703 ], [ -123.391822464539999, 40.360194771190002 ], [ -123.392264277829, 40.360733835058802 ], [ -123.392792527444996, 40.361389725294302 ], [ -123.393420550374998, 40.362049778339802 ], [ -123.394042015118998, 40.362592728606202 ], [ -123.394957788113999, 40.363301343801801 ], [ -123.395888037237995, 40.363964855313498 ], [ -123.396932086196998, 40.364700043525403 ], [ -123.397562089543001, 40.3651213190101 ], [ -123.398213053617994, 40.365538014173502 ], [ -123.398750317784007, 40.3658334715021 ], [ -123.399467244589005, 40.366074249772197 ], [ -123.399904659537995, 40.366225896971102 ], [ -123.400504360837999, 40.366683298442403 ], [ -123.400932581961001, 40.367145796055198 ], [ -123.401497665063005, 40.367783499218199 ], [ -123.402010012803004, 40.368588055745803 ], [ -123.402423842337996, 40.369226279884302 ], [ -123.402808547755996, 40.369855594564598 ], [ -123.403464817555005, 40.370655138250598 ], [ -123.404208573098003, 40.3712471575056 ], [ -123.404860031496, 40.371668317613803 ], [ -123.405297352144999, 40.371919047260498 ], [ -123.405962980756996, 40.372245553373197 ], [ -123.406808127955003, 40.372675031641698 ], [ -123.407938985227005, 40.373418822949702 ], [ -123.408538802958006, 40.373997807634098 ], [ -123.409003377055001, 40.374428613529503 ], [ -123.409478889815006, 40.374719734114102 ], [ -123.409705748575007, 40.374980201275697 ], [ -123.409932609086994, 40.375240667971802 ], [ -123.410568942463996, 40.3757654564562 ], [ -123.411025487984006, 40.376385478515402 ], [ -123.411207875605001, 40.376776735984301 ], [ -123.411499393406999, 40.377316258790003 ], [ -123.412166744901, 40.378093189055797 ], [ -123.413027788568002, 40.378936993646903 ], [ -123.414055438589003, 40.379811727880302 ], [ -123.414914335182004, 40.3803582181148 ], [ -123.415802633292998, 40.3809541474578 ], [ -123.416546346472003, 40.381383918348703 ], [ -123.416908214847993, 40.381679921887802 ], [ -123.417099242494999, 40.382210782956001 ], [ -123.417131360854, 40.382643114472501 ], [ -123.417086023972004, 40.3833505095728 ], [ -123.417038434928003, 40.383693035314302 ], [ -123.417084620322001, 40.384197390538198 ], [ -123.417130013347006, 40.384453992343502 ], [ -123.417495154617995, 40.385277027045603 ], [ -123.417887490287001, 40.385852206041598 ], [ -123.418454067477995, 40.386620453472602 ], [ -123.419314297495006, 40.387243484534203 ], [ -123.420246309058996, 40.387861743597597 ], [ -123.420939963834002, 40.388395274549502 ], [ -123.421663702798995, 40.389027793974599 ], [ -123.422358457713997, 40.3895568076099 ], [ -123.422986415343004, 40.390000472954803 ], [ -123.423463232052001, 40.3902374743937 ], [ -123.424068238041997, 40.390424452616799 ], [ -123.425343599448993, 40.390825187084801 ], [ -123.426158794881005, 40.391119492633997 ], [ -123.426908912882993, 40.391368986172502 ], [ -123.427845712849006, 40.391734905183597 ], [ -123.429302027863002, 40.392328626146302 ], [ -123.430268653631003, 40.392748470498702 ], [ -123.431271427460999, 40.393118620750599 ], [ -123.432266933446996, 40.393502303386001 ], [ -123.433219913043004, 40.3941429017666 ], [ -123.433712404795997, 40.394632062292303 ], [ -123.434033537668995, 40.395270517421402 ], [ -123.434182141972997, 40.3958195265906 ], [ -123.434349776831993, 40.396120708408198 ], [ -123.434880243161999, 40.396785402343497 ], [ -123.435677205050993, 40.397660808302703 ], [ -123.436416926871999, 40.398450836396698 ], [ -123.437154425673, 40.399065186871397 ], [ -123.437827369241006, 40.399603198060198 ], [ -123.438018631250003, 40.400079965981902 ], [ -123.438050874363, 40.400566345390203 ], [ -123.438068085633006, 40.400949174898699 ], [ -123.438247292514006, 40.401894470865201 ], [ -123.438536325114995, 40.402965479872798 ], [ -123.438533145796001, 40.403497039654397 ], [ -123.438378765539994, 40.403939079933402 ], [ -123.438223710252998, 40.404277515792998 ], [ -123.438161606712001, 40.404809298761599 ], [ -123.438488500689999, 40.405186449294703 ], [ -123.439305696410003, 40.405809492196802 ], [ -123.440231781026, 40.406468151799203 ], [ -123.441012814428007, 40.407131861879201 ], [ -123.441700643873006, 40.407732857754603 ], [ -123.442332316887999, 40.408473708065998 ], [ -123.442703537051997, 40.409089422541598 ], [ -123.443157029111006, 40.410006631055097 ], [ -123.443521579594005, 40.410725974894 ], [ -123.443909592691, 40.411539824729502 ], [ -123.444159512274993, 40.412187532258798 ], [ -123.444306996940995, 40.4126599521476 ], [ -123.444290045356993, 40.413218591847503 ], [ -123.444235271601997, 40.413682779530397 ], [ -123.444277152121003, 40.414394350566504 ], [ -123.444371464482003, 40.41546158589 ], [ -123.444393822346996, 40.416452518807702 ], [ -123.444457987224993, 40.417303647306298 ], [ -123.444580432096004, 40.418334736719402 ], [ -123.444680576379, 40.419055092217299 ], [ -123.444578447542995, 40.419879831979898 ], [ -123.444342364755002, 40.4209483363271 ], [ -123.444206449728995, 40.421957895035803 ], [ -123.444256193429993, 40.422800068982298 ], [ -123.444473320721002, 40.423943409257802 ], [ -123.444773894026, 40.424667497840801 ], [ -123.445313411832998, 40.425593373462902 ], [ -123.445787051306993, 40.426303278547202 ], [ -123.445717108981, 40.426645899553002 ], [ -123.446000217386, 40.426897066569801 ], [ -123.446124762734001, 40.427180377228098 ], [ -123.446532700221994, 40.427868009446101 ], [ -123.447073271099001, 40.429001084750297 ], [ -123.447580575752994, 40.430336993956701 ], [ -123.447971931084993, 40.431574248352398 ], [ -123.448252745017001, 40.432640754339602 ], [ -123.448454366023, 40.433486840440203 ], [ -123.448629878374007, 40.433896079583903 ], [ -123.448733718002998, 40.434220008949502 ], [ -123.449109364522997, 40.435470833413397 ], [ -123.449528805419007, 40.436545806111504 ], [ -123.450104763324006, 40.437552598555399 ], [ -123.450760541188004, 40.438536553650302 ], [ -123.451457762781999, 40.4394888106997 ], [ -123.452090814024999, 40.440319689831 ], [ -123.452577959571002, 40.440984466080899 ], [ -123.453049928891005, 40.441527675191097 ], [ -123.453942590603006, 40.442492664361097 ], [ -123.454587444834999, 40.443152307815602 ], [ -123.455305486477002, 40.443789136295699 ], [ -123.456371057826004, 40.444757929670899 ], [ -123.457031642578002, 40.445557139863901 ], [ -123.457615410669007, 40.446437733177 ], [ -123.458127483637995, 40.447611406875097 ], [ -123.458529829683002, 40.448470191059897 ], [ -123.459105014670001, 40.449274232122299 ], [ -123.459680489647994, 40.450118810461099 ], [ -123.460262888051005, 40.450949844415199 ], [ -123.460750591453007, 40.451673142350998 ], [ -123.461332986962006, 40.4524996660585 ], [ -123.461945525367994, 40.453420662832599 ], [ -123.462881997867996, 40.4545520756065 ], [ -123.464028882039997, 40.455781737182697 ], [ -123.464313634636994, 40.456190512100399 ], [ -123.464509782293007, 40.456523064232798 ], [ -123.464875056020006, 40.457170257723803 ], [ -123.465545956805002, 40.458203614688699 ], [ -123.465889603142003, 40.458918460789 ], [ -123.466082821331, 40.459624903247096 ], [ -123.466341269490997, 40.460542798052202 ], [ -123.466665449868998, 40.461424390009 ], [ -123.466874716359001, 40.462423564529701 ], [ -123.466946263294005, 40.463121487291602 ], [ -123.467010368431005, 40.464022146594203 ], [ -123.467252901546999, 40.465458130784597 ], [ -123.467477195821004, 40.466601389578798 ], [ -123.467804226618, 40.467834323692699 ], [ -123.468359011993996, 40.468845609146598 ], [ -123.468767955998004, 40.469555676028598 ], [ -123.469140204970998, 40.470076697697799 ], [ -123.469684330649997, 40.470822249063801 ], [ -123.469860014511994, 40.471064782614 ], [ -123.469749382760995, 40.471587764177002 ], [ -123.469833683098003, 40.472258604635201 ], [ -123.470215118924003, 40.473036346493203 ], [ -123.470638368015003, 40.473782384634603 ], [ -123.470921723187004, 40.474132587925098 ], [ -123.471292481047001, 40.474486938708502 ], [ -123.471597236285007, 40.4747334476342 ], [ -123.472017534637004, 40.4751596672007 ], [ -123.472343550716005, 40.475388068962999 ], [ -123.472886142749005, 40.475746216731501 ], [ -123.473125248374004, 40.475934430589902 ], [ -123.473473265218004, 40.476302381065402 ], [ -123.473793301184998, 40.476674949751903 ], [ -123.474438317462997, 40.477230871724402 ], [ -123.474723638395005, 40.477698176430998 ], [ -123.475016645634, 40.478314099909703 ], [ -123.475598252930993, 40.479023431474097 ], [ -123.476194696744997, 40.479795762965097 ], [ -123.477003957329003, 40.480995147907201 ], [ -123.477721541134002, 40.481636338449903 ], [ -123.478301110106997, 40.482102417251603 ], [ -123.478759038739994, 40.482519446725199 ], [ -123.480519552432995, 40.483863512810998 ], [ -123.481249104206995, 40.484261384291102 ], [ -123.481914251568995, 40.484519877922096 ], [ -123.482535302848007, 40.4847470198116 ], [ -123.483177502603994, 40.4849920882248 ], [ -123.484046671529995, 40.485574045600501 ], [ -123.484277945258995, 40.485843351060602 ], [ -123.484853556760996, 40.486516623411802 ], [ -123.485625717793994, 40.487549432730397 ], [ -123.486177869006994, 40.488186760258102 ], [ -123.487018952680998, 40.488903950081401 ], [ -123.487882080906999, 40.489607526897402 ], [ -123.489121314336003, 40.490561761774003 ], [ -123.489846097078001, 40.491148790340603 ], [ -123.490673540219007, 40.491906551990802 ], [ -123.491221024872004, 40.492701534433202 ], [ -123.491704284793002, 40.493789584172497 ], [ -123.492029815969005, 40.494788212027601 ], [ -123.492283652626, 40.495764621386897 ], [ -123.492477771712998, 40.496642184132398 ], [ -123.492853123680007, 40.497541496441798 ], [ -123.493544119687996, 40.498434955194902 ], [ -123.494017291701994, 40.498991498977503 ], [ -123.494308515137007, 40.499377645875697 ], [ -123.494499401523001, 40.499759716843002 ], [ -123.494402004104003, 40.500156534856998 ], [ -123.494686260494007, 40.500547215079301 ], [ -123.495006538886003, 40.500820621735301 ], [ -123.495441792356999, 40.501332276237299 ], [ -123.496006393768994, 40.501879410398402 ], [ -123.496471264646999, 40.502404447451397 ], [ -123.496720091971, 40.502988970660198 ], [ -123.497099303286006, 40.503699060062502 ], [ -123.497752799509001, 40.5046422039199 ], [ -123.498392302350993, 40.505486304035202 ], [ -123.498938342089005, 40.506407381467099 ], [ -123.499238034932006, 40.507032220141497 ], [ -123.499604216630999, 40.507868484526703 ], [ -123.499760857577996, 40.508250694203603 ], [ -123.500288769031002, 40.508861029036403 ], [ -123.500416616292995, 40.509040657556397 ], [ -123.500749496357002, 40.509512193498999 ], [ -123.501366518826998, 40.5103969146762 ], [ -123.501825658469002, 40.511178713491901 ], [ -123.502191192598005, 40.5120690263944 ], [ -123.502420391916999, 40.512779748882402 ], [ -123.502627067092007, 40.513634714347099 ], [ -123.502786527121998, 40.514242134626301 ], [ -123.503025159556003, 40.514831191798699 ], [ -123.503321070442993, 40.5153839625562 ], [ -123.503589250928997, 40.5158782942461 ], [ -123.503649694911999, 40.516314971804803 ], [ -123.503705628977997, 40.517184105341698 ], [ -123.504039505527004, 40.518272749335303 ], [ -123.504332568074005, 40.519082288568001 ], [ -123.504614727491997, 40.519666647378898 ], [ -123.504896021152007, 40.520282541016797 ], [ -123.505327462267005, 40.520947327320698 ], [ -123.505462756727994, 40.521131421792902 ], [ -123.505724831207999, 40.521495142964703 ], [ -123.505855530551003, 40.522098179434103 ], [ -123.505825702837996, 40.5228415592983 ], [ -123.505715500581005, 40.5237879951721 ], [ -123.505617502589004, 40.524247887113297 ], [ -123.505676034877993, 40.524869257419397 ], [ -123.505825502541995, 40.525661402044101 ], [ -123.505944420784999, 40.526021244470101 ], [ -123.506108116728996, 40.5268403534835 ], [ -123.505985922562004, 40.527566119172597 ], [ -123.505933630201994, 40.5284132010717 ], [ -123.505950374280005, 40.528971690245299 ], [ -123.506107993368005, 40.529619653090002 ], [ -123.506432781428003, 40.530271387582602 ], [ -123.506696880769994, 40.531094559541501 ], [ -123.506915904143, 40.532251264014597 ], [ -123.507183914961999, 40.533493338914496 ], [ -123.507549929210995, 40.534225970373697 ], [ -123.507884214160995, 40.534566845826298 ], [ -123.508141070513005, 40.534768420374697 ], [ -123.508244663132004, 40.535195895179797 ], [ -123.508352280129003, 40.5359116420981 ], [ -123.508833891167001, 40.536751869184002 ], [ -123.509441745849998, 40.537109552934503 ], [ -123.510086813499996, 40.537264365365601 ], [ -123.510907804873995, 40.537310287695298 ], [ -123.511748094617005, 40.537419182115599 ], [ -123.512434067211004, 40.537808035712601 ], [ -123.512766232301004, 40.5384462050027 ], [ -123.512976181599996, 40.5389768072937 ], [ -123.513096405602994, 40.539160959065299 ], [ -123.513324977641005, 40.5400518400753 ], [ -123.513565950640995, 40.541212936902603 ], [ -123.513436542663001, 40.541808109404599 ], [ -123.513002970719995, 40.5420532797269 ], [ -123.512236557234999, 40.542349474355397 ], [ -123.511698235086996, 40.542941952535003 ], [ -123.511356221930001, 40.543339864927503 ], [ -123.511067567919, 40.544106911208701 ], [ -123.511082462055995, 40.544755496680601 ], [ -123.511139732524995, 40.545444435306798 ], [ -123.511257903563006, 40.546619592688899 ], [ -123.511513338382997, 40.547645492870501 ], [ -123.511981086229, 40.5482965764498 ], [ -123.512701235994996, 40.548942033698701 ], [ -123.513330266899999, 40.5493491517487 ], [ -123.514195384605003, 40.550029991454302 ], [ -123.514834033292004, 40.550774897254698 ], [ -123.515368844272004, 40.551308550347997 ], [ -123.515712228031006, 40.551568280031702 ], [ -123.516016954134003, 40.5519362897574 ], [ -123.516215346612, 40.552250719628297 ], [ -123.516356802298006, 40.552551890082597 ], [ -123.516447592706001, 40.552839773297599 ], [ -123.516572084540002, 40.553334713465397 ], [ -123.516931091412999, 40.554040316566301 ], [ -123.517427658227007, 40.554826383687299 ], [ -123.517811104602998, 40.555252594512403 ], [ -123.518267438116993, 40.555700999635697 ], [ -123.519323233085004, 40.556727791898403 ], [ -123.519914562807998, 40.557256664660898 ], [ -123.520320783179997, 40.557664746383097 ], [ -123.520930919088002, 40.558522358450503 ], [ -123.521053320904997, 40.559170456014897 ], [ -123.521472080712002, 40.559812711493599 ], [ -123.521618894360003, 40.560276013208203 ], [ -123.521632185249999, 40.561037215286603 ], [ -123.521911201191003, 40.561887307240902 ], [ -123.522084748837997, 40.562607244352797 ], [ -123.522408641056998, 40.563245420193198 ], [ -123.522942712363999, 40.563900661825301 ], [ -123.523425134679002, 40.564511089866599 ], [ -123.523750755717998, 40.565036641219898 ], [ -123.524149206526005, 40.5655753746885 ], [ -123.524531527299004, 40.566222288077 ], [ -123.525271275435003, 40.567020728576097 ], [ -123.525835110122003, 40.567509154338602 ], [ -123.526506413172996, 40.568096186597998 ], [ -123.526961506608998, 40.568603120315899 ], [ -123.527440750392998, 40.568893725813702 ], [ -123.527892256064007, 40.569130402037104 ], [ -123.528306692010005, 40.569394273030603 ], [ -123.528749982408996, 40.569712064468703 ], [ -123.529465639956001, 40.570159236664402 ], [ -123.530087538309004, 40.570606834656097 ], [ -123.530902813303001, 40.571184171181898 ], [ -123.531568390602999, 40.571550479341802 ], [ -123.531680075481006, 40.571901316321402 ], [ -123.531817254635001, 40.572580864231099 ], [ -123.532048529883994, 40.573160879573997 ], [ -123.532667007078999, 40.574009379433399 ], [ -123.53335607583, 40.5749116038781 ], [ -123.533953396201994, 40.575602536851399 ], [ -123.534595105128005, 40.576302270202497 ], [ -123.535014241842006, 40.576822851158397 ], [ -123.535334695537998, 40.577190735089403 ], [ -123.535641583493998, 40.577477600104999 ], [ -123.536032650566995, 40.577948757953799 ], [ -123.536638310781996, 40.578567565984599 ], [ -123.537074272672001, 40.578925899284499 ], [ -123.537351630974001, 40.579257941868804 ], [ -123.537448276750993, 40.579707941526301 ], [ -123.537649399938999, 40.579833131366797 ], [ -123.537872655352004, 40.580462720927997 ], [ -123.537982923108999, 40.580953197028599 ], [ -123.538213446401997, 40.581659328295103 ], [ -123.538551816639995, 40.582414505628698 ], [ -123.539133531879997, 40.583308185499597 ], [ -123.539774296892006, 40.584012397814 ], [ -123.540265777127004, 40.584564152197999 ], [ -123.540821168435997, 40.585210199452099 ], [ -123.541227310538005, 40.585663250404899 ], [ -123.541803986133999, 40.586336219967301 ], [ -123.541991625004997, 40.587029030619199 ], [ -123.542083094469007, 40.587884453735597 ], [ -123.542148255005003, 40.588591352127999 ], [ -123.542271132747004, 40.589311492894701 ], [ -123.542581782975006, 40.590053273955 ], [ -123.542797849037001, 40.590651355125303 ], [ -123.543010063759993, 40.5910467521906 ], [ -123.543272876732999, 40.591396866029498 ], [ -123.543450466587998, 40.591711344392003 ], [ -123.543726046217998, 40.592223558441901 ], [ -123.544022414702994, 40.592794232129499 ], [ -123.544348590406997, 40.5933512510749 ], [ -123.544840620250994, 40.593911991282901 ], [ -123.545338976270997, 40.594432159135501 ], [ -123.545779428271004, 40.595051696957498 ], [ -123.546142083213994, 40.595549979964197 ], [ -123.546675761160998, 40.596187091285898 ], [ -123.547261485630997, 40.596774404201497 ], [ -123.547875031695, 40.597330050757598 ], [ -123.548610126225995, 40.5979346659581 ], [ -123.549353470773994, 40.598507705818101 ], [ -123.549975507650004, 40.599013751368098 ], [ -123.550703844818997, 40.599645412029503 ], [ -123.551268139974994, 40.600223797381403 ], [ -123.551645157151, 40.600708480565203 ], [ -123.552291910454002, 40.601475654816902 ], [ -123.552777266741998, 40.601928284749697 ], [ -123.553183112764003, 40.602412824753401 ], [ -123.553316239278999, 40.602790562781301 ], [ -123.553448380027007, 40.603361997662802 ], [ -123.553822894668997, 40.604076413465499 ], [ -123.554087103778997, 40.6043589279492 ], [ -123.554414956017993, 40.604654649736702 ], [ -123.554736786174999, 40.604891841376102 ], [ -123.555293952965002, 40.605402673572499 ], [ -123.555786782496, 40.605859759001603 ], [ -123.556284727969995, 40.606442942786401 ], [ -123.556547193891006, 40.6068245582101 ], [ -123.556938289022, 40.607349695804203 ], [ -123.557443363155002, 40.608076983009902 ], [ -123.557801898875994, 40.608638310427601 ], [ -123.557705073560996, 40.608854992467499 ], [ -123.557750494413995, 40.609075492027898 ], [ -123.557941068507006, 40.609516009310099 ], [ -123.558261542900993, 40.609852295679197 ], [ -123.558723821811, 40.610449154247497 ], [ -123.559072508932005, 40.6109339491762 ], [ -123.559168145589993, 40.611505553291501 ], [ -123.559261479509999, 40.612243833612098 ], [ -123.559658883395002, 40.612854515672701 ], [ -123.559741510349994, 40.6133270839508 ], [ -123.559578520374004, 40.6137603022894 ], [ -123.559386638697006, 40.6141846513856 ], [ -123.559499432429007, 40.614553470965603 ], [ -123.559849478245994, 40.6147995200621 ], [ -123.560237085771007, 40.614986827867902 ], [ -123.560624063093996, 40.615142606186701 ], [ -123.561125286730999, 40.615441970956397 ], [ -123.561403617490001, 40.615769444012102 ], [ -123.561839118321004, 40.616204258939902 ], [ -123.562117145057002, 40.616450651402502 ], [ -123.562545854346993, 40.616867478811301 ], [ -123.562938763377005, 40.617243938957401 ], [ -123.563109393944998, 40.617414276594303 ], [ -123.563551934979003, 40.617849050572097 ], [ -123.563952159395996, 40.618171417975397 ], [ -123.564360249678998, 40.618462214314597 ], [ -123.565138942076999, 40.6191971376483 ], [ -123.565449624064001, 40.619808223217802 ], [ -123.565846081220002, 40.6205134812433 ], [ -123.566185651884993, 40.621219016713901 ], [ -123.566523877847004, 40.621983115612998 ], [ -123.566778662901001, 40.622490868979298 ], [ -123.567402878135994, 40.623474279465299 ], [ -123.567715501264004, 40.624004268695799 ], [ -123.567798784285003, 40.624589438290698 ], [ -123.567957304109001, 40.624809377026601 ], [ -123.568266180560002, 40.625244789530903 ], [ -123.568480402114005, 40.625541029113201 ], [ -123.569236380925005, 40.626762516334402 ], [ -123.569948762332004, 40.627894124455104 ], [ -123.570688980222002, 40.628994059204402 ], [ -123.571210936930001, 40.629887864096403 ], [ -123.571770270447999, 40.630916614865797 ], [ -123.572300616467999, 40.6318373996288 ], [ -123.572850014110003, 40.632564396054697 ], [ -123.573447489623007, 40.6331650265154 ], [ -123.574460065368001, 40.634123945249101 ], [ -123.574977873955007, 40.6346528927413 ], [ -123.575674766698, 40.635680938559197 ], [ -123.575786698152001, 40.635977673820499 ], [ -123.576442999218003, 40.637267174805103 ], [ -123.577075447148005, 40.638358595484902 ], [ -123.577423416000997, 40.639113602229102 ], [ -123.577910609232006, 40.640156195324899 ], [ -123.578177084485006, 40.6407584563905 ], [ -123.578694118119003, 40.641787383106603 ], [ -123.578946447495994, 40.642461784110203 ], [ -123.579420923914995, 40.642968405785702 ], [ -123.580153234641998, 40.643928678520602 ], [ -123.580639410651997, 40.644759555684502 ], [ -123.581043667741, 40.645518771925097 ], [ -123.581958180664998, 40.6465997354601 ], [ -123.582849315874995, 40.647581711950203 ], [ -123.583625344598005, 40.648627325260698 ], [ -123.583865487764001, 40.649463935739902 ], [ -123.584339716976999, 40.6506101669899 ], [ -123.584467166137998, 40.650771681480201 ], [ -123.584852959968998, 40.651269719909898 ], [ -123.585853929151, 40.6523727354584 ], [ -123.586839436437998, 40.653394740918401 ], [ -123.587423877516997, 40.653990858131401 ], [ -123.588010518218994, 40.654794164785898 ], [ -123.588378855233003, 40.655571554382902 ], [ -123.589025099167003, 40.6565502245045 ], [ -123.589769708933005, 40.657321184839198 ], [ -123.590717840267999, 40.658239745206799 ], [ -123.591644121580003, 40.659108860894001 ], [ -123.592470557983006, 40.660055056544003 ], [ -123.593402176845998, 40.661437634497503 ], [ -123.594186875651005, 40.662465111458097 ], [ -123.594949178272003, 40.6634656717426 ], [ -123.595774495312995, 40.664357795575199 ], [ -123.596336674748002, 40.665008034104503 ], [ -123.596856310877996, 40.665653985316901 ], [ -123.597383190049001, 40.6662818789532 ], [ -123.598090736074994, 40.666895321105599 ], [ -123.598672548880003, 40.667338243023799 ], [ -123.599483713430004, 40.6682078908619 ], [ -123.599948806550003, 40.669155906699501 ], [ -123.600648512763001, 40.670372965018103 ], [ -123.601405562104006, 40.671508640670602 ], [ -123.602237933840996, 40.672342122596604 ], [ -123.603171138628994, 40.673161558385601 ], [ -123.604284997020002, 40.674002563124802 ], [ -123.605492954965996, 40.6749016208041 ], [ -123.606695390805001, 40.675962853382799 ], [ -123.608068636618995, 40.677302446945298 ], [ -123.609467698328004, 40.678466215622898 ], [ -123.610749594856003, 40.679468428298399 ], [ -123.611802226332003, 40.680021401174599 ], [ -123.612691756150994, 40.6802464085239 ], [ -123.613545708154007, 40.6803815099885 ], [ -123.614282032605999, 40.680431647373098 ], [ -123.615647826133994, 40.680573017549698 ], [ -123.617166848847006, 40.680889224272299 ], [ -123.618948206181003, 40.681460755803897 ], [ -123.619398533722006, 40.681692569566898 ], [ -123.620307762725005, 40.682282268971903 ], [ -123.621043116338001, 40.6827828085692 ], [ -123.621934590712002, 40.683169892446401 ], [ -123.622817811163003, 40.682867840547203 ], [ -123.623696450674004, 40.6827099474853 ], [ -123.625511450158996, 40.6818848312043 ], [ -123.625681311747996, 40.681582115824703 ], [ -123.626020734649998, 40.681301002873802 ], [ -123.626510303347999, 40.680942499374403 ], [ -123.627369341939001, 40.680906303601503 ], [ -123.628485619184005, 40.680895727774697 ], [ -123.629732442386995, 40.680807854313002 ], [ -123.630518590742, 40.680492759743302 ], [ -123.631139118918, 40.679908301195503 ], [ -123.631240165942003, 40.6794482996631 ], [ -123.631795835920002, 40.679084907873701 ], [ -123.632422649849005, 40.678698601686001 ], [ -123.632898769969003, 40.678214021401402 ], [ -123.633374683388993, 40.677747457875903 ], [ -123.633807970533994, 40.677348692447303 ], [ -123.634284384932002, 40.676936175230502 ], [ -123.634702373332004, 40.676523977244599 ], [ -123.635142366778993, 40.675859409980802 ], [ -123.635921410747002, 40.675233513612902 ], [ -123.636375853939001, 40.674807595467797 ], [ -123.636448040195006, 40.674505402349901 ], [ -123.636361809410005, 40.673758146203198 ], [ -123.636485250676003, 40.672897123996798 ], [ -123.636262140401001, 40.671285775677397 ], [ -123.636205492863994, 40.6705383559501 ], [ -123.636299112703995, 40.669691011022799 ], [ -123.635817227806996, 40.6689369248475 ], [ -123.635428336211007, 40.668357996814997 ], [ -123.635255846001002, 40.667674275474504 ], [ -123.635443846171, 40.666875960012597 ], [ -123.635372298324, 40.666232222779101 ], [ -123.635271627486006, 40.665246310250403 ], [ -123.635279462786002, 40.664552587410803 ], [ -123.635236841685, 40.664034814268902 ], [ -123.634992562213995, 40.663108248525702 ], [ -123.634604532148003, 40.662069861887097 ], [ -123.634230192928996, 40.6611485133703 ], [ -123.634208623166998, 40.660315314665802 ], [ -123.634505036262993, 40.659489377679698 ], [ -123.634843822261999, 40.658649693602598 ], [ -123.634750563577001, 40.657663738529997 ], [ -123.634218045205003, 40.656860373618997 ], [ -123.634154355671001, 40.655716600577101 ], [ -123.634631065624006, 40.6547275130972 ], [ -123.635314994175005, 40.654075115213502 ], [ -123.635956617222007, 40.653445468360701 ], [ -123.636562527036006, 40.652676377671803 ], [ -123.636880868863003, 40.651480949957701 ], [ -123.636967298458998, 40.650075092719398 ], [ -123.636881709638999, 40.649003511535497 ], [ -123.636695288718997, 40.647238804332098 ], [ -123.636588930409005, 40.645847522490499 ], [ -123.636610936061999, 40.644662736344401 ], [ -123.636611821425006, 40.643550137279099 ], [ -123.636186965817004, 40.642282229281101 ], [ -123.635439313380999, 40.6409169986701 ], [ -123.634633050817996, 40.639993519451401 ], [ -123.634035696270004, 40.639001321033298 ], [ -123.633798649190993, 40.638124257597902 ], [ -123.633201028786999, 40.636983409557601 ], [ -123.632705891502994, 40.635540199409398 ], [ -123.632252544181, 40.634137297880898 ], [ -123.631389115963003, 40.633015912323401 ], [ -123.630676960410995, 40.632024322735397 ], [ -123.630331055292004, 40.631116314361897 ], [ -123.630109473294993, 40.630067988802097 ], [ -123.629922340587001, 40.628870828096801 ], [ -123.629678618005997, 40.628020817556603 ], [ -123.629564153431005, 40.627242172873103 ], [ -123.629700579881998, 40.626543240181299 ], [ -123.630269974716001, 40.625995096170897 ], [ -123.631444983183002, 40.625844535090899 ], [ -123.633172562704999, 40.626028767065897 ], [ -123.634267277136004, 40.626256990813999 ], [ -123.635153677812994, 40.626531394517599 ], [ -123.636111279515006, 40.626832425873197 ], [ -123.637018878906005, 40.6270030962364 ], [ -123.638055506647007, 40.627064939987498 ], [ -123.638416030616, 40.627481860647997 ], [ -123.638775693951004, 40.627691580555997 ], [ -123.639228766995998, 40.627932313408401 ], [ -123.639509617349006, 40.628246069400497 ], [ -123.640827391783006, 40.629500007853103 ], [ -123.642072233795005, 40.630425512327001 ], [ -123.643015469923, 40.631068903310698 ], [ -123.644088372043001, 40.6317070588955 ], [ -123.645168835781007, 40.632399215408 ], [ -123.645687729808998, 40.632869281166997 ], [ -123.646522424333, 40.633400639023002 ], [ -123.647257580575001, 40.633648769230497 ], [ -123.647703639712006, 40.633997614222203 ], [ -123.647695690215997, 40.634475129037398 ], [ -123.648128180149001, 40.635215934313301 ], [ -123.648897940463002, 40.636058445107103 ], [ -123.649424122460999, 40.636969887234699 ], [ -123.649437420214994, 40.637388724770197 ], [ -123.649603806767004, 40.638275162192301 ], [ -123.649933929289006, 40.639277793003401 ], [ -123.650855702452006, 40.640430240052702 ], [ -123.651590112020003, 40.641390046372202 ], [ -123.651747890154994, 40.642033289400899 ], [ -123.652655480695998, 40.6427849072942 ], [ -123.653743850854994, 40.643350813015097 ], [ -123.654808773221006, 40.644200620282099 ], [ -123.655428407372, 40.645129521184401 ], [ -123.655867614456994, 40.646163045333601 ], [ -123.656509153258, 40.647551266947701 ], [ -123.656983455217002, 40.648692692975303 ], [ -123.657695837155003, 40.6497246548088 ], [ -123.658567843046995, 40.651012453739902 ], [ -123.658920532658996, 40.651996909840001 ], [ -123.65995056205, 40.652923442242901 ], [ -123.660490562685993, 40.654195105219799 ], [ -123.660900431543993, 40.655463005860803 ], [ -123.661793772435004, 40.656165082558097 ], [ -123.663386809798993, 40.657083850664698 ], [ -123.664698156878003, 40.657661882976697 ], [ -123.666253855685994, 40.658089844869998 ], [ -123.667270219919004, 40.658701080445802 ], [ -123.667882795062994, 40.660188499574403 ], [ -123.668285908803995, 40.661465420210497 ], [ -123.668926828072003, 40.662380608734203 ], [ -123.669820499121002, 40.663024062862597 ], [ -123.670728054186, 40.663649411671003 ], [ -123.671923933244003, 40.664637932807601 ], [ -123.672602186288003, 40.665507838898499 ], [ -123.673516226469999, 40.666588072764696 ], [ -123.674381036403005, 40.667659577881501 ], [ -123.674987126695001, 40.668773128748903 ], [ -123.675044281365999, 40.6690881029567 ], [ -123.675130532986003, 40.669502003881199 ], [ -123.675325981813003, 40.670478316561102 ], [ -123.675462607914, 40.671450468486 ], [ -123.675909706203001, 40.672411794065901 ], [ -123.677018992989005, 40.673004380006702 ], [ -123.678079031709999, 40.673259414345999 ], [ -123.679001127624005, 40.673510745873401 ], [ -123.679966915500998, 40.674095138336 ], [ -123.680745353386001, 40.674761706653499 ], [ -123.681632217046996, 40.675616814275003 ], [ -123.681862612282998, 40.6761649904333 ], [ -123.682057339869999, 40.676587253644399 ], [ -123.682338641296994, 40.677630611725 ], [ -123.682353060872003, 40.678355734433197 ], [ -123.682460422649996, 40.679129856031103 ], [ -123.682907976725005, 40.6796497194482 ], [ -123.683484980182996, 40.6795922521504 ], [ -123.684933721771003, 40.679552135413402 ], [ -123.686627189917004, 40.680010533116402 ], [ -123.687723435441001, 40.680823807823401 ], [ -123.688422294991, 40.681324134723397 ], [ -123.689128088439006, 40.681563161129503 ], [ -123.689474703146999, 40.681718745369501 ], [ -123.690541029936, 40.682027679652698 ], [ -123.691529028618007, 40.6824136479297 ], [ -123.692083811960003, 40.682887789004901 ], [ -123.692775929684998, 40.6833746164939 ], [ -123.693742579266996, 40.683945373801301 ], [ -123.695068451579004, 40.6845995441127 ], [ -123.696135580180993, 40.684516539661303 ], [ -123.696841663623005, 40.684138415465803 ], [ -123.697346498862004, 40.683824564211498 ], [ -123.698153735337996, 40.683644014105198 ], [ -123.698997567468993, 40.6839226845916 ], [ -123.699286094548995, 40.684213722617997 ], [ -123.699415585701999, 40.684573289355903 ], [ -123.699084007402007, 40.6851878946539 ], [ -123.699005725781007, 40.686296448270802 ], [ -123.699027858657004, 40.6874944813962 ], [ -123.699077566862002, 40.688322987594397 ], [ -123.699135539604001, 40.6893406278067 ], [ -123.699050288951995, 40.690278056239499 ], [ -123.698877163093002, 40.690734047335603 ], [ -123.698573712351006, 40.690893537467502 ], [ -123.697636825337, 40.691133431045799 ], [ -123.696851835862006, 40.691683202738702 ], [ -123.696383772242996, 40.692550868946 ], [ -123.696361260768995, 40.692875320360102 ], [ -123.696418772575996, 40.693212802173498 ], [ -123.696325634831993, 40.693609749716103 ], [ -123.696563884810004, 40.693829027126803 ], [ -123.696578930954004, 40.694279374589499 ], [ -123.696138432922993, 40.694741478750899 ], [ -123.695691764497994, 40.6954288374763 ], [ -123.695612399278005, 40.696190556178202 ], [ -123.696095592827007, 40.696773213029502 ], [ -123.696852899676003, 40.697642493705501 ], [ -123.697935350652003, 40.698901684823099 ], [ -123.698843886077995, 40.699513288043299 ], [ -123.699607892301998, 40.700026663724202 ], [ -123.700387309375998, 40.700774168370103 ], [ -123.701288488499003, 40.701773173011702 ], [ -123.702204181040997, 40.702636950851598 ], [ -123.702767272320003, 40.704124472039503 ], [ -123.702126615414997, 40.7052544639564 ], [ -123.701578146353, 40.705829854076498 ], [ -123.701131580025006, 40.706422640136601 ], [ -123.700799927377005, 40.707321024106101 ], [ -123.700504531319993, 40.708502962342202 ], [ -123.699957680550995, 40.7092720226252 ], [ -123.699467354367997, 40.709964163453598 ], [ -123.698767466123996, 40.711454844231902 ], [ -123.698371771599994, 40.712425678119601 ], [ -123.698033080715007, 40.713116895033401 ], [ -123.697542987700004, 40.713836052120897 ], [ -123.697073607638004, 40.714591116907599 ], [ -123.696656237998994, 40.715616127762999 ], [ -123.696663970157999, 40.7168547815265 ], [ -123.696858259429007, 40.718101317604997 ], [ -123.696989231584993, 40.719555436108003 ], [ -123.696945908634007, 40.721042137161099 ], [ -123.697183874239002, 40.722004633304401 ], [ -123.697567178975007, 40.722533831947402 ], [ -123.698201318092003, 40.723165112485802 ], [ -123.698273779695995, 40.7241150939279 ], [ -123.697617611167999, 40.725060472639299 ], [ -123.697315706609999, 40.726269464854603 ], [ -123.697315302448004, 40.727436095714502 ], [ -123.697431665848995, 40.7284804032236 ], [ -123.697755738756996, 40.729145089111803 ], [ -123.698103101452006, 40.729913233285998 ], [ -123.698139421780994, 40.730732806027603 ], [ -123.697987156943, 40.7315309974922 ], [ -123.697662871421997, 40.732370767765097 ], [ -123.697317506963998, 40.733071029467602 ], [ -123.696221178741993, 40.734190222834798 ], [ -123.695312009505997, 40.7349118954183 ], [ -123.694411425143997, 40.735642517840098 ], [ -123.693234871808997, 40.736636043398299 ], [ -123.692204026674005, 40.737407969951597 ], [ -123.690912353515003, 40.738298562022997 ], [ -123.690212762461002, 40.738933356731501 ], [ -123.689831036615004, 40.739922091179501 ], [ -123.689881050078995, 40.740786626928198 ], [ -123.689938787377997, 40.742326768261101 ], [ -123.690516682551007, 40.743413363684098 ], [ -123.691332538780003, 40.7445660959363 ], [ -123.691931257587001, 40.745729132853803 ], [ -123.692660127653994, 40.7471976805585 ], [ -123.693461023533004, 40.748683807814601 ], [ -123.693843618230005, 40.749559854543598 ], [ -123.693822773215004, 40.750118517949602 ], [ -123.693699776100999, 40.750357987310103 ], [ -123.693394472839998, 40.7509363774235 ], [ -123.693270880946002, 40.751261432302599 ], [ -123.693190680420003, 40.751523165676097 ], [ -123.693131793212004, 40.752055031249398 ], [ -123.693092886908005, 40.752942619387902 ], [ -123.693033405771999, 40.753560070747497 ], [ -123.692981548286994, 40.754091893847402 ], [ -123.692944477642001, 40.754443454656098 ], [ -123.693029150604005, 40.755253726615898 ], [ -123.693314447641995, 40.756346566346899 ], [ -123.693781441726998, 40.7572176006137 ], [ -123.694276365639993, 40.758210081793997 ], [ -123.694585050889998, 40.759199177409499 ], [ -123.694668781266998, 40.760022966111102 ], [ -123.694928052102, 40.760638498468701 ], [ -123.695416870873999, 40.761040943587801 ], [ -123.695964361563, 40.761672753595199 ], [ -123.696143346271995, 40.7621851676004 ], [ -123.695946889975005, 40.762695341750302 ], [ -123.695396516528007, 40.763279718033502 ], [ -123.694752807108003, 40.763648445850698 ], [ -123.694225012798, 40.763984942498098 ], [ -123.693826110084999, 40.764433270045402 ], [ -123.693572372098998, 40.764849193512497 ], [ -123.693491945271006, 40.765268579332698 ], [ -123.692817361137998, 40.7658401765486 ], [ -123.692457512274004, 40.765986474887299 ], [ -123.691778137363997, 40.765990549553202 ], [ -123.691259577669996, 40.765935100757602 ], [ -123.690515449016999, 40.765799921711498 ], [ -123.689735866929993, 40.765565854559497 ], [ -123.688834621786995, 40.765273952149599 ], [ -123.688445367420996, 40.765118623541603 ], [ -123.687744615005997, 40.7649516374942 ], [ -123.686755231101003, 40.764907982105797 ], [ -123.685650431761999, 40.765126255105301 ], [ -123.684898544716006, 40.765387466794301 ], [ -123.684052565581993, 40.765716796304098 ], [ -123.683097916102, 40.766028745622201 ], [ -123.682281734290001, 40.766123660690297 ], [ -123.681632530060995, 40.766145514551198 ], [ -123.680411915098006, 40.766193256984202 ], [ -123.678648231226006, 40.766505432603303 ], [ -123.677607741149004, 40.766826849980497 ], [ -123.676956017863006, 40.767294620839301 ], [ -123.677309192932995, 40.7679456760021 ], [ -123.677536799044006, 40.768737101464602 ], [ -123.677765857761997, 40.769415909668297 ], [ -123.677916060946998, 40.7700591460016 ], [ -123.677616955117003, 40.771123923586998 ], [ -123.677491297431004, 40.771912918234598 ], [ -123.677754931500999, 40.773077990024497 ], [ -123.677687637226001, 40.773853128846 ], [ -123.677395698251999, 40.7748232723442 ], [ -123.677544104459997, 40.775871908027099 ], [ -123.677966729505002, 40.7772297306173 ], [ -123.678244949852996, 40.778187515760997 ], [ -123.678061919811, 40.7791254898072 ], [ -123.677575546995001, 40.780132809836999 ], [ -123.677182993128994, 40.7807161712728 ], [ -123.676921844887005, 40.7813302907416 ], [ -123.677287523646996, 40.782183965126599 ], [ -123.677781522773998, 40.782690052211301 ], [ -123.678744035706998, 40.782760967841199 ], [ -123.679495472325996, 40.782761049560499 ], [ -123.680109554623002, 40.782874543937197 ], [ -123.680686354811996, 40.783290044098102 ], [ -123.681197418707001, 40.783868084755902 ], [ -123.681563976874003, 40.784293830042401 ], [ -123.682378027607001, 40.785126821140601 ], [ -123.683466008593996, 40.786124843656602 ], [ -123.684264966941996, 40.786962414789102 ], [ -123.685200744612999, 40.788064922163997 ], [ -123.686374791212003, 40.789391220038198 ], [ -123.687455220288001, 40.790470326408098 ], [ -123.688189105644, 40.791524463983002 ], [ -123.688274323258995, 40.792208610402298 ], [ -123.688285250017003, 40.793194988395499 ], [ -123.688320061230996, 40.794055103178202 ], [ -123.688257758334004, 40.7953392018104 ], [ -123.688080725136004, 40.796705061857502 ], [ -123.688033826042002, 40.797795382913201 ], [ -123.688197449043003, 40.798681754651298 ], [ -123.688318704568005, 40.799446762635903 ], [ -123.688374849718002, 40.799968926618703 ], [ -123.688466650779006, 40.800535920775502 ], [ -123.688492495001995, 40.801567251299801 ], [ -123.688389100663002, 40.802495753923601 ], [ -123.688495553527005, 40.803368952678497 ], [ -123.688775083875996, 40.803961851618702 ], [ -123.689300244177005, 40.8048415575986 ], [ -123.689760448862998, 40.805708136487503 ], [ -123.690363679654993, 40.806790063834796 ], [ -123.691286129971004, 40.807856562665599 ], [ -123.692100287925001, 40.808446248404799 ], [ -123.693017034294996, 40.809030807835299 ], [ -123.693564182074994, 40.809806762626302 ], [ -123.693388561084006, 40.810411393429 ], [ -123.693019767392997, 40.810931602885098 ], [ -123.692077853583001, 40.811671456517303 ], [ -123.691316982889006, 40.812293106149703 ], [ -123.690787753373996, 40.812958406898701 ], [ -123.690540541253, 40.813486888807802 ], [ -123.690494476924997, 40.814225868058003 ], [ -123.690874554404999, 40.815146971933103 ], [ -123.691446531099999, 40.8152426396531 ], [ -123.692117249893002, 40.815355729358799 ], [ -123.692854722538996, 40.815581021489898 ], [ -123.693546487985998, 40.816148909542299 ], [ -123.694237443586005, 40.817135696928602 ], [ -123.694748481866995, 40.8177812378323 ], [ -123.695439690892002, 40.818682434716997 ], [ -123.696153225521996, 40.819484398300702 ], [ -123.696953564284001, 40.820222772976003 ], [ -123.697790575045005, 40.8208167830932 ], [ -123.698317066607004, 40.821304564271799 ], [ -123.698914614066993, 40.822206306512903 ], [ -123.699223795753994, 40.822889083833601 ], [ -123.699791797085993, 40.823903607323501 ], [ -123.700070694792998, 40.824946908239099 ], [ -123.699980392978006, 40.826051004664301 ], [ -123.699977496906001, 40.827150066220703 ], [ -123.700394420452, 40.828066408385602 ], [ -123.701165337717995, 40.828917537967399 ], [ -123.702111476159999, 40.829443288055401 ], [ -123.702854653962007, 40.8300153098129 ], [ -123.703445126575005, 40.830795454616002 ], [ -123.703840279519994, 40.831468685545197 ], [ -123.704628013068998, 40.832044928015002 ], [ -123.705248769015995, 40.832356433837198 ], [ -123.706201300459995, 40.832918144992902 ], [ -123.706886116492001, 40.833571574440498 ], [ -123.707389966972997, 40.834145032677 ], [ -123.708401587923007, 40.834647807510997 ], [ -123.710127314380998, 40.835173205272604 ], [ -123.711014780897003, 40.8357082511275 ], [ -123.711960852369998, 40.836211398503899 ], [ -123.713059169399003, 40.8366009903392 ], [ -123.714200072211, 40.836778607387899 ], [ -123.715494160934, 40.836896707613803 ], [ -123.716368132263, 40.837170548141501 ], [ -123.717169110921006, 40.837755630301402 ], [ -123.717984965200003, 40.838412682492802 ], [ -123.718618854208003, 40.839070862524601 ], [ -123.719397769072003, 40.839908305242901 ], [ -123.719894859239005, 40.8406303907948 ], [ -123.720167503732, 40.841470986421697 ], [ -123.720161862994999, 40.842011533308003 ], [ -123.720159306388993, 40.842254779504401 ], [ -123.720150017700007, 40.842903451404901 ], [ -123.720394339169999, 40.8435235140985 ], [ -123.720862934706005, 40.844007047012099 ], [ -123.721628520115004, 40.844632856779697 ], [ -123.722233857183994, 40.845349750036803 ], [ -123.722710151095995, 40.845959346323802 ], [ -123.723401284838005, 40.846689208439599 ], [ -123.724123448938997, 40.8471351031775 ], [ -123.725265207521005, 40.847609885701999 ], [ -123.725683743451, 40.847814449277301 ], [ -123.725835328429994, 40.848218878770702 ], [ -123.725884051145002, 40.848777100143202 ], [ -123.725687444434996, 40.849444967297998 ], [ -123.725419075312999, 40.849991670450301 ], [ -123.725308055794002, 40.850825656027801 ], [ -123.725402267289994, 40.851135857248799 ], [ -123.725358080863003, 40.851469450043503 ], [ -123.725196934232997, 40.8520244867061 ], [ -123.724935245178003, 40.852607180559403 ], [ -123.724521428775006, 40.853280914506698 ], [ -123.724303708757006, 40.854020979517003 ], [ -123.724662974053999, 40.854770933309403 ], [ -123.725102531778006, 40.855403270583402 ], [ -123.725700662183002, 40.856160727587799 ], [ -123.726589488776995, 40.856884820788103 ], [ -123.727643885456004, 40.857490752118999 ], [ -123.728359987017001, 40.858148357178102 ], [ -123.728429084392999, 40.858566816056999 ], [ -123.728268835048993, 40.859202927130198 ], [ -123.728094121140998, 40.859906692954198 ], [ -123.728206759179002, 40.8607798060387 ], [ -123.728696711026998, 40.861605493258701 ], [ -123.729122512258002, 40.8621252950254 ], [ -123.729598569770999, 40.863068176402301 ], [ -123.730095304610998, 40.863866788901703 ], [ -123.730940677266005, 40.864469507725097 ], [ -123.731857668098996, 40.864873579103197 ], [ -123.732478548797005, 40.865459693749699 ], [ -123.733133365211998, 40.866734738419197 ], [ -123.733342186658007, 40.867512644791198 ], [ -123.733622255862997, 40.868294601752098 ], [ -123.734220718852995, 40.868961925490503 ], [ -123.734920700084999, 40.869687154317099 ], [ -123.735411493982994, 40.8705083018096 ], [ -123.735446120874002, 40.870990034596801 ], [ -123.736377605388995, 40.871520095578703 ], [ -123.737296065978001, 40.871743944035501 ], [ -123.738345657503999, 40.871620119454498 ], [ -123.739169508849997, 40.871439177185898 ], [ -123.740255001690997, 40.871409694142997 ], [ -123.741013733160997, 40.871675076179301 ], [ -123.741592273324997, 40.871910082283001 ], [ -123.742437654263, 40.872129855357002 ], [ -123.743355804353001, 40.872389691356702 ], [ -123.744252128390002, 40.872852351492803 ], [ -123.744568220586999, 40.8735259467052 ], [ -123.744647025481996, 40.874038920766303 ], [ -123.744913626057993, 40.874465101493797 ], [ -123.745186872481995, 40.874855204751299 ], [ -123.745490143368002, 40.875078456597201 ], [ -123.745964354671997, 40.875431224920803 ], [ -123.746516228483003, 40.875797001304001 ], [ -123.747032624830993, 40.8761404836428 ], [ -123.747540160195996, 40.876520054932897 ], [ -123.747940259206004, 40.876909329198099 ], [ -123.748289657846001, 40.8773079394633 ], [ -123.748515989785005, 40.877711851643703 ], [ -123.748685271965002, 40.878318824110004 ], [ -123.748956296602003, 40.879100800587501 ], [ -123.749126099449001, 40.879851904223401 ], [ -123.749288240143997, 40.8803508204347 ], [ -123.749514847357005, 40.880876342804299 ], [ -123.749689856085993, 40.8810688871636 ], [ -123.749871171185006, 40.881261390245101 ], [ -123.750104856570999, 40.881624713112103 ], [ -123.75041814539, 40.881942475266598 ], [ -123.750723407864996, 40.882206238058203 ], [ -123.751239324154, 40.8825992506479 ], [ -123.751638155788996, 40.882871409893902 ], [ -123.752181514103, 40.882935430778801 ], [ -123.752681228819, 40.882846590224098 ], [ -123.753229477996001, 40.882622303717397 ], [ -123.753945079258997, 40.882306836146299 ], [ -123.754755027675003, 40.882134882008899 ], [ -123.755754605278, 40.882069781158997 ], [ -123.756710136677995, 40.882045498699803 ], [ -123.757716232353999, 40.8819668254039 ], [ -123.758930889430005, 40.881801190765998 ], [ -123.760442934471001, 40.881435396872099 ], [ -123.761578772166004, 40.881157648367399 ], [ -123.763134841563001, 40.881075294780203 ], [ -123.764257316490998, 40.881184971836902 ], [ -123.765642469295997, 40.881752325480598 ], [ -123.766949683812001, 40.882441794782103 ], [ -123.767929804825002, 40.883164957145297 ], [ -123.768659023103993, 40.883871766673202 ], [ -123.769349453168999, 40.884686931585698 ], [ -123.769584109803006, 40.885315957157601 ], [ -123.769653795015998, 40.8861442690228 ], [ -123.769672762815006, 40.887044986755299 ], [ -123.769952214968001, 40.887921444461497 ], [ -123.770120972181005, 40.888559916937901 ], [ -123.770030216574, 40.889114541983801 ], [ -123.769880589311995, 40.889678568373903 ], [ -123.769673362549, 40.890233970514501 ], [ -123.769424439465993, 40.891032878222099 ], [ -123.769226634033998, 40.892178269088603 ], [ -123.769150912767003, 40.893039079582003 ], [ -123.769170143183004, 40.893930786151799 ], [ -123.769283129190001, 40.894749799755303 ], [ -123.769421643068, 40.895082187605198 ], [ -123.769810608781, 40.895962417859899 ], [ -123.769862830749005, 40.896435011728101 ], [ -123.769886704379999, 40.896894282149702 ], [ -123.770071286101, 40.897487605882297 ], [ -123.770429527073006, 40.898115802902801 ], [ -123.770888704046996, 40.898905475663703 ], [ -123.771407452326002, 40.899744294310103 ], [ -123.771991601194003, 40.900654740036899 ], [ -123.772860037976997, 40.902018202822703 ], [ -123.773700102627004, 40.903395361650503 ], [ -123.774080341445, 40.904122491505099 ], [ -123.774731296826005, 40.9055369451264 ], [ -123.775265697280005, 40.906722463869301 ], [ -123.775923252466001, 40.907776529318802 ], [ -123.776478325162003, 40.9087592136475 ], [ -123.776627889226006, 40.909681568046103 ], [ -123.776878337067998, 40.910409561791198 ], [ -123.777120578858998, 40.911070047170398 ], [ -123.777473377047997, 40.912045080650898 ], [ -123.777927217192996, 40.9129969102503 ], [ -123.778553717796001, 40.913830463070298 ], [ -123.778608028850002, 40.914379608617899 ], [ -123.778256510413001, 40.9150350903899 ], [ -123.777801834071994, 40.915628208140497 ], [ -123.777400053685, 40.9162074548601 ], [ -123.777213911608001, 40.916695162946397 ], [ -123.776943090314006, 40.917525760225899 ], [ -123.776525653438995, 40.918100605046703 ], [ -123.776317090608998, 40.918385773729597 ], [ -123.775461867757002, 40.919733778596203 ], [ -123.775030401571001, 40.920380779304899 ], [ -123.774351844923004, 40.9209393540768 ], [ -123.773615285738998, 40.9214577762461 ], [ -123.773139023290994, 40.921861843837497 ], [ -123.772707649157994, 40.922328667350598 ], [ -123.772449487773997, 40.923042059594202 ], [ -123.772394496784003, 40.923578426892298 ], [ -123.772352404461003, 40.9239795819568 ], [ -123.772321165277006, 40.924898646316898 ], [ -123.772237499010998, 40.925363138383602 ], [ -123.771776578151005, 40.926131936849103 ], [ -123.771231366181993, 40.927153531854501 ], [ -123.770830867005003, 40.928237215435502 ], [ -123.770676908254003, 40.9292336702757 ], [ -123.770318755852003, 40.930290043558998 ], [ -123.769786394093003, 40.930856622389499 ], [ -123.769041233628997, 40.931221929844199 ], [ -123.768281300308004, 40.9314341885609 ], [ -123.767507154189005, 40.9316375285064 ], [ -123.766392496365, 40.931861143843001 ], [ -123.765530612942001, 40.9319569531852 ], [ -123.763936028355005, 40.931827899430601 ], [ -123.761876447223997, 40.931350570445602 ], [ -123.760796202720002, 40.9313396865412 ], [ -123.759652854718993, 40.931522888374801 ], [ -123.758617185030005, 40.931709874654999 ], [ -123.757951340991994, 40.931876404374201 ], [ -123.757852171828006, 40.932390533659202 ], [ -123.757441286160002, 40.932749064423398 ], [ -123.756899406863994, 40.9331760165107 ], [ -123.756510883523006, 40.9335434055048 ], [ -123.755869338276, 40.934313324792903 ], [ -123.755321728588996, 40.934825886504399 ], [ -123.754729905345997, 40.935433322913198 ], [ -123.754232143370004, 40.936022124236601 ], [ -123.753764451945003, 40.936579197492797 ], [ -123.753490662193002, 40.9368872716434 ], [ -123.753065400401994, 40.937520635852202 ], [ -123.752548388766996, 40.9385419571407 ], [ -123.752199529536995, 40.939890984409502 ], [ -123.752148642096998, 40.9413281505038 ], [ -123.752176553804006, 40.9426431892972 ], [ -123.752347279489001, 40.943587953214902 ], [ -123.752618269622999, 40.944207761351798 ], [ -123.753079175414001, 40.945204679442703 ], [ -123.753562560476993, 40.946250994519097 ], [ -123.754141023792997, 40.947364248119499 ], [ -123.754725558716999, 40.948324316840001 ], [ -123.754911459701006, 40.949521210374797 ], [ -123.755041417067005, 40.950988720162599 ], [ -123.755534517404996, 40.9524898835705 ], [ -123.755858645049997, 40.953595785293899 ], [ -123.755855501558003, 40.954492135965097 ], [ -123.755749425527995, 40.955055852697598 ], [ -123.754966879921, 40.956700497685198 ], [ -123.754327726558003, 40.9579298153675 ], [ -123.753978538289999, 40.959157233272698 ], [ -123.754164740392994, 40.960313586264697 ], [ -123.754489885755007, 40.961442004477497 ], [ -123.754335499681005, 40.962722197660298 ], [ -123.753784464584996, 40.964162630275901 ], [ -123.753602249159997, 40.965609657892898 ], [ -123.753489580424002, 40.966249985393198 ], [ -123.754052817338007, 40.967282259829403 ], [ -123.754651604021007, 40.968206198734599 ], [ -123.755089744059006, 40.968914987033301 ], [ -123.755689415218995, 40.970109163956501 ], [ -123.756101485290998, 40.971232501544399 ], [ -123.756293314798, 40.971996949963199 ], [ -123.756673173555996, 40.972607022585301 ], [ -123.757416619668007, 40.973376855174998 ], [ -123.758080088938001, 40.974426466408197 ], [ -123.758201138407003, 40.975137326745703 ], [ -123.758198391006999, 40.976065200545499 ], [ -123.758415410603007, 40.977469068723202 ], [ -123.758666733352001, 40.978656511103701 ], [ -123.758887648674005, 40.979555887210999 ], [ -123.759162220638999, 40.980599042189397 ], [ -123.759443365500999, 40.981696202792897 ], [ -123.759670612015995, 40.9824333858271 ], [ -123.759884738210005, 40.983062555248701 ], [ -123.760184943306996, 40.983844297575402 ], [ -123.760711512078998, 40.984669586851098 ], [ -123.761252209215996, 40.985494780271999 ], [ -123.761835697726994, 40.986292663334403 ], [ -123.762689185043001, 40.987340989249603 ], [ -123.763702015590994, 40.988352219856203 ], [ -123.764786628178001, 40.989110733105697 ], [ -123.765506247171999, 40.989466287731801 ], [ -123.766454631095996, 40.990167135835698 ], [ -123.767198872495001, 40.990081110217602 ], [ -123.768046602271994, 40.989949348876998 ], [ -123.768879480096999, 40.989754622394003 ], [ -123.770676490544005, 40.989503902287403 ], [ -123.772032048122995, 40.9894678063594 ], [ -123.774492858033994, 40.989816133838403 ], [ -123.775887231973002, 40.990333740981299 ], [ -123.777253609805001, 40.990774949572099 ], [ -123.778560146071996, 40.991117455040801 ], [ -123.779832253904004, 40.991689889630699 ], [ -123.781009175600005, 40.992190888856598 ], [ -123.782463035250998, 40.992735037757399 ], [ -123.783544233243006, 40.992835792516402 ], [ -123.784746949813993, 40.992719511320097 ], [ -123.786438026552005, 40.992775547979797 ], [ -123.787902232489003, 40.9928421190804 ], [ -123.788945831381994, 40.992686344389597 ], [ -123.789438227065006, 40.9924172290999 ], [ -123.790078607336, 40.992002965099601 ], [ -123.790104014945001, 40.992264030853498 ], [ -123.790374628915998, 40.992681060252998 ], [ -123.790906302948002, 40.9931188186805 ], [ -123.791184242873001, 40.993495258614601 ], [ -123.790982968359998, 40.993938045206903 ], [ -123.790746522194993, 40.994484667802098 ], [ -123.790251792180996, 40.995492482588702 ], [ -123.789682702267996, 40.996217044188597 ], [ -123.788098361457003, 40.996926028292201 ], [ -123.786245114484004, 40.997645833456403 ], [ -123.785430249070998, 40.998610769167499 ], [ -123.785164332256997, 40.999090018849998 ], [ -123.784610855870994, 40.999665812457899 ], [ -123.784419267708998, 40.9998652982393 ], [ -123.784081529836996, 41.0003990836721 ], [ -123.783665292937997, 41.001050509208099 ], [ -123.783069704796006, 41.001775217884003 ], [ -123.782794678577005, 41.002177953587299 ], [ -123.782205219557994, 41.002699930255702 ], [ -123.782209605570998, 41.003573701515798 ], [ -123.782738783476006, 41.004362835655897 ], [ -123.783067260441996, 41.004802009008898 ], [ -123.783463168083998, 41.005506466549598 ], [ -123.783771777644006, 41.006369160711301 ], [ -123.783830122501001, 41.007341655132997 ], [ -123.783712587004004, 41.008837823856098 ], [ -123.783989694122994, 41.009862879545302 ], [ -123.784245775098995, 41.010680887792098 ], [ -123.784287642986996, 41.011203081124698 ], [ -123.784168556682999, 41.011721865464402 ], [ -123.784054253633997, 41.012330699531603 ], [ -123.784325315228998, 41.013157613561503 ], [ -123.784583567537993, 41.0136873420782 ], [ -123.784822587457995, 41.014631579944798 ], [ -123.784893237009996, 41.015167089051801 ], [ -123.784905475339002, 41.015509318758198 ], [ -123.784911971699998, 41.017027162406798 ], [ -123.784827801288998, 41.018045666132998 ], [ -123.784721453602003, 41.019262501735497 ], [ -123.784094949633001, 41.020370274076299 ], [ -123.783727529767006, 41.020823184683103 ], [ -123.783369598890999, 41.021136402039801 ], [ -123.782594580617996, 41.021727202182099 ], [ -123.782219435311006, 41.021968467001898 ], [ -123.781616100763998, 41.0225265663599 ], [ -123.781212765492, 41.023182397525801 ], [ -123.781174563031001, 41.024101495562803 ], [ -123.781384152637997, 41.024852261543401 ], [ -123.781507844553005, 41.025819806896003 ], [ -123.781612800429997, 41.026868553006899 ], [ -123.781704690614006, 41.027755239493104 ], [ -123.781817832825993, 41.028866987052702 ], [ -123.781989954419998, 41.029559452025403 ], [ -123.782722801185002, 41.0299508385961 ], [ -123.783411063306005, 41.030531696060201 ], [ -123.783805602700994, 41.031357769128597 ], [ -123.784051887757002, 41.0321262960449 ], [ -123.784115892255002, 41.0330717227978 ], [ -123.783827856252003, 41.033704256938798 ], [ -123.783749665474005, 41.034132678678603 ], [ -123.784308627044993, 41.035466594855301 ], [ -123.785137834828006, 41.0364833799457 ], [ -123.785950527611007, 41.037266058174097 ], [ -123.786565498572003, 41.037802354638899 ], [ -123.786958639461005, 41.038223056161797 ], [ -123.787531461084995, 41.039183020593804 ], [ -123.787799435392003, 41.039955894178497 ], [ -123.788228359363998, 41.040912334312999 ], [ -123.788874360516004, 41.0422681515644 ], [ -123.789713498826004, 41.043946936371597 ], [ -123.790310533335997, 41.044965273147199 ], [ -123.790790860211999, 41.045768211013097 ], [ -123.791452578919007, 41.0465653969854 ], [ -123.791783246688993, 41.047040559396301 ], [ -123.791846184264998, 41.047576114027898 ], [ -123.791806105573997, 41.048233986955999 ], [ -123.791768287020005, 41.049049487484197 ], [ -123.792025511092007, 41.049259412161398 ], [ -123.792689817829995, 41.049741286276799 ], [ -123.793547089788007, 41.0501587705728 ], [ -123.794215754291997, 41.050568540317499 ], [ -123.794832838111006, 41.051140809156102 ], [ -123.795241411114006, 41.051782075083999 ], [ -123.795494113342997, 41.052509993283898 ], [ -123.795617486734002, 41.053274836538201 ], [ -123.795715611871998, 41.0541659683457 ], [ -123.795748196738998, 41.054463013084103 ], [ -123.795797187312004, 41.0553499798378 ], [ -123.795897784969995, 41.055921303996499 ], [ -123.796067781529004, 41.056573222129103 ], [ -123.796220021462005, 41.056955017531401 ], [ -123.796373323828007, 41.057332301276197 ], [ -123.796861204544996, 41.058346851493702 ], [ -123.797395230380999, 41.059424137279201 ], [ -123.79821831436, 41.060476897940802 ], [ -123.799209345565004, 41.061330308174199 ], [ -123.800168819511995, 41.061940708500501 ], [ -123.801024961861003, 41.062493266061701 ], [ -123.801554769041005, 41.0629084612386 ], [ -123.802093367962996, 41.063526276294397 ], [ -123.802542372397994, 41.064054631220699 ], [ -123.803113474002998, 41.064591141558601 ], [ -123.803521735241006, 41.065376508916202 ], [ -123.803638880622998, 41.066353076652 ], [ -123.803465361888996, 41.067345183480001 ], [ -123.803337935805999, 41.067999162905501 ], [ -123.803388450605993, 41.068390665250597 ], [ -123.803539374642995, 41.068903077385798 ], [ -123.803713122361998, 41.069487395261802 ], [ -123.803920383092006, 41.070166064539798 ], [ -123.804408798780997, 41.0707797138598 ], [ -123.805256646808999, 41.070944946456301 ], [ -123.806498866460998, 41.071147949754597 ], [ -123.807131457509001, 41.071747065905598 ], [ -123.807520430432007, 41.0724379675328 ], [ -123.808007275932994, 41.073587596633502 ], [ -123.808558375928996, 41.074727764389699 ], [ -123.809065558309001, 41.075652042349901 ], [ -123.809414962584995, 41.076631475194802 ], [ -123.809686633202006, 41.077489843268097 ], [ -123.810385348805994, 41.0769534511534 ], [ -123.811381878998006, 41.076829332157899 ], [ -123.812902553545996, 41.076917703021202 ], [ -123.814307719523995, 41.077020382402999 ], [ -123.815858925281006, 41.076959864249702 ], [ -123.817046613591998, 41.076712732762701 ], [ -123.817806802082004, 41.076459615986302 ], [ -123.818322499456002, 41.076289304082302 ], [ -123.818801519014002, 41.076101234256399 ], [ -123.819966339128001, 41.0757821701323 ], [ -123.821297990847995, 41.075867271173799 ], [ -123.822528938561007, 41.076169270926997 ], [ -123.823369887688003, 41.076338923119003 ], [ -123.824059866027994, 41.076333990446201 ], [ -123.825059997579999, 41.0763223290786 ], [ -123.826114852141998, 41.076373323600201 ], [ -123.826641754999002, 41.0762974795323 ], [ -123.827162336178006, 41.075865857274998 ], [ -123.827666294715996, 41.075384807331801 ], [ -123.828214534758999, 41.075290786543498 ], [ -123.828899686316007, 41.075731762089603 ], [ -123.829579010499003, 41.076388970573703 ], [ -123.830424525390995, 41.077067497601703 ], [ -123.831220776476997, 41.077584227430101 ], [ -123.832619333465999, 41.078456925786497 ], [ -123.833519550901002, 41.079603456832302 ], [ -123.833852476597997, 41.080308185506702 ], [ -123.833874641861001, 41.080884544870599 ], [ -123.833725659980004, 41.081547719878202 ], [ -123.833724123251997, 41.082250364325297 ], [ -123.834002541596007, 41.082703259312602 ], [ -123.834549046337003, 41.0833208622333 ], [ -123.834776062635001, 41.084120940022402 ], [ -123.834663728180999, 41.085004549149197 ], [ -123.834424476251996, 41.085943125963297 ], [ -123.834588030399999, 41.086725647117397 ], [ -123.835060627348994, 41.087379814883597 ], [ -123.835188037021993, 41.088450856425801 ], [ -123.834968891203999, 41.089537921845398 ], [ -123.834815073236001, 41.0906425295343 ], [ -123.834833021324997, 41.091678331540997 ], [ -123.834974738710997, 41.092321383962201 ], [ -123.835274141648995, 41.0931344469642 ], [ -123.835930839171994, 41.093953925302799 ], [ -123.836846326507001, 41.095109323967201 ], [ -123.837201030846998, 41.096025572893801 ], [ -123.837590032121, 41.097063180502403 ], [ -123.838142961623006, 41.098613055400897 ], [ -123.838569719239004, 41.0998665786502 ], [ -123.839054369116994, 41.101164718833999 ], [ -123.839315855156997, 41.102090647107701 ], [ -123.839335955474994, 41.103756996422398 ], [ -123.839706285765004, 41.104695642441001 ], [ -123.840674811292999, 41.105323648724699 ], [ -123.842140054902003, 41.106029089544698 ], [ -123.843935432229998, 41.107024856137301 ], [ -123.845406082066006, 41.108059010186203 ], [ -123.846711697800998, 41.109134894576101 ], [ -123.848002353344995, 41.1102018659194 ], [ -123.849080425411003, 41.110856018336499 ], [ -123.849933209973003, 41.111124475934098 ], [ -123.851459479813997, 41.111523072404097 ], [ -123.852703867528007, 41.111766094210402 ], [ -123.853472893483001, 41.111945064772101 ], [ -123.854880456662002, 41.112457095963897 ], [ -123.855854922662999, 41.113035384722501 ], [ -123.855895654144007, 41.113535029649199 ], [ -123.855747320920997, 41.113806373515096 ], [ -123.855475001974995, 41.114303839530201 ], [ -123.854961425534995, 41.1149111923744 ], [ -123.854469521393, 41.115554414381599 ], [ -123.853901442986995, 41.11626575935 ], [ -123.853576804545, 41.116691544053602 ], [ -123.853304677013995, 41.117148467074799 ], [ -123.852895204323005, 41.117836111851901 ], [ -123.852629568916996, 41.118306497229398 ], [ -123.852360022884, 41.118848975351099 ], [ -123.851898367318, 41.119676627385203 ], [ -123.851524792915995, 41.120350489500701 ], [ -123.850934112410997, 41.121219627419997 ], [ -123.850452927491006, 41.121921304933998 ], [ -123.849951238239001, 41.122650155820402 ], [ -123.849725574556999, 41.123192303675197 ], [ -123.849712366214007, 41.123611275432701 ], [ -123.849839264638007, 41.124069749836401 ], [ -123.849999117978996, 41.1245144688233 ], [ -123.850069420164004, 41.124712127111003 ], [ -123.850150424598993, 41.124873674173799 ], [ -123.850420660354999, 41.125159936987401 ], [ -123.851071740738007, 41.126109981427497 ], [ -123.851848707803995, 41.127293300258103 ], [ -123.852501484350995, 41.128342412083299 ], [ -123.853284562680997, 41.1294761312056 ], [ -123.854023092272996, 41.130416502201797 ], [ -123.855264208161003, 41.131497266334797 ], [ -123.856071688756998, 41.131838077485398 ], [ -123.857308617485003, 41.1322207277099 ], [ -123.857955963056, 41.132585237350199 ], [ -123.858402246058006, 41.133176442630699 ], [ -123.858456549972999, 41.133743543934301 ], [ -123.858279863318998, 41.134384430756199 ], [ -123.858161346364994, 41.1351464922855 ], [ -123.858100820960999, 41.136101794199902 ], [ -123.858103027341002, 41.137470997807803 ], [ -123.858115316585, 41.138299644547502 ], [ -123.858241831677006, 41.138807655314501 ], [ -123.858388968301995, 41.138955191304802 ], [ -123.858775750652995, 41.139348661284103 ], [ -123.859628064709995, 41.1399773691872 ], [ -123.860744644177004, 41.140824792687702 ], [ -123.861662840798999, 41.141534065105397 ], [ -123.862844298859997, 41.142412510597801 ], [ -123.864148349103999, 41.143096351783299 ], [ -123.865430999550995, 41.143906451033203 ], [ -123.866138985652995, 41.144509170251197 ], [ -123.867125842036003, 41.1455601864767 ], [ -123.867950266205995, 41.146292633797998 ], [ -123.868993679111, 41.147081975167197 ], [ -123.870121973094996, 41.147501337485799 ], [ -123.87154686897, 41.1479049327505 ], [ -123.873191251443004, 41.148374406617599 ], [ -123.874269790840003, 41.148604937208297 ], [ -123.874521851756995, 41.148657071704697 ], [ -123.874899503571001, 41.1487442837538 ], [ -123.875147216949003, 41.148805457903499 ], [ -123.875445656348006, 41.148816701967498 ], [ -123.876366874718997, 41.148809696446797 ], [ -123.877594869345003, 41.149048066589302 ], [ -123.878561343116999, 41.149446058712897 ], [ -123.879804200627007, 41.149959035831998 ], [ -123.880421616812995, 41.1501795180044 ], [ -123.881097477127, 41.150453597767502 ], [ -123.881940588500996, 41.150757920992604 ], [ -123.882354069795994, 41.150849338154202 ], [ -123.882101973904, 41.151184564985101 ], [ -123.881956996369993, 41.151676610995302 ], [ -123.881972372202, 41.152045821071802 ], [ -123.882257220560007, 41.152597631189799 ], [ -123.882687110834993, 41.1529951931917 ], [ -123.883493942548, 41.153506966673802 ], [ -123.884504598277999, 41.153859529497304 ], [ -123.885420159391003, 41.154091206600199 ], [ -123.886480720557003, 41.154691088062101 ], [ -123.887092103106994, 41.15517731624 ], [ -123.887834738115998, 41.1557571133011 ], [ -123.888605544049, 41.156408752033897 ], [ -123.888983944654001, 41.1567121035079 ], [ -123.889333316697005, 41.156961629951503 ], [ -123.889937698360995, 41.157560496588196 ], [ -123.890302333836004, 41.158111669537099 ], [ -123.891190689007004, 41.159023613326298 ], [ -123.891992936156001, 41.160120880553201 ], [ -123.892547408064999, 41.160990358906801 ], [ -123.893291074304003, 41.161939438965298 ], [ -123.893658090534998, 41.162332942713597 ], [ -123.894512150406996, 41.162632583824802 ], [ -123.895514371502998, 41.162651819454702 ], [ -123.896399770784001, 41.162680963626201 ], [ -123.897489135414006, 41.162753551628498 ], [ -123.899058855494005, 41.163061091857898 ], [ -123.900090536102994, 41.163408848639698 ], [ -123.900680024815998, 41.163642951423697 ], [ -123.901072066016994, 41.163820044299499 ], [ -123.902590189769001, 41.164001828316799 ], [ -123.903651637056001, 41.164344815788198 ], [ -123.904465916516997, 41.164617671004599 ], [ -123.906013612349994, 41.165051400637701 ], [ -123.907459834774002, 41.165391325319597 ], [ -123.908839526432999, 41.165713740878303 ], [ -123.909806857942996, 41.165926798529199 ], [ -123.911753895247003, 41.166411343180798 ], [ -123.913577618477007, 41.1669193529453 ], [ -123.914435870445004, 41.167295380089797 ], [ -123.914807372012007, 41.167571676588302 ], [ -123.915091540408, 41.167889201631702 ], [ -123.915367954879997, 41.1682383154345 ], [ -123.915878379760002, 41.168833286674797 ], [ -123.916308351875003, 41.169374847954899 ], [ -123.917038346615001, 41.170220289490899 ], [ -123.917759982305995, 41.171079304772597 ], [ -123.918313484687999, 41.171741481175602 ], [ -123.918620934920995, 41.1725497449087 ], [ -123.918776283650999, 41.173323189423698 ], [ -123.918940826444, 41.174434358321299 ], [ -123.919125012796002, 41.175324675296501 ], [ -123.919453833516002, 41.176060702120701 ], [ -123.919705148532003, 41.176342445678003 ], [ -123.919996891123006, 41.176664401468798 ], [ -123.920100076016993, 41.1769563353118 ], [ -123.920287742927997, 41.177162018513897 ], [ -123.920422943413001, 41.177345600877899 ], [ -123.920679993782002, 41.177690351982299 ], [ -123.921395299222993, 41.178806119974404 ], [ -123.922058833869997, 41.179868250132799 ], [ -123.922512859386998, 41.180760903883197 ], [ -123.922739831659996, 41.181403152961401 ], [ -123.923216566340997, 41.182637923194001 ], [ -123.923684495247997, 41.183616035710202 ], [ -123.924050611975005, 41.184612978973298 ], [ -123.924533567020006, 41.185491879850296 ], [ -123.925248907310007, 41.186413951315501 ], [ -123.926014445207997, 41.187353630355901 ], [ -123.926830477389998, 41.188252362060602 ], [ -123.928046187109999, 41.188954197199102 ], [ -123.929226119798003, 41.189732875375498 ], [ -123.929823034489999, 41.190336091860601 ], [ -123.930377956043003, 41.190867581089101 ], [ -123.930909192745005, 41.191147037334098 ], [ -123.931126956295003, 41.191262379703701 ], [ -123.931650844263999, 41.191469828571996 ], [ -123.932610834849001, 41.191763823209797 ], [ -123.933687524687002, 41.192219006154097 ], [ -123.934720232849003, 41.1927511032357 ], [ -123.935783536884003, 41.193336989817603 ], [ -123.936694023941996, 41.194050220376603 ], [ -123.937407559213995, 41.194539849266199 ], [ -123.938011335184001, 41.194832193759403 ], [ -123.938973072153999, 41.195608043883297 ], [ -123.939492169172993, 41.196414521685199 ], [ -123.940069593787996, 41.197337623627099 ], [ -123.940415442382005, 41.198379716666302 ], [ -123.940598746286, 41.199026788572297 ], [ -123.940840731752999, 41.199763459684803 ], [ -123.941096852978006, 41.200211761841501 ], [ -123.941738059951007, 41.200796537159597 ], [ -123.942379760541996, 41.2014668798138 ], [ -123.942847075694004, 41.202035055946503 ], [ -123.943452313153998, 41.202656147543998 ], [ -123.943934404738997, 41.203291757247698 ], [ -123.944641191485005, 41.203871474397502 ], [ -123.945623165235006, 41.204277777622799 ], [ -123.946359382875002, 41.204699604261201 ], [ -123.947196619099003, 41.205044028149402 ], [ -123.948222374927994, 41.205485980447101 ], [ -123.948942586832004, 41.205984489260899 ], [ -123.949613621685003, 41.206586989775801 ], [ -123.950546124043996, 41.2073044307025 ], [ -123.951369784584998, 41.207968715944098 ], [ -123.952666783967004, 41.208809237677798 ], [ -123.953241584254002, 41.209043189563197 ], [ -123.954034782153002, 41.209351896264103 ], [ -123.954858176187003, 41.209993638664798 ], [ -123.955136389521996, 41.210644402550599 ], [ -123.955212591801995, 41.211449975603003 ], [ -123.955201876634007, 41.2124814664786 ], [ -123.955263727494994, 41.213197079533003 ], [ -123.955331641081997, 41.214124327210499 ], [ -123.955109740224998, 41.214860309772298 ], [ -123.954917401098996, 41.215758188362898 ], [ -123.954862244664994, 41.216681952570497 ], [ -123.954953005090005, 41.217590994717398 ], [ -123.955000272828002, 41.218405814774101 ], [ -123.954850864731995, 41.219154706858099 ], [ -123.954845637315003, 41.2196411749863 ], [ -123.954942798955003, 41.220297943376004 ], [ -123.955220083195996, 41.220728020836503 ], [ -123.955657228429999, 41.220999133261998 ], [ -123.956604612966999, 41.221567769402803 ], [ -123.957100488538003, 41.2219284669412 ], [ -123.957369815454001, 41.222246006933197 ], [ -123.957517248811996, 41.222564560014 ], [ -123.957618901111005, 41.222811430775003 ], [ -123.957992627492999, 41.223461391697001 ], [ -123.958395898429998, 41.224219199687603 ], [ -123.958709382555, 41.224648967027697 ], [ -123.959046093246997, 41.225137091073101 ], [ -123.959265337527, 41.225648712436801 ], [ -123.959507721064995, 41.226187164062601 ], [ -123.960092469062005, 41.2270380356304 ], [ -123.960523693888007, 41.227435288419102 ], [ -123.961301903684003, 41.227644982090403 ], [ -123.962195635944994, 41.2277230912891 ], [ -123.962937353257999, 41.227757425748202 ], [ -123.963867713786001, 41.227866743087702 ], [ -123.964726132768007, 41.228053222433502 ], [ -123.965868234224999, 41.228412968986397 ], [ -123.966879755565998, 41.2285891399167 ], [ -123.968130127267003, 41.228830852661702 ], [ -123.968988703395993, 41.229026306650603 ], [ -123.969782190678004, 41.229307877005397 ], [ -123.970465824656998, 41.229396699176398 ], [ -123.971120248171005, 41.229476755816201 ], [ -123.972394142835995, 41.229844333532199 ], [ -123.973281496256007, 41.230143102553299 ], [ -123.974137358269004, 41.230505186040098 ], [ -123.974431889122997, 41.230628803494596 ], [ -123.975336881540002, 41.231310240533197 ], [ -123.975971224787003, 41.231993964874597 ], [ -123.976453263466993, 41.232489812793702 ], [ -123.977096524768001, 41.233295060901803 ], [ -123.977696186504005, 41.234276328300901 ], [ -123.978232358691002, 41.2354247767407 ], [ -123.978598026504002, 41.2360657292855 ], [ -123.979007897949998, 41.236719816457203 ], [ -123.979417980543005, 41.237387412023303 ], [ -123.979500007574998, 41.237936191789302 ], [ -123.979313425732997, 41.238352139129603 ], [ -123.979330331599002, 41.238960023709701 ], [ -123.979871177812001, 41.239567954109603 ], [ -123.980417244321004, 41.239950641791097 ], [ -123.980492049245001, 41.2403148216723 ], [ -123.980407675147006, 41.240982119209697 ], [ -123.980671279575006, 41.241452784878703 ], [ -123.981044322580004, 41.242134201218299 ], [ -123.981034446438002, 41.242944989291999 ], [ -123.980912889276993, 41.2435945880924 ], [ -123.980800331370006, 41.244397242949397 ], [ -123.980722754626001, 41.244870814268801 ], [ -123.980651885002999, 41.245393871363703 ], [ -123.980690811971996, 41.245952024408901 ], [ -123.980737063074002, 41.246501107178602 ], [ -123.980768284600998, 41.247167419500698 ], [ -123.980734517312996, 41.247528019719802 ], [ -123.980984225821004, 41.248264532920203 ], [ -123.981350411235994, 41.248783865191299 ], [ -123.981854614618996, 41.249329042659902 ], [ -123.982291081445993, 41.249559522475998 ], [ -123.983062018602993, 41.249908750475797 ], [ -123.983342141937001, 41.250059490902203 ], [ -123.983473334365996, 41.250202495189001 ], [ -123.983742568714007, 41.2504974525786 ], [ -123.984102676771997, 41.251205991683399 ], [ -123.984236533078999, 41.251749819669897 ], [ -123.984248287419007, 41.252682027020299 ], [ -123.983866238071002, 41.253171714132201 ], [ -123.983789245292002, 41.2537578793251 ], [ -123.984241847579, 41.254091803315497 ], [ -123.984891634045994, 41.254640225965503 ], [ -123.984704969597004, 41.255150763504901 ], [ -123.984082422255995, 41.255647011913801 ], [ -123.983720812672999, 41.255884305230502 ], [ -123.983504883728003, 41.256259973822097 ], [ -123.983659437487006, 41.256641484798998 ], [ -123.983580285757, 41.256934914532302 ], [ -123.983515816248001, 41.257187683674999 ], [ -123.983648810638996, 41.257524339799197 ], [ -123.983853019625997, 41.257635192231703 ], [ -123.984441762432994, 41.257643670899803 ], [ -123.985372818784995, 41.257694256042399 ], [ -123.985985022814006, 41.257824131244398 ], [ -123.986465538155002, 41.257928108299502 ], [ -123.986903637644005, 41.258311688618697 ], [ -123.986957343314003, 41.258806656898699 ], [ -123.986777839330003, 41.259222554204896 ], [ -123.986525601523994, 41.259688617385002 ], [ -123.986200934063007, 41.260249882309402 ], [ -123.98601328622, 41.260521723442103 ], [ -123.985450977924003, 41.261305712247598 ], [ -123.985252084669, 41.262145139140202 ], [ -123.985606027458999, 41.263232051785202 ], [ -123.985864637537006, 41.263932444761501 ], [ -123.986088725553003, 41.265065506461802 ], [ -123.985921019838997, 41.266341544309498 ], [ -123.985728798992994, 41.267153890835502 ], [ -123.985704028149001, 41.267937779897899 ], [ -123.985773428401004, 41.268756893589597 ], [ -123.985420019651002, 41.269394967808303 ], [ -123.984767370273005, 41.269733840614798 ], [ -123.984280863506996, 41.269783040357403 ], [ -123.983613146270997, 41.270162570456797 ], [ -123.983201519187006, 41.270702049675698 ], [ -123.983126154464003, 41.2714728582406 ], [ -123.983305541497998, 41.2723135530455 ], [ -123.983314638219994, 41.2727953912621 ], [ -123.983214810337998, 41.273129531584402 ], [ -123.983070154204995, 41.2733604652568 ], [ -123.982831727226994, 41.273533648866099 ], [ -123.982374143783005, 41.273722214123303 ], [ -123.981096048582998, 41.274106936837001 ], [ -123.980137398874007, 41.274322282080803 ], [ -123.978931592669994, 41.274652318613299 ], [ -123.977646102047004, 41.275019050397397 ], [ -123.976403171347002, 41.275313344665598 ], [ -123.975401827729996, 41.275695656419998 ], [ -123.974662272822997, 41.276219867532397 ], [ -123.974005232085005, 41.277225291453902 ], [ -123.973138687222999, 41.278295537203697 ], [ -123.972067851028996, 41.279430556026398 ], [ -123.970792209652004, 41.280445687340297 ], [ -123.969669955892002, 41.281540582308899 ], [ -123.968607840592, 41.282743053357898 ], [ -123.967811431871993, 41.283646024590197 ], [ -123.967131868851993, 41.284502969747997 ], [ -123.966350916736005, 41.285419312480201 ], [ -123.965559296402006, 41.287056360006702 ], [ -123.965084002110999, 41.288154788497998 ], [ -123.964397583028003, 41.289083836583302 ], [ -123.963660162416005, 41.290098881135002 ], [ -123.963308503145996, 41.290903514751399 ], [ -123.963114018843001, 41.291382553108498 ], [ -123.962797201566005, 41.292146358600299 ], [ -123.963079512470998, 41.2931979036331 ], [ -123.963147807425997, 41.293755812625797 ], [ -123.963120152586995, 41.294057803599799 ], [ -123.963164736516006, 41.2943231591019 ], [ -123.963669867586006, 41.2950440547733 ], [ -123.963913457773998, 41.295618510855697 ], [ -123.964157896347004, 41.296503726425598 ], [ -123.964220207064002, 41.297237335549703 ], [ -123.963361975723998, 41.298748814764103 ], [ -123.962411308270006, 41.299459371418102 ], [ -123.961434036602995, 41.3002151811083 ], [ -123.960426211953006, 41.301128872824599 ], [ -123.960051574282005, 41.301798570895699 ], [ -123.960023482522004, 41.302046517976997 ], [ -123.959721152952, 41.302684084680898 ], [ -123.959375993509994, 41.303659797599103 ], [ -123.959054008582996, 41.304612796912302 ], [ -123.959005809131, 41.305144654763097 ], [ -123.959371469076004, 41.305668559787001 ], [ -123.959658976113005, 41.306310215734598 ], [ -123.959691611813994, 41.307161174082601 ], [ -123.959804977809, 41.307916877959499 ], [ -123.959435428377006, 41.308401872520498 ], [ -123.958856322429, 41.309005712306401 ], [ -123.958212831246001, 41.309700162448401 ], [ -123.957654186520998, 41.310020082414198 ], [ -123.956542593711006, 41.310412154416497 ], [ -123.955517937281002, 41.310776470800299 ], [ -123.954415001441006, 41.311456697576403 ], [ -123.953675382466997, 41.311989780300301 ], [ -123.952843752654999, 41.313127137450401 ], [ -123.951705856171998, 41.3140778592225 ], [ -123.950349503213005, 41.315052893022099 ], [ -123.949319131587004, 41.315854075773302 ], [ -123.948188062862002, 41.316741652211803 ], [ -123.947480175164998, 41.317720315488401 ], [ -123.947643101693998, 41.318426079832797 ], [ -123.947536146637006, 41.318800780629601 ], [ -123.947429459228999, 41.319297083250298 ], [ -123.947344369948993, 41.319995881512803 ], [ -123.947296747685002, 41.320523224712701 ], [ -123.947269361804004, 41.320978339594099 ], [ -123.946989358709999, 41.321728283925502 ], [ -123.946932677931997, 41.322016997040102 ], [ -123.946834158456994, 41.322742928249703 ], [ -123.946706225602, 41.323500628223599 ], [ -123.946530001835001, 41.324637048826297 ], [ -123.946440421293005, 41.325723214084803 ], [ -123.946416371731004, 41.326822351759603 ], [ -123.946275570685003, 41.327904433844999 ], [ -123.946054283568003, 41.328766488569897 ], [ -123.945989260665002, 41.328969696321501 ], [ -123.945817199860002, 41.329362945448899 ], [ -123.946443207881998, 41.329321768188201 ], [ -123.947410551277002, 41.329102127950499 ], [ -123.948079606194995, 41.329042572016299 ], [ -123.949149704823, 41.3292139055307 ], [ -123.950038408563998, 41.329211076525297 ], [ -123.950991333982998, 41.328950990589703 ], [ -123.952161923372998, 41.3287656615732 ], [ -123.953117157852006, 41.328946916149398 ], [ -123.954080859051999, 41.329528935093897 ], [ -123.954681285831001, 41.330523810081097 ], [ -123.954992573872005, 41.331485050636601 ], [ -123.955550357988002, 41.332345159153398 ], [ -123.956434530335997, 41.333153010431701 ], [ -123.957332339396004, 41.3336409683602 ], [ -123.957859067387005, 41.334289642924702 ], [ -123.958241143129001, 41.334980054113501 ], [ -123.958846535513999, 41.335236234598298 ], [ -123.959720250632003, 41.335224447808898 ], [ -123.960921441394007, 41.335133355154902 ], [ -123.962020369509005, 41.335173716300901 ], [ -123.962967707652993, 41.335368466132998 ], [ -123.963392905174004, 41.335711703285803 ], [ -123.963759281172997, 41.336244592796398 ], [ -123.964154083818997, 41.336754723717199 ], [ -123.964267808605996, 41.337577973707297 ], [ -123.963805984269001, 41.338297952987602 ], [ -123.963756683013997, 41.338829818951503 ], [ -123.964117603695996, 41.339497867838297 ], [ -123.964150646087006, 41.340294770430603 ], [ -123.963897562743, 41.3406842205858 ], [ -123.963696203115006, 41.341212856000901 ], [ -123.963540226757004, 41.341957295227701 ], [ -123.963871511169003, 41.3428687997921 ], [ -123.964903275916001, 41.343891531727103 ], [ -123.965992702039998, 41.344643540072603 ], [ -123.966627927732006, 41.345115612498297 ], [ -123.966741129138001, 41.345799244309198 ], [ -123.966132754213007, 41.346461913215798 ], [ -123.965226399239995, 41.347131582444902 ], [ -123.964652727713997, 41.347591279896399 ], [ -123.964596670244006, 41.348019613869702 ], [ -123.965028778500994, 41.348596985330303 ], [ -123.965760699420997, 41.349189854655201 ], [ -123.965843835317997, 41.349810685567903 ], [ -123.966007840969993, 41.350696563477698 ], [ -123.966417549493997, 41.350994879991298 ], [ -123.966231386641994, 41.351541406627803 ], [ -123.965686791210004, 41.351973841848803 ], [ -123.965579387513003, 41.352213446046697 ], [ -123.965675022414004, 41.3524918809158 ], [ -123.965880034937001, 41.352638786650097 ], [ -123.966209289923, 41.352901748418098 ], [ -123.967378588024005, 41.3537386441173 ], [ -123.968435868168996, 41.3541486069904 ], [ -123.969295532401006, 41.354154880456399 ], [ -123.969914502262995, 41.354077603785797 ], [ -123.970511143658001, 41.3540815809828 ], [ -123.971540127980006, 41.354496257707503 ], [ -123.972387603469997, 41.354862917019098 ], [ -123.973356903600006, 41.355156478430096 ], [ -123.973867072697004, 41.355323307304602 ], [ -123.974095601309998, 41.355717709596902 ], [ -123.974533257784003, 41.356006752547103 ], [ -123.975503720315999, 41.3562012017752 ], [ -123.976261297033005, 41.356248822920499 ], [ -123.977085037495996, 41.3564490072919 ], [ -123.977456413129005, 41.356576464180698 ], [ -123.977779103797999, 41.356920517068303 ], [ -123.978066818054998, 41.357598149187901 ], [ -123.978231198523005, 41.358321867256997 ], [ -123.977957590396002, 41.358986254699303 ], [ -123.977755555700995, 41.359415834594301 ], [ -123.977875875384996, 41.359991301242403 ], [ -123.978017146664996, 41.360593612550602 ], [ -123.977982859779999, 41.361098331800299 ], [ -123.977731056318007, 41.361622914700497 ], [ -123.977179094820002, 41.361987908896701 ], [ -123.976723682981998, 41.362563760437297 ], [ -123.976399299018993, 41.363282620579596 ], [ -123.976445892146003, 41.363800164298397 ], [ -123.976827270399994, 41.364368912203602 ], [ -123.976868152387993, 41.365228794213898 ], [ -123.977009757348, 41.365903164441399 ], [ -123.977464511020997, 41.366480294576597 ], [ -123.977708635100996, 41.367063716548003 ], [ -123.977856874484999, 41.367756044375497 ], [ -123.977999901155002, 41.368624064975599 ], [ -123.978178174684004, 41.369275602586399 ], [ -123.978924114964002, 41.369733151621801 ], [ -123.979346757920993, 41.369810623806501 ], [ -123.979676119076998, 41.370096064067198 ], [ -123.979627815789001, 41.370587390866703 ], [ -123.979623382106993, 41.371213458474301 ], [ -123.979699321297005, 41.371717238812202 ], [ -123.979847675228001, 41.372215898603002 ], [ -123.980215171192995, 41.3728252867704 ], [ -123.980603297228001, 41.373339917861799 ], [ -123.981027550445006, 41.373597522424802 ], [ -123.981509019059999, 41.373633950696501 ], [ -123.982149042846999, 41.373628489387002 ], [ -123.982820476759997, 41.373897488589101 ], [ -123.983404591842003, 41.374050131137103 ], [ -123.984163159158996, 41.374273339637497 ], [ -123.984755160367996, 41.374601556371601 ], [ -123.985098597035005, 41.374850829824098 ], [ -123.985261367723993, 41.375236763625402 ], [ -123.985292790738001, 41.375758936210701 ], [ -123.985321463261997, 41.3764207503026 ], [ -123.986141270505996, 41.376440749850303 ], [ -123.987249951305003, 41.376782539369998 ], [ -123.988381690677002, 41.377461905495203 ], [ -123.988799911342994, 41.378106860113 ], [ -123.989129897794996, 41.378896693403398 ], [ -123.989431800125999, 41.379682263323801 ], [ -123.989697472287006, 41.380567227633499 ], [ -123.989983482607002, 41.381240337488002 ], [ -123.990308092804, 41.382363494459703 ], [ -123.990524155700001, 41.383622698807699 ], [ -123.991038016686005, 41.384802773187999 ], [ -123.991748483052007, 41.385539778240997 ], [ -123.992259400964002, 41.3859091884352 ], [ -123.992648720687995, 41.3867120100509 ], [ -123.992680917878005, 41.387747605596601 ], [ -123.992662516569993, 41.388675546404997 ], [ -123.992784407174, 41.3899805953873 ], [ -123.992700586463997, 41.391030702764702 ], [ -123.992471187442007, 41.3921676378489 ], [ -123.992087380279997, 41.3929095700666 ], [ -123.991411810022996, 41.3936630230153 ], [ -123.990948927071003, 41.394491204714598 ], [ -123.990695606589995, 41.3953355953063 ], [ -123.990887800113001, 41.395856379945897 ], [ -123.991603561177001, 41.396368149092702 ], [ -123.992333855035, 41.396704140563997 ], [ -123.992823304862, 41.396934115007397 ], [ -123.993130382304997, 41.397314286797297 ], [ -123.993724772907001, 41.398322506893599 ], [ -123.994106576147999, 41.399116378984701 ], [ -123.994694095857, 41.400309308307001 ], [ -123.995522634623995, 41.4017388496652 ], [ -123.996285440148, 41.402705064076301 ], [ -123.996774355832997, 41.403214260566699 ], [ -123.997455373451999, 41.404037054404697 ], [ -123.998093145775002, 41.404842204104597 ], [ -123.999007810319, 41.405735021691299 ], [ -124.000049927648007, 41.406306955528798 ], [ -124.000198574121001, 41.406467799426899 ], [ -124.000483303338001, 41.4066770013699 ], [ -124.001113173421999, 41.407036328282402 ], [ -124.001852703772997, 41.407354162783498 ], [ -124.003392920663003, 41.4084396619497 ], [ -124.004557942996001, 41.409023993793099 ], [ -124.005471936478003, 41.409281732177703 ], [ -124.006189352131997, 41.409689807381298 ], [ -124.006726657165004, 41.4102976204938 ], [ -124.007352745644994, 41.411012744261697 ], [ -124.008423417474006, 41.4117284720977 ], [ -124.009586806621996, 41.412128111955703 ], [ -124.010129538564001, 41.412407085620799 ], [ -124.010769332570007, 41.413086039852097 ], [ -124.011107621980003, 41.413465887904799 ], [ -124.011483760304003, 41.413971507806899 ], [ -124.011817072192997, 41.414536052140903 ], [ -124.012091882701995, 41.415065079949301 ], [ -124.012358191825001, 41.415576166766598 ], [ -124.012517130673999, 41.416227814876798 ], [ -124.012594945109001, 41.416808116444003 ], [ -124.012593449357993, 41.417506214046398 ], [ -124.012553918482993, 41.417970450315302 ], [ -124.012556361503002, 41.418272181390698 ], [ -124.012284358531005, 41.419008689600702 ], [ -124.011880702349998, 41.419575211968102 ], [ -124.011520647119994, 41.420060281681401 ], [ -124.011095238121001, 41.420744090461803 ], [ -124.010909571764998, 41.421214114026199 ], [ -124.010971403945007, 41.421632421038602 ], [ -124.011217283896997, 41.422175215779198 ], [ -124.011716143406005, 41.422585176121402 ], [ -124.012705598311001, 41.423040357896198 ], [ -124.013723297078997, 41.423459252079198 ], [ -124.014812261708002, 41.4238189595916 ], [ -124.015888386648996, 41.424241822831704 ], [ -124.016366705466993, 41.424746523180303 ], [ -124.016751626653999, 41.425400671207797 ], [ -124.017114655143999, 41.4259694399287 ], [ -124.017788718733001, 41.426386831784598 ], [ -124.018447944713003, 41.426691756947299 ], [ -124.019186862357003, 41.426878874470397 ], [ -124.019960385388998, 41.4269350713177 ], [ -124.020500909730004, 41.427038367782004 ], [ -124.020687172655002, 41.427541136529499 ], [ -124.020314234840001, 41.4282290165958 ], [ -124.020376021570002, 41.428687852125698 ], [ -124.020776980142003, 41.4294544378144 ], [ -124.021369622644997, 41.430471530703997 ], [ -124.021943001232998, 41.431069941957603 ], [ -124.022289091068998, 41.431436174977101 ], [ -124.022688909189, 41.432103681015001 ], [ -124.022890445415001, 41.432624324919203 ], [ -124.022980890780005, 41.432929776084599 ], [ -124.022943908821006, 41.433790322404199 ], [ -124.022375603274995, 41.434637577072202 ], [ -124.021632995445003, 41.434936918898003 ], [ -124.020437904752995, 41.435123173129902 ], [ -124.019479529902995, 41.4355460163084 ], [ -124.019255115895007, 41.435809222782197 ], [ -124.019207580802998, 41.436237500678502 ], [ -124.019490193874006, 41.436824988132201 ], [ -124.019925871062995, 41.437465162811897 ], [ -124.020323509823001, 41.437921019279301 ], [ -124.020970996903998, 41.438518777103397 ], [ -124.022079993459002, 41.439373649047603 ], [ -124.022959050574002, 41.439852240096201 ], [ -124.023882415418996, 41.4403169187228 ], [ -124.024574973135003, 41.441017840932098 ], [ -124.024917228632006, 41.4418254668578 ], [ -124.025141622153996, 41.442440480892799 ], [ -124.025739137203999, 41.443232317702503 ], [ -124.026295523355003, 41.443763300872099 ], [ -124.026828588073002, 41.443929685935899 ], [ -124.027023147441994, 41.444027031414301 ], [ -124.028093484772995, 41.444530897047898 ], [ -124.028832434348004, 41.444776499855003 ], [ -124.029717387637007, 41.444957738511697 ], [ -124.030682015151001, 41.445138256455699 ], [ -124.03199018846, 41.445374233278798 ], [ -124.032699681761002, 41.4455300005067 ], [ -124.032956474542004, 41.445752882 ], [ -124.033189690995997, 41.446493905299597 ], [ -124.032903706248007, 41.447284628944502 ], [ -124.032654564751994, 41.4480164723673 ], [ -124.032720446167005, 41.448844569588701 ], [ -124.033067226228994, 41.449197251237898 ], [ -124.033674563318002, 41.449466523234797 ], [ -124.034318953554006, 41.449712940107702 ], [ -124.035072717066996, 41.4499673766584 ], [ -124.035784400007003, 41.4502807358162 ], [ -124.036291718090993, 41.450681502987699 ], [ -124.036726865953995, 41.451272075467998 ], [ -124.036927818524006, 41.451698119354504 ], [ -124.037075795301007, 41.451921972234402 ], [ -124.037647176877002, 41.452209562151602 ], [ -124.038524225085993, 41.452426833705204 ], [ -124.038947948883006, 41.452463540831097 ], [ -124.038996832132, 41.452760346028299 ], [ -124.039048247764995, 41.4530751432656 ], [ -124.039040107741997, 41.453737266281401 ], [ -124.039044170653995, 41.454273174344799 ], [ -124.039594919226005, 41.454578955726298 ], [ -124.040333076351999, 41.454788461072901 ], [ -124.041131220267999, 41.454911847706903 ], [ -124.041999593203997, 41.454958029078803 ], [ -124.042907661917994, 41.455310098016099 ], [ -124.043311518772995, 41.455576659641103 ], [ -124.043612122579006, 41.455727059593698 ], [ -124.044218302972993, 41.455847662569198 ], [ -124.045145820741993, 41.455848245824399 ], [ -124.046252495047995, 41.455635516555098 ], [ -124.047046820814998, 41.4553805830556 ], [ -124.047854499229999, 41.455188574721902 ], [ -124.048794928581998, 41.455085425038497 ], [ -124.049779341326001, 41.454995377453898 ], [ -124.050675054197001, 41.4546719375099 ], [ -124.052094596832006, 41.454235610709603 ], [ -124.053413803965995, 41.4541199505408 ], [ -124.054032109001994, 41.453880091981297 ], [ -124.054664371249004, 41.4535320124821 ], [ -124.055267147135993, 41.453188703764702 ], [ -124.055563458859993, 41.452888738347099 ], [ -124.055839213789, 41.452728576660803 ], [ -124.056160404929003, 41.452694101709596 ], [ -124.056934919672003, 41.452790573239099 ], [ -124.057424896826006, 41.452943700537801 ], [ -124.057863066297003, 41.452993716326397 ], [ -124.058351476574003, 41.4529351785378 ], [ -124.059715402162993, 41.452764989855197 ], [ -124.060517640005003, 41.452748588451797 ], [ -124.061698973554002, 41.4526926529985 ], [ -124.06275642029, 41.4526108277378 ], [ -124.063777739491002, 41.452493297015302 ], [ -124.064833785990999, 41.4523033759952 ], [ -124.065237197537002, 41.452241092105503 ], [ -124.065303758184001, 41.452627796780199 ], [ -124.065225520848998, 41.452853708055002 ], [ -124.064995158615005, 41.453180110042403 ], [ -124.064802631866002, 41.453578221035102 ], [ -124.064762487821, 41.454028965960497 ], [ -124.064766645117999, 41.454443270883402 ], [ -124.064785146861993, 41.454934006433703 ], [ -124.064790016405993, 41.455483416651198 ], [ -124.064713019547995, 41.4558083980913 ], [ -124.064635819304996, 41.456052314183196 ], [ -124.064559759982998, 41.456503391284102 ], [ -124.064571215677006, 41.4570437329496 ], [ -124.064678796430996, 41.457650740774199 ], [ -124.064720119794998, 41.458141264815097 ], [ -124.064737817874004, 41.458559947831702 ], [ -124.064728201750995, 41.459001402310797 ], [ -124.064682684944003, 41.459672879239903 ], [ -124.064680090661994, 41.460154802187397 ], [ -124.064729395897999, 41.460744334136201 ], [ -124.064733032274006, 41.461149635953198 ], [ -124.064752137655006, 41.461631357901702 ], [ -124.064776596008997, 41.461959903543701 ], [ -124.064749815537994, 41.462221367607903 ], [ -124.064599051917, 41.462474971856402 ], [ -124.064396663850005, 41.462706535024999 ], [ -124.064143453034006, 41.462988109045199 ], [ -124.064007871447998, 41.463255083207997 ], [ -124.064003444296006, 41.463579392419398 ], [ -124.063958532173999, 41.464196818270402 ], [ -124.063983631547998, 41.464633447413199 ], [ -124.064046592745001, 41.465074229977198 ], [ -124.064159046184997, 41.465406465184998 ], [ -124.064235933660001, 41.465829103835603 ], [ -124.064422293551004, 41.466264240500301 ], [ -124.064600318708997, 41.466532816213103 ], [ -124.064594059434, 41.4667220305247 ], [ -124.064495795767002, 41.467051711804103 ], [ -124.064416779246997, 41.467322666465599 ], [ -124.064434378822, 41.467552193441001 ], [ -124.064459354036003, 41.467912260089797 ], [ -124.064534875725997, 41.468136747219901 ], [ -124.064691465262001, 41.468558647630402 ], [ -124.064811202087, 41.468832266176697 ], [ -124.064900654745998, 41.469016090558497 ], [ -124.064968764599996, 41.469267668305797 ], [ -124.064868850094001, 41.469610876214702 ], [ -124.064791180358995, 41.469872811108701 ], [ -124.064773423052998, 41.470251288029402 ], [ -124.064873043340995, 41.470781804701097 ], [ -124.065229737053997, 41.471562148839404 ], [ -124.065498119121997, 41.472091101664901 ], [ -124.065772219075001, 41.472511911577001 ], [ -124.066104822398998, 41.4730312603116 ], [ -124.066289608963999, 41.473299770356903 ], [ -124.066328399078998, 41.473520092889501 ], [ -124.066610865680005, 41.474062423462399 ], [ -124.066738522303993, 41.474475581471403 ], [ -124.066757654135003, 41.474934783115998 ], [ -124.066821014737002, 41.475398078187197 ], [ -124.067071011688995, 41.475602929921799 ], [ -124.067312569972003, 41.475726792530999 ], [ -124.067431361526005, 41.475986905576498 ], [ -124.067375399048004, 41.476248640453797 ], [ -124.067224983738996, 41.476524762941303 ], [ -124.067132426816002, 41.476768822388202 ], [ -124.067091140995998, 41.4769898874844 ], [ -124.067122137064004, 41.477282341346303 ], [ -124.067169524986994, 41.477570139372197 ], [ -124.067172071627994, 41.477907894308302 ], [ -124.067236163404999, 41.478483774957901 ], [ -124.067363751, 41.478937465988302 ], [ -124.067607677921998, 41.479250461838603 ], [ -124.067843706839994, 41.479401396821501 ], [ -124.067991484475002, 41.479602691702098 ], [ -124.068031283313005, 41.480066204499202 ], [ -124.068116003438007, 41.4804617443775 ], [ -124.068156995970995, 41.480952268242802 ], [ -124.068278436645997, 41.481509600484898 ], [ -124.068634458171999, 41.4820377308247 ], [ -124.068869964727, 41.482247216686098 ], [ -124.069164155365002, 41.482451652803199 ], [ -124.069500788224005, 41.4826421823457 ], [ -124.069670519314997, 41.482789226249302 ], [ -124.069746373526996, 41.483031721040497 ], [ -124.069821557200001, 41.483256207169703 ], [ -124.069808415634, 41.483504033432098 ], [ -124.069890345529004, 41.483683419650397 ], [ -124.070030513928003, 41.4838307380004 ], [ -124.070222625938996, 41.483995587647499 ], [ -124.070231866838, 41.484238701927097 ], [ -124.070153980263996, 41.484487130672498 ], [ -124.070142032899, 41.484761968055999 ], [ -124.070180169276995, 41.484986798597703 ], [ -124.070335960533995, 41.485287097224003 ], [ -124.070510996706005, 41.486006061274701 ], [ -124.070535872581004, 41.486312081804897 ], [ -124.070515922465006, 41.486555467684497 ], [ -124.070475005983994, 41.486844085775203 ], [ -124.070469941789, 41.487150384955697 ], [ -124.070458514378004, 41.487456743348702 ], [ -124.070520592521007, 41.487771424935097 ], [ -124.070610289257004, 41.4881038641864 ], [ -124.070722610157006, 41.488332507487698 ], [ -124.070835130351, 41.488732289609302 ], [ -124.070940698192999, 41.489073588169298 ], [ -124.071023524515994, 41.489329528014501 ], [ -124.071108573952998, 41.489743076734101 ], [ -124.071214064057997, 41.490124909036098 ], [ -124.071342225945997, 41.490587596676498 ], [ -124.071455714891002, 41.491068435650597 ], [ -124.071576924398997, 41.491495158096299 ], [ -124.071726226229998, 41.491786507509801 ], [ -124.071941170566006, 41.492153807815498 ], [ -124.072441038787005, 41.4924779177055 ], [ -124.072734243872006, 41.492641820054601 ], [ -124.073057829581998, 41.492922534417602 ], [ -124.073552069960002, 41.493471876969799 ], [ -124.073885235090003, 41.493856084634501 ], [ -124.074113906275002, 41.494146689610702 ], [ -124.074181711452994, 41.494330708003098 ], [ -124.074205196155006, 41.4945511699459 ], [ -124.074173633458997, 41.494997331049298 ], [ -124.074080103152994, 41.495250411812997 ], [ -124.073915597196006, 41.495558199698102 ], [ -124.073829995940997, 41.495860746884901 ], [ -124.073775090015999, 41.496140488898398 ], [ -124.073764488932994, 41.496563935562499 ], [ -124.073775081633997, 41.496910621437301 ], [ -124.073807084262, 41.497284129566701 ], [ -124.073854282417003, 41.497671006862902 ], [ -124.073909193953995, 41.498048804687897 ], [ -124.073963509254, 41.498413096937497 ], [ -124.074010713974005, 41.498754937060902 ], [ -124.074035920564995, 41.498988893878298 ], [ -124.074542886615006, 41.499353461062803 ], [ -124.074420455421006, 41.499579789795703 ], [ -124.074106363595007, 41.499785390207798 ], [ -124.074226883392996, 41.4999644123113 ], [ -124.074281882657999, 41.500256638763801 ], [ -124.074342953623997, 41.500485756715001 ], [ -124.074533219963001, 41.501010911388697 ], [ -124.074905014243001, 41.501939701562499 ], [ -124.075100019466007, 41.502320692646101 ], [ -124.075353203310002, 41.502687628268397 ], [ -124.075494547123, 41.502857446815099 ], [ -124.075762413923002, 41.503183710932298 ], [ -124.075771984683996, 41.503354761737 ], [ -124.075902976029994, 41.5038264240129 ], [ -124.075959328330995, 41.504199703245597 ], [ -124.076060375528996, 41.504649126973298 ], [ -124.076232309781005, 41.505399634503704 ], [ -124.076363158861, 41.505884808475699 ], [ -124.076515350967995, 41.506347264003203 ], [ -124.076834004804994, 41.506641524099599 ], [ -124.076969139781994, 41.506932998458701 ], [ -124.077147636974004, 41.507084452095903 ], [ -124.077391275538005, 41.507280332056197 ], [ -124.077692425484997, 41.507376591359296 ], [ -124.077615216978003, 41.507620514134501 ], [ -124.077727523262993, 41.5078221276801 ], [ -124.077928110518002, 41.508063446823002 ], [ -124.077924953581999, 41.508347208814897 ], [ -124.078147334294002, 41.508547790063197 ], [ -124.078523813779, 41.508805473644401 ], [ -124.078765221546007, 41.508821224002403 ], [ -124.079020705667006, 41.508850352836802 ], [ -124.079294830720997, 41.509122505300802 ], [ -124.079445334403005, 41.509323758582902 ], [ -124.079585654632993, 41.509498085137501 ], [ -124.079720284882995, 41.509712998125799 ], [ -124.079839266589005, 41.509887524708297 ], [ -124.080091235479998, 41.510087824265597 ], [ -124.080387161160999, 41.510296717659998 ], [ -124.080212165028996, 41.510424464876998 ], [ -124.080091382467998, 41.510614754245701 ], [ -124.080109426300993, 41.510911828076203 ], [ -124.080217104219997, 41.511239585727701 ], [ -124.080241963404006, 41.511451025448999 ], [ -124.080266598690002, 41.511671474631797 ], [ -124.080196359287001, 41.5118838076814 ], [ -124.080127840706993, 41.512177190856299 ], [ -124.080098034952002, 41.512636846714898 ], [ -124.080101776904002, 41.512929551091098 ], [ -124.080076465033997, 41.513163980446102 ], [ -124.080134347766005, 41.5136273162667 ], [ -124.080282916624995, 41.514342006407396 ], [ -124.080370156471005, 41.514881628829102 ], [ -124.080479040393001, 41.515303952005603 ], [ -124.080805770802002, 41.515697205610202 ], [ -124.080804424754007, 41.516089038636203 ], [ -124.080653154093, 41.516270607625202 ], [ -124.080656599977999, 41.516522781439498 ], [ -124.080668133732999, 41.516765871870803 ], [ -124.080634435920999, 41.517013891048798 ], [ -124.080638331279999, 41.517293082696597 ], [ -124.080643124901002, 41.517603791657599 ], [ -124.080619461878001, 41.518027360049103 ], [ -124.080581869727993, 41.518446555620997 ], [ -124.080486086535004, 41.518924845794103 ], [ -124.080444748157007, 41.519118892463098 ], [ -124.080655865858006, 41.519585291306399 ], [ -124.080558809273001, 41.519941994074898 ], [ -124.080521065550002, 41.520374701955802 ], [ -124.080525859152999, 41.520685410759803 ], [ -124.080479502022001, 41.521050644333997 ], [ -124.080488939686006, 41.5212352064719 ], [ -124.080546083757, 41.521585956410199 ], [ -124.080602105682004, 41.521936716842802 ], [ -124.080625550799994, 41.522535485640297 ], [ -124.080705242723994, 41.523070674274798 ], [ -124.080897948404001, 41.523240002701897 ], [ -124.081061972076, 41.523508681343202 ], [ -124.081327178972003, 41.523645801649401 ], [ -124.081505958787005, 41.523855793074503 ], [ -124.081647816832003, 41.5240751388801 ], [ -124.081818059149995, 41.524222158645699 ], [ -124.082106189678996, 41.524408601887401 ], [ -124.082567553046005, 41.524449295975202 ], [ -124.083020452688999, 41.524454038522599 ], [ -124.083488630941005, 41.5244766500224 ], [ -124.083768452909993, 41.524636145311597 ], [ -124.083588259634993, 41.524790968475102 ], [ -124.083311671095004, 41.524892655451403 ], [ -124.083071928229003, 41.524957965314798 ], [ -124.082853157575997, 41.525045595556499 ], [ -124.082561585902994, 41.5251249034526 ], [ -124.082181256745002, 41.525092454095102 ], [ -124.081935672629001, 41.525234379042601 ], [ -124.081784985628005, 41.525474491568801 ], [ -124.081743796203, 41.525677544437599 ], [ -124.081739532764999, 41.525916279305299 ], [ -124.081743808168994, 41.526172948531297 ], [ -124.081757300974999, 41.526600670648897 ], [ -124.081830490819996, 41.527126911917797 ], [ -124.081917836729005, 41.5276259978544 ], [ -124.081832693354002, 41.528315860922497 ], [ -124.081764393762995, 41.528712826685599 ], [ -124.081726579215996, 41.5291410313027 ], [ -124.081658501141007, 41.529438914085603 ], [ -124.081491632677995, 41.530102523432603 ], [ -124.081403031346994, 41.530540212858597 ], [ -124.081292781715007, 41.530982609437103 ], [ -124.081144703489002, 41.531402843221002 ], [ -124.081169575019004, 41.531591763519799 ], [ -124.081238865569006, 41.531793777135299 ], [ -124.081145387408, 41.531983810257699 ], [ -124.081221943903998, 41.53217224454 ], [ -124.081231534929998, 41.532343293806399 ], [ -124.081160227791003, 41.532515103761703 ], [ -124.081047499435996, 41.532786383839003 ], [ -124.081041441156003, 41.533367414130403 ], [ -124.081009761616002, 41.533759531162097 ], [ -124.080887296621995, 41.534368677701998 ], [ -124.080906553478002, 41.534760315804398 ], [ -124.080968955760994, 41.534998423563202 ], [ -124.081033083845995, 41.5353851360805 ], [ -124.080984546416005, 41.535619783112701 ], [ -124.080900350359002, 41.535805224996402 ], [ -124.080912866269998, 41.536174408035201 ], [ -124.081032426053994, 41.536380452693301 ], [ -124.081005835984996, 41.536605886016602 ], [ -124.080916848116004, 41.5369535049239 ], [ -124.080839850545999, 41.537728859292798 ], [ -124.080754460102, 41.5384727667454 ], [ -124.080767425860003, 41.538868967394102 ], [ -124.080764583499004, 41.539193257971803 ], [ -124.080663307037995, 41.539793197248201 ], [ -124.080608103095003, 41.540482776660099 ], [ -124.080652834323999, 41.541054321509499 ], [ -124.080771435863994, 41.541719748863002 ], [ -124.080889813067998, 41.542326630513202 ], [ -124.080985267659003, 41.542861668897999 ], [ -124.081015919628996, 41.543464871358402 ], [ -124.081026048577996, 41.5442529167982 ], [ -124.080992647719995, 41.544924276233999 ], [ -124.081056112667994, 41.5453380162526 ], [ -124.081212562787002, 41.546048123354197 ], [ -124.081032229960996, 41.5461984397717 ], [ -124.080814583936004, 41.546268040801202 ], [ -124.080506956383999, 41.546333983407003 ], [ -124.080086798017007, 41.546842340941303 ], [ -124.079781565348995, 41.547210004247297 ], [ -124.079945197331995, 41.547406628382603 ], [ -124.080232452458006, 41.547534535994302 ], [ -124.080489515129997, 41.547604179063903 ], [ -124.080689563185999, 41.5478500001296 ], [ -124.080904672710005, 41.548077664607803 ], [ -124.081230222135005, 41.548322304778601 ], [ -124.081473054626997, 41.548437116022001 ], [ -124.081876521956005, 41.548478356831602 ], [ -124.082171129274997, 41.548619701342503 ], [ -124.082371937296998, 41.548865512259901 ], [ -124.082609085238005, 41.5491334989241 ], [ -124.082788091409995, 41.549352492430501 ], [ -124.083085335351001, 41.549651437698898 ], [ -124.083371931773002, 41.549761328954702 ], [ -124.083396592398003, 41.549936739165403 ], [ -124.083725747157999, 41.550014702907802 ], [ -124.083948587774998, 41.550188244820298 ], [ -124.084190905322998, 41.550271529520899 ], [ -124.084492266873994, 41.550390286036802 ], [ -124.084772805428997, 41.550563282083999 ], [ -124.085038432966996, 41.550718403536898 ], [ -124.085348725889006, 41.550967679490199 ], [ -124.085562280038999, 41.551100772997899 ], [ -124.085929509709999, 41.551214400126099 ], [ -124.086149726553003, 41.551275371132903 ], [ -124.086807887898999, 41.551264648011099 ], [ -124.087160277585994, 41.551319863967997 ], [ -124.087532811800997, 41.551280311562799 ], [ -124.087759161982007, 41.551237637422403 ], [ -124.088040553888007, 41.551550230632998 ], [ -124.088269780687995, 41.551723703643397 ], [ -124.088502559305994, 41.552108814270902 ], [ -124.088593704375995, 41.552337637640903 ], [ -124.088713237378997, 41.552494133672099 ], [ -124.088979565016999, 41.552712290430101 ], [ -124.089245891700998, 41.552907928304499 ], [ -124.089394429734, 41.553095674377403 ], [ -124.089616169815002, 41.553246697310101 ], [ -124.090062083118994, 41.553292010639296 ], [ -124.090391397754999, 41.553288887931103 ], [ -124.090785670599999, 41.5532491188034 ], [ -124.090974397954994, 41.553130233181598 ], [ -124.091246410973, 41.553240243042801 ], [ -124.091169493001004, 41.553434630100199 ], [ -124.091127867357997, 41.553633185823301 ], [ -124.091307289992002, 41.553852161834101 ], [ -124.091470219705997, 41.554026257614197 ], [ -124.091693335263002, 41.554280847412002 ], [ -124.091791996325995, 41.554554633265603 ], [ -124.091926842831, 41.5547965498072 ], [ -124.092128759605004, 41.555060347344899 ], [ -124.092402678279996, 41.5552829275601 ], [ -124.092529955673996, 41.5554978933718 ], [ -124.092430725040998, 41.555769055267803 ], [ -124.092397870219003, 41.5559765353267 ], [ -124.092437638234003, 41.556246376437301 ], [ -124.092581506024999, 41.556600797635703 ], [ -124.092724607749005, 41.556865152932403 ], [ -124.092831002300997, 41.557174893439303 ], [ -124.092901495999001, 41.557444442267801 ], [ -124.093138183788994, 41.557658367216597 ], [ -124.093265392543003, 41.557868829112998 ], [ -124.093424621251003, 41.558178066590401 ], [ -124.093695602278999, 41.558247547480299 ], [ -124.093902523663004, 41.558362673725398 ], [ -124.094000891172996, 41.558595927419198 ], [ -124.094113882654995, 41.558874078320997 ], [ -124.094206727352997, 41.559201960956003 ], [ -124.094218708382002, 41.559490080317701 ], [ -124.094220551958003, 41.5596882232187 ], [ -124.094356477578003, 41.559970659192203 ], [ -124.094717255041004, 41.560097830254001 ], [ -124.095033978879997, 41.560256945296899 ], [ -124.095350856346997, 41.560425065286303 ], [ -124.095486788474005, 41.560707499808601 ], [ -124.095283674594, 41.5608850771699 ], [ -124.094927446509004, 41.561005565088202 ], [ -124.094711465749995, 41.561286847813697 ], [ -124.094721098267996, 41.561457894607102 ], [ -124.094782899555995, 41.561677984727403 ], [ -124.094866646225995, 41.561843822082203 ], [ -124.094920282268006, 41.5620684935149 ], [ -124.094922649576006, 41.562253120390999 ], [ -124.095014510409996, 41.562499945937397 ], [ -124.094782526429995, 41.562632760904997 ], [ -124.094910820831004, 41.562928779657902 ], [ -124.095134437336, 41.563210379365003 ], [ -124.095385082285006, 41.563383633661402 ], [ -124.095687573784005, 41.563497845936197 ], [ -124.095844334104001, 41.5637260376486 ], [ -124.096198871932998, 41.563970358104299 ], [ -124.096609329410001, 41.563975451018997 ], [ -124.096892673010004, 41.563932215243597 ], [ -124.097215906813005, 41.563965160003697 ], [ -124.097752634989007, 41.564212240371603 ], [ -124.097704425211006, 41.564397350018403 ], [ -124.097685067382997, 41.564582184171599 ], [ -124.097879563125005, 41.564913596506699 ], [ -124.097885197143995, 41.565224293978801 ], [ -124.097682152261001, 41.565406378444798 ], [ -124.097449103659997, 41.565498676134197 ], [ -124.097057129251994, 41.565700577379602 ], [ -124.096876100049002, 41.565832910279603 ], [ -124.097127662858, 41.566015159184602 ], [ -124.097189616921, 41.566199217222099 ], [ -124.097324369890003, 41.566477156853402 ], [ -124.097545563644005, 41.566592140066 ], [ -124.097928735238, 41.566777634324097 ], [ -124.098165150046, 41.566905981891701 ], [ -124.098489874007996, 41.567114550739198 ], [ -124.098807411905, 41.567341201897499 ], [ -124.099030602897002, 41.567595775958097 ], [ -124.099232449268001, 41.567895590047897 ], [ -124.099376451191006, 41.568231986034398 ], [ -124.099417464355994, 41.568528833996602 ], [ -124.099517929371999, 41.568883660653 ], [ -124.099703251028004, 41.569048522726497 ], [ -124.099858817140998, 41.569204661889202 ], [ -124.100177508292006, 41.569476334487597 ], [ -124.100319928762005, 41.569763204299797 ], [ -124.100434556628002, 41.570090872686002 ], [ -124.10041612229, 41.570329741910903 ], [ -124.100433274584006, 41.570523234126597 ], [ -124.100495180926998, 41.570747823393397 ], [ -124.100427629768006, 41.571140286396599 ], [ -124.100498171381005, 41.5714098293438 ], [ -124.100427785134002, 41.571613166727097 ], [ -124.100312634709994, 41.571762888871703 ], [ -124.100214689831006, 41.5720430516837 ], [ -124.100314477286005, 41.5723573511696 ], [ -124.100444749293004, 41.5728334896232 ], [ -124.100551270004004, 41.573102688053503 ], [ -124.100811986270003, 41.5734244536185 ], [ -124.101007825390994, 41.573832408970802 ], [ -124.101291355466003, 41.574217005780099 ], [ -124.101323271696003, 41.574396845391398 ], [ -124.101054746922003, 41.574498497439798 ], [ -124.100750119352, 41.574681559953497 ], [ -124.100584163351996, 41.574885812352399 ], [ -124.100455615111997, 41.575107720969598 ], [ -124.100239902721995, 41.575361989101097 ], [ -124.100104674956995, 41.575565946706199 ], [ -124.100138209185005, 41.575885383752599 ], [ -124.100111589269005, 41.5760837983375 ], [ -124.100093701996002, 41.576399223793999 ], [ -124.099745511858004, 41.576578196834497 ], [ -124.099309927432998, 41.576776019080498 ], [ -124.098967175132003, 41.576855857851001 ], [ -124.098845827909003, 41.577127235735297 ], [ -124.098894493543995, 41.577433017545303 ], [ -124.099103416120997, 41.577728260009202 ], [ -124.099376997622002, 41.577923803864103 ], [ -124.099673236461996, 41.578173173903899 ], [ -124.099925397145995, 41.57840945401 ], [ -124.100170125573001, 41.578605271997297 ], [ -124.100398556203004, 41.578702165579998 ], [ -124.100685234050999, 41.578807508297302 ], [ -124.100972922322995, 41.579016424118699 ], [ -124.101013561214003, 41.5792682382123 ], [ -124.100943932209006, 41.579516604706399 ], [ -124.100770836042997, 41.579698407467497 ], [ -124.100568703953996, 41.579803926235201 ], [ -124.100292910617, 41.579986711394099 ], [ -124.100097002935001, 41.580105680646298 ], [ -124.099835977683995, 41.580297330643198 ], [ -124.099510977991002, 41.580629204446602 ], [ -124.099216480009005, 41.580947274788002 ], [ -124.098956905725998, 41.581246996001497 ], [ -124.098770173617993, 41.581487473250696 ], [ -124.098495360182, 41.581728791884501 ], [ -124.098220621004003, 41.581974612775802 ], [ -124.098048114969998, 41.582169916645398 ], [ -124.097907811135002, 41.5825180360765 ], [ -124.097714663069993, 41.5828891780681 ], [ -124.097469456959004, 41.5831527296396 ], [ -124.097531373129996, 41.583399838060302 ], [ -124.097410750829994, 41.583648689116799 ], [ -124.097178850770007, 41.583790515083102 ], [ -124.097013216684999, 41.583927204617403 ], [ -124.096767552223, 41.5841862554093 ], [ -124.096588230757007, 41.5844446728428 ], [ -124.096491096484002, 41.584796882266701 ], [ -124.096466074402997, 41.585134892929403 ], [ -124.096396422091999, 41.5853832567051 ], [ -124.096504395430998, 41.585738013343402 ], [ -124.096686923915996, 41.586222663775203 ], [ -124.096904041618998, 41.586535846068202 ], [ -124.097038525708001, 41.5867732549046 ], [ -124.097004999831, 41.586985245217697 ], [ -124.097192649426006, 41.587262679118702 ], [ -124.097319016406999, 41.587419099820302 ], [ -124.097593473139, 41.587664179019598 ], [ -124.097785891098994, 41.587824472150999 ], [ -124.098023457590998, 41.588038377209003 ], [ -124.098216869834005, 41.588257207216103 ], [ -124.098350211346002, 41.588404552868298 ], [ -124.098644655279998, 41.5885233370674 ], [ -124.099386242264003, 41.588700895845399 ], [ -124.099630465890996, 41.588842675891897 ], [ -124.100198012215998, 41.589125477411201 ], [ -124.100317114351, 41.5892729570215 ], [ -124.100263713315002, 41.589660779682298 ], [ -124.100157015584998, 41.589846449372303 ], [ -124.099859902451996, 41.590078977173199 ], [ -124.099738047762003, 41.590233266127697 ], [ -124.099578623379003, 41.590360892588599 ], [ -124.099603505062007, 41.590567821193297 ], [ -124.099738306697006, 41.590800720000701 ], [ -124.099896128330997, 41.591042405627 ], [ -124.100205428791995, 41.5911520363438 ], [ -124.100726154561997, 41.591259641962999 ], [ -124.101225146971004, 41.591389971520002 ], [ -124.101662131360996, 41.591710045234898 ], [ -124.101973308251999, 41.592017812477501 ], [ -124.102307261709001, 41.592275820629801 ], [ -124.102428008838004, 41.592585412485001 ], [ -124.102527517742999, 41.592836660838103 ], [ -124.102649238978003, 41.593137235844502 ], [ -124.102858767271996, 41.593463990038103 ], [ -124.103400297096002, 41.593999227615697 ], [ -124.103683010344994, 41.594329781358702 ], [ -124.103799219479001, 41.594702465858099 ], [ -124.103654429707007, 41.594874993537204 ], [ -124.103422358534999, 41.595030344396903 ], [ -124.103035959699, 41.595128628715202 ], [ -124.102606448097006, 41.595227325272297 ], [ -124.102395640479003, 41.595310412219298 ], [ -124.102075260144005, 41.5955206506178 ], [ -124.101886799800994, 41.595617033234603 ], [ -124.101520285307998, 41.595561998860497 ], [ -124.101219623096, 41.595564879517397 ], [ -124.100949701871002, 41.595567464973598 ], [ -124.100657677930997, 41.595615297605697 ], [ -124.100241273014007, 41.595691341748598 ], [ -124.099642614426998, 41.595832178619901 ], [ -124.099104319277998, 41.595994953325103 ], [ -124.098632099349999, 41.596229151916603 ], [ -124.097884074858001, 41.596628113268402 ], [ -124.097149684187002, 41.597013428770801 ], [ -124.096437760889998, 41.597330971023901 ], [ -124.095644095119994, 41.597626769923103 ], [ -124.094623234519005, 41.597947245100897 ], [ -124.093443956878005, 41.5983908158776 ], [ -124.092506094460006, 41.598787044227301 ], [ -124.091401037241994, 41.599319960967598 ], [ -124.090463911434, 41.599783719908302 ], [ -124.089291689768999, 41.600204663080198 ], [ -124.087781566960004, 41.600579252579799 ], [ -124.086527192050994, 41.600888354559999 ], [ -124.086227406549995, 41.600922713083499 ], [ -124.085808357800005, 41.601291465028901 ], [ -124.085502888728996, 41.6014789982978 ], [ -124.085234834022003, 41.601661673918997 ], [ -124.084612043332996, 41.602090891811599 ], [ -124.084184347158001, 41.602369647087002 ], [ -124.083413288851006, 41.6027462134141 ], [ -124.082952648733993, 41.602804597440901 ], [ -124.082359047710995, 41.602738130410899 ], [ -124.081443677134004, 41.602625148171498 ], [ -124.080886675803995, 41.602661912359899 ], [ -124.080568514560994, 41.602899091640801 ], [ -124.080358705943993, 41.603112733657397 ], [ -124.080005975253997, 41.603525877273 ], [ -124.079452574521, 41.6042066176757 ], [ -124.078729985400997, 41.604884439605399 ], [ -124.078131790555005, 41.605579104754902 ], [ -124.077557953775994, 41.606408646815702 ], [ -124.077191462382004, 41.606875954008103 ], [ -124.076785974321993, 41.607140962727897 ], [ -124.076188130874002, 41.607340216880502 ], [ -124.075757370141005, 41.607438824892697 ], [ -124.075071779750004, 41.607616376335002 ], [ -124.073836159749007, 41.608186374066698 ], [ -124.072937275612006, 41.6083478907141 ], [ -124.071887163870002, 41.608118996286599 ], [ -124.07062341967, 41.607761477400899 ], [ -124.06963189148, 41.607559038322101 ], [ -124.068827593132994, 41.607566519769698 ], [ -124.067951949041998, 41.607750299423799 ], [ -124.067168337129004, 41.608239463795599 ], [ -124.066913914462006, 41.6089128640171 ], [ -124.067007281371005, 41.609344344260201 ], [ -124.067100434810996, 41.609717279406297 ], [ -124.067118621633, 41.609933283986699 ], [ -124.067109992309994, 41.610388228969803 ], [ -124.067074498045002, 41.610942502778002 ], [ -124.066855695601006, 41.611570535798002 ], [ -124.066435351327002, 41.611894192797699 ], [ -124.06601308258, 41.612055736094199 ], [ -124.065539138196996, 41.612222260490299 ], [ -124.064533875823997, 41.612510798670797 ], [ -124.063894140993, 41.612836477970902 ], [ -124.063367444283998, 41.613399799420101 ], [ -124.062804658372002, 41.613981466558101 ], [ -124.062185683845001, 41.614270915486301 ], [ -124.061661530014007, 41.614464909518297 ], [ -124.061260171916004, 41.614576702500997 ], [ -124.060539718167007, 41.614831050572398 ], [ -124.059774981906003, 41.615175874617599 ], [ -124.058917736747006, 41.615598107207703 ], [ -124.058437565217005, 41.615868242716701 ], [ -124.057833361093003, 41.616053949170002 ], [ -124.057409794112004, 41.616138911443102 ], [ -124.057450656854002, 41.616413255712402 ], [ -124.057234405710005, 41.616698972339698 ], [ -124.057053440817, 41.616871773826901 ], [ -124.056610834530005, 41.617123541785901 ], [ -124.055825987885001, 41.617572107402196 ], [ -124.055332565526001, 41.617905402152601 ], [ -124.054803405103002, 41.618324591302603 ], [ -124.054391931759, 41.618715676854599 ], [ -124.053916996913998, 41.619310005174199 ], [ -124.053500835239007, 41.619966843330999 ], [ -124.053160599332003, 41.620749085278902 ], [ -124.053091131089005, 41.621551363735399 ], [ -124.052930602697998, 41.622151813981198 ], [ -124.052596687743005, 41.622839420397199 ], [ -124.052098609237007, 41.623420442024297 ], [ -124.051667299959007, 41.623955814516798 ], [ -124.051197024304003, 41.624378951624301 ], [ -124.050996188471998, 41.624623982837498 ], [ -124.050862974091004, 41.624782826994803 ], [ -124.050772215332998, 41.624945786483501 ], [ -124.050710910506993, 41.625167023503998 ], [ -124.050605099701002, 41.625442710541599 ], [ -124.050410678825997, 41.6257597397219 ], [ -124.050297316664995, 41.626148085545701 ], [ -124.050405520070996, 41.626597457061898 ], [ -124.050760409925005, 41.626968012293197 ], [ -124.051033621401999, 41.627136651206698 ], [ -124.051446610072006, 41.6274346153522 ], [ -124.051473138497997, 41.627866718452999 ], [ -124.051384953303995, 41.628511540156197 ], [ -124.051408297021993, 41.6292093847714 ], [ -124.051412403537, 41.629623678456497 ], [ -124.051426333918002, 41.630227033445699 ], [ -124.051463987681004, 41.6309742865296 ], [ -124.051527021062, 41.632036559220602 ], [ -124.051594055731996, 41.632860104388399 ], [ -124.051685518938996, 41.633201540953799 ], [ -124.052313575667, 41.6336641665672 ], [ -124.052887354, 41.633857070118502 ], [ -124.053847817548998, 41.634019404359599 ], [ -124.054874030399006, 41.634118076786301 ], [ -124.055594623155002, 41.634363662385702 ], [ -124.056088705796, 41.634660864502699 ], [ -124.056399129132004, 41.634968759855298 ], [ -124.056615633616005, 41.6352459926227 ], [ -124.056759896168003, 41.635740061757801 ], [ -124.056895561529998, 41.636144137833199 ], [ -124.057170048969994, 41.6364793830083 ], [ -124.057592844873, 41.636889824008001 ], [ -124.058241109495, 41.637275669703598 ], [ -124.058698020760005, 41.6375461810524 ], [ -124.05936131819, 41.637886845952799 ], [ -124.060004738885993, 41.638502409428902 ], [ -124.060030395911994, 41.638785899092497 ], [ -124.059962806982, 41.6392864211169 ], [ -124.059888223727995, 41.639841050654603 ], [ -124.059934828127993, 41.640074807601898 ], [ -124.060143851014999, 41.640397138302397 ], [ -124.060734238872996, 41.640797014187399 ], [ -124.061103670644997, 41.641176409204903 ], [ -124.061513487685005, 41.641798623836401 ], [ -124.061915747629996, 41.642371367268098 ], [ -124.062279266700003, 41.6427553165829 ], [ -124.062544167612998, 41.642937515009798 ], [ -124.063001803117004, 41.643248534434903 ], [ -124.063524733028004, 41.643513911948901 ], [ -124.064076786773001, 41.643747492314397 ], [ -124.064591411341993, 41.643940884430499 ], [ -124.065534875203994, 41.644472571827698 ], [ -124.066294164807999, 41.644870852667502 ], [ -124.066707568018003, 41.645137231658197 ], [ -124.067002940997995, 41.645413712149299 ], [ -124.067128286930995, 41.646119611272397 ], [ -124.067149425569994, 41.646718391771302 ], [ -124.067308955135005, 41.647198793920502 ], [ -124.067561783998997, 41.647534214520398 ], [ -124.067661010322993, 41.647862054392498 ], [ -124.067665595161998, 41.648298859389797 ], [ -124.067677989678998, 41.648708570306198 ], [ -124.067876437679999, 41.649431803378398 ], [ -124.068146647530995, 41.650046283113703 ], [ -124.068447852196002, 41.650673984736898 ], [ -124.068796955146993, 41.651202161282498 ], [ -124.069035032966994, 41.6514611546637 ], [ -124.069204459627002, 41.651630714627998 ], [ -124.069565696512001, 41.651825510913 ], [ -124.069904943873993, 41.652052035820901 ], [ -124.070238635346996, 41.652328150827202 ], [ -124.070594007349001, 41.652689630891999 ], [ -124.070941730816003, 41.653042173940001 ], [ -124.071180271711, 41.6533281799138 ], [ -124.071662015773995, 41.653886636109 ], [ -124.072098155033004, 41.654251861799899 ], [ -124.072402450663006, 41.6544967195398 ], [ -124.072507418979995, 41.654783968973099 ], [ -124.072755263876999, 41.655290560007899 ], [ -124.073186380877999, 41.655804446347098 ], [ -124.073687238744, 41.656087997096002 ], [ -124.074402360942003, 41.656504650024402 ], [ -124.074948929857001, 41.656918371551498 ], [ -124.075629542499996, 41.657447928889397 ], [ -124.075890857657001, 41.657904847450602 ], [ -124.075780593223001, 41.6584958478795 ], [ -124.075455306494007, 41.658908717567698 ], [ -124.075055493221001, 41.659218701305399 ], [ -124.074780043198004, 41.659401420602499 ], [ -124.074458958996004, 41.659593573039899 ], [ -124.073833077055994, 41.659874140857099 ], [ -124.072651028758003, 41.660340040554097 ], [ -124.071659980215003, 41.660759111458603 ], [ -124.071142305474993, 41.6610251448216 ], [ -124.070277089057001, 41.661587145237903 ], [ -124.069280801809995, 41.6622134087322 ], [ -124.068599656160998, 41.662854747974002 ], [ -124.068085296920998, 41.663345915296297 ], [ -124.067331847347006, 41.663497029639601 ], [ -124.065944968465999, 41.663293730308702 ], [ -124.064990572710997, 41.6631179322059 ], [ -124.064499632495995, 41.663072941405197 ], [ -124.063890324849993, 41.663042555060798 ], [ -124.063421957836994, 41.663091925704698 ], [ -124.062844514581002, 41.663218863999802 ], [ -124.062560696993998, 41.663329574230197 ], [ -124.062158959067006, 41.663459387974001 ], [ -124.061721715526005, 41.663598535485697 ], [ -124.061180735772993, 41.663752149985399 ], [ -124.060602167135002, 41.663834051688298 ], [ -124.060001048280995, 41.663754029862403 ], [ -124.059618448338, 41.663586422407697 ], [ -124.059036824976005, 41.663321569272298 ], [ -124.058653848277999, 41.663176479919201 ], [ -124.058043992207999, 41.6629749318232 ], [ -124.057454566470994, 41.6627371638968 ], [ -124.056939363444997, 41.662539242498099 ], [ -124.056252901590994, 41.6620591677353 ], [ -124.055882839342004, 41.661715793089598 ], [ -124.055454178220998, 41.661323416077202 ], [ -124.054973947665005, 41.660967539437799 ], [ -124.054326956086001, 41.660811348103799 ], [ -124.053808587552993, 41.660924188326902 ], [ -124.053194814693995, 41.661055914867198 ], [ -124.052704898993994, 41.6611414679071 ], [ -124.052083021589993, 41.661259752023398 ], [ -124.051644285913994, 41.6613538391532 ], [ -124.051023183040996, 41.661404556810901 ], [ -124.050451614715996, 41.661454818357797 ], [ -124.049837273799, 41.661482949920398 ], [ -124.049346107299002, 41.661491939281298 ], [ -124.048636915943007, 41.661642527006997 ], [ -124.048316501569005, 41.6618120825392 ], [ -124.048105897704005, 41.661971628604697 ], [ -124.047787275082001, 41.662321309355498 ], [ -124.047535064315994, 41.6626929017593 ], [ -124.047087971417994, 41.663291448132199 ], [ -124.046690826323001, 41.663799466324797 ], [ -124.046269928171, 41.664208620726697 ], [ -124.045798046746995, 41.6646452589776 ], [ -124.045406310765003, 41.664955066170798 ], [ -124.045208931340994, 41.665051436545802 ], [ -124.045012156295996, 41.665138793937501 ], [ -124.044099951861, 41.665435313918799 ], [ -124.043077339243993, 41.665705807377797 ], [ -124.042455896359002, 41.665878078388197 ], [ -124.042033046349005, 41.666075566954603 ], [ -124.041472889687, 41.666440930610499 ], [ -124.041191039894002, 41.6667001882129 ], [ -124.040921283597996, 41.666941321285897 ], [ -124.040660702097, 41.667146342052597 ], [ -124.040324950252995, 41.667275481981797 ], [ -124.039850002405998, 41.667455419814502 ], [ -124.039267078115998, 41.667690375075303 ], [ -124.038728285478001, 41.6680555321174 ], [ -124.038307784493, 41.6684241214979 ], [ -124.037806164089005, 41.668743902615503 ], [ -124.037448123294993, 41.668841710408799 ], [ -124.036928460766006, 41.6689499826551 ], [ -124.036461559776001, 41.669071287431002 ], [ -124.035994266133002, 41.669215111713903 ], [ -124.035672352269003, 41.6692720561404 ], [ -124.035365220451993, 41.669337873634902 ], [ -124.035052385962999, 41.669282145210602 ], [ -124.034528935457004, 41.669318383567401 ], [ -124.034053511699994, 41.669376705271397 ], [ -124.033556923473995, 41.669426208211597 ], [ -124.033196409406003, 41.669393421399697 ], [ -124.033061260083997, 41.669110911281301 ], [ -124.033203742034004, 41.668654769475403 ], [ -124.033222290496994, 41.668312331120802 ], [ -124.033218175683004, 41.667961089355302 ], [ -124.033264471872997, 41.667546344292603 ], [ -124.033260130182995, 41.667087018732303 ], [ -124.032904939771996, 41.666752443580897 ], [ -124.032197753114005, 41.6664705686999 ], [ -124.031536375507997, 41.6661657603889 ], [ -124.030790945061995, 41.6657446092008 ], [ -124.030102503489005, 41.665106770643 ], [ -124.029672948183006, 41.664579198045303 ], [ -124.029463460048007, 41.664270327963202 ], [ -124.029330131120005, 41.664100386278101 ], [ -124.029180639022997, 41.663763956800302 ], [ -124.029131975615996, 41.663395099188897 ], [ -124.029111952940994, 41.662868359817097 ], [ -124.029274551129006, 41.662330977805503 ], [ -124.029731390123999, 41.661863016744903 ], [ -124.030079972381003, 41.661526628019097 ], [ -124.030238074522998, 41.661273010370202 ], [ -124.030203572911006, 41.660827465252702 ], [ -124.030017004284005, 41.660495872601402 ], [ -124.029823400034005, 41.660240903537797 ], [ -124.029807053547003, 41.660015870985397 ], [ -124.029562398644003, 41.659783876796801 ], [ -124.029362011268006, 41.659574003492999 ], [ -124.029200513193999, 41.659449349611002 ], [ -124.028971573931997, 41.659284767111998 ], [ -124.028631787928006, 41.659112169164203 ], [ -124.028475737606996, 41.658834343708399 ], [ -124.028667226281001, 41.658296703651999 ], [ -124.029269368658007, 41.657692336032902 ], [ -124.029711866601005, 41.657292056935702 ], [ -124.030336367781004, 41.656773051414902 ], [ -124.030493254310997, 41.656420365305003 ], [ -124.030121741516993, 41.655928301688398 ], [ -124.029560166967997, 41.655496486210097 ], [ -124.028707107431998, 41.655071780952603 ], [ -124.028486211349005, 41.655010707778999 ], [ -124.028074241642997, 41.654852264703202 ], [ -124.027507011245007, 41.6545826187198 ], [ -124.026329465539007, 41.653976149257403 ], [ -124.025511593819004, 41.653519580721898 ], [ -124.025009570164997, 41.653195297391903 ], [ -124.024596212161995, 41.652924264456203 ], [ -124.024382403738997, 41.652836098633898 ], [ -124.024044646128999, 41.652717511787699 ], [ -124.023487878283007, 41.652632399641398 ], [ -124.022864296365995, 41.652664972732097 ], [ -124.021870368433994, 41.6528674686502 ], [ -124.021439665952997, 41.652970376295002 ], [ -124.020936340692003, 41.653132474111501 ], [ -124.020599786706995, 41.653185002767401 ], [ -124.020123503977999, 41.653229763603001 ], [ -124.019725956461002, 41.653008112227603 ], [ -124.019305684751998, 41.652773150241501 ], [ -124.018886379437006, 41.652551688898797 ], [ -124.018319084997998, 41.652250472758801 ], [ -124.018061193387993, 41.652126657015501 ], [ -124.017619766378999, 41.651977444384102 ], [ -124.016938083208004, 41.651870888480801 ], [ -124.016248501114006, 41.651786916318002 ], [ -124.015472483747999, 41.6517667540056 ], [ -124.014805869130996, 41.651759131264001 ], [ -124.013596438882004, 41.651693242936098 ], [ -124.012922108859996, 41.651672166537701 ], [ -124.012183033257998, 41.6517822605229 ], [ -124.011474748176994, 41.651941618268999 ], [ -124.010698448206995, 41.652047526723003 ], [ -124.010251550562998, 41.6519793984722 ], [ -124.009810658483005, 41.651839158269198 ], [ -124.009383229573999, 41.651599719134303 ], [ -124.009020557138996, 41.651229105749003 ], [ -124.008815535004004, 41.650523841733801 ], [ -124.008574377228996, 41.6499314841721 ], [ -124.008239161700004, 41.649371476350197 ], [ -124.007863535476005, 41.649131576953501 ], [ -124.007546675615004, 41.648954211449599 ], [ -124.007038510588004, 41.648733485530798 ], [ -124.006480746562005, 41.648580745610801 ], [ -124.005593566271997, 41.648552482712098 ], [ -124.004143853878006, 41.648547143515302 ], [ -124.003140271996998, 41.6484658354765 ], [ -124.002691347131005, 41.648361666643602 ], [ -124.002250591133006, 41.648203381683999 ], [ -124.001706751629001, 41.648027979137403 ], [ -124.000907233925005, 41.647868311707697 ], [ -124.000467562487003, 41.647876643444299 ], [ -123.999986328869994, 41.6479393782664 ], [ -123.999712609455003, 41.6479777882573 ], [ -123.999465499606004, 41.647916887108501 ], [ -123.998723563845999, 41.647864789992298 ], [ -123.998423773699002, 41.647867394697698 ], [ -123.997852988096994, 41.647890366146797 ], [ -123.997559466395998, 41.647861389006302 ], [ -123.997279896408003, 41.6478367936501 ], [ -123.996979550847001, 41.647803370642897 ], [ -123.996770696846994, 41.648057383512104 ], [ -123.996562937427996, 41.648333904479301 ], [ -123.996355022607005, 41.648673476738203 ], [ -123.995939394567003, 41.649366129119798 ], [ -123.995551239120999, 41.649869391016402 ], [ -123.995320038491997, 41.650159623508102 ], [ -123.994727970672002, 41.6507276986314 ], [ -123.994307107362005, 41.651033081225599 ], [ -123.993850782991998, 41.651424337196097 ], [ -123.992713305489005, 41.652303361303801 ], [ -123.991829340318006, 41.6529279854119 ], [ -123.990862490989002, 41.653508281388703 ], [ -123.989625350316999, 41.654108911313799 ], [ -123.988823222153997, 41.654395038148202 ], [ -123.988202931065999, 41.654571509820101 ], [ -123.987626434153, 41.654716076671903 ], [ -123.987370078327999, 41.654763315269399 ], [ -123.986727015257003, 41.654849902781997 ], [ -123.986011120960001, 41.654959629524299 ], [ -123.984932762466002, 41.655419235246498 ], [ -123.984211104164999, 41.655668611519303 ], [ -123.983186156491001, 41.655767456128203 ], [ -123.982505140255, 41.655777783650699 ], [ -123.981525425143005, 41.655939277041902 ], [ -123.980455649261003, 41.656398767480603 ], [ -123.979873967285002, 41.656723483358803 ], [ -123.979296647745002, 41.656890533421198 ], [ -123.978537050067004, 41.657041118347898 ], [ -123.977697856440003, 41.6572644328742 ], [ -123.9772235545, 41.6573945673737 ], [ -123.976487035882002, 41.6576575322973 ], [ -123.975385849621006, 41.658004652645602 ], [ -123.974239116597005, 41.658244062371203 ], [ -123.973762317161999, 41.6582841319428 ], [ -123.972731676739997, 41.6584324711188 ], [ -123.972220786844005, 41.658526865925097 ], [ -123.971323107854005, 41.658782153806698 ], [ -123.970820382797996, 41.6590205882992 ], [ -123.970341393064004, 41.659290345329303 ], [ -123.969960701920996, 41.659933068798402 ], [ -123.969806997237995, 41.660470293178101 ], [ -123.969641820928999, 41.661268822290999 ], [ -123.969474241179995, 41.660806366319598 ], [ -123.969361416522005, 41.660591145693097 ], [ -123.969063910220001, 41.660224360266902 ], [ -123.968675749493997, 41.659718726855701 ], [ -123.968296044781994, 41.659276071108799 ], [ -123.967849256015, 41.6587394035991 ], [ -123.967564169680003, 41.658273430514903 ], [ -123.967231416820994, 41.657506117141999 ], [ -123.966978381220997, 41.656648060123402 ], [ -123.966848888041994, 41.655743927216903 ], [ -123.966707371029997, 41.655114614435398 ], [ -123.966550809462007, 41.654332305692101 ], [ -123.966285141998, 41.653631978722103 ], [ -123.965867707388, 41.653122077638002 ], [ -123.964943518704004, 41.6525533804055 ], [ -123.963868561469994, 41.652166084072597 ], [ -123.962949674346007, 41.651926088821803 ], [ -123.962037669360996, 41.651618474618701 ], [ -123.961218944921001, 41.651274044242797 ], [ -123.960354859419994, 41.6507048070862 ], [ -123.959676760524999, 41.649922341317001 ], [ -123.959265612189, 41.649299773254803 ], [ -123.958757830677001, 41.648587937769001 ], [ -123.95810856496, 41.647697135398801 ], [ -123.957492911190002, 41.6466168978613 ], [ -123.956804973928996, 41.6455192441368 ], [ -123.956198265197997, 41.644533500392903 ], [ -123.955608693287999, 41.643741265783802 ], [ -123.955023300679002, 41.6432056988141 ], [ -123.954398829048003, 41.642589388390803 ], [ -123.953695141267005, 41.641969228212503 ], [ -123.9531908214, 41.641509540255399 ], [ -123.952759026671004, 41.641031234427302 ], [ -123.952411179788996, 41.640214460700598 ], [ -123.952313134657999, 41.639391112700103 ], [ -123.952230033901998, 41.638716259802997 ], [ -123.952061314150001, 41.638163713479301 ], [ -123.951747127730997, 41.637643896763599 ], [ -123.951512322653002, 41.637087393110498 ], [ -123.951399420935999, 41.636349735461998 ], [ -123.951314636172, 41.635967630239897 ], [ -123.951197194046998, 41.635405650705202 ], [ -123.950879387249003, 41.634714723997803 ], [ -123.950119664802003, 41.633770744192702 ], [ -123.949535566894994, 41.632802790357701 ], [ -123.949181452134994, 41.632013078982297 ], [ -123.948750696361003, 41.631624820838702 ], [ -123.94818936115, 41.631260156400899 ], [ -123.947623836199, 41.630557752487803 ], [ -123.947428081257996, 41.629640628342301 ], [ -123.947413661262004, 41.629091305854303 ], [ -123.947472426432, 41.628595423482501 ], [ -123.947369375584998, 41.627988284404204 ], [ -123.947267950832995, 41.6275432620522 ], [ -123.947002231064999, 41.6268428869963 ], [ -123.946679256606004, 41.626228551582003 ], [ -123.946571264952993, 41.625770071687803 ], [ -123.946543058865998, 41.625585655521597 ], [ -123.946506935478993, 41.625347261088301 ], [ -123.946524521450996, 41.625036366427103 ], [ -123.946527793486993, 41.624644524434999 ], [ -123.946393842432997, 41.624411439090501 ], [ -123.946259826516993, 41.6241738504905 ], [ -123.946169549001993, 41.6238233111429 ], [ -123.945834122218997, 41.623330673294198 ], [ -123.945243279535006, 41.622840135109598 ], [ -123.944573179968003, 41.622084531368202 ], [ -123.944164478351993, 41.621633023190597 ], [ -123.943936430817004, 41.621351167836799 ], [ -123.94358214895, 41.620669525733398 ], [ -123.943278169668005, 41.619681223112103 ], [ -123.943008291115007, 41.618638596225097 ], [ -123.942824566683996, 41.617793421473401 ], [ -123.942711593959004, 41.617118803921102 ], [ -123.942676943533996, 41.616902913954902 ], [ -123.942649366710995, 41.616425755522897 ], [ -123.942463591397001, 41.6154905240857 ], [ -123.942173006949005, 41.614466078704702 ], [ -123.941979223334002, 41.613778611464198 ], [ -123.941894928420993, 41.613063224917298 ], [ -123.941867750057995, 41.6123293557037 ], [ -123.941929924567006, 41.611653301458801 ], [ -123.942069551062005, 41.6110937068214 ], [ -123.942074824987003, 41.610476665904898 ], [ -123.941849372429999, 41.609983113725697 ], [ -123.941651245177994, 41.609692000735002 ], [ -123.941348866997004, 41.609014428624398 ], [ -123.941067576836005, 41.6083682084301 ], [ -123.940707648311999, 41.6077811782894 ], [ -123.940392587231997, 41.607468501685801 ], [ -123.939911874901, 41.607292287853902 ], [ -123.939034679298004, 41.6067995533665 ], [ -123.937953528692006, 41.606024747337401 ], [ -123.936860829628998, 41.605123923234899 ], [ -123.936042254412001, 41.604324440412199 ], [ -123.935908592044001, 41.603690515625203 ], [ -123.935811123107001, 41.603069806890197 ], [ -123.935319936724994, 41.602191091008898 ], [ -123.934863417981006, 41.600699595695602 ], [ -123.934684378716, 41.600011994356201 ], [ -123.934550463094993, 41.599670806303997 ], [ -123.934296106561007, 41.599168465870498 ], [ -123.934200207239996, 41.598862997516399 ], [ -123.934104522206994, 41.5982602868444 ], [ -123.934054751315003, 41.5975130863524 ], [ -123.934065781746, 41.596535705828202 ], [ -123.934029854838002, 41.5957343488638 ], [ -123.934035663735003, 41.595383017291397 ], [ -123.933953222894999, 41.594762183921901 ], [ -123.933882592535994, 41.594024159657302 ], [ -123.933866007283001, 41.5933937837694 ], [ -123.933827692549997, 41.592790606212802 ], [ -123.933831633984994, 41.592101516010302 ], [ -123.933900985208993, 41.591398383423403 ], [ -123.933913870547997, 41.590497548861599 ], [ -123.933927291836994, 41.589893950728502 ], [ -123.933930727323997, 41.589195856991203 ], [ -123.933942748448999, 41.588547233584499 ], [ -123.933910666627, 41.588142165585197 ], [ -123.933754584355995, 41.587769630356902 ], [ -123.933327802956995, 41.587421811181599 ], [ -123.932234040832, 41.586993831557102 ], [ -123.931093219549993, 41.586759879697397 ], [ -123.930441067255998, 41.586720123222698 ], [ -123.929494936213999, 41.586624192828999 ], [ -123.928560638006999, 41.586438085990302 ], [ -123.927970588557002, 41.585969966722601 ], [ -123.927591124309004, 41.585153364001499 ], [ -123.927475622575002, 41.584757974244702 ], [ -123.927397600754006, 41.584492888007603 ], [ -123.927238313743004, 41.583971748805403 ], [ -123.927182029722999, 41.582972391067997 ], [ -123.927252131171997, 41.5819765174775 ], [ -123.927370067325, 41.580944228559197 ], [ -123.927465336178997, 41.580371495408897 ], [ -123.927470172173997, 41.579713922202103 ], [ -123.927444583129002, 41.579052090710199 ], [ -123.927584787148007, 41.578816769267199 ], [ -123.927774622483994, 41.578513492229703 ], [ -123.927910511399006, 41.578134088069199 ], [ -123.927960642158993, 41.577498667311097 ], [ -123.928009199231994, 41.577119967851303 ], [ -123.928174319736002, 41.5767403273355 ], [ -123.928345449968006, 41.576257053816903 ], [ -123.928243026345001, 41.575465236329002 ], [ -123.927718977431994, 41.574703843667599 ], [ -123.926727168002003, 41.573995760260303 ], [ -123.925687772315996, 41.5734186575867 ], [ -123.924740100120005, 41.572701194065999 ], [ -123.923891930514003, 41.571600111438997 ], [ -123.923256649503998, 41.570812569554199 ], [ -123.922675570726, 41.570119166048599 ], [ -123.922512476948995, 41.569746670430199 ], [ -123.922596804017999, 41.569061436248298 ], [ -123.922476000051006, 41.568341818655199 ], [ -123.922338037963002, 41.567838514611203 ], [ -123.922043547667002, 41.566949150196599 ], [ -123.921535025078995, 41.566241647439597 ], [ -123.920939224676005, 41.565800558053098 ], [ -123.920601159867005, 41.565456482839501 ], [ -123.920202652846996, 41.5647616039927 ], [ -123.920046749888002, 41.564127833929298 ], [ -123.919223895762997, 41.562868883657103 ], [ -123.918894784282998, 41.562308555270803 ], [ -123.918724055473007, 41.561949625729 ], [ -123.918565294719997, 41.561721206849903 ], [ -123.918374541739993, 41.561429991844399 ], [ -123.918007923369004, 41.561131173488597 ], [ -123.916997848459999, 41.560540245190403 ], [ -123.915884487800994, 41.559905093974997 ], [ -123.915161548452005, 41.559104692519398 ], [ -123.914784987895999, 41.558098865468502 ], [ -123.914583360910001, 41.557114163985098 ], [ -123.914501222428996, 41.555939357100101 ], [ -123.914578936984, 41.555258683300103 ], [ -123.914639581694004, 41.554483567871202 ], [ -123.914407356650997, 41.553985506412197 ], [ -123.914062209660997, 41.553371246492297 ], [ -123.913385537270997, 41.552683056986297 ], [ -123.912756673543001, 41.552116083298401 ], [ -123.912556207009004, 41.5516898246564 ], [ -123.912496636374001, 41.551370535930502 ], [ -123.912298338170004, 41.550511905913702 ], [ -123.912080453171001, 41.549725489747601 ], [ -123.911732519821001, 41.548989644884799 ], [ -123.911018840891003, 41.548008994616403 ], [ -123.910185026622997, 41.546876165396597 ], [ -123.909311509, 41.545581511061798 ], [ -123.908903875651006, 41.544832618040402 ], [ -123.908663322888003, 41.544028358919299 ], [ -123.908633458243997, 41.543420596792998 ], [ -123.908623880044999, 41.542763133689903 ], [ -123.908685116544007, 41.541758326672301 ], [ -123.908560534421994, 41.540619877112903 ], [ -123.908358466861998, 41.539860349553798 ], [ -123.908209797045998, 41.539221999500498 ], [ -123.908051938998, 41.538462122002002 ], [ -123.907791515930001, 41.537734579826299 ], [ -123.907336458223, 41.537125669040101 ], [ -123.906738705718993, 41.536598948227898 ], [ -123.905741133060999, 41.535634012066403 ], [ -123.905273315949998, 41.535074733991799 ], [ -123.905147225774002, 41.534440705290201 ], [ -123.905214520653004, 41.533652028408603 ], [ -123.905489013106006, 41.532974312420997 ], [ -123.905926095037003, 41.532056618809101 ], [ -123.905870533682005, 41.531322953496002 ], [ -123.905411484241, 41.5299664514041 ], [ -123.905322896509006, 41.529066408625603 ], [ -123.905130441967003, 41.528131153640999 ], [ -123.904815591784001, 41.527255409467898 ], [ -123.904705173203993, 41.5264005745831 ], [ -123.905087829158006, 41.525933681821598 ], [ -123.905929997499001, 41.525436146280001 ], [ -123.906393369385995, 41.525225324362097 ], [ -123.906788574920995, 41.524988015910203 ], [ -123.906969487206993, 41.524639803871601 ], [ -123.906892592746999, 41.524068439781999 ], [ -123.906390587028, 41.522878915748201 ], [ -123.905968128056998, 41.521832881190498 ], [ -123.905482775669, 41.520841384614997 ], [ -123.904884359432003, 41.520039931318102 ], [ -123.904080681406001, 41.519181540491203 ], [ -123.903225286250006, 41.518346068650303 ], [ -123.902417162963999, 41.517649834364903 ], [ -123.901655121584, 41.517250477930098 ], [ -123.900580604572994, 41.516975164189901 ], [ -123.898447376386002, 41.516726131730103 ], [ -123.897317891875005, 41.516590831959803 ], [ -123.896172378689997, 41.516352060597001 ], [ -123.895113682540995, 41.516135120615999 ], [ -123.894213589336005, 41.515768315111998 ], [ -123.893227026359995, 41.5152400404885 ], [ -123.892497287267005, 41.514705260649798 ], [ -123.891629427222995, 41.513901324185902 ], [ -123.890739699586007, 41.5134128105312 ], [ -123.890014091221005, 41.513067138773003 ], [ -123.888706297499994, 41.512757489062999 ], [ -123.887513599005999, 41.5127306704061 ], [ -123.886208664226004, 41.512848823314002 ], [ -123.884105557018998, 41.512928063420503 ], [ -123.882745122922003, 41.512848440129098 ], [ -123.881926984440994, 41.512607012954099 ], [ -123.880719297864005, 41.512219941277998 ], [ -123.879872098752003, 41.511960707105899 ], [ -123.878703584372005, 41.511699418580001 ], [ -123.878183426815994, 41.511365612995 ], [ -123.877701022709005, 41.511054035485699 ], [ -123.877159113595994, 41.511022140465897 ], [ -123.876653667943998, 41.511278203006 ], [ -123.875834151212999, 41.511820390081503 ], [ -123.875685783929995, 41.512064720817001 ], [ -123.875320106741, 41.512661995734 ], [ -123.875009185739003, 41.513015652008797 ], [ -123.874734939915001, 41.513256435497397 ], [ -123.874371452391003, 41.5134888894667 ], [ -123.873855806568002, 41.513740513500402 ], [ -123.873375944341007, 41.513924307682103 ], [ -123.872400001144996, 41.514255983333499 ], [ -123.871393947534997, 41.514493300790498 ], [ -123.869965227272004, 41.514796859814901 ], [ -123.868221946297993, 41.515242391720001 ], [ -123.867283041158004, 41.5155467220087 ], [ -123.866307476844995, 41.515882846830401 ], [ -123.864889699057997, 41.5166186172832 ], [ -123.863804517511994, 41.517500495024102 ], [ -123.863193687942001, 41.5184013213524 ], [ -123.862832973455994, 41.519439883109698 ], [ -123.862558906787996, 41.520320163649401 ], [ -123.862023656321, 41.5214726244715 ], [ -123.861622790286006, 41.522169200714799 ], [ -123.861104903655004, 41.522938711253602 ], [ -123.860269899399995, 41.524057378069102 ], [ -123.859517411867998, 41.524734058163602 ], [ -123.858520787756007, 41.525218896655502 ], [ -123.857627157826002, 41.525675936127399 ], [ -123.856691323301007, 41.526313431524699 ], [ -123.856228889037993, 41.527375247782501 ], [ -123.856075862769003, 41.528069958478802 ], [ -123.855558512461997, 41.528803409818899 ], [ -123.854709840539002, 41.529408714367797 ], [ -123.853459448779006, 41.530030506037797 ], [ -123.851878903023007, 41.530614197079899 ], [ -123.850481756190007, 41.531246050875303 ], [ -123.849341266457998, 41.531884999635899 ], [ -123.848793081384002, 41.532560099825503 ], [ -123.848658123779998, 41.533497867005998 ], [ -123.848569657895993, 41.5346109353301 ], [ -123.848560067836004, 41.5356828879872 ], [ -123.848136610268, 41.537019108702403 ], [ -123.847703730367002, 41.537319545259798 ], [ -123.847320195313998, 41.537583586944301 ], [ -123.846821351041996, 41.537997098818501 ], [ -123.846629547104996, 41.538169651940102 ], [ -123.845977718387999, 41.538831990105002 ], [ -123.845613582591, 41.539321068466201 ], [ -123.845239071110001, 41.5398192293191 ], [ -123.845034745250999, 41.540095456939902 ], [ -123.844463333535003, 41.541297639519598 ], [ -123.844308011712997, 41.542375164615102 ], [ -123.84414789905, 41.543718442751498 ], [ -123.843528310709004, 41.545195699313403 ], [ -123.843013293680997, 41.546158764071201 ], [ -123.842661772927997, 41.546787354717999 ], [ -123.842192994589993, 41.5479662541388 ], [ -123.841626386258994, 41.548970223444698 ], [ -123.840984611734001, 41.550420605404298 ], [ -123.841515637124004, 41.551380510716697 ], [ -123.842534860206001, 41.551643268301902 ], [ -123.843450284254999, 41.551645564098003 ], [ -123.844137901460996, 41.5517350954755 ], [ -123.844253514879995, 41.552211638076301 ], [ -123.843987280253003, 41.552542362201997 ], [ -123.843680766782001, 41.553233676632701 ], [ -123.843085765477994, 41.554332438119097 ], [ -123.842397141684998, 41.555494933998503 ], [ -123.841698931127993, 41.556526888749303 ], [ -123.841318305732997, 41.557083628332499 ], [ -123.840556121410998, 41.558242147308 ], [ -123.839841938540005, 41.559058030155498 ], [ -123.838919142934003, 41.560348317989103 ], [ -123.838454542240001, 41.561891967838598 ], [ -123.838477427447998, 41.563256417652397 ], [ -123.838805057106001, 41.564334912146897 ], [ -123.839275883420001, 41.5652412203099 ], [ -123.839612371295999, 41.565815234969399 ], [ -123.839796284177993, 41.566588525151602 ], [ -123.839924797918002, 41.567569389005499 ], [ -123.840238533101001, 41.568729046272701 ], [ -123.840645112564005, 41.569734898502098 ], [ -123.841163325796003, 41.570879546437702 ], [ -123.841219406807994, 41.571099816366299 ], [ -123.841300876389994, 41.571427988757399 ], [ -123.841184778940999, 41.572099886265597 ], [ -123.840970456796001, 41.572596858697104 ], [ -123.840539097367994, 41.5732665573763 ], [ -123.839840627487007, 41.574208426490699 ], [ -123.839331519965995, 41.575099368527198 ], [ -123.838985883998006, 41.575646836064898 ], [ -123.838567928480003, 41.576167807989599 ], [ -123.837976083778003, 41.576924237007397 ], [ -123.837572141829, 41.577341518581903 ], [ -123.837058127410998, 41.577885703056303 ], [ -123.836349272649997, 41.578611449701 ], [ -123.835878157576005, 41.579024710214803 ], [ -123.835573994233002, 41.579274623278799 ], [ -123.834980716117002, 41.579837389096198 ], [ -123.833348166479993, 41.580506770605197 ], [ -123.832225638596995, 41.580843669998799 ], [ -123.831498177303999, 41.581177701768503 ], [ -123.831014214166004, 41.581762174710299 ], [ -123.830939743166994, 41.582298649887903 ], [ -123.831198228084006, 41.583161486135197 ], [ -123.831549074191003, 41.583829995835799 ], [ -123.831394010900993, 41.584308506311601 ], [ -123.830821439822998, 41.584826063893303 ], [ -123.830062957371993, 41.585025200558 ], [ -123.828936273422997, 41.585073862933399 ], [ -123.826700649223, 41.584828748073498 ], [ -123.825160980196998, 41.584565085543403 ], [ -123.824054354495004, 41.5844514239567 ], [ -123.822861871705996, 41.584514009418001 ], [ -123.821898090938006, 41.584696546822002 ], [ -123.820674656563995, 41.585187179576103 ], [ -123.820039525021002, 41.585389873217501 ], [ -123.818514316543997, 41.585765539711602 ], [ -123.817543428120004, 41.5860111426109 ], [ -123.817111296785995, 41.586288938691901 ], [ -123.816836683223002, 41.585619843322398 ], [ -123.816054898578997, 41.584508484929302 ], [ -123.815406008373003, 41.583409689475801 ], [ -123.814785982076003, 41.582279159832602 ], [ -123.814337293546004, 41.581327560049303 ], [ -123.814030748310003, 41.580798297397898 ], [ -123.813373491956, 41.580221975211899 ], [ -123.812368904422001, 41.579508490039601 ], [ -123.811209303539002, 41.579196917039802 ], [ -123.809881066214004, 41.579458487293003 ], [ -123.808816679599005, 41.5798668075794 ], [ -123.808146438587997, 41.580078690013103 ], [ -123.807533806622004, 41.580281156552402 ], [ -123.806760477864998, 41.580493754955199 ], [ -123.805561911058007, 41.580695817525097 ], [ -123.804768545198996, 41.580503212090697 ], [ -123.803497803743994, 41.579994177473203 ], [ -123.802073589865003, 41.579652835591503 ], [ -123.800124701661005, 41.5794727574429 ], [ -123.798168535067006, 41.579279185722797 ], [ -123.796922512619005, 41.579067149324899 ], [ -123.795418515121995, 41.578726277836502 ], [ -123.794742853485999, 41.5785598106999 ], [ -123.793751460308997, 41.578170335892501 ], [ -123.792808487536007, 41.577631897156898 ], [ -123.791602263906, 41.577144803975202 ], [ -123.790689034300001, 41.576583624493601 ], [ -123.789712514056006, 41.575595022655499 ], [ -123.789208600788996, 41.574999493137597 ], [ -123.788368454388007, 41.574433289530702 ], [ -123.786519619578996, 41.5740496283019 ], [ -123.784906744457004, 41.573803940812702 ], [ -123.783528058022995, 41.573457553835702 ], [ -123.783176142767005, 41.572716843623603 ], [ -123.783203281265003, 41.571829432726297 ], [ -123.783124251377998, 41.571244491883597 ], [ -123.783080234856001, 41.570641297704697 ], [ -123.783060047136999, 41.5700559559006 ], [ -123.782957604908006, 41.569363085708503 ], [ -123.782716933958994, 41.568707185967803 ], [ -123.781977287554, 41.568009643565098 ], [ -123.781304379152004, 41.567406220268303 ], [ -123.780474999540004, 41.566475085843003 ], [ -123.780335806031005, 41.565746432767 ], [ -123.780186354120005, 41.5647566349245 ], [ -123.779835021512994, 41.564119494175898 ], [ -123.778948329331001, 41.563278810663903 ], [ -123.778291618661001, 41.562738311062503 ], [ -123.776986058893996, 41.561778847015603 ], [ -123.776069343922003, 41.560866284587902 ], [ -123.775276793849997, 41.559930359013997 ], [ -123.775088381922004, 41.559373170956597 ], [ -123.775024974908007, 41.558927732405202 ], [ -123.775103342682002, 41.558053486864999 ], [ -123.775166922348006, 41.5578233696559 ], [ -123.774951395024004, 41.557536585848098 ], [ -123.774364167244997, 41.557346883239603 ], [ -123.773537355537997, 41.557365959839103 ], [ -123.772873273056007, 41.557455995930098 ], [ -123.771828060312998, 41.557607135358502 ], [ -123.770546298260996, 41.557404058627199 ], [ -123.769151281933006, 41.557035088391402 ], [ -123.767481401975999, 41.556807550902903 ], [ -123.765974134771, 41.556831113125 ], [ -123.764534620879004, 41.556975804985697 ], [ -123.762303533, 41.557747240221701 ], [ -123.760825165878998, 41.558319994692603 ], [ -123.759708680935006, 41.558660650948802 ], [ -123.758660036753, 41.559131456015599 ], [ -123.757943987093995, 41.559235259891999 ], [ -123.757160203764997, 41.559154853720102 ], [ -123.756486485045002, 41.559064710692901 ], [ -123.754713530428006, 41.559544746752003 ], [ -123.753561950846006, 41.559998166164803 ], [ -123.752543451319994, 41.560585814038198 ], [ -123.751673724528999, 41.561271561697097 ], [ -123.750796862328002, 41.562119482434497 ], [ -123.750229056869003, 41.5632175872122 ], [ -123.749683143110005, 41.563455340286303 ], [ -123.749354150450998, 41.563525040415101 ], [ -123.748419798577999, 41.563715777817599 ], [ -123.747788165638994, 41.563800954158303 ], [ -123.746757571458005, 41.563933755911101 ], [ -123.745989630238, 41.564028814999098 ], [ -123.744922421070996, 41.5642699265875 ], [ -123.743629977628004, 41.564643092446403 ], [ -123.742635504955999, 41.564757608849497 ], [ -123.741531713434995, 41.564980910471697 ], [ -123.740538370465003, 41.565293564096599 ], [ -123.739691347445003, 41.565686334411701 ], [ -123.738879702557995, 41.565862693720597 ], [ -123.737994885183994, 41.5658999024228 ], [ -123.737065367585998, 41.565928383490998 ], [ -123.735375177915998, 41.565804095419402 ], [ -123.733692348483004, 41.565832861205998 ], [ -123.732106280344993, 41.566000600872997 ], [ -123.730534553476005, 41.566510508494801 ], [ -123.729301061426995, 41.567004738557301 ], [ -123.728009513640004, 41.567904655630002 ], [ -123.727045978945, 41.568545773730001 ], [ -123.725754455016002, 41.569553753859502 ], [ -123.724792540056001, 41.5704110200721 ], [ -123.723969043826997, 41.571213362304597 ], [ -123.723385765485006, 41.571946632004199 ], [ -123.723124054216001, 41.572308573795297 ], [ -123.722607046559006, 41.573036918911498 ], [ -123.722031676086999, 41.573607998950202 ], [ -123.721308770147999, 41.574125957475403 ], [ -123.720732302342, 41.574633986144399 ], [ -123.720135062080004, 41.575196186298903 ], [ -123.719251801945006, 41.575791698835502 ], [ -123.718609886273995, 41.576282111428299 ], [ -123.717689916395003, 41.576814789686303 ], [ -123.716455492861996, 41.577556590291302 ], [ -123.715287991563997, 41.578216894846904 ], [ -123.714089581175998, 41.5788638684284 ], [ -123.713425403103003, 41.579381412332701 ], [ -123.713218575214995, 41.580616706130101 ], [ -123.713324199233995, 41.581494269846502 ], [ -123.712912325294994, 41.583140670107298 ], [ -123.712170422583, 41.5843342411764 ], [ -123.711352897199006, 41.5850959215175 ], [ -123.711195349975, 41.585907559357103 ], [ -123.712172522309999, 41.5870499494795 ], [ -123.713142047271006, 41.5880392532682 ], [ -123.713751605965001, 41.588715526382501 ], [ -123.714201671149993, 41.589717052104902 ], [ -123.714380476097006, 41.5906662176357 ], [ -123.714419420685005, 41.591273972343302 ], [ -123.714459718697, 41.591494402184203 ], [ -123.714713084403002, 41.5914522942074 ], [ -123.714896373214998, 41.591685345875803 ], [ -123.715286203405995, 41.592083748452701 ], [ -123.716182911567998, 41.593190574169803 ], [ -123.716580351318001, 41.593733042483201 ], [ -123.717131407932001, 41.594535764430397 ], [ -123.717741968069006, 41.595293075359898 ], [ -123.717986834734006, 41.595971601285299 ], [ -123.717966303864003, 41.596453622717 ], [ -123.717610497921001, 41.597167424843498 ], [ -123.717268854973, 41.597975714572698 ], [ -123.717265574885005, 41.5990340982246 ], [ -123.717347819549005, 41.599722646931099 ], [ -123.717108957329998, 41.600264577824902 ], [ -123.716875842472007, 41.600716398909803 ], [ -123.716615266917998, 41.601465632963198 ], [ -123.716405065017, 41.601989368906203 ], [ -123.716282772273999, 41.6026296521323 ], [ -123.716292663095999, 41.603422236373099 ], [ -123.715916024310005, 41.604190206319601 ], [ -123.715493261554002, 41.604823351979597 ], [ -123.715083439080999, 41.605474430207003 ], [ -123.714955443785001, 41.605871549091503 ], [ -123.715029883734005, 41.606398015187899 ], [ -123.714746534268002, 41.606854647651602 ], [ -123.714285284116002, 41.606925069581798 ], [ -123.713524949808999, 41.607114441786898 ], [ -123.712457743526002, 41.607499368931897 ], [ -123.711090241113993, 41.608133845774901 ], [ -123.710354652237996, 41.608940046180997 ], [ -123.710503464423994, 41.609821844935901 ], [ -123.710682620870998, 41.610802536377903 ], [ -123.71059783103, 41.611654253032 ], [ -123.710586120974995, 41.612501014118202 ], [ -123.710640076917002, 41.6130771494065 ], [ -123.710517876862994, 41.613766965106002 ], [ -123.709941478375995, 41.614252418167901 ], [ -123.709738090692994, 41.6147220548958 ], [ -123.709009710844001, 41.616023604079899 ], [ -123.708213049595003, 41.616366289557199 ], [ -123.707591357230001, 41.6165547681655 ], [ -123.707299443530999, 41.616682667168902 ], [ -123.706685730277997, 41.617087267457997 ], [ -123.706123807235997, 41.617667189049598 ], [ -123.705789515302001, 41.618484404364601 ], [ -123.705696406648997, 41.6190614443112 ], [ -123.705450892732003, 41.619765521962499 ], [ -123.705312917583996, 41.620356347788402 ], [ -123.705161501679996, 41.620884204647403 ], [ -123.704774609504994, 41.621282899203599 ], [ -123.704132789111995, 41.621764220123197 ], [ -123.703688059081998, 41.622433484623102 ], [ -123.703015477473002, 41.622951016793401 ], [ -123.702379712753995, 41.623198100713402 ], [ -123.701663460036997, 41.623495212662597 ], [ -123.700947444560001, 41.623814836973203 ], [ -123.700252622318999, 41.624152342332501 ], [ -123.699931085714994, 41.624424519947297 ], [ -123.699704966837004, 41.624709626836697 ], [ -123.699531378575998, 41.625273640170199 ], [ -123.699538161264996, 41.625588854681503 ], [ -123.699509386678997, 41.625980847676502 ], [ -123.699417327917004, 41.626175064966603 ], [ -123.698967009583001, 41.626299402770599 ], [ -123.698162953817004, 41.6262862746132 ], [ -123.697650540864998, 41.626253356516301 ], [ -123.697219419524998, 41.626314519812503 ], [ -123.696827904135006, 41.6264655144751 ], [ -123.696497399422995, 41.626778269663703 ], [ -123.696340520120003, 41.626945855307397 ], [ -123.696234146456007, 41.627135653097703 ], [ -123.696104554013999, 41.627573292308199 ], [ -123.696039323432998, 41.627961001450103 ], [ -123.69588312978, 41.628227662642402 ], [ -123.695617350529005, 41.628490483188003 ], [ -123.695465860308005, 41.628950772361897 ], [ -123.695560985732001, 41.629319496216802 ], [ -123.695616855284996, 41.629526326091899 ], [ -123.695865555763007, 41.6299076311156 ], [ -123.696260101674994, 41.630315074137599 ], [ -123.696606043676994, 41.630772350487 ], [ -123.696918634588002, 41.631058689267199 ], [ -123.696946740593006, 41.631369270698002 ], [ -123.696918287743998, 41.631792786275597 ], [ -123.696806355636994, 41.632059180184598 ], [ -123.696644771354997, 41.632348393156597 ], [ -123.696302413864004, 41.632782817867898 ], [ -123.696054736229996, 41.633230179176103 ], [ -123.695951681222994, 41.633555065865899 ], [ -123.695861681910003, 41.633803311393997 ], [ -123.695442017895004, 41.6340625591736 ], [ -123.695143079431006, 41.634104900276299 ], [ -123.694653405287994, 41.634098853328901 ], [ -123.694177830174993, 41.634043179020303 ], [ -123.693578438998003, 41.634091833827803 ], [ -123.693142782430996, 41.634225067574199 ], [ -123.692657162152003, 41.634457681017302 ], [ -123.692054190055003, 41.634627947949902 ], [ -123.691527900221004, 41.634671648268899 ], [ -123.691053757402997, 41.634715032676901 ], [ -123.69072498237, 41.634739527078402 ], [ -123.689530390800002, 41.634598079088001 ], [ -123.688213470977004, 41.634524905886202 ], [ -123.687482151004005, 41.634551800503097 ], [ -123.686613816713006, 41.634642560078603 ], [ -123.685599214039996, 41.634738689278002 ], [ -123.684415971148994, 41.634817799198402 ], [ -123.683620398905006, 41.634836044515197 ], [ -123.683223801161006, 41.634797869734498 ], [ -123.682521585806995, 41.634738990466701 ], [ -123.681517738121002, 41.634645866530903 ], [ -123.680601729060996, 41.6345567173963 ], [ -123.680030729490994, 41.634488038575299 ], [ -123.679450959966999, 41.634405897807397 ], [ -123.679492625075994, 41.634657855869399 ], [ -123.679417805078003, 41.634928517088603 ], [ -123.679256566258999, 41.635330294782499 ], [ -123.679119292451006, 41.635763456173898 ], [ -123.678909190308005, 41.636228573089802 ], [ -123.67874171183, 41.636679926959502 ], [ -123.678698786761998, 41.637094515995301 ], [ -123.678755599593998, 41.637359895706403 ], [ -123.678841818500999, 41.637638612650697 ], [ -123.679184666693004, 41.637987871746503 ], [ -123.679526761708999, 41.6382650759043 ], [ -123.679772292387, 41.638493310045099 ], [ -123.680062333174007, 41.638743798540403 ], [ -123.680382493240003, 41.639075173627397 ], [ -123.680715436574999, 41.639622647063199 ], [ -123.6809739519, 41.640121020357498 ], [ -123.681200233907006, 41.640479971081803 ], [ -123.681610986286998, 41.6409324040795 ], [ -123.682073901774999, 41.641420555181703 ], [ -123.682402815040007, 41.641796908938097 ], [ -123.682720454473994, 41.642348970757602 ], [ -123.683065467858, 41.6427567524075 ], [ -123.683449053423004, 41.643263383760598 ], [ -123.683672546354003, 41.643924089949103 ], [ -123.683776316177998, 41.644369333150998 ], [ -123.683908313200007, 41.644751357298702 ], [ -123.683916065633994, 41.645129616980803 ], [ -123.683988826348994, 41.645516497078397 ], [ -123.684071690159996, 41.6460069006881 ], [ -123.684105512071994, 41.6466146907213 ], [ -123.684130312034, 41.647114447047798 ], [ -123.684472905836998, 41.647432165710001 ], [ -123.684864783020998, 41.6476550132749 ], [ -123.685205153604002, 41.647833130178903 ], [ -123.685533831645003, 41.648182454047998 ], [ -123.685769528766997, 41.648680951793501 ], [ -123.685979645211006, 41.649314710792702 ], [ -123.686122152924, 41.649836282034002 ], [ -123.686398231903993, 41.650496668157302 ], [ -123.686553257412996, 41.650959616727903 ], [ -123.686797986957004, 41.651494087221401 ], [ -123.687009502473998, 41.652222411962804 ], [ -123.687069882596006, 41.652712947178699 ], [ -123.687123835685, 41.653199017109102 ], [ -123.687203468819007, 41.653558831695896 ], [ -123.687193709862996, 41.653770560814699 ], [ -123.687127834178, 41.654140252586103 ], [ -123.687054356562996, 41.654500982474602 ], [ -123.687007145004003, 41.655073226018303 ], [ -123.686974663748003, 41.6556543887068 ], [ -123.687020547082, 41.656122492141897 ], [ -123.687121930657, 41.656833459803998 ], [ -123.687122150617, 41.657207259843602 ], [ -123.687067691069004, 41.657450781463098 ], [ -123.686932439870006, 41.6576497496484 ], [ -123.686768569818, 41.657839881420699 ], [ -123.686372132581994, 41.658148496446401 ], [ -123.686062140472998, 41.658398046926898 ], [ -123.685802707628994, 41.658602258591799 ], [ -123.685179127542995, 41.659259004074798 ], [ -123.684711754781006, 41.659640094253497 ], [ -123.684453022395004, 41.659875824071001 ], [ -123.684153070600999, 41.660224389388503 ], [ -123.684178859377994, 41.660426899156597 ], [ -123.684411777150999, 41.660375972470298 ], [ -123.684737704962004, 41.660211900505097 ], [ -123.685210375495998, 41.660046952845804 ], [ -123.686156392746, 41.659852156516799 ], [ -123.686736684810995, 41.659961281364197 ], [ -123.687086531332, 41.660247422661001 ], [ -123.687281091426001, 41.660507469808103 ], [ -123.687451631200005, 41.660979330792003 ], [ -123.687589617214002, 41.661672063972198 ], [ -123.687749710278993, 41.662396189997096 ], [ -123.687862227946994, 41.6628819082731 ], [ -123.687895155275996, 41.663471686186497 ], [ -123.687791190552005, 41.6641073195823 ], [ -123.687684717457003, 41.664648391707303 ], [ -123.687550874796003, 41.664910402708301 ], [ -123.687424346187996, 41.665154355298696 ], [ -123.687443543491995, 41.665406443432097 ], [ -123.687580940230006, 41.665725378826899 ], [ -123.687756392208996, 41.666057597185699 ], [ -123.688029420226997, 41.666528843473401 ], [ -123.688377795164996, 41.667166271836201 ], [ -123.688552589688996, 41.667858782602302 ], [ -123.688590659240006, 41.668331434819201 ], [ -123.688599680994002, 41.669178061591602 ], [ -123.688476568907006, 41.669602139529502 ], [ -123.687889424011999, 41.669880376197298 ], [ -123.687577481353998, 41.670021855119501 ], [ -123.687323709916996, 41.670126956351503 ], [ -123.686919631505006, 41.670359056874702 ], [ -123.686304533525004, 41.670763553865903 ], [ -123.686059971513998, 41.670958669705797 ], [ -123.685880907395003, 41.671135379670801 ], [ -123.685710006761994, 41.671798431556603 ], [ -123.685529179198994, 41.6725876436577 ], [ -123.685401099203006, 41.6731828852229 ], [ -123.685280375217005, 41.6737285429286 ], [ -123.685147908313994, 41.674476933249601 ], [ -123.684898349874004, 41.675158466942101 ], [ -123.684722544473004, 41.675537818323498 ], [ -123.684823333023004, 41.675766902219699 ], [ -123.684232966287993, 41.676279327256303 ], [ -123.683442100191002, 41.6766488260457 ], [ -123.683027486339995, 41.6767773921976 ], [ -123.682675262781999, 41.677090234498799 ], [ -123.682279069421995, 41.677434862063201 ], [ -123.681705949901001, 41.678055258388397 ], [ -123.681189921053999, 41.678607759207502 ], [ -123.680541395812, 41.679057459223003 ], [ -123.680019880437996, 41.679375799283797 ], [ -123.679724071913995, 41.679593722720703 ], [ -123.679422211388996, 41.6798432064667 ], [ -123.678924389076002, 41.6802379628853 ], [ -123.678344283803, 41.680484583604297 ], [ -123.677987117783005, 41.680545238232597 ], [ -123.677242136196995, 41.680644206715797 ], [ -123.676543381483, 41.680819459671902 ], [ -123.675715153363996, 41.681144088957097 ], [ -123.675258308536002, 41.681367451219003 ], [ -123.674810426988003, 41.681658313222698 ], [ -123.674305663499993, 41.682039579492802 ], [ -123.673947315961996, 41.682419984983497 ], [ -123.673700751812007, 41.682898813554701 ], [ -123.673605392872005, 41.683259661480101 ], [ -123.673524628527005, 41.683651949051097 ], [ -123.673421336001994, 41.6839723107759 ], [ -123.673206674284003, 41.684234777901899 ], [ -123.673000178075, 41.6844881895776 ], [ -123.672714880431002, 41.684890681330501 ], [ -123.672348670591006, 41.685239602437797 ], [ -123.671916187853995, 41.685606924305297 ], [ -123.671657493157994, 41.685824609824898 ], [ -123.671109313675998, 41.686224130034603 ], [ -123.670506536047, 41.686826628599 ], [ -123.670045915103003, 41.687270668881403 ], [ -123.669435608442996, 41.687873205646802 ], [ -123.669098228112006, 41.688217444716102 ], [ -123.668913807143994, 41.688502245642802 ], [ -123.668710504966995, 41.688958293229497 ], [ -123.668634687779999, 41.6892154400187 ], [ -123.668533421922007, 41.689625857444597 ], [ -123.668459006914006, 41.689946046431501 ], [ -123.667997933899997, 41.690313519634202 ], [ -123.667542909977996, 41.690685459439898 ], [ -123.667219966098003, 41.690975565728202 ], [ -123.666874396919994, 41.691256795184103 ], [ -123.666309863120006, 41.691570818627298 ], [ -123.665676013687005, 41.691754636258999 ], [ -123.665143602789001, 41.691834280379197 ], [ -123.664566459853006, 41.691909677120002 ], [ -123.663941187057006, 41.692124960825701 ], [ -123.663579790705001, 41.692329710493603 ], [ -123.663167452262002, 41.692620321513999 ], [ -123.662669623395999, 41.692996992556402 ], [ -123.662207340844006, 41.693251859261203 ], [ -123.661870540289996, 41.693659124015497 ], [ -123.661834799274999, 41.694055647070897 ], [ -123.661871853581005, 41.694483276070798 ], [ -123.662014840311002, 41.694694121829798 ], [ -123.66219294007, 41.694886750657403 ], [ -123.662680885271996, 41.695082096458798 ], [ -123.663144950236003, 41.695219031139999 ], [ -123.663571471591993, 41.695320151911702 ], [ -123.664140988821003, 41.695632114108498 ], [ -123.664680423806999, 41.695939743855497 ], [ -123.665255314107995, 41.696152590146902 ], [ -123.665757501317998, 41.6963433367604 ], [ -123.666312017216995, 41.696655375019297 ], [ -123.666705954210002, 41.696981853124903 ], [ -123.667021453763994, 41.697349317580802 ], [ -123.667290674583001, 41.697708042680198 ], [ -123.667561725319004, 41.698098281696602 ], [ -123.667879617073993, 41.6986233558235 ], [ -123.668084069681996, 41.698964440981001 ], [ -123.668447615697005, 41.699219032034797 ], [ -123.668804826040002, 41.699514191191902 ], [ -123.668830582406997, 41.6997527320529 ], [ -123.668771086174999, 41.700063826662699 ], [ -123.668672097389006, 41.700586820175197 ], [ -123.668651881518002, 41.7010643192434 ], [ -123.668789966727005, 41.701414796332898 ], [ -123.668832385247995, 41.7017027797149 ], [ -123.668731708658001, 41.702171739787602 ], [ -123.668592212581004, 41.702555357259698 ], [ -123.668395114071998, 41.70292579881 ], [ -123.668249836653004, 41.703367996203603 ], [ -123.668151022206004, 41.703945031119602 ], [ -123.668176522414001, 41.704485314348801 ], [ -123.668240158729006, 41.704791188801501 ], [ -123.668231034624995, 41.705034436005697 ], [ -123.668167410585994, 41.705201438991899 ], [ -123.668033828117004, 41.705467927747598 ], [ -123.667989110956, 41.705792446522302 ], [ -123.667985948408003, 41.706031155416703 ], [ -123.667902011162994, 41.7065945925956 ], [ -123.667676469601005, 41.706685975175802 ], [ -123.667173187030002, 41.706760955834199 ], [ -123.666845438246, 41.706848426557798 ], [ -123.666563689770001, 41.707025701399303 ], [ -123.666223254697002, 41.7071943086235 ], [ -123.665839711554995, 41.707444229314802 ], [ -123.665553058420997, 41.707765645076002 ], [ -123.665244850483006, 41.708109702861798 ], [ -123.664907018451999, 41.708422406072899 ], [ -123.664544644301998, 41.708613653208502 ], [ -123.664073481135006, 41.708855067466899 ], [ -123.663546190931001, 41.7092274080876 ], [ -123.663243748140999, 41.709512880455598 ], [ -123.662957264062996, 41.709816274314797 ], [ -123.662519669763, 41.7102556465357 ], [ -123.662059152986004, 41.710731177868297 ], [ -123.661656911874005, 41.711102789189702 ], [ -123.661326743608996, 41.711433451995802 ], [ -123.660998061339996, 41.711836162741797 ], [ -123.660639510455994, 41.712257058612899 ], [ -123.660340111392003, 41.712695627791597 ], [ -123.660185532626002, 41.713007263702501 ], [ -123.659979860575007, 41.713355221574602 ], [ -123.659658297614996, 41.713757887490303 ], [ -123.659326563956995, 41.714048021116902 ], [ -123.659125054889998, 41.714215809965303 ], [ -123.658960485742, 41.714432926101402 ], [ -123.658944517277007, 41.714671707876199 ], [ -123.658946917332003, 41.714869852008803 ], [ -123.658997749438996, 41.715175804504099 ], [ -123.659144714662006, 41.7156253203635 ], [ -123.659232391496005, 41.716007622341898 ], [ -123.659349837332002, 41.7163987605866 ], [ -123.659394134517001, 41.716763296948699 ], [ -123.659397938618994, 41.716988454460903 ], [ -123.659345896065005, 41.717299500575898 ], [ -123.659221890493001, 41.717737059942401 ], [ -123.659147168516, 41.718034725281598 ], [ -123.659119840573993, 41.718485240620701 ], [ -123.659166215764998, 41.719016397672398 ], [ -123.659103376985001, 41.719521159654299 ], [ -123.658970372138, 41.719850684180599 ], [ -123.658802545792994, 41.720302004963301 ], [ -123.658858189358, 41.7205268651268 ], [ -123.658966134729994, 41.7207964611598 ], [ -123.659186097803996, 41.721182507681 ], [ -123.659559236736996, 41.721594696114103 ], [ -123.659719958108994, 41.721918031426497 ], [ -123.659767440272006, 41.722115916441403 ], [ -123.659876129352995, 41.722457564583898 ], [ -123.660140803115993, 41.722879381030197 ], [ -123.660248342993995, 41.723108445827002 ], [ -123.660244406698993, 41.7233111296255 ], [ -123.660097961534007, 41.723685768285002 ], [ -123.659980764116995, 41.724091763814997 ], [ -123.659993687706006, 41.724767226711798 ], [ -123.660283093836995, 41.725328511567 ], [ -123.660614271707004, 41.725785973146003 ], [ -123.660760765749004, 41.726185949389603 ], [ -123.660980475540001, 41.726581000683602 ], [ -123.661323619835002, 41.726885269586198 ], [ -123.661664156837006, 41.727081466571697 ], [ -123.662021121322994, 41.7273406179877 ], [ -123.662327121879002, 41.727685630044 ], [ -123.662715398234994, 41.728066195371099 ], [ -123.662987917357, 41.7281141626014 ], [ -123.663427481417003, 41.728183682697399 ], [ -123.663782318193, 41.728307733536099 ], [ -123.664136960275997, 41.728485827326502 ], [ -123.664542984025005, 41.728654615700499 ], [ -123.664765339189998, 41.728792940360201 ], [ -123.665098661185993, 41.729016190272297 ], [ -123.665332269557993, 41.729334591743601 ], [ -123.665432789353005, 41.729608727797697 ], [ -123.665447445525004, 41.730009461186498 ], [ -123.665359442021, 41.730365753310203 ], [ -123.665294302595996, 41.730789466590998 ], [ -123.665278908502998, 41.731118316712198 ], [ -123.665148294245, 41.731569430389598 ], [ -123.665111664597006, 41.731952446267599 ], [ -123.665051654695006, 41.732254533103998 ], [ -123.665369691037, 41.732414820504601 ], [ -123.665654404053001, 41.732368135675102 ], [ -123.665967862303006, 41.732303269238102 ], [ -123.666355432055994, 41.732246979312301 ], [ -123.667030935187995, 41.7323466419816 ], [ -123.667405341904995, 41.7324345392935 ], [ -123.667789376684993, 41.732544897293302 ], [ -123.668310224148001, 41.732658961893101 ], [ -123.668850088181003, 41.732903517055597 ], [ -123.669315938563003, 41.7331124722512 ], [ -123.669884225619001, 41.733343346230399 ], [ -123.670386246760003, 41.7335610933171 ], [ -123.670940263551998, 41.7337920453026 ], [ -123.671573940792996, 41.7340225290205 ], [ -123.672413105672007, 41.734247303280199 ], [ -123.672732673276997, 41.734479618384697 ], [ -123.672850329930995, 41.734879747302699 ], [ -123.672907021837005, 41.735163140282502 ], [ -123.672920316898995, 41.735464801671696 ], [ -123.672926095934997, 41.735766507062898 ], [ -123.672931264857993, 41.736045698159302 ], [ -123.672951887265995, 41.7363293023027 ], [ -123.673125392778999, 41.736571478738902 ], [ -123.673585132864005, 41.736875027188503 ], [ -123.673985224058001, 41.737151902273503 ], [ -123.674422377975006, 41.737415047695102 ], [ -123.674940369401995, 41.737646191618502 ], [ -123.675694442649004, 41.737993037852299 ], [ -123.675959219971006, 41.7381220839126 ], [ -123.676188205490007, 41.738206304321501 ], [ -123.676781324884999, 41.738576608336103 ], [ -123.677139215897995, 41.738876238722298 ], [ -123.677409795806, 41.739234929153298 ], [ -123.677585213597993, 41.739585173030498 ], [ -123.677679091350001, 41.739935897582797 ], [ -123.677736232919997, 41.740223788804997 ], [ -123.677845804032003, 41.740601442005499 ], [ -123.678051906101999, 41.741010050403801 ], [ -123.678205676521003, 41.741337903133498 ], [ -123.678350240168996, 41.741647795732497 ], [ -123.678497775085006, 41.742061252581401 ], [ -123.678532564779999, 41.742367289545498 ], [ -123.678537758892006, 41.742646479881898 ], [ -123.678517365895999, 41.743065431806997 ], [ -123.678470463707001, 41.743322411938202 ], [ -123.678446152118994, 41.7435477336982 ], [ -123.67842790169, 41.743777523218498 ], [ -123.678066110106997, 41.744360618646901 ], [ -123.677873067209006, 41.744622964423698 ], [ -123.677770740922, 41.745006370953703 ], [ -123.677689169469005, 41.7452905765739 ], [ -123.677613940444004, 41.745606269654097 ], [ -123.677540262478004, 41.745926457084103 ], [ -123.677501764276997, 41.746196897827097 ], [ -123.677490835480995, 41.746408629677497 ], [ -123.677578994258994, 41.746786408972 ], [ -123.677677753354004, 41.746956961832602 ], [ -123.677791924464003, 41.747163452172003 ], [ -123.678001936331995, 41.747441433831803 ], [ -123.678272980225998, 41.747804622454602 ], [ -123.678415385164001, 41.747979420532801 ], [ -123.678604264577004, 41.748284547185399 ], [ -123.678739910941999, 41.748495413242601 ], [ -123.678886044403995, 41.748809799038199 ], [ -123.678964668657997, 41.749102065802496 ], [ -123.679130767068003, 41.7493848083488 ], [ -123.679334307401007, 41.749653818580697 ], [ -123.679378019168993, 41.749842709587803 ], [ -123.679422529144006, 41.750036099410003 ], [ -123.679705326540997, 41.750300136668798 ], [ -123.679770037828007, 41.750484399708299 ], [ -123.679833199841994, 41.750664168314103 ], [ -123.680117984220999, 41.751009256806 ], [ -123.680533957422, 41.751497681410598 ], [ -123.680801551512005, 41.751815848625697 ], [ -123.680936888074001, 41.7520672457849 ], [ -123.681036255351003, 41.752435948466399 ], [ -123.681084318182002, 41.752786940961499 ], [ -123.681088269415, 41.753160712703803 ], [ -123.681080794729993, 41.753804765496398 ], [ -123.681179076182005, 41.754105921044903 ], [ -123.681189793569999, 41.754479652580301 ], [ -123.681144765754993, 41.755020346122699 ], [ -123.681077652735993, 41.755534149198397 ], [ -123.681001512348004, 41.7560119772699 ], [ -123.680858498597999, 41.756386619848897 ], [ -123.680810089025996, 41.756607580845802 ], [ -123.680732184758995, 41.756918787642398 ], [ -123.680633710858004, 41.757311180185098 ], [ -123.680638373831997, 41.757752500723598 ], [ -123.680888431409002, 41.7577960545471 ], [ -123.681271597174003, 41.757843322141198 ], [ -123.681576258933006, 41.7582513383825 ], [ -123.681717478680994, 41.758453160342498 ], [ -123.681719771090997, 41.7587053456379 ], [ -123.681591601703005, 41.7590618866667 ], [ -123.681520967313006, 41.759278476158897 ], [ -123.681493463455993, 41.7594858026631 ], [ -123.681380940310007, 41.759864768354603 ], [ -123.681301516613999, 41.760067899160099 ], [ -123.681182320565995, 41.760455911293903 ], [ -123.681002232702994, 41.760880312638101 ], [ -123.680846348214004, 41.761354109286401 ], [ -123.680848971892004, 41.761637817359798 ], [ -123.680898554753995, 41.762060857139303 ], [ -123.680982711408006, 41.762411635154898 ], [ -123.681096618202005, 41.762802768654304 ], [ -123.681240365408001, 41.7632072357152 ], [ -123.681488401581007, 41.763732679772303 ], [ -123.681578043409999, 41.763961828921403 ], [ -123.681580849290995, 41.764191493195099 ], [ -123.681555186942006, 41.764466361822102 ], [ -123.681478457986998, 41.764818093657503 ], [ -123.681393929812998, 41.7651788787729 ], [ -123.681530351847002, 41.765565374553603 ], [ -123.681775401053997, 41.765843140449903 ], [ -123.682079048928998, 41.766116054370698 ], [ -123.682339294399995, 41.766479296172903 ], [ -123.682432074722996, 41.7668975747942 ], [ -123.682487448754003, 41.767298061353301 ], [ -123.682529296404994, 41.767734656574198 ], [ -123.682549530071, 41.768189394338002 ], [ -123.682554071284997, 41.768653232383599 ], [ -123.682557978974998, 41.768986471395401 ], [ -123.682576214958999, 41.769288100454503 ], [ -123.682601743269004, 41.769639225139002 ], [ -123.682559959501006, 41.7698826647147 ], [ -123.682607424291007, 41.770175112973597 ], [ -123.682749062564, 41.7704489873922 ], [ -123.682920203807996, 41.770668643738802 ], [ -123.683189556016004, 41.771108389366297 ], [ -123.683390653405993, 41.771422441204798 ], [ -123.683562422186995, 41.771700638853801 ], [ -123.683817967720998, 41.772149472147802 ], [ -123.684082697620994, 41.772931512130803 ], [ -123.68433157522, 41.773601057327198 ], [ -123.684396148293004, 41.774087054921203 ], [ -123.684391699073998, 41.774411336247702 ], [ -123.684357534453, 41.774663737956402 ], [ -123.684352545693002, 41.774866426919701 ], [ -123.684400932201996, 41.775244435905002 ], [ -123.684686092614001, 41.7758597214292 ], [ -123.685005846129002, 41.776227105344503 ], [ -123.685149579262998, 41.776518978136401 ], [ -123.685271640541998, 41.777000128562797 ], [ -123.685460787942006, 41.777566445741101 ], [ -123.685680490823998, 41.778141587246097 ], [ -123.685935246270006, 41.7786534694784 ], [ -123.686299645196996, 41.779115157235999 ], [ -123.686564994825005, 41.779879172618898 ], [ -123.686950693583995, 41.7809261903015 ], [ -123.686947450901997, 41.781327024174203 ], [ -123.686723798418001, 41.781652615750097 ], [ -123.686456285584001, 41.7819559513092 ], [ -123.686165505098998, 41.782263928746502 ], [ -123.685788444783, 41.782662491186102 ], [ -123.685317123627996, 41.783214734825698 ], [ -123.684860493336998, 41.783699335933797 ], [ -123.684488044101997, 41.783967264127099 ], [ -123.684116802345002, 41.784172134474503 ], [ -123.683627161703001, 41.784418240050101 ], [ -123.683299377984994, 41.7845372820289 ], [ -123.682875053212001, 41.784701932305801 ], [ -123.682473330643006, 41.784834922020103 ], [ -123.682004445108007, 41.785017847927001 ], [ -123.681361362207994, 41.785228826446897 ], [ -123.680841366953999, 41.785344497774602 ], [ -123.680034296322006, 41.785340271179599 ], [ -123.679382110329996, 41.7853666477411 ], [ -123.678551016057995, 41.785331028081103 ], [ -123.677802559892996, 41.7853219360343 ], [ -123.677032104220999, 41.785294954643 ], [ -123.676415261504999, 41.785285077805597 ], [ -123.675763168890995, 41.785320440333599 ], [ -123.675176930044998, 41.785395943911197 ], [ -123.674363192287004, 41.785580864975003 ], [ -123.673793829188995, 41.7857958718986 ], [ -123.673415634931999, 41.786131350842197 ], [ -123.673161954850997, 41.786434574236402 ], [ -123.673142075816997, 41.786655363729601 ], [ -123.673020053160002, 41.7868542340319 ], [ -123.673167890583997, 41.787038012550099 ], [ -123.673407442940004, 41.787396890942198 ], [ -123.673698757189996, 41.787958124089798 ], [ -123.674190800949006, 41.788617256185198 ], [ -123.674541402507998, 41.789128600275497 ], [ -123.674891915214005, 41.789630936707397 ], [ -123.674886521836001, 41.7898696553791 ], [ -123.674808263860001, 41.7900817809278 ], [ -123.674388408615997, 41.790606655731203 ], [ -123.674062277885994, 41.790995873225803 ], [ -123.673758332706001, 41.791420987867802 ], [ -123.673505056333994, 41.791728712927998 ], [ -123.673291132217997, 41.792310921877402 ], [ -123.672998183421001, 41.793105259085799 ], [ -123.672777951654993, 41.793732539159201 ], [ -123.672562602116002, 41.794215677372797 ], [ -123.672340056159001, 41.794658325547303 ], [ -123.672131140088993, 41.795037844173599 ], [ -123.672014974305995, 41.795187140112198 ], [ -123.671755187523004, 41.795593976756997 ], [ -123.671486136294007, 41.795834236575097 ], [ -123.671335836237006, 41.796208907509602 ], [ -123.671607852036004, 41.796216324510297 ], [ -123.671872532790999, 41.796241797861803 ], [ -123.672174213784999, 41.796316592855803 ], [ -123.672426063708002, 41.796481749224498 ], [ -123.672634052616004, 41.796768756988698 ], [ -123.672665931568005, 41.797011760539199 ], [ -123.672934431605, 41.797365966203699 ], [ -123.673161507985, 41.797391656858899 ], [ -123.673586743504998, 41.797339625381703 ], [ -123.673963281859002, 41.797558089380097 ], [ -123.674105978648001, 41.797822959860497 ], [ -123.674196867568, 41.798097141274397 ], [ -123.674308721212995, 41.798254107981997 ], [ -123.674464391255995, 41.798392803229902 ], [ -123.674715407288005, 41.798548952352 ], [ -123.675002388533002, 41.798655350854901 ], [ -123.675320164940004, 41.798757064076398 ], [ -123.675687637007996, 41.798862987627999 ], [ -123.675967659964002, 41.79891538239 ], [ -123.676505141155005, 41.799056330919598 ], [ -123.676923813879, 41.799130424314498 ], [ -123.677415731268994, 41.799159049059703 ], [ -123.677769289132996, 41.7992290198276 ], [ -123.678070425431997, 41.799285788397697 ], [ -123.678386843276996, 41.799364983530403 ], [ -123.678903802955006, 41.799627637039897 ], [ -123.679229220059, 41.799846385766202 ], [ -123.679414428548, 41.799966885501 ], [ -123.679607405935002, 41.800181912877498 ], [ -123.679698460504994, 41.800433571209098 ], [ -123.679687122087998, 41.8007488846306 ], [ -123.679705364767003, 41.801122568742201 ], [ -123.680012552904998, 41.801003659150503 ], [ -123.680319597004996, 41.800871239033299 ], [ -123.680612495652994, 41.800788440614902 ], [ -123.681160056861998, 41.8005645225332 ], [ -123.681855860229007, 41.800380253651397 ], [ -123.68263159576, 41.800249547800099 ], [ -123.682999069453999, 41.800247363438103 ], [ -123.683315389056006, 41.800245482208098 ], [ -123.683836478610004, 41.800327948119097 ], [ -123.684308063527993, 41.800424217141803 ], [ -123.684610065816003, 41.8005259985636 ], [ -123.685009571395994, 41.800811842032601 ], [ -123.685447332877999, 41.801228057838799 ], [ -123.685877425895001, 41.801594779033003 ], [ -123.686363437753997, 41.801808044885298 ], [ -123.686709024023997, 41.801869028662402 ], [ -123.687128671064997, 41.8019610930208 ], [ -123.687513749602005, 41.802197475291301 ], [ -123.687706144385999, 41.802389974828898 ], [ -123.688047335017004, 41.802707681326801 ], [ -123.688350713423006, 41.802971571190803 ], [ -123.688633144861996, 41.8033166491035 ], [ -123.688740345937006, 41.803667280614697 ], [ -123.688713619896006, 41.803946658822099 ], [ -123.688660477648, 41.804428853565703 ], [ -123.688678725554993, 41.804798032385598 ], [ -123.688704534712997, 41.805135641242799 ], [ -123.688775734106997, 41.805531523594901 ], [ -123.688859414814004, 41.805828253718502 ], [ -123.689076942203002, 41.806223258207503 ], [ -123.689351541538002, 41.806572884627698 ], [ -123.689686919055006, 41.807012215713399 ], [ -123.689850794733999, 41.807209386210403 ], [ -123.689999518378002, 41.8073616123582 ], [ -123.690422105720998, 41.807723857614 ], [ -123.690689668974002, 41.8080825300379 ], [ -123.690944117024003, 41.808445784214797 ], [ -123.691020276648999, 41.808706529741798 ], [ -123.691178718740005, 41.809097381942202 ], [ -123.690858282948, 41.809315478179798 ], [ -123.690626145284, 41.809663644474199 ], [ -123.690501065139003, 41.809822019322802 ], [ -123.690357842249, 41.8100075241369 ], [ -123.690201296634001, 41.810143570207899 ], [ -123.690068460285005, 41.810315501711202 ], [ -123.690416611399002, 41.810610641283802 ], [ -123.690645556468994, 41.810735363217603 ], [ -123.690830720972002, 41.810846837479303 ], [ -123.691030385176006, 41.811012266325299 ], [ -123.691325795636004, 41.811195132636101 ], [ -123.691600115436998, 41.811445677806503 ], [ -123.691907767404999, 41.811961728554699 ], [ -123.692035352101996, 41.812280709066897 ], [ -123.692162587672996, 41.812532138897197 ], [ -123.692321834973001, 41.812891459827 ], [ -123.692374767187999, 41.8131253231873 ], [ -123.692428780499995, 41.813354676488302 ], [ -123.692498544947995, 41.8135794312862 ], [ -123.692582302288002, 41.8138806612845 ], [ -123.692599023672997, 41.814105735816199 ], [ -123.692608318105002, 41.814339862133899 ], [ -123.692688181245003, 41.814803241729898 ], [ -123.692800860187006, 41.815099793577403 ], [ -123.692949584952004, 41.815319568241698 ], [ -123.693047751408997, 41.815526137250998 ], [ -123.693226915047006, 41.815777252413497 ], [ -123.693353420872995, 41.815925104531502 ], [ -123.693562659267997, 41.816243590181998 ], [ -123.693800723373002, 41.816548390803597 ], [ -123.694104846461002, 41.816803253188503 ], [ -123.694555431202005, 41.8171022642575 ], [ -123.695080416164004, 41.8173918163235 ], [ -123.69538927312, 41.8174574994393 ], [ -123.695807076286997, 41.817472983258497 ], [ -123.696637207226999, 41.817449937497003 ], [ -123.697195034401005, 41.817401517880299 ], [ -123.697598691744005, 41.8173270109653 ], [ -123.698053266510996, 41.817333256272804 ], [ -123.698619184921995, 41.8174063751717 ], [ -123.698907041953007, 41.817512708080002 ], [ -123.699306243397004, 41.817789495558202 ], [ -123.699500436638999, 41.818036005779497 ], [ -123.699678569411006, 41.8182240679538 ], [ -123.700047697065997, 41.818433483457 ], [ -123.700351214674001, 41.818629787321697 ], [ -123.700551418388002, 41.818840231051901 ], [ -123.701032669995996, 41.819152539995898 ], [ -123.701173874133005, 41.819300293665499 ], [ -123.701381279643996, 41.819515195454997 ], [ -123.701686215628001, 41.819806060613601 ], [ -123.701924167339996, 41.8200613062995 ], [ -123.701986254057005, 41.8203716684502 ], [ -123.701951317128007, 41.8205835465156 ], [ -123.701850669096999, 41.820773308603599 ], [ -123.701597675211005, 41.821036057279699 ], [ -123.701423658005993, 41.821329847627901 ], [ -123.701339612124997, 41.821627591866701 ], [ -123.701175279994004, 41.8221194766707 ], [ -123.701018583229001, 41.822552769107602 ], [ -123.700841175020003, 41.823053740166301 ], [ -123.700828564079004, 41.823242964075 ], [ -123.700846348466996, 41.823562603979198 ], [ -123.700851799492, 41.824062459056101 ], [ -123.700863039862, 41.824368628347798 ], [ -123.700880840658996, 41.824620715614998 ], [ -123.700892540563004, 41.825003441529198 ], [ -123.700910636377003, 41.825282547947602 ], [ -123.700927014753006, 41.825507622863803 ], [ -123.700929698921001, 41.825719270848303 ], [ -123.700936608494004, 41.826318193756698 ], [ -123.700975743415995, 41.826628696178297 ], [ -123.701104122098997, 41.826875604904501 ], [ -123.701238800854, 41.827113468019697 ], [ -123.701441344594997, 41.827535559851 ], [ -123.701598570307993, 41.827804809282298 ], [ -123.701763421416999, 41.828083018883902 ], [ -123.701928059349001, 41.828307187597296 ], [ -123.702249391677, 41.828854649731198 ], [ -123.702362172460994, 41.829119666284498 ], [ -123.702549213992, 41.829361711032902 ], [ -123.702705137489005, 41.829545400432401 ], [ -123.702530575300997, 41.829722104549099 ], [ -123.702106380949004, 41.829886824165399 ], [ -123.701887542174006, 41.829937700128298 ], [ -123.701608871304998, 41.829988941178897 ], [ -123.701338512372999, 41.830112186696603 ], [ -123.700862383187996, 41.830277218829799 ], [ -123.700292143389007, 41.830474347284401 ], [ -123.699787720893994, 41.830702596370301 ], [ -123.699327731056997, 41.830899048255098 ], [ -123.698654863545997, 41.831141828332498 ], [ -123.698230698676994, 41.831311036935901 ], [ -123.697571781228007, 41.831522201407203 ], [ -123.696891911593994, 41.831814552096098 ], [ -123.696352253290001, 41.832092538281799 ], [ -123.695914243014997, 41.832374409572402 ], [ -123.695579484803005, 41.832669164398702 ], [ -123.695237949865003, 41.832963959259601 ], [ -123.694940127153004, 41.833299020044002 ], [ -123.694672042516999, 41.833669928113501 ], [ -123.694461869492997, 41.833932401603398 ], [ -123.694003396772999, 41.834272934655097 ], [ -123.693425963753995, 41.834506100357999 ], [ -123.692928670287003, 41.834702751765299 ], [ -123.692380424747, 41.834886197712301 ], [ -123.691676376657, 41.835070579421803 ], [ -123.691003388913003, 41.835308811836803 ], [ -123.690461991861, 41.835465186476 ], [ -123.689824435066996, 41.835604122185302 ], [ -123.689180015646997, 41.835770116477804 ], [ -123.688776569336994, 41.835876116922599 ], [ -123.688557043195999, 41.835935978580501 ], [ -123.687926985234, 41.836002802956102 ], [ -123.687178149123994, 41.836083845065701 ], [ -123.686459281436996, 41.836187220634599 ], [ -123.685872120804007, 41.8362537773436 ], [ -123.685205841059002, 41.836347824037297 ], [ -123.684823388628999, 41.836341098090102 ], [ -123.684315985, 41.836299087490303 ], [ -123.683785563992998, 41.836180652343302 ], [ -123.683492208614993, 41.836164384503697 ], [ -123.683074634866998, 41.836252435036101 ], [ -123.682686467874007, 41.836380840677698 ], [ -123.682232830550006, 41.836581689768401 ], [ -123.681905459643005, 41.836835829353703 ], [ -123.681790426462996, 41.837025658859297 ], [ -123.681652536157003, 41.8372606588037 ], [ -123.681440955243005, 41.837360991116398 ], [ -123.681168859894996, 41.837362605171897 ], [ -123.680699037957993, 41.837315852223 ], [ -123.680162846667002, 41.837328035781297 ], [ -123.679818118135998, 41.837330076747399 ], [ -123.679428228619003, 41.837332383842202 ], [ -123.679009828456998, 41.837307837229098 ], [ -123.678539206921002, 41.837256576677497 ], [ -123.678304089568002, 41.837266972458899 ], [ -123.678017978669999, 41.837295682763397 ], [ -123.677173798495005, 41.8372961596409 ], [ -123.676511811164005, 41.8372640328692 ], [ -123.676093126840996, 41.837212456357001 ], [ -123.675354916163997, 41.8369465900577 ], [ -123.674999731594994, 41.8367054895214 ], [ -123.674653157535005, 41.836459833803303 ], [ -123.674326766407006, 41.8362005480544 ], [ -123.673830317145004, 41.835838678876101 ], [ -123.673631326313995, 41.835704741387602 ], [ -123.673416342994003, 41.8356249392249 ], [ -123.67310798407, 41.835541180434397 ], [ -123.672620583842004, 41.835395420576504 ], [ -123.672208971257007, 41.835298753524299 ], [ -123.671862981288001, 41.835215211618397 ], [ -123.671450383389001, 41.835168086025099 ], [ -123.670760430667997, 41.835194634943299 ], [ -123.670371775958998, 41.835241938990201 ], [ -123.669998878347002, 41.835356702196599 ], [ -123.669714321019995, 41.835570025953601 ], [ -123.669703071875006, 41.835862818559001 ], [ -123.669676581640005, 41.836101658109101 ], [ -123.669649527714, 41.836322486961997 ], [ -123.669637902646997, 41.836579253780599 ], [ -123.669639168505995, 41.836772896545497 ], [ -123.669649042279005, 41.8370340414886 ], [ -123.669644521457002, 41.837250235433501 ], [ -123.669646633949995, 41.837452880221697 ], [ -123.669643144503993, 41.837804172864899 ], [ -123.669645209907998, 41.838038342342998 ], [ -123.669647321078997, 41.838277015035104 ], [ -123.669563245671, 41.838660301882598 ], [ -123.669515865734994, 41.838953304941299 ], [ -123.669452115061006, 41.839228389429699 ], [ -123.669417626259005, 41.839422240509101 ], [ -123.669405530551998, 41.839633975016298 ], [ -123.669445604916007, 41.839939978715002 ], [ -123.669506616419994, 41.840196321957599 ], [ -123.669589551404997, 41.840425516410797 ], [ -123.669703206438996, 41.840677049112699 ], [ -123.669816860981001, 41.841036665413199 ], [ -123.669915604311996, 41.841337823208299 ], [ -123.669925056213003, 41.8415944668902 ], [ -123.669913008831998, 41.8418467324761 ], [ -123.669894138524995, 41.842130562258298 ], [ -123.669853296366995, 41.842437037609102 ], [ -123.669841812228, 41.842707313814202 ], [ -123.669677610722005, 41.843131599124597 ], [ -123.669665609115, 41.8433883678385 ], [ -123.669646923827003, 41.8437262382621 ], [ -123.669679334972002, 41.843982747990403 ], [ -123.669762133473, 41.844234460384598 ], [ -123.669919973399004, 41.844571301242901 ], [ -123.669952293270995, 41.844746748650202 ], [ -123.670020650211001, 41.844985034606403 ], [ -123.669986819139993, 41.845205902737298 ], [ -123.669782437069003, 41.845423262109797 ], [ -123.669527147961006, 41.845559855164403 ], [ -123.669213093831004, 41.845692286594499 ], [ -123.668855327705003, 41.845892524009002 ], [ -123.668519013164001, 41.8460926354417 ], [ -123.668300370127994, 41.846242522898599 ], [ -123.668169801347005, 41.846391897574698 ], [ -123.667849617407995, 41.846659465453101 ], [ -123.667578416921998, 41.846787139714699 ], [ -123.667351539365995, 41.846869520958101 ], [ -123.667023963553007, 41.847114612052998 ], [ -123.666893438008998, 41.847268488494699 ], [ -123.666727005184995, 41.847517146395603 ], [ -123.666509383294994, 41.847730073258397 ], [ -123.666291991608006, 41.848001543649502 ], [ -123.666074501354998, 41.848300035088499 ], [ -123.665821008273994, 41.8486843010025 ], [ -123.665510200723006, 41.849095919363002 ], [ -123.665299251590994, 41.849299798256297 ], [ -123.664933968767002, 41.849540598257597 ], [ -123.664649339213994, 41.849681853759101 ], [ -123.664298408364999, 41.8498550164419 ], [ -123.664071930470001, 41.850013948064102 ], [ -123.663854753608007, 41.850307929925599 ], [ -123.663704479844995, 41.850628545640703 ], [ -123.663610583004001, 41.850867772740301 ], [ -123.663497051918, 41.851210693249698 ], [ -123.663358795069001, 41.851346596329897 ], [ -123.663198941237994, 41.851469113514703 ], [ -123.663008688686006, 41.851600812930698 ], [ -123.662716373806006, 41.851764625379701 ], [ -123.662394648374004, 41.851924103233699 ], [ -123.662103366251998, 41.852078901200002 ], [ -123.661899135913004, 41.852206175871402 ], [ -123.661724312757997, 41.852337784224503 ], [ -123.661551195306998, 41.852708066928699 ], [ -123.661584228801999, 41.8530276237124 ], [ -123.661594773855995, 41.853320289141898 ], [ -123.661576513716994, 41.8536671622428 ], [ -123.661559361311006, 41.854158140264303 ], [ -123.661520055935, 41.854581693668301 ], [ -123.661399355477002, 41.854924653203199 ], [ -123.661239601926994, 41.855240816583702 ], [ -123.661118393473004, 41.855498212634302 ], [ -123.660988660488997, 41.855805195863503 ], [ -123.660881982017997, 41.856121053220903 ], [ -123.660760301951996, 41.856369444617897 ], [ -123.660414102686005, 41.856677672384897 ], [ -123.660138727423004, 41.856661241680101 ], [ -123.659860005542996, 41.8566853608366 ], [ -123.659499823136002, 41.856732464517698 ], [ -123.659184815000998, 41.856779307789097 ], [ -123.658825476893995, 41.856835411463699 ], [ -123.657988260080003, 41.856952798138103 ], [ -123.657372590408997, 41.857050896885099 ], [ -123.656976817038995, 41.857152238095402 ], [ -123.656581472899006, 41.857222051149201 ], [ -123.656192243308993, 41.8573008348597 ], [ -123.655730954475999, 41.8574385739091 ], [ -123.655378845597994, 41.857539660293199 ], [ -123.654953985904996, 41.857632153559699 ], [ -123.654683989519, 41.857737272978397 ], [ -123.654302825841, 41.857906073838201 ], [ -123.653894672145995, 41.858160593161102 ], [ -123.653360180619003, 41.858357284647802 ], [ -123.653096267677, 41.858394813573803 ], [ -123.652656330683996, 41.858523411889202 ], [ -123.652224536942001, 41.858638451843198 ], [ -123.651719628256998, 41.858857485061101 ], [ -123.650959014563, 41.8591815456682 ], [ -123.650329622212993, 41.859414788721402 ], [ -123.649956672616995, 41.859579025146203 ], [ -123.649722846889006, 41.859688431651598 ], [ -123.649465861158006, 41.859815982558999 ], [ -123.649181413574993, 41.860020247210798 ], [ -123.648941809963006, 41.860228761240798 ], [ -123.648693090053001, 41.860392291506599 ], [ -123.648481504477999, 41.860542101127699 ], [ -123.648418603272006, 41.8607631265685 ], [ -123.648844345404996, 41.860792246327897 ], [ -123.649066659842006, 41.860921590852797 ], [ -123.649214478372997, 41.8610558595689 ], [ -123.649430963281006, 41.861315837095098 ], [ -123.649624073509003, 41.8615354151543 ], [ -123.649876807956005, 41.861768165914398 ], [ -123.650061376883002, 41.861924742915598 ], [ -123.650248079305001, 41.862180383956797 ], [ -123.650331431422998, 41.862454623870903 ], [ -123.650422371747993, 41.862697296421601 ], [ -123.650512342303998, 41.862881429231997 ], [ -123.650603728552994, 41.863205161605102 ], [ -123.650613130169006, 41.863389750726803 ], [ -123.650705669776997, 41.863790035485103 ], [ -123.650805422128002, 41.864158754960897 ], [ -123.650881020891006, 41.864410520952802 ], [ -123.651018346271997, 41.8648826070906 ], [ -123.651115361330994, 41.865129748015697 ], [ -123.651169661148998, 41.865323089403098 ], [ -123.651193793708998, 41.865512098349797 ], [ -123.651117527378005, 41.865899829272998 ], [ -123.650934407384995, 41.866035971480898 ], [ -123.650636096938001, 41.866249325063201 ], [ -123.650505036210006, 41.866506765325099 ], [ -123.650339346980999, 41.866728373770897 ], [ -123.650224018648998, 41.866940689901497 ], [ -123.650109305200004, 41.867288106521102 ], [ -123.650053624682002, 41.867590154173499 ], [ -123.649956286218995, 41.8680545624497 ], [ -123.649929596213994, 41.868356445924199 ], [ -123.649932093851007, 41.868640150320701 ], [ -123.649876115458994, 41.868838619730099 ], [ -123.649789774051996, 41.869050771314797 ], [ -123.649631206983997, 41.869344393844699 ], [ -123.649523767039, 41.869592692305197 ], [ -123.649386203540999, 41.8698411609993 ], [ -123.649169314608002, 41.870139616102101 ], [ -123.649039609715999, 41.870383536469902 ], [ -123.648881445862997, 41.870717686831 ], [ -123.648827760491997, 41.871217874987003 ], [ -123.648940307014001, 41.871473936656201 ], [ -123.649177639650006, 41.871706775532203 ], [ -123.649437885881994, 41.871971008589902 ], [ -123.649698030723997, 41.872262262411098 ], [ -123.649862626661005, 41.872563063298102 ], [ -123.650035027746, 41.872890840543 ], [ -123.650184895069998, 41.873187220834801 ], [ -123.650064180488002, 41.873575202206297 ], [ -123.649905067339006, 41.873778758696403 ], [ -123.649738422018004, 41.873982357576303 ], [ -123.649520505517998, 41.874217770458202 ], [ -123.649280507642004, 41.874466818159 ], [ -123.649075461859994, 41.8746346054509 ], [ -123.648901155344006, 41.8747887082909 ], [ -123.648714078680996, 41.874983414176199 ], [ -123.648493428641004, 41.875209833592201 ], [ -123.648211836523004, 41.875256458044902 ], [ -123.647981657876997, 41.875397364448901 ], [ -123.647663530977994, 41.875592807996298 ], [ -123.647381267704006, 41.875797055414203 ], [ -123.647151176145996, 41.875946966580798 ], [ -123.646870065383993, 41.876079150829902 ], [ -123.646427345251993, 41.876243768454302 ], [ -123.645924071446998, 41.876453759610897 ], [ -123.645462359587995, 41.876902198482497 ], [ -123.645636089809997, 41.877175933080203 ], [ -123.645743286137005, 41.877386993078098 ], [ -123.646047859926, 41.877714032743 ], [ -123.646560286273996, 41.877850756110597 ], [ -123.647124775181993, 41.877996190738301 ], [ -123.647703484624998, 41.878132535454803 ], [ -123.648328061740997, 41.878223583691103 ], [ -123.64917890996, 41.878344873849699 ], [ -123.649882265990001, 41.878516530549298 ], [ -123.650182745978995, 41.8786229127385 ], [ -123.650695622794998, 41.878728090832297 ], [ -123.651332400363998, 41.878981178147399 ], [ -123.651115729015999, 41.879266124867002 ], [ -123.650782825403994, 41.879416626119898 ], [ -123.650405334791998, 41.879589896245498 ], [ -123.650056770537006, 41.879830553284599 ], [ -123.649811766460004, 41.880070623298003 ], [ -123.649639010187002, 41.880341808305701 ], [ -123.649534030298, 41.880500023221899 ], [ -123.649392278901004, 41.880671956364203 ], [ -123.649196009446001, 41.881001818613399 ], [ -123.649091403396994, 41.881160030996298 ], [ -123.648838345957003, 41.881386634033397 ], [ -123.648556450109993, 41.8815548544192 ], [ -123.648312737584007, 41.881700341256 ], [ -123.647912377737995, 41.881923270296198 ], [ -123.647483391799994, 41.882146359344297 ], [ -123.647052735043999, 41.882428001155098 ], [ -123.646608197529005, 41.882678195296997 ], [ -123.646415995878996, 41.882778353455002 ], [ -123.645625859768998, 41.883043999050997 ], [ -123.645145895051002, 41.883217827913299 ], [ -123.644790841561004, 41.883341415430102 ], [ -123.644390789911995, 41.883559826971002 ], [ -123.644183231118006, 41.883781660908802 ], [ -123.643905621098, 41.8841164737103 ], [ -123.643785616632002, 41.884355829765802 ], [ -123.643604446766005, 41.884730632214797 ], [ -123.643528294156994, 41.884911197261502 ], [ -123.643443854498997, 41.8852043950953 ], [ -123.643395283361002, 41.885506398804601 ], [ -123.643332475644996, 41.885853516794597 ], [ -123.643249014236005, 41.886056639847702 ], [ -123.643090481113006, 41.886323231652199 ], [ -123.642806406006997, 41.886653574421402 ], [ -123.642503755679996, 41.886821896023903 ], [ -123.642251482693993, 41.886980928170402 ], [ -123.642079551335996, 41.887189048567002 ], [ -123.641966116998006, 41.887446379692001 ], [ -123.641866360590001, 41.887753172240302 ], [ -123.641873424693998, 41.8883836163387 ], [ -123.641924604706006, 41.888905730879102 ], [ -123.641910759850006, 41.889441719215199 ], [ -123.641531479641003, 41.889745570118897 ], [ -123.641338584484004, 41.889854730474802 ], [ -123.641035224047997, 41.889991527935599 ], [ -123.640665857282002, 41.890119685968202 ], [ -123.640289360663004, 41.890288413640697 ], [ -123.639786485407996, 41.890475858077799 ], [ -123.639447156038997, 41.890594837923402 ], [ -123.639055881844001, 41.890642050620599 ], [ -123.638711804606004, 41.890549392450303 ], [ -123.638132534430994, 41.890403999050797 ], [ -123.637805609208002, 41.890104084007703 ], [ -123.637573216261998, 41.8899162295167 ], [ -123.637385109665999, 41.8896740873002 ], [ -123.637094834888003, 41.889346946026002 ], [ -123.636791481749, 41.888916297080002 ], [ -123.636612260101003, 41.888620062825403 ], [ -123.636482897782003, 41.888413621017399 ], [ -123.636330407881999, 41.888229824489201 ], [ -123.636096787545995, 41.888068994462998 ], [ -123.635776362301002, 41.887890630768403 ], [ -123.635446393709003, 41.887775367352397 ], [ -123.635094210082002, 41.887736784585897 ], [ -123.634726322271007, 41.887747825549198 ], [ -123.634269615357994, 41.887804390505302 ], [ -123.633628109727994, 41.8878754838492 ], [ -123.632988199311001, 41.887955571726998 ], [ -123.632434670962994, 41.8880486906925 ], [ -123.631838269116997, 41.888110518713702 ], [ -123.631427639858998, 41.888103770456901 ], [ -123.631089348746997, 41.888060595561498 ], [ -123.630758302272, 41.888026386785498 ], [ -123.630324742103994, 41.888024263992598 ], [ -123.629897673939993, 41.888031110862499 ], [ -123.629338513690001, 41.888088218158103 ], [ -123.628844755827004, 41.888131454228201 ], [ -123.628094523502, 41.888216622387198 ], [ -123.627416893922998, 41.888292382074198 ], [ -123.626812575724998, 41.888354227251 ], [ -123.626231764451006, 41.888393423779902 ], [ -123.625490546772994, 41.888437994669601 ], [ -123.625247277949995, 41.888443822948098 ], [ -123.624557815483996, 41.888465588728799 ], [ -123.623977063856998, 41.888549808085799 ], [ -123.623476764806995, 41.8885795462554 ], [ -123.623146832160003, 41.888504778387798 ], [ -123.622933239294994, 41.888424875063897 ], [ -123.622735143542002, 41.888272832008298 ], [ -123.622528661607006, 41.887877647440597 ], [ -123.622285867298999, 41.8875051765379 ], [ -123.622064456204996, 41.887123582346803 ], [ -123.621865530676999, 41.886768886676798 ], [ -123.621622433235999, 41.886247801832901 ], [ -123.621306520017995, 41.885713600039701 ], [ -123.621048686698003, 41.885264648935198 ], [ -123.620664950028996, 41.884843398526002 ], [ -123.620355733279993, 41.884493799595703 ], [ -123.619914239747004, 41.884135907038299 ], [ -123.619649618392998, 41.883957196868799 ], [ -123.619164560070999, 41.883572515693999 ], [ -123.618355604125995, 41.8831490458549 ], [ -123.617753170916998, 41.882855059829303 ], [ -123.616988961008005, 41.882539422627801 ], [ -123.616033514302998, 41.882193282132398 ], [ -123.615320389665996, 41.881940408171502 ], [ -123.614614579746004, 41.881782063310602 ], [ -123.613938827474996, 41.881655077643899 ], [ -123.613130274615997, 41.881425217491497 ], [ -123.612667804756995, 41.881270064599804 ], [ -123.611822235899993, 41.8810674134645 ], [ -123.610999973770006, 41.881017749816102 ], [ -123.610044165887004, 41.881063362509302 ], [ -123.609096863331004, 41.881171970613501 ], [ -123.608487825048002, 41.881247254781499 ], [ -123.607951335563001, 41.881268110110199 ], [ -123.607562004171996, 41.881238646367002 ], [ -123.606768046625007, 41.881035684918601 ], [ -123.605988573895999, 41.8808506553843 ], [ -123.605402290290996, 41.880862754627302 ], [ -123.604997375221004, 41.880977475161103 ], [ -123.604512857320998, 41.881317786490001 ], [ -123.604330151401996, 41.881552928208301 ], [ -123.604154104955995, 41.881855586532197 ], [ -123.604073466968003, 41.882171253118401 ], [ -123.604044880936002, 41.8824551216101 ], [ -123.603934950660999, 41.882779949068102 ], [ -123.603809902364006, 41.883019290124103 ], [ -123.603692422367999, 41.883222563555798 ], [ -123.603421437929001, 41.8840436177667 ], [ -123.603297039322996, 41.884512631298698 ], [ -123.603195998941004, 41.885062584251102 ], [ -123.603144060126994, 41.885747382969001 ], [ -123.603203669327002, 41.886278478080797 ], [ -123.603358847693002, 41.887038747404901 ], [ -123.603579747349997, 41.8875780015453 ], [ -123.603661607461007, 41.887951358262903 ], [ -123.603588238308006, 41.888239965227903 ], [ -123.603419195976997, 41.888488543794999 ], [ -123.602942527421007, 41.888869338004199 ], [ -123.602354822747003, 41.8892191885123 ], [ -123.601936924157997, 41.889401518120302 ], [ -123.601400052759004, 41.8897105661393 ], [ -123.600996516269007, 41.890059444989603 ], [ -123.600755149476001, 41.890429991394903 ], [ -123.600505800326999, 41.890994227616901 ], [ -123.600381940705006, 41.891283096428502 ], [ -123.599838056650995, 41.891569656460398 ], [ -123.599286418383002, 41.891752674905703 ], [ -123.598707072956998, 41.891953848982403 ], [ -123.598251104076994, 41.892176894704903 ], [ -123.597847994351994, 41.892494235974702 ], [ -123.597656692627993, 41.892702390712302 ], [ -123.597474097778004, 41.892996065458298 ], [ -123.597238266522993, 41.893357568610703 ], [ -123.597063203187005, 41.893772796758903 ], [ -123.596886922988006, 41.894097961866102 ], [ -123.596357982615999, 41.894415951819603 ], [ -123.596226061061003, 41.894569754278102 ], [ -123.596263186529001, 41.894754203091502 ], [ -123.596431691983, 41.894969493741101 ], [ -123.596630921379003, 41.895288203917097 ], [ -123.596955847163997, 41.895998060699398 ], [ -123.597345527228001, 41.896540951919903 ], [ -123.597837967838004, 41.897074299897 ], [ -123.598177017777004, 41.897680500071701 ], [ -123.598368071815997, 41.8982919739192 ], [ -123.598339838941996, 41.898778493638602 ], [ -123.598185989293995, 41.899166591877098 ], [ -123.597965956923005, 41.899406420722698 ], [ -123.597745338113995, 41.8997047970308 ], [ -123.597437614862002, 41.9000756813127 ], [ -123.597114609596005, 41.900424126975899 ], [ -123.596746687947999, 41.900763798251198 ], [ -123.596101368486003, 41.901091398370603 ], [ -123.595690030203997, 41.901341222651403 ], [ -123.59522691011, 41.901654362153302 ], [ -123.594838376173996, 41.901967113422103 ], [ -123.594603085350997, 41.902229532013799 ], [ -123.594302196529995, 41.902609379271297 ], [ -123.594016079612004, 41.9029981561971 ], [ -123.593847293764, 41.9033232773957 ], [ -123.593744603274004, 41.903625539351196 ], [ -123.593561286330001, 41.904049811049298 ], [ -123.593275908962994, 41.904519644248097 ], [ -123.593004384256005, 41.904980398273999 ], [ -123.592762037417003, 41.9053374217673 ], [ -123.592578504925996, 41.905658113664003 ], [ -123.592630647280004, 41.906000106366598 ], [ -123.592821511218006, 41.906512513798802 ], [ -123.59249921832, 41.906536694504901 ], [ -123.592299047937004, 41.906321561881597 ], [ -123.592122239139002, 41.906065777431202 ], [ -123.591998422822002, 41.905917802173803 ], [ -123.591747522217005, 41.905675909426101 ], [ -123.591298905898, 41.905565634340398 ], [ -123.590755641323, 41.905487368599701 ], [ -123.589976582950001, 41.905333753467502 ], [ -123.589167802586005, 41.9052253200026 ], [ -123.588352702302998, 41.9051259201091 ], [ -123.587161913585007, 41.904978898212697 ], [ -123.585772338436001, 41.904805857536701 ], [ -123.584846068660994, 41.904702496346303 ], [ -123.584257774003007, 41.904642442958703 ], [ -123.583126511361996, 41.904576138319399 ], [ -123.582244451129995, 41.904486041948097 ], [ -123.581458175880996, 41.904363929671298 ], [ -123.580473259564002, 41.904314871503601 ], [ -123.579643267386004, 41.904274029827597 ], [ -123.579326530681001, 41.90420357312 ], [ -123.578422062542003, 41.903883884594201 ], [ -123.577856981040995, 41.903639040092301 ], [ -123.577261551047002, 41.9034123591587 ], [ -123.576798443727, 41.903320113962998 ], [ -123.576357367564995, 41.903331335625602 ], [ -123.575820829834001, 41.9034105860664 ], [ -123.575365195466006, 41.903520952782003 ], [ -123.574865346807997, 41.903658559739299 ], [ -123.574263843259004, 41.903972307424098 ], [ -123.573682880312006, 41.904182370029801 ], [ -123.573190948646001, 41.904279399109001 ], [ -123.572624757585004, 41.904372292978898 ], [ -123.572030041537005, 41.904393271000302 ], [ -123.571390629728, 41.904387447675198 ], [ -123.570530935042996, 41.904310660338602 ], [ -123.569736884139999, 41.904116451224098 ], [ -123.568928105761998, 41.9039178061279 ], [ -123.567789065184996, 41.903608202640697 ], [ -123.567208588132004, 41.903534512851301 ], [ -123.566583044105997, 41.903519587340099 ], [ -123.566076509667994, 41.903499568337303 ], [ -123.565532023599999, 41.903448209877197 ], [ -123.564819553302996, 41.903402178698599 ], [ -123.564194942130996, 41.903450283874001 ], [ -123.563533607750003, 41.903606648662603 ], [ -123.562997565483002, 41.903744381605399 ], [ -123.562468320099001, 41.903927113240698 ], [ -123.562166839938996, 41.904176279303002 ], [ -123.561719038161002, 41.904538746661302 ], [ -123.561300734647006, 41.904914578409802 ], [ -123.560903595403005, 41.905083146623703 ], [ -123.560536414724993, 41.905274084459599 ], [ -123.560117632805003, 41.905510307316803 ], [ -123.559345747134998, 41.905824807848099 ], [ -123.558581514379995, 41.906067210793502 ], [ -123.558244100234006, 41.906303030949204 ], [ -123.558118506046, 41.906461262133497 ], [ -123.558001333500002, 41.906677997064698 ], [ -123.557883672472002, 41.907011823862099 ], [ -123.557788601255993, 41.907300506322201 ], [ -123.557663534873001, 41.907692913636097 ], [ -123.557553854676001, 41.907905108234402 ], [ -123.557275116317001, 41.908563964468499 ], [ -123.556995862188998, 41.909164277670598 ], [ -123.556665480045993, 41.909778348349597 ], [ -123.556394141647999, 41.910423656041502 ], [ -123.556129485686, 41.910884289461102 ], [ -123.555836175837996, 41.911300026512201 ], [ -123.555482381125998, 41.911693538194903 ], [ -123.555144783399996, 41.912086970457899 ], [ -123.554946698422, 41.912317603575801 ], [ -123.554822254396996, 41.912480328895597 ], [ -123.554469356015005, 41.912761246994997 ], [ -123.553998426850995, 41.913119292056003 ], [ -123.553506080534007, 41.913441410875699 ], [ -123.552933899240998, 41.913813449909497 ], [ -123.552573379164997, 41.914261026178302 ], [ -123.552352971814003, 41.914788989301798 ], [ -123.552294530574002, 41.915091000971302 ], [ -123.552294327387003, 41.915329684314997 ], [ -123.552309059075, 41.915770950633998 ], [ -123.552383487759997, 41.916099343739603 ], [ -123.552449212257002, 41.916423275216701 ], [ -123.552691734066002, 41.917016562133703 ], [ -123.552906118655997, 41.917492894552502 ], [ -123.553118621747998, 41.917969235591102 ], [ -123.553281273316998, 41.918301706395198 ], [ -123.553442185826995, 41.9186071647012 ], [ -123.553515962215997, 41.918859001599301 ], [ -123.553523858066995, 41.9192057282429 ], [ -123.553524347167993, 41.919480435573398 ], [ -123.553531475262005, 41.919912731184802 ], [ -123.553539057554005, 41.9203540314466 ], [ -123.553538898116997, 41.920597217792697 ], [ -123.553553799344002, 41.920795297157497 ], [ -123.553576600772004, 41.9210789037121 ], [ -123.553576568866006, 41.921511233719102 ], [ -123.553613025700002, 41.9219794152486 ], [ -123.553620531099, 41.922411708844997 ], [ -123.553548054345995, 41.922790346816498 ], [ -123.553385918911999, 41.923435119505697 ], [ -123.553356114688995, 41.923867592824202 ], [ -123.553357122009004, 41.9242458764096 ], [ -123.553416128749006, 41.924488777429097 ], [ -123.553519317943, 41.924916106180603 ], [ -123.553328644586998, 41.925268293000798 ], [ -123.553268744872, 41.9254892498587 ], [ -123.553158473707995, 41.925768993985599 ], [ -123.553055959714996, 41.926030686900397 ], [ -123.552872351456003, 41.926328797684803 ], [ -123.552586736799, 41.9266859437516 ], [ -123.552372558043999, 41.926979697399801 ], [ -123.552233221391006, 41.9272550769684 ], [ -123.552203738309998, 41.927507410920597 ], [ -123.552225899215998, 41.927804530787697 ], [ -123.552262576101, 41.928124097968301 ], [ -123.552402954862004, 41.928668337755099 ], [ -123.552528334594996, 41.9289154231206 ], [ -123.552755482829994, 41.929337652203699 ], [ -123.552954289937006, 41.929751010438302 ], [ -123.553174909096995, 41.930114725489602 ], [ -123.553013864801002, 41.930408224157603 ], [ -123.552771582204997, 41.930503962868102 ], [ -123.552257019519004, 41.930713596757499 ], [ -123.551741827832004, 41.9309817759301 ], [ -123.550955282493007, 41.931341323791102 ], [ -123.550344955200003, 41.931636973726803 ], [ -123.550096383834003, 41.931791281489097 ], [ -123.549868153738004, 41.931900457015701 ], [ -123.549456127591, 41.932114090642898 ], [ -123.548846373565993, 41.932522315534101 ], [ -123.548294618835001, 41.9329257567803 ], [ -123.547920258464003, 41.933269804377197 ], [ -123.547544587819999, 41.933681408386903 ], [ -123.547316994889997, 41.934042767666 ], [ -123.547214905987005, 41.934358494117603 ], [ -123.547052909130997, 41.934809608697201 ], [ -123.546846948682997, 41.9351888776091 ], [ -123.546744708925004, 41.935531624854399 ], [ -123.546596813665005, 41.936045719501202 ], [ -123.546619612805003, 41.936685097259797 ], [ -123.546612211823998, 41.937054413284599 ], [ -123.546634034942997, 41.9374911415076 ], [ -123.546678590257002, 41.937941271726302 ], [ -123.546679736214998, 41.938252002476702 ], [ -123.546663866515004, 41.9384682423469 ], [ -123.546473207939997, 41.938698824551402 ], [ -123.546253055722005, 41.9388304714602 ], [ -123.545862559482998, 41.938967431375403 ], [ -123.545216868051, 41.9391056021067 ], [ -123.544752627711006, 41.939170853653302 ], [ -123.544377766528996, 41.939285217218298 ], [ -123.544010187867997, 41.939458089544203 ], [ -123.543627719176996, 41.939653548306097 ], [ -123.543326036671999, 41.939907168001 ], [ -123.543083472693993, 41.9402866030807 ], [ -123.543054669498005, 41.940579461735098 ], [ -123.543092166872, 41.940822469130403 ], [ -123.543246231595006, 41.941164000274 ], [ -123.543400817730003, 41.9414334739864 ], [ -123.543495997847003, 41.941721242391999 ], [ -123.543503193462996, 41.941991413563798 ], [ -123.543394058627996, 41.942280149047598 ], [ -123.543203005281001, 41.942555761763003 ], [ -123.542944430505997, 41.942782155861501 ], [ -123.542532888115005, 41.9431083475476 ], [ -123.542092420619994, 41.943358116190602 ], [ -123.541864674376001, 41.9435753554298 ], [ -123.541599342081994, 41.943806281780503 ], [ -123.541320174573002, 41.944050783000499 ], [ -123.541062531430995, 41.9442996855174 ], [ -123.540842088412006, 41.944489867769803 ], [ -123.540658097768002, 41.944666367684398 ], [ -123.540216725161002, 41.945168324772197 ], [ -123.540018719082994, 41.945516019477097 ], [ -123.539790814208004, 41.9458503441452 ], [ -123.539541046904006, 41.946274839436398 ], [ -123.539239931169007, 41.946735602679603 ], [ -123.538990155093003, 41.947115062587997 ], [ -123.538739509872002, 41.947526049925003 ], [ -123.538586013976996, 41.947923070738597 ], [ -123.538312751470997, 41.9485593339814 ], [ -123.537968302116994, 41.949114868623496 ], [ -123.537747686982996, 41.949422134402703 ], [ -123.537269458015999, 41.949717095348902 ], [ -123.537049134046001, 41.949790180829901 ], [ -123.536790656727007, 41.949944505747901 ], [ -123.536504771208996, 41.950202536700502 ], [ -123.536121539372004, 41.950587117156097 ], [ -123.535821133257002, 41.950912765401199 ], [ -123.535680505372, 41.9511385923416 ], [ -123.535548095056001, 41.951310339804401 ], [ -123.535342881649001, 41.951613025605802 ], [ -123.535115194287997, 41.951933829432903 ], [ -123.534783784086997, 41.952340680840003 ], [ -123.534239269446005, 41.952919652800297 ], [ -123.533864942006005, 41.953335708023602 ], [ -123.533504520972997, 41.953792228087302 ], [ -123.533004854469993, 41.954235883305898 ], [ -123.532357416740993, 41.954729759160301 ], [ -123.532085330867005, 41.954974204711597 ], [ -123.531988824913, 41.955339428233899 ], [ -123.532069841525995, 41.955514685810002 ], [ -123.532166542891005, 41.955716891082801 ], [ -123.532217914583001, 41.956090436007599 ], [ -123.532283614856993, 41.956463914452101 ], [ -123.532343166044001, 41.9569139793104 ], [ -123.532283952192003, 41.957229492528597 ], [ -123.532180692720999, 41.957644284882001 ], [ -123.532122537966004, 41.957860718074599 ], [ -123.532122376512007, 41.958067875626902 ], [ -123.532100194405999, 41.958257121601697 ], [ -123.532026387556002, 41.958541178392501 ], [ -123.531872372829994, 41.958929185128298 ], [ -123.531754107661001, 41.959217951081399 ], [ -123.531643678896998, 41.959587741946201 ], [ -123.531607305945002, 41.959975203414601 ], [ -123.531585306644004, 41.9602319994884 ], [ -123.531547988304993, 41.9606419823061 ], [ -123.531512393219003, 41.9612140797324 ], [ -123.531548152962003, 41.961614717310802 ], [ -123.531710985792003, 41.962104834491598 ], [ -123.531835319552002, 41.962590626348501 ], [ -123.531924067147003, 41.962923467153097 ], [ -123.532020052871005, 41.963310315180998 ], [ -123.532167130725, 41.963809511379601 ], [ -123.532350823445, 41.964358075002899 ], [ -123.532519629744002, 41.964794122246303 ], [ -123.532579049212003, 41.965046037190199 ], [ -123.532609012037994, 41.965428687440401 ], [ -123.532623138196996, 41.965766377106704 ], [ -123.532931630586006, 41.9662197890774 ], [ -123.533278251645001, 41.966722560487497 ], [ -123.533542066722006, 41.967108627238503 ], [ -123.533711912792, 41.967351021418402 ], [ -123.533815350533999, 41.967544186737001 ], [ -123.534005787189002, 41.967858539128201 ], [ -123.534292881452004, 41.968185951572003 ], [ -123.534543928136998, 41.968351408717602 ], [ -123.534947482788994, 41.968714304357903 ], [ -123.535242391682004, 41.969028167753798 ], [ -123.535506643625993, 41.969328663182303 ], [ -123.535853302833999, 41.969876460314502 ], [ -123.535896787579006, 41.970114937477902 ], [ -123.535956413286002, 41.970344332462098 ], [ -123.536007742688, 41.970528732156502 ], [ -123.535941710195999, 41.971019910870901 ], [ -123.535779468045007, 41.971462001191199 ], [ -123.535566347954003, 41.971998899967303 ], [ -123.535309097299006, 41.972400902179203 ], [ -123.535102495974996, 41.972726109966104 ], [ -123.534918746379006, 41.973078231266499 ], [ -123.534830189502998, 41.9733128204956 ], [ -123.534772407784999, 41.973529252704402 ], [ -123.534668423601005, 41.973813451013498 ], [ -123.534558140436005, 41.974066154775699 ], [ -123.534529209273003, 41.974350003424 ], [ -123.534558548560994, 41.974611063750999 ], [ -123.534566201098997, 41.974849708070401 ], [ -123.534647589122002, 41.975155559919799 ], [ -123.534757903929005, 41.975582868606402 ], [ -123.534823867105999, 41.975893295536103 ], [ -123.534927170486995, 41.976293616302598 ], [ -123.534971710727007, 41.976703217594597 ], [ -123.535015007046994, 41.977189382324703 ], [ -123.535110769894999, 41.977679805834597 ], [ -123.535258056383995, 41.978151975423899 ], [ -123.535346504814996, 41.978354215646597 ], [ -123.535545581104003, 41.9785244160011 ], [ -123.536016494899997, 41.978859972542899 ], [ -123.536346684858003, 41.979056579556399 ], [ -123.536611624868002, 41.979343558471399 ], [ -123.536788378929998, 41.979549888107798 ], [ -123.536876834170997, 41.979752127062397 ], [ -123.536854660944996, 41.979986407098401 ], [ -123.536773607891007, 41.980216459062 ], [ -123.536722467253995, 41.980549949093501 ], [ -123.536641940557999, 41.980752978139101 ], [ -123.536633986176, 41.980973681451196 ], [ -123.536679066226995, 41.981221157165301 ], [ -123.536627284885, 41.981613194159699 ], [ -123.536598248193002, 41.981973601062599 ], [ -123.536679016620994, 41.982428065807902 ], [ -123.536810857800006, 41.982810237419201 ], [ -123.537002521328006, 41.982993979923997 ], [ -123.537312028551, 41.983240218014799 ], [ -123.537717200257006, 41.983558061398 ], [ -123.538091707258999, 41.983817503029897 ], [ -123.538357232748993, 41.983946856330803 ], [ -123.538790926930005, 41.984156480805098 ], [ -123.539358282508005, 41.984559121353399 ], [ -123.539549163775007, 41.984693325953103 ], [ -123.539702911844003, 41.985165458833201 ], [ -123.539691877503998, 41.985422203747902 ], [ -123.539642549115001, 41.985611577881599 ], [ -123.539580360414007, 41.985841542914201 ], [ -123.539472223428007, 41.986035696760098 ], [ -123.539157310136005, 41.986582085958403 ], [ -123.538903903614994, 41.986862485779099 ], [ -123.538571696551003, 41.987237825853597 ], [ -123.538238918098997, 41.987590650700902 ], [ -123.538000135527994, 41.987771905451403 ], [ -123.537817708545006, 41.9878808415259 ], [ -123.537507174959998, 41.988098458462197 ], [ -123.537150729651003, 41.988329799551202 ], [ -123.536752597795001, 41.988583851376603 ], [ -123.536311871587003, 41.988842604207498 ], [ -123.535603412008001, 41.989251216527002 ], [ -123.535162789677997, 41.989523474592197 ], [ -123.534586580487996, 41.989868416603002 ], [ -123.534170658449995, 41.990163072723398 ], [ -123.533991047631005, 41.990294506496298 ], [ -123.533740887709996, 41.990471301867402 ], [ -123.533210612117003, 41.990807016580803 ], [ -123.532964488963998, 41.990880213695498 ], [ -123.532652610246998, 41.990940205271102 ], [ -123.532290442828, 41.990986919052801 ], [ -123.531613571988999, 41.990981048965999 ], [ -123.530822240125005, 41.991002724537402 ], [ -123.530068742259999, 41.991082763931402 ], [ -123.529505300403002, 41.9911979489139 ], [ -123.528891639505005, 41.9913538929666 ], [ -123.528358740694003, 41.991558999243303 ], [ -123.527942827481994, 41.991768068447399 ], [ -123.527350558967001, 41.9921400682151 ], [ -123.526998555790001, 41.9922767862491 ], [ -123.526701940666001, 41.992359208490001 ], [ -123.526426835034997, 41.992396497503599 ], [ -123.526098348817996, 41.992411513609497 ], [ -123.525815246524004, 41.992439831042901 ], [ -123.525553004041001, 41.992481562422398 ], [ -123.525299246165005, 41.992545771286402 ], [ -123.524560190564003, 41.992733789601601 ], [ -123.523973363036006, 41.992898591486799 ], [ -123.523483296353007, 41.993085466057401 ], [ -123.522921308329003, 41.9933357135316 ], [ -123.522278505019003, 41.993577319211397 ], [ -123.52177955869, 41.993786743804002 ], [ -123.521095299909007, 41.994127605661902 ], [ -123.520546534035006, 41.994382284840803 ], [ -123.519931289625006, 41.994628255756503 ], [ -123.519304063164, 41.994793216723799 ], [ -123.518793549972003, 41.995160298958098 ], [ -123.518946265612001, 41.995335240489801 ], [ -123.519074957743001, 41.995478766787102 ], [ -123.519400565975005, 41.996035713044598 ], [ -123.519559863918005, 41.996462813195002 ], [ -123.519666684559994, 41.996885647295699 ], [ -123.519654864923993, 41.997241467736103 ], [ -123.519516797242005, 41.997615873117397 ], [ -123.519349672927007, 41.997850805052401 ], [ -123.518882172285004, 41.998267230053699 ], [ -123.518559254828006, 41.998507368326102 ], [ -123.518259023496995, 41.998846477566403 ], [ -123.518061463788996, 41.999144592276402 ], [ -123.517862867667006, 41.999501255211001 ], [ -123.517730164605993, 41.999794573325701 ], [ -123.517554398852994, 41.999989011155201 ], [ -123.517296572706996, 42.000161301666303 ], [ -123.516965815337002, 42.000320409946802 ], [ -123.516626316192003, 42.000565120767497 ], [ -123.516266103598994, 42.001048602671297 ], [ -123.515373472849006, 42.001345333326803 ], [ -123.514499873920997, 42.001569917719699 ], [ -123.513390670676003, 42.001682965064603 ], [ -123.512309357815994, 42.001557198300198 ], [ -123.511322730581995, 42.001192320664302 ], [ -123.510102667243004, 42.0011256949645 ], [ -123.509228101831994, 42.001183618628801 ], [ -123.507943137102004, 42.0013063996862 ], [ -123.506744831342999, 42.001271165648397 ], [ -123.505745236782005, 42.001122459344998 ], [ -123.504245909183993, 42.001097531853901 ], [ -123.503254695319001, 42.001484668874497 ], [ -123.502358906745997, 42.001628197408202 ], [ -123.501528754651005, 42.001866003096701 ], [ -123.499518885580997, 42.002469212720001 ], [ -123.498427874410993, 42.0026946207281 ], [ -123.497778354500994, 42.003841296645298 ], [ -123.497104866366001, 42.004771910512098 ], [ -123.496129251449005, 42.005528194972698 ], [ -123.495562538401003, 42.005926939931797 ], [ -123.494191151194997, 42.006698425909498 ], [ -123.493358850421004, 42.007305458223499 ], [ -123.491729615771007, 42.007825833781503 ], [ -123.490176727236005, 42.007922543191697 ], [ -123.489077928933, 42.007886699888999 ], [ -123.486870628288997, 42.008125755597597 ], [ -123.485419508741003, 42.008257995926698 ], [ -123.484146043997001, 42.008578610369199 ], [ -123.482688805099997, 42.009251246651203 ], [ -123.481872206540999, 42.009907666597798 ], [ -123.480902220993002, 42.010794395332802 ], [ -123.48059332295, 42.010417405922098 ], [ -123.479818751772996, 42.010042363198401 ], [ -123.478784930933998, 42.010019659880598 ], [ -123.477915534694006, 42.009780100922498 ], [ -123.477007692683998, 42.009747850251898 ], [ -123.475058333299003, 42.010179251601798 ], [ -123.473028920299001, 42.0105569093109 ], [ -123.471138149851996, 42.0108033643778 ], [ -123.468736232059001, 42.010772667745698 ], [ -123.467820520409006, 42.010749383303697 ], [ -123.466882776743006, 42.010861282327497 ], [ -123.465177347956001, 42.010548467073299 ], [ -123.464165969549995, 42.010394943336003 ], [ -123.463341816135994, 42.009934425732098 ], [ -123.462232094035002, 42.009695717772701 ], [ -123.460905714914006, 42.010025294242901 ], [ -123.459964739639005, 42.010317284647698 ], [ -123.458829157292996, 42.010155204762 ], [ -123.457466273763998, 42.009976006260203 ], [ -123.456146332157999, 42.010048809823601 ], [ -123.455488124127001, 42.010411693463404 ], [ -123.455538220912004, 42.011456277073897 ], [ -123.455665494738994, 42.013108509203001 ], [ -123.455864553148004, 42.014611844437603 ], [ -123.456600754850996, 42.015860854795498 ], [ -123.456505463105003, 42.016257530241496 ], [ -123.456058613511004, 42.016470964868503 ], [ -123.455592199807, 42.016693482142202 ], [ -123.454936073181997, 42.016934763069699 ], [ -123.454436271499006, 42.017080850713 ], [ -123.453387361685003, 42.017233609841803 ], [ -123.452650851179996, 42.017371617731598 ], [ -123.451641858155, 42.0176728146131 ], [ -123.450355773715998, 42.0176463443307 ], [ -123.449122893259997, 42.017349449405501 ], [ -123.447667849921004, 42.0169633405364 ], [ -123.446364041376995, 42.016720732949302 ], [ -123.445215673969003, 42.016306379695799 ], [ -123.443578394257003, 42.015812844717601 ], [ -123.442049346869993, 42.016066428898 ], [ -123.441163821632998, 42.016488649161197 ], [ -123.440250067091995, 42.016978521380899 ], [ -123.439573238506995, 42.017291847827501 ], [ -123.438753095924994, 42.017457107025102 ], [ -123.437460034807998, 42.017457539113003 ], [ -123.436670148055001, 42.017356969369501 ], [ -123.435779374798997, 42.0174053884231 ], [ -123.435110350935005, 42.017538524180601 ], [ -123.434049879585004, 42.0176641302413 ], [ -123.433342647624002, 42.017729849645796 ], [ -123.432918414366, 42.017339657422902 ], [ -123.432581088115995, 42.016629396881598 ], [ -123.432423603581, 42.016224687022898 ], [ -123.432172574022999, 42.015883376348597 ], [ -123.431413016205994, 42.015017083189598 ], [ -123.429192080251994, 42.0136338673599 ], [ -123.428153397621998, 42.012836146168901 ], [ -123.426866630077996, 42.012183446257801 ], [ -123.425189845221993, 42.011784366148198 ], [ -123.424047435746004, 42.011437329082597 ], [ -123.422894899338999, 42.011211909034003 ], [ -123.421661931675004, 42.010806637903102 ], [ -123.421009341797003, 42.010507307229197 ], [ -123.420280560782004, 42.009811954780098 ], [ -123.420061536252007, 42.008470750425197 ], [ -123.419916727865001, 42.007453517039899 ], [ -123.419636521013999, 42.0067340013197 ], [ -123.418814750151, 42.005890367468403 ], [ -123.417474401934001, 42.005548489916102 ], [ -123.416137955256005, 42.005166052118902 ], [ -123.414821423581998, 42.004535840851602 ], [ -123.412569821464999, 42.004309779919701 ], [ -123.411398961996994, 42.004611205382098 ], [ -123.410402947009004, 42.004934510797597 ], [ -123.409519864615007, 42.005216874291598 ], [ -123.408603102430007, 42.005544384675602 ], [ -123.407484148684006, 42.006003203675697 ], [ -123.406194200873998, 42.006219434491001 ], [ -123.405135855173995, 42.0061241004328 ], [ -123.404151976652003, 42.005690740965001 ], [ -123.402942636095005, 42.005226641031797 ], [ -123.402162046029005, 42.0050717602155 ], [ -123.401531389162997, 42.005055954503398 ], [ -123.400918371417006, 42.005265252742397 ], [ -123.400279537841996, 42.005510664771798 ], [ -123.399826462731994, 42.00565184861 ], [ -123.399643014777993, 42.0056434806921 ], [ -123.399050155591993, 42.005276266082802 ], [ -123.398175873214001, 42.0048604877462 ], [ -123.397336624033997, 42.004372527347698 ], [ -123.396567824325004, 42.003924847828401 ], [ -123.395455645129005, 42.003536890576903 ], [ -123.394425154432, 42.0034818921389 ], [ -123.393073778548001, 42.003648649450298 ], [ -123.391928983989999, 42.003967800676797 ], [ -123.390788494614, 42.0043139461105 ], [ -123.389745820466004, 42.004551666965803 ], [ -123.388611311893996, 42.004830219721001 ], [ -123.387606946377005, 42.005040771150398 ], [ -123.386732571295994, 42.005282399575499 ], [ -123.385517441511993, 42.005462118948401 ], [ -123.384743395610002, 42.005572797159203 ], [ -123.384003611086996, 42.005858987395499 ], [ -123.383203982756001, 42.006235440266401 ], [ -123.382267338722002, 42.006733935196799 ], [ -123.381193968107993, 42.0072779103889 ], [ -123.380444197591004, 42.0076676885217 ], [ -123.379314262045995, 42.008414485599097 ], [ -123.37805958925, 42.009004064128 ], [ -123.377173884461996, 42.009578906961003 ], [ -123.376483109687996, 42.0098063436199 ], [ -123.376223933583006, 42.009820703532398 ], [ -123.375857229955002, 42.009583225819199 ], [ -123.375206739028997, 42.009153029625402 ], [ -123.374818408067, 42.008830055051199 ], [ -123.374416515156, 42.008574674069202 ], [ -123.374154671813997, 42.0083908893181 ], [ -123.374320446517004, 42.008151669726502 ], [ -123.374113307578, 42.008093801091697 ], [ -123.373310819943995, 42.007673096070597 ], [ -123.372768776902006, 42.006873255933698 ], [ -123.371934318038001, 42.004781890376997 ], [ -123.371241000926005, 42.003527690936103 ], [ -123.370732691710998, 42.002678194223101 ], [ -123.369553849211002, 42.002281194288102 ], [ -123.36846709868, 42.002343231871798 ], [ -123.367096221281997, 42.002604317082202 ], [ -123.365770203403002, 42.002991337738898 ], [ -123.364269752794002, 42.003495984724402 ], [ -123.363085066904006, 42.003792458062101 ], [ -123.361363092253001, 42.004167169382903 ], [ -123.360382122724005, 42.004057668797103 ], [ -123.359484677129998, 42.003434512510502 ], [ -123.358475198254993, 42.002478448576298 ], [ -123.357598016143001, 42.001693092172403 ], [ -123.356535917892998, 42.001034398256301 ], [ -123.355767992807998, 42.000753067535499 ], [ -123.354841071672993, 42.000512753744502 ], [ -123.354008455241996, 42.000402739876499 ], [ -123.352877457305993, 42.000307147778798 ], [ -123.352402888870003, 42.000326619233498 ], [ -123.351561157784005, 42.000410261228801 ], [ -123.351074340626994, 42.0003982409957 ], [ -123.351026043665001, 42.000398388698301 ], [ -123.350286167109005, 41.999927793205501 ], [ -123.350001318056997, 41.9994513030001 ], [ -123.349939619026998, 41.9994154640057 ], [ -123.349297502251005, 41.9990166181909 ], [ -123.349026107740002, 41.998859825117201 ], [ -123.348766829786001, 41.998779552186299 ], [ -123.348412191888002, 41.9987175816998 ], [ -123.348070637213993, 41.998633053503099 ], [ -123.347654395524998, 41.998413648850502 ], [ -123.347274059897998, 41.9981355900007 ], [ -123.347026587930998, 41.997866135064903 ], [ -123.346935261813996, 41.997654751823703 ], [ -123.346812167395001, 41.997290349240103 ], [ -123.346740777053, 41.996997844571197 ], [ -123.346642443034, 41.996745951720499 ], [ -123.346386578538997, 41.996318902012703 ], [ -123.346190671534998, 41.9959547183647 ], [ -123.345970934209006, 41.995369940016602 ], [ -123.345707592996007, 41.994744761985601 ], [ -123.345630612402005, 41.9942541240747 ], [ -123.345561191041995, 41.993975122758101 ], [ -123.345463790215007, 41.993754749695498 ], [ -123.345374435127994, 41.993417264122598 ], [ -123.345290692077, 41.993070754792598 ], [ -123.345223865177005, 41.992782738621003 ], [ -123.345118339254, 41.992454308206902 ], [ -123.344992623189995, 41.992229516414 ], [ -123.344476083545999, 41.991731190905497 ], [ -123.343981697168999, 41.991421939212501 ], [ -123.343354808534997, 41.991167122507697 ], [ -123.342906123321995, 41.991006341471603 ], [ -123.342559326973003, 41.990849758064599 ], [ -123.342308341164994, 41.990760438867802 ], [ -123.342057917711003, 41.990635090283298 ], [ -123.341960719165996, 41.990378686340698 ], [ -123.341938298543994, 41.989995964506797 ], [ -123.341936948954, 41.989743778362502 ], [ -123.341929346396995, 41.9894510802675 ], [ -123.341855058093003, 41.989104540009201 ], [ -123.341765174721004, 41.9886634747808 ], [ -123.341740805547005, 41.988339302754198 ], [ -123.341739512865004, 41.987956517843202 ], [ -123.341546772493004, 41.987610329859301 ], [ -123.341390129236004, 41.9872415171954 ], [ -123.341388204533004, 41.986881251075403 ], [ -123.341379689115001, 41.986629086094801 ], [ -123.341362947920004, 41.9863904557591 ], [ -123.341332032024994, 41.986111336969799 ], [ -123.341294116707999, 41.985863762761298 ], [ -123.341099403423996, 41.985499566160897 ], [ -123.340935872076003, 41.985252364989201 ], [ -123.340779484742001, 41.9850006389659 ], [ -123.340679443986005, 41.984703711511997 ], [ -123.340714401848999, 41.984397376557098 ], [ -123.340777795879006, 41.984117977567003 ], [ -123.341155402800993, 41.983481876507902 ], [ -123.341388069670003, 41.9831839603576 ], [ -123.341613846979001, 41.982868050618599 ], [ -123.341794685913996, 41.982543267424496 ], [ -123.34192443888, 41.982259166716901 ], [ -123.341958010046, 41.982047406829601 ], [ -123.341897446933004, 41.981867451136999 ], [ -123.341821467331997, 41.981696548116602 ], [ -123.341605254182994, 41.981472021594598 ], [ -123.341397227905006, 41.981297007737602 ], [ -123.341153593071994, 41.981234684392497 ], [ -123.340955361835995, 41.980915531724399 ], [ -123.340795896691006, 41.980650304455501 ], [ -123.340748491672997, 41.980461302239704 ], [ -123.340575713240995, 41.9802456515974 ], [ -123.340394516453998, 41.980007508629697 ], [ -123.340252084159999, 41.979823291322901 ], [ -123.340068453331995, 41.979481576741499 ], [ -123.339901636581004, 41.9791803427009 ], [ -123.339720493214003, 41.978951205271699 ], [ -123.339452220286006, 41.978722325217397 ], [ -123.339064284735997, 41.978475784399699 ], [ -123.338572075813005, 41.978125971516299 ], [ -123.338034986422997, 41.9777762886606 ], [ -123.337825641034001, 41.977632795926198 ], [ -123.337668204216001, 41.9774621296988 ], [ -123.337471535880994, 41.977147469590903 ], [ -123.337275979051995, 41.976900356956897 ], [ -123.337116327725994, 41.976666648763597 ], [ -123.336943714273005, 41.976478012450301 ], [ -123.336695992399001, 41.976208534858102 ], [ -123.336548666737002, 41.975736109113001 ], [ -123.336530202462995, 41.975524503095997 ], [ -123.336502566153996, 41.9752183523931 ], [ -123.336475211876007, 41.974894187208399 ], [ -123.336395334757995, 41.9744801077522 ], [ -123.336228289139996, 41.974201385800001 ], [ -123.335883127998997, 41.973833116684503 ], [ -123.335636696562005, 41.973662707892998 ], [ -123.335435619159, 41.973510179691601 ], [ -123.335011216397007, 41.973277241693403 ], [ -123.334174369337006, 41.973077027312101 ], [ -123.333581901917995, 41.972943648118097 ], [ -123.333353155940003, 41.972908285292199 ], [ -123.332813303625997, 41.972810776609897 ], [ -123.332533429055999, 41.9728070842311 ], [ -123.332282688686007, 41.9728213204857 ], [ -123.331899496191994, 41.972822428971497 ], [ -123.331403443724994, 41.972733793837698 ], [ -123.330767774644997, 41.972632048681199 ], [ -123.329976812132003, 41.972548760114002 ], [ -123.329086925835, 41.972663899758103 ], [ -123.328454426280004, 41.9727377656965 ], [ -123.328115900523002, 41.972770257618798 ], [ -123.327696354083997, 41.972816490073598 ], [ -123.326858406279001, 41.972985505092701 ], [ -123.326129909578, 41.973095658784203 ], [ -123.325541221617996, 41.973182894430799 ], [ -123.325011369131005, 41.973269960504403 ], [ -123.324637442314994, 41.973388107172902 ], [ -123.324374320301999, 41.973564483915602 ], [ -123.324008220316998, 41.973664592776899 ], [ -123.323849265798998, 41.973408346945099 ], [ -123.323770910818993, 41.973129356545101 ], [ -123.323597077393003, 41.972913682991603 ], [ -123.323402238217994, 41.972720585394299 ], [ -123.322984550350995, 41.972388508919003 ], [ -123.322423574747006, 41.971912724271 ], [ -123.322033579595001, 41.971535532389098 ], [ -123.321741564521005, 41.971216608948303 ], [ -123.321507655649995, 41.970902025441802 ], [ -123.321287944830004, 41.970560381232801 ], [ -123.320951751525996, 41.970304627125898 ], [ -123.320483982880006, 41.970058246231098 ], [ -123.320052182048002, 41.969838783626003 ], [ -123.319273720336994, 41.969530215741898 ], [ -123.318569835676996, 41.969352034618701 ], [ -123.317941695805004, 41.969236687210099 ], [ -123.317593572540005, 41.969156589360203 ], [ -123.317036777759, 41.968901433778598 ], [ -123.316398681259997, 41.9686780234778 ], [ -123.315791315487004, 41.968490552402699 ], [ -123.315279123733006, 41.968329837256398 ], [ -123.314567921169996, 41.968115624323701 ], [ -123.313946301455999, 41.967941692761201 ], [ -123.313324795436998, 41.967790274588403 ], [ -123.312761546282999, 41.967674721667102 ], [ -123.312494853529998, 41.9675853796209 ], [ -123.312178066165998, 41.967586241482898 ], [ -123.311847851541998, 41.967695220902101 ], [ -123.311540155041001, 41.967781621191101 ], [ -123.311076812145998, 41.967890959583002 ], [ -123.310694643353003, 41.967941532057303 ], [ -123.310223738486997, 41.967969826005799 ], [ -123.309788661178999, 41.9679980213498 ], [ -123.309368981068999, 41.9680126633098 ], [ -123.309116491913997, 41.967896254653198 ], [ -123.308785647785001, 41.967563892297001 ], [ -123.308552947948002, 41.967249278889298 ], [ -123.308177965495005, 41.966912529944999 ], [ -123.307857391804006, 41.966674709012302 ], [ -123.307290827309998, 41.966257409228298 ], [ -123.306395669658997, 41.965656343972498 ], [ -123.305540576935996, 41.965149736800903 ], [ -123.305004768385999, 41.964849432599699 ], [ -123.304594820785994, 41.964607336446598 ], [ -123.304229815935997, 41.964378629981901 ], [ -123.303790096211998, 41.964060051716203 ], [ -123.303482367780006, 41.963741122906399 ], [ -123.303086357498003, 41.963413419514097 ], [ -123.302786995892006, 41.963107976967599 ], [ -123.302425552911998, 41.962672098020498 ], [ -123.302126909590001, 41.962357644977402 ], [ -123.301880802184002, 41.962227693214601 ], [ -123.301613579616003, 41.962097796395703 ], [ -123.301529832979, 41.961931389849298 ], [ -123.301517012793994, 41.961611680699697 ], [ -123.301584184500996, 41.960742344113399 ], [ -123.301633000332998, 41.9601387574467 ], [ -123.301680050580998, 41.959800877213503 ], [ -123.301679940037005, 41.959377555861302 ], [ -123.301631393077002, 41.958598591376997 ], [ -123.301609594206994, 41.957733991457303 ], [ -123.301661475862005, 41.957301526503201 ], [ -123.301771165182004, 41.956733806842102 ], [ -123.301868213421997, 41.956364270930798 ], [ -123.301929823059993, 41.956075889760399 ], [ -123.301879099052996, 41.955634687527798 ], [ -123.301673327564998, 41.955256940703002 ], [ -123.301498624245994, 41.9549106358769 ], [ -123.301403392170997, 41.954465046789402 ], [ -123.301373029537999, 41.953942729077397 ], [ -123.301397303193994, 41.953172579419601 ], [ -123.301542259943005, 41.952568739559098 ], [ -123.301576326342001, 41.952356988992399 ], [ -123.301578907993004, 41.952104790266802 ], [ -123.301550668817995, 41.951713066220002 ], [ -123.301519675322993, 41.951136708809202 ], [ -123.301520340262996, 41.950717888201901 ], [ -123.301579886195995, 41.950312423199101 ], [ -123.301673033547004, 41.949677194946702 ], [ -123.301812144764, 41.949194962350198 ], [ -123.301896830429001, 41.948924533893901 ], [ -123.301995066727002, 41.948649566290001 ], [ -123.302149609020006, 41.948162789178902 ], [ -123.302221954188994, 41.9475951664582 ], [ -123.302250380325006, 41.9470681901497 ], [ -123.302256228312999, 41.946550280091699 ], [ -123.302338747660997, 41.946221312270097 ], [ -123.302321238184007, 41.945946648999502 ], [ -123.301882048625998, 41.946190989980202 ], [ -123.301260136802995, 41.946462829464899 ], [ -123.300887181933007, 41.946603413870001 ], [ -123.300336867845004, 41.946789495473702 ], [ -123.299947949311999, 41.946903097989299 ], [ -123.299434239462997, 41.947017024715997 ], [ -123.298948445096002, 41.947054318119399 ], [ -123.298243066660007, 41.947218276174901 ], [ -123.297677972716002, 41.947390873119303 ], [ -123.297252307836999, 41.947468534312897 ], [ -123.297002518178999, 41.947505208211602 ], [ -123.296523609153994, 41.947564990700499 ], [ -123.295842490417996, 41.947841457125399 ], [ -123.295162725924001, 41.948167453760298 ], [ -123.294550559631006, 41.9486013552903 ], [ -123.294076213527006, 41.948917811405302 ], [ -123.293675134262003, 41.949180036995301 ], [ -123.293082626700993, 41.949465267153201 ], [ -123.292459307971001, 41.9496920281426 ], [ -123.291887849823993, 41.949882626466803 ], [ -123.291527222954997, 41.949924073608202 ], [ -123.291192920398004, 41.9497853156575 ], [ -123.290946454766001, 41.949560768998502 ], [ -123.290587749156998, 41.949277961341998 ], [ -123.290067662175005, 41.948991056959102 ], [ -123.289359387058994, 41.948524487410999 ], [ -123.288800563101006, 41.948089061630498 ], [ -123.288022564252998, 41.9478748512905 ], [ -123.287328060232994, 41.947782019400499 ], [ -123.286583596602, 41.947729838909297 ], [ -123.285904376643998, 41.9476819945695 ], [ -123.285040383305002, 41.947625598229202 ], [ -123.284052710717006, 41.947564998012702 ], [ -123.282990413006004, 41.947509076692199 ], [ -123.282127951977003, 41.9475427232966 ], [ -123.281259774534007, 41.947648432340202 ], [ -123.280554958246, 41.947780756334701 ], [ -123.279951933725997, 41.947912827840298 ], [ -123.279370874650994, 41.947981794684097 ], [ -123.278795850143993, 41.947965178727202 ], [ -123.278117069594998, 41.947930797546 ], [ -123.277190065951999, 41.948036618299298 ], [ -123.276330692852, 41.948263861472597 ], [ -123.275883720126004, 41.948391032479002 ], [ -123.275701807125003, 41.948522068979102 ], [ -123.275489712593995, 41.948648674181499 ], [ -123.275119886978004, 41.948568499216499 ], [ -123.274903333273997, 41.948447425281401 ], [ -123.274703312279001, 41.948312801083503 ], [ -123.274522316079, 41.948043028085102 ], [ -123.274430113039003, 41.947818076904902 ], [ -123.274358918190003, 41.947480489629399 ], [ -123.274248447708004, 41.947039417158003 ], [ -123.274033674574, 41.946540048910499 ], [ -123.273867843475998, 41.946288252328202 ], [ -123.273612811340996, 41.945982626902897 ], [ -123.273120928343005, 41.945655047399903 ], [ -123.272528533938996, 41.945449297118898 ], [ -123.271870984589995, 41.9453472770643 ], [ -123.271281283188003, 41.9453306582013 ], [ -123.270587774958003, 41.945282756965497 ], [ -123.270136146848998, 41.945198255211402 ], [ -123.269661483850996, 41.9450147302217 ], [ -123.268890314130005, 41.944696795014998 ], [ -123.268167782651005, 41.944198603600597 ], [ -123.267512291171997, 41.943772306378797 ], [ -123.267169817985007, 41.943552435468398 ], [ -123.266968057599996, 41.943354753602499 ], [ -123.266808240116006, 41.942999353642499 ], [ -123.266667333239994, 41.942477282357302 ], [ -123.266468183941001, 41.942000380409802 ], [ -123.266225892069997, 41.941573115933402 ], [ -123.265723214914004, 41.9409888335083 ], [ -123.265288150220996, 41.940525985450897 ], [ -123.264972945243002, 41.940148424486203 ], [ -123.264531744465003, 41.939748635795503 ], [ -123.264092861970994, 41.939452419150598 ], [ -123.263303390730002, 41.938877792085201 ], [ -123.262906534574995, 41.938531936627001 ], [ -123.262518427182002, 41.938204073531701 ], [ -123.262317461964003, 41.938100953721403 ], [ -123.261999209660004, 41.937984590934597 ], [ -123.261592051283998, 41.937881940179601 ], [ -123.261265829606003, 41.937752083188698 ], [ -123.261035447111993, 41.937644524619401 ], [ -123.260791008672996, 41.937509976866899 ], [ -123.260632525833003, 41.937285164680198 ], [ -123.260409214353004, 41.936691217116604 ], [ -123.260144311537005, 41.936250480326898 ], [ -123.259882525704, 41.935926825334697 ], [ -123.259687688208999, 41.935751631925498 ], [ -123.259360130876004, 41.9355677311733 ], [ -123.258442192519993, 41.935268070381298 ], [ -123.257634923469993, 41.935022195271799 ], [ -123.256902941391004, 41.9348436976912 ], [ -123.255897863941996, 41.9346162665436 ], [ -123.254862207547006, 41.934375384134597 ], [ -123.254498701542005, 41.934245590573497 ], [ -123.253905055123994, 41.933967691366099 ], [ -123.253593856958005, 41.933815262023202 ], [ -123.253325755009996, 41.933694260865302 ], [ -123.252784760159997, 41.933479287876999 ], [ -123.252540083973003, 41.933371743632399 ], [ -123.252275086336994, 41.933367822742198 ], [ -123.251890477884004, 41.9333326395965 ], [ -123.251601631862002, 41.933207176461998 ], [ -123.251026565958, 41.932663518331303 ], [ -123.25063631834, 41.932245550448201 ], [ -123.250262511578995, 41.931886090167403 ], [ -123.249868452482005, 41.931648265764203 ], [ -123.249287622050005, 41.931262231928898 ], [ -123.249006689493001, 41.9309385933825 ], [ -123.248919622768, 41.930745133961899 ], [ -123.248822775576002, 41.930556199111102 ], [ -123.248482865281005, 41.930282224953899 ], [ -123.248076542312006, 41.930084951890997 ], [ -123.248007791665998, 41.929850921145103 ], [ -123.247998714797006, 41.929648285607698 ], [ -123.247974931903997, 41.929346605969997 ], [ -123.247584605943004, 41.928410731040998 ], [ -123.247170203414996, 41.9280693617536 ], [ -123.246793656568997, 41.927867516512798 ], [ -123.246594975755997, 41.927755357155 ], [ -123.246047365782005, 41.927369235282796 ], [ -123.24552237943, 41.927082138291901 ], [ -123.245079439077003, 41.926763339638299 ], [ -123.244437609616995, 41.926471983539003 ], [ -123.244244608339002, 41.926364311441503 ], [ -123.243853757848001, 41.926162486914102 ], [ -123.243594992, 41.926005415410302 ], [ -123.243374085773993, 41.9258932975861 ], [ -123.243033537870005, 41.925736398124599 ], [ -123.242244488558995, 41.925377789449698 ], [ -123.241919366847, 41.925112771284297 ], [ -123.241578520866, 41.924874805979201 ], [ -123.241142311168005, 41.924632536517301 ], [ -123.240883421426005, 41.924439431496999 ], [ -123.240647282313006, 41.9242823058242 ], [ -123.240315434037001, 41.924129883467501 ], [ -123.239843666786001, 41.923950731785403 ], [ -123.239255445294006, 41.924073552196496 ], [ -123.238991919325002, 41.924150659699102 ], [ -123.238610305736003, 41.924295563839699 ], [ -123.238316302024998, 41.924386243477997 ], [ -123.238029993682005, 41.924418361531302 ], [ -123.237550382494007, 41.924257230503599 ], [ -123.237232547144004, 41.924019204642498 ], [ -123.236753544855006, 41.923817537939897 ], [ -123.236420362079002, 41.923606562171301 ], [ -123.235860716459996, 41.923405057744503 ], [ -123.235410419209998, 41.923320416228499 ], [ -123.234961891232999, 41.923204245151098 ], [ -123.234615529736004, 41.923096870514001 ], [ -123.234202301056001, 41.923048176132902 ], [ -123.233879292970002, 41.923039827611497 ], [ -123.233510796909997, 41.922959515442201 ], [ -123.233296769204998, 41.922865377980798 ], [ -123.232971811176995, 41.922735437618101 ], [ -123.232559014106002, 41.922493087926199 ], [ -123.232180792416997, 41.922223646104101 ], [ -123.231716222817994, 41.922044446394999 ], [ -123.231282522455004, 41.921959755168203 ], [ -123.230678023455994, 41.921852888290097 ], [ -123.230133217233998, 41.921786429693903 ], [ -123.229670582598999, 41.921724307634001 ], [ -123.229030217125995, 41.921703069448903 ], [ -123.228631473473996, 41.921591277740298 ], [ -123.228262865071002, 41.921474921285402 ], [ -123.227460004272004, 41.921327900520403 ], [ -123.226981717466003, 41.921207253707301 ], [ -123.226370184391996, 41.921131902219997 ], [ -123.225833885948006, 41.921123951356201 ], [ -123.225480754662001, 41.921120141898101 ], [ -123.225054295183, 41.921161509654503 ], [ -123.224416971067996, 41.921360909079503 ], [ -123.223923774848004, 41.921501479063103 ], [ -123.223396658580995, 41.921750195842399 ], [ -123.222765588152001, 41.922017125738897 ], [ -123.221687470768003, 41.922370481775502 ], [ -123.221618404162996, 41.922014842191999 ], [ -123.221425739994004, 41.921772027331897 ], [ -123.220938125960004, 41.921457724767698 ], [ -123.220591125097002, 41.921264743355898 ], [ -123.220266516338, 41.921116752489802 ], [ -123.219860338128001, 41.920919378906099 ], [ -123.219448564768001, 41.9208481113319 ], [ -123.218690524736999, 41.920795516120698 ], [ -123.217792310063999, 41.920747685323903 ], [ -123.216996806801006, 41.9205375290232 ], [ -123.216311817125998, 41.920354179798103 ], [ -123.215780871972001, 41.920143516356603 ], [ -123.215138925825997, 41.919870010089198 ], [ -123.214673680903999, 41.9196952460426 ], [ -123.213974206103998, 41.919457868434499 ], [ -123.213185784312003, 41.919328734701402 ], [ -123.212796878657002, 41.919329456099902 ], [ -123.211759221801998, 41.919385415935402 ], [ -123.210935108125994, 41.919287856762502 ], [ -123.210352680534996, 41.9191132903916 ], [ -123.209630720532999, 41.918907451682202 ], [ -123.208689197143002, 41.918742538803698 ], [ -123.207974585402994, 41.918707807705601 ], [ -123.207621352708003, 41.918667915834597 ], [ -123.207186618007, 41.918479555855399 ], [ -123.206670009136005, 41.918259817409101 ], [ -123.205890399132002, 41.918166645347902 ], [ -123.205043409807004, 41.918096105622801 ], [ -123.204227799872001, 41.918057028049397 ], [ -123.203527942554999, 41.917918663479902 ], [ -123.203172808429002, 41.917752664444002 ], [ -123.202731758610994, 41.917586816027303 ], [ -123.202156513757004, 41.9174076918721 ], [ -123.201662341209996, 41.917363526244401 ], [ -123.201381717603994, 41.917521639815398 ], [ -123.201107291667, 41.917733783347302 ], [ -123.200887589659999, 41.917972851239902 ], [ -123.200456413021001, 41.918311364167202 ], [ -123.200010717153006, 41.918708445703203 ], [ -123.199799424722002, 41.918988027947201 ], [ -123.199587543722998, 41.919200058948299 ], [ -123.199178237157, 41.919547535906801 ], [ -123.198892977881002, 41.919795720526501 ], [ -123.198585748065, 41.920129508109703 ], [ -123.198338100692993, 41.920355108988197 ], [ -123.197934265699004, 41.920526937190502 ], [ -123.197184116391995, 41.920582269341097 ], [ -123.196610906543, 41.920578748818897 ], [ -123.196140229901999, 41.920584057247602 ], [ -123.195809851939003, 41.9206251522318 ], [ -123.195287709956006, 41.920684586398302 ], [ -123.194596544264002, 41.9206812563759 ], [ -123.194354199800003, 41.920672659920399 ], [ -123.193919603674999, 41.920646373973199 ], [ -123.193448831062994, 41.920620147335001 ], [ -123.193117398731999, 41.920562160301699 ], [ -123.192734472146995, 41.920423196534401 ], [ -123.192254639183005, 41.920140283157103 ], [ -123.191899374594996, 41.9199247115003 ], [ -123.191574420764994, 41.919763129656999 ], [ -123.19123648115, 41.9196691203801 ], [ -123.190875285274998, 41.9196111764292 ], [ -123.190396647208999, 41.919598460716102 ], [ -123.189838330971, 41.919657930088903 ], [ -123.189405598354, 41.919748713863001 ], [ -123.188913884382998, 41.919902641463601 ], [ -123.188437295092996, 41.920074555964 ], [ -123.187953105887004, 41.9203545638929 ], [ -123.187740712438995, 41.920535049640598 ], [ -123.187544706576006, 41.920778556619403 ], [ -123.187407117347007, 41.921152568162498 ], [ -123.187350550833003, 41.921526447344498 ], [ -123.187323914445003, 41.921954319119401 ], [ -123.187261164495993, 41.922404767035502 ], [ -123.187226608030997, 41.922702051438897 ], [ -123.187089898143, 41.9231210955923 ], [ -123.186798813465003, 41.923589928802002 ], [ -123.186492010986996, 41.923968717682698 ], [ -123.186163643764999, 41.924320519961697 ], [ -123.185820014859004, 41.924609297629097 ], [ -123.185387491328996, 41.924916231629801 ], [ -123.184905877583006, 41.925322319021603 ], [ -123.184620303762003, 41.9256200064521 ], [ -123.184437929197998, 41.9258950101705 ], [ -123.184198836128999, 41.926368256497902 ], [ -123.184140637176995, 41.926575508653002 ], [ -123.184092249117995, 41.926917848601597 ], [ -123.184078184054002, 41.927138540291999 ], [ -123.184080313015997, 41.927354702559398 ], [ -123.184111176705002, 41.927602342906603 ], [ -123.184141846383, 41.927782431777302 ], [ -123.184231688069005, 41.9280930257869 ], [ -123.184321778504, 41.928358584801799 ], [ -123.184419250881007, 41.928570090469698 ], [ -123.184546162469005, 41.928795059085203 ], [ -123.184664729901996, 41.929002027170199 ], [ -123.184643831342996, 41.929204716037901 ], [ -123.184314753118997, 41.929322334465901 ], [ -123.183792319928997, 41.9294402616163 ], [ -123.183572139952005, 41.929548696646499 ], [ -123.183389465990999, 41.929724623100597 ], [ -123.18324375393, 41.929909497175402 ], [ -123.182988034613999, 41.930112560229198 ], [ -123.182621098371001, 41.930306792754003 ], [ -123.182306615523004, 41.9305234580738 ], [ -123.181925844790001, 41.930758241370199 ], [ -123.181683949380002, 41.930920748548601 ], [ -123.181376206574001, 41.931123890287601 ], [ -123.181068927279, 41.931358554603896 ], [ -123.180747073606, 41.931638275515702 ], [ -123.180425734245006, 41.931967532632903 ], [ -123.180088785104005, 41.932242771943898 ], [ -123.179788506140994, 41.932423380439097 ], [ -123.179254746781993, 41.932816014922999 ], [ -123.178939826198999, 41.933154264691296 ], [ -123.178735455894, 41.933397769153103 ], [ -123.178523482616001, 41.933618767829202 ], [ -123.178283251064002, 41.933844313434001 ], [ -123.178040542104, 41.9339933037798 ], [ -123.177710260712004, 41.933962291326303 ], [ -123.177422008963006, 41.933863661285102 ], [ -123.177222714129996, 41.933764893246497 ], [ -123.176994334518994, 41.933643652464703 ], [ -123.176714402646994, 41.933554014708697 ], [ -123.176028658991996, 41.933379433648199 ], [ -123.175160588378006, 41.933380761216497 ], [ -123.174632767849005, 41.933476137608203 ], [ -123.173963414170998, 41.933643781250503 ], [ -123.173464942303994, 41.933860700862297 ], [ -123.173164624844006, 41.934036788603997 ], [ -123.172966236727007, 41.9341316600132 ], [ -123.172693736720007, 41.934141077088903 ], [ -123.172369889842997, 41.934119046488298 ], [ -123.172017394966005, 41.934097057897503 ], [ -123.171444090411001, 41.934102418826299 ], [ -123.170641872458006, 41.934207193155601 ], [ -123.169849350655994, 41.934415526802802 ], [ -123.168903108316997, 41.9347952121623 ], [ -123.168206329182993, 41.935152007281999 ], [ -123.167231182256998, 41.935729872761897 ], [ -123.166733282191998, 41.936036831153402 ], [ -123.166234919144003, 41.936312263926602 ], [ -123.16591237758, 41.936506378588 ], [ -123.165509647929994, 41.936741138959199 ], [ -123.165231650787007, 41.936962208141701 ], [ -123.164778102290001, 41.937372673375599 ], [ -123.164587531514996, 41.9375846085848 ], [ -123.164318591172005, 41.937958779629803 ], [ -123.164070506830001, 41.938382458097102 ], [ -123.163800360696001, 41.938729608942502 ], [ -123.163611120135002, 41.939022602556797 ], [ -123.163406891205994, 41.939351644718101 ], [ -123.163149082461999, 41.939514135276703 ], [ -123.162901817241007, 41.939672106851098 ], [ -123.162592257767997, 41.939645524987696 ], [ -123.162297515809996, 41.939515342168903 ], [ -123.161780994750004, 41.939187319824697 ], [ -123.161337768644003, 41.938922240368299 ], [ -123.160879535660996, 41.938684200874803 ], [ -123.160400595236993, 41.938455195358898 ], [ -123.160068133473004, 41.938311549144998 ], [ -123.159625786731993, 41.938091496245299 ], [ -123.159286109768004, 41.937925340568299 ], [ -123.158984152555007, 41.937768138545202 ], [ -123.158563488756997, 41.937624610052801 ], [ -123.158158738026003, 41.937512582205301 ], [ -123.157472668948998, 41.937355904663299 ], [ -123.157112878120003, 41.9372843424498 ], [ -123.156751159820999, 41.937194767961302 ], [ -123.156559058888007, 41.937100457728697 ], [ -123.156323288302005, 41.937028723860799 ], [ -123.156036782865002, 41.937020106693197 ], [ -123.155794599470994, 41.937101497570303 ], [ -123.155500981371006, 41.937268523052502 ], [ -123.155259147083001, 41.937494022542502 ], [ -123.154966841385999, 41.937737603423201 ], [ -123.154637182629003, 41.937967723532502 ], [ -123.154115928812999, 41.938157569028398 ], [ -123.153749849519002, 41.938293163139598 ], [ -123.153463189121993, 41.938379112077399 ], [ -123.152934840916004, 41.938600485785997 ], [ -123.152318741814994, 41.939015621560301 ], [ -123.152085570007998, 41.939245606252797 ], [ -123.151799574736998, 41.939615267037802 ], [ -123.151603309809005, 41.939831691599103 ], [ -123.151398814130999, 41.940075147324499 ], [ -123.151164976942994, 41.940345661962901 ], [ -123.150902625845006, 41.940674758336598 ], [ -123.150712795627996, 41.9409046832047 ], [ -123.150368487226999, 41.9411708376999 ], [ -123.149949102948995, 41.941252448131401 ], [ -123.149625416015994, 41.941311415151297 ], [ -123.149207390795993, 41.941329972922503 ], [ -123.148801784045006, 41.941339506195099 ], [ -123.148272549403998, 41.941358204638099 ], [ -123.147567044623997, 41.941444678950397 ], [ -123.147147570916999, 41.941490251731302 ], [ -123.146720934616994, 41.941535832132701 ], [ -123.146310079347003, 41.941558873633603 ], [ -123.145574065676996, 41.941658884895404 ], [ -123.144942930515995, 41.9417947866148 ], [ -123.144355064829, 41.941894602940302 ], [ -123.143943604341999, 41.9419851883479 ], [ -123.143693646086007, 41.941976494568301 ], [ -123.143289000050004, 41.942080579422999 ], [ -123.143061635151, 41.9422294764979 ], [ -123.142585182700998, 41.942423717131597 ], [ -123.142181275991007, 41.942523293716803 ], [ -123.141871832172001, 41.942550697145897 ], [ -123.141630144500994, 41.942532981774299 ], [ -123.141356642274999, 41.942447753458701 ], [ -123.140870421684994, 41.942317751272903 ], [ -123.140149016433, 41.942210551549699 ], [ -123.139669821621993, 41.942188618278401 ], [ -123.139015399344999, 41.942198419389598 ], [ -123.138750381117006, 41.9421987399638 ], [ -123.138405421868995, 41.942190149438801 ], [ -123.137919114246003, 41.942190734638999 ], [ -123.137271149257003, 41.9422230352559 ], [ -123.136631264521, 41.942156246900403 ], [ -123.136203866046998, 41.942026154927802 ], [ -123.135762066403998, 41.941860050860598 ], [ -123.135362858842996, 41.941689391439702 ], [ -123.134980713030998, 41.941563744982503 ], [ -123.134670316563998, 41.941496557855203 ], [ -123.134442895001001, 41.941447286524202 ], [ -123.134192844457004, 41.941393537750997 ], [ -123.133964754504007, 41.941384797227698 ], [ -123.133751686118003, 41.941529155766602 ], [ -123.133583711727994, 41.941786047483802 ], [ -123.133260008107001, 41.941844968385197 ], [ -123.133038957004999, 41.941777673116903 ], [ -123.132515777020998, 41.941629664582798 ], [ -123.132052126106998, 41.941463571442902 ], [ -123.131615875963007, 41.941238900274897 ], [ -123.131335063050997, 41.9410725944877 ], [ -123.131010889628996, 41.940901834051601 ], [ -123.130656561207999, 41.940731107014201 ], [ -123.130443056155997, 41.940663798145501 ], [ -123.129685211096003, 41.940601608451502 ], [ -123.129243343674005, 41.940575086042699 ], [ -123.128802167123993, 41.940517037061397 ], [ -123.128455234520999, 41.940458880982398 ], [ -123.128006950442, 41.940427857550603 ], [ -123.127602055116, 41.940414797925598 ], [ -123.127190805720005, 41.940428764566903 ], [ -123.126807810632997, 41.940433691648103 ], [ -123.126380540149995, 41.940353100787 ], [ -123.126100361824996, 41.940308374419899 ], [ -123.125784658862997, 41.940218651865798 ], [ -123.125422967564006, 41.940128978688499 ], [ -123.125105749750006, 41.940034752476301 ], [ -123.124833419203, 41.939953986919598 ], [ -123.124254341306994, 41.939927594406498 ], [ -123.123870333574999, 41.9397974094937 ], [ -123.123308294392999, 41.939613373313001 ], [ -123.122828155856993, 41.939478784664303 ], [ -123.122435413971999, 41.939312576736 ], [ -123.121772570760001, 41.939241226559602 ], [ -123.121021680954996, 41.939255530823097 ], [ -123.120728144249, 41.939318888060598 ], [ -123.120205393280997, 41.939373477863398 ], [ -123.119525780388997, 41.939203056512902 ], [ -123.119015729699001, 41.938991924499703 ], [ -123.118547810467007, 41.938731208834703 ], [ -123.117992850852005, 41.938488594508499 ], [ -123.117482023920005, 41.938259442672802 ], [ -123.116279464884997, 41.938021984297002 ], [ -123.115371064190995, 41.937851769782696 ], [ -123.114802353922002, 41.937708229597803 ], [ -123.113871968775996, 41.937465970069802 ], [ -123.113399925148997, 41.937412395918699 ], [ -123.113002614709998, 41.937412787640199 ], [ -123.112599142197993, 41.937552790828903 ], [ -123.112313261351005, 41.937683670738799 ], [ -123.111632462838998, 41.937891493142601 ], [ -123.111092114076001, 41.938229775588198 ], [ -123.110705097945996, 41.938518369843997 ], [ -123.110377277672001, 41.9388159127774 ], [ -123.110087157383006, 41.9391179220626 ], [ -123.109769825308007, 41.9396000943605 ], [ -123.109603330409996, 41.939892977237001 ], [ -123.109305716001998, 41.9402265157469 ], [ -123.109027741164994, 41.940361883334702 ], [ -123.108535476428003, 41.940398377273901 ], [ -123.107912751447998, 41.940642150161203 ], [ -123.107145986318002, 41.941093212522397 ], [ -123.106634222175998, 41.941422440245198 ], [ -123.106057273052997, 41.941774243109698 ], [ -123.105436196371997, 41.942117076703099 ], [ -123.104940292901006, 41.942473302901298 ], [ -123.104329438229996, 41.943081824138403 ], [ -123.104090570037002, 41.943401785233199 ], [ -123.103720158992999, 41.943739878482802 ], [ -123.103165539637999, 41.944168204985601 ], [ -123.102691581852994, 41.944591953221803 ], [ -123.102409352747003, 41.944916452950601 ], [ -123.101922340578994, 41.945434781819898 ], [ -123.101667902006, 41.945696206863502 ], [ -123.101245780075004, 41.946011820585198 ], [ -123.100946436464, 41.946250766402699 ], [ -123.100744979327004, 41.946404060253698 ], [ -123.100352532480002, 41.946656596479002 ], [ -123.100077170356997, 41.9468054502833 ], [ -123.099835697016005, 41.946927253333499 ], [ -123.099352760350996, 41.947179864769701 ], [ -123.098632798205003, 41.947266050845101 ], [ -123.098278823803994, 41.947293375016599 ], [ -123.097896176616999, 41.947307212235799 ], [ -123.096861170620997, 41.947488227580898 ], [ -123.096625549603999, 41.947497432995199 ], [ -123.096162684101998, 41.947569876606202 ], [ -123.095574735894999, 41.947700967227597 ], [ -123.094995166546994, 41.9478905925859 ], [ -123.094496976431003, 41.948044120566102 ], [ -123.093933314894997, 41.948287768701903 ], [ -123.093590252826004, 41.9485627585046 ], [ -123.093122854407994, 41.948896392857698 ], [ -123.092743512926006, 41.949117368288498 ], [ -123.092171943059995, 41.949379027865803 ], [ -123.091681281549, 41.949537040982896 ], [ -123.091063015684, 41.949578063949701 ], [ -123.090583278210005, 41.949465857555801 ], [ -123.089843997122998, 41.949245770084701 ], [ -123.089075300738003, 41.949016693796402 ], [ -123.088395191998998, 41.948774033870897 ], [ -123.087303583400001, 41.948680296959097 ], [ -123.086428151522, 41.948689966178698 ], [ -123.085701920988001, 41.948906675527397 ], [ -123.085079030863, 41.949154827796697 ], [ -123.084588460663994, 41.949393872392797 ], [ -123.084311212981007, 41.949578717198399 ], [ -123.083769767926, 41.9498403128066 ], [ -123.083054051087998, 41.950331707256403 ], [ -123.082660919096995, 41.950710279529403 ], [ -123.082501712026996, 41.950926558921601 ], [ -123.082282538369995, 41.951129370773302 ], [ -123.082072024230001, 41.951323169140501 ], [ -123.08176283073, 41.951305376011902 ], [ -123.080877325670997, 41.9511303692613 ], [ -123.080412834239993, 41.9511442058323 ], [ -123.079810386671994, 41.951189660549801 ], [ -123.079007736723995, 41.951239753485602 ], [ -123.078198621444997, 41.951244810867102 ], [ -123.077918560526996, 41.951308049362503 ], [ -123.077691671674998, 41.951380258074302 ], [ -123.077467709961994, 41.951691146385599 ], [ -123.077559784244997, 41.952064869257697 ], [ -123.077771884230998, 41.952542089763497 ], [ -123.077918393348, 41.953028361236697 ], [ -123.077974235824001, 41.953370584240602 ], [ -123.077896510735997, 41.953636339541099 ], [ -123.077247040583998, 41.954105135347397 ], [ -123.076786599976998, 41.9543711467267 ], [ -123.076222890281002, 41.954677755742999 ], [ -123.075731824309997, 41.954880735150198 ], [ -123.075153745041007, 41.955160327779197 ], [ -123.074765170622996, 41.9553091947217 ], [ -123.074427800215005, 41.955394979123398 ], [ -123.073619986611007, 41.955593650945303 ], [ -123.073090745338007, 41.955729092031802 ], [ -123.072454527850994, 41.955963673719303 ], [ -123.072167677609997, 41.9560494195768 ], [ -123.071851742568995, 41.956090148613796 ], [ -123.071313202873995, 41.956009422633301 ], [ -123.070921749611003, 41.955955623944703 ], [ -123.070310032083, 41.955847917851202 ], [ -123.069733389012001, 41.955744690628897 ], [ -123.069232144515993, 41.9556279047722 ], [ -123.068847341901005, 41.955443495486001 ], [ -123.068298037359, 41.955160107385602 ], [ -123.067666721351003, 41.954692124297402 ], [ -123.067074000402002, 41.954345707830001 ], [ -123.066673734329996, 41.954143286517898 ], [ -123.066250879064, 41.953972400868501 ], [ -123.065839169718004, 41.954004161735497 ], [ -123.065524441673006, 41.954112424170702 ], [ -123.065341336136001, 41.954252134933398 ], [ -123.065020296179, 41.954459475084398 ], [ -123.064756434613003, 41.9545361825623 ], [ -123.063841570304007, 41.954410598829298 ], [ -123.063104728298995, 41.9543344478477 ], [ -123.062808274584, 41.954244541762101 ], [ -123.062283261201998, 41.954087207640598 ], [ -123.061685539416004, 41.953992958259199 ], [ -123.061110850305994, 41.9539302175356 ], [ -123.060174158186001, 41.9538316367764 ], [ -123.059665070606002, 41.953759847546102 ], [ -123.059223086789999, 41.953674511163598 ], [ -123.058551493234006, 41.953602800704701 ], [ -123.058036810122999, 41.953594055166803 ], [ -123.057190796805997, 41.953693555238097 ], [ -123.056582427121995, 41.953910021453098 ], [ -123.056135798189004, 41.954112895170098 ], [ -123.055710634424003, 41.954288736134203 ], [ -123.055445996556998, 41.954351912297298 ], [ -123.055062850301994, 41.954284545207699 ], [ -123.054596282982004, 41.9541091341571 ], [ -123.054056578797002, 41.953942762529003 ], [ -123.053141669073995, 41.953727024880102 ], [ -123.052713655578003, 41.953655167268302 ], [ -123.051959370418004, 41.953430339458201 ], [ -123.051573100778995, 41.953218852258701 ], [ -123.051203430984003, 41.953016363216499 ], [ -123.050737225418004, 41.952795901943702 ], [ -123.050242023045996, 41.952615982366503 ], [ -123.049584710792999, 41.952458647944297 ], [ -123.049171848097004, 41.952458825510803 ], [ -123.048509809853002, 41.9525266586542 ], [ -123.047891089310994, 41.9525404287116 ], [ -123.047418966053996, 41.952455059433902 ], [ -123.046872936911996, 41.952360711541999 ], [ -123.046497005462996, 41.952333843801398 ], [ -123.046113903412007, 41.952297970841897 ], [ -123.045265827547993, 41.952149695013702 ], [ -123.044638740804004, 41.952055368420197 ], [ -123.043952048158999, 41.951911523455102 ], [ -123.043376224851002, 41.951790149718001 ], [ -123.042513855498996, 41.951673382989 ], [ -123.041215624901, 41.951543256771899 ], [ -123.040552785054999, 41.951534485940499 ], [ -123.039552163291006, 41.951597883100597 ], [ -123.038802305681997, 41.951719731713297 ], [ -123.037942361267994, 41.951859625598303 ], [ -123.036614682022005, 41.951652898698597 ], [ -123.036098056705001, 41.9515089523832 ], [ -123.035751133402002, 41.951423495674497 ], [ -123.035410975269997, 41.951297504915097 ], [ -123.034981444172999, 41.951140016364903 ], [ -123.034663511605004, 41.950973485693403 ], [ -123.034425913863004, 41.950851964429802 ], [ -123.033820709479002, 41.950730551548901 ], [ -123.032834388530006, 41.95073083786 ], [ -123.032237961575007, 41.950812068718299 ], [ -123.031796822272995, 41.950794177997601 ], [ -123.031487267577006, 41.9507762495696 ], [ -123.030933759484, 41.950731365682302 ], [ -123.030198168845999, 41.950736064952999 ], [ -123.029668437495999, 41.950740706498998 ], [ -123.028961499207, 41.950740887003299 ], [ -123.028459997810998, 41.950637433397198 ], [ -123.027866020431006, 41.950295317987703 ], [ -123.027544979211996, 41.9498585621686 ], [ -123.027282005142993, 41.949426295070701 ], [ -123.026902169818996, 41.949021075400303 ], [ -123.026367386551996, 41.948624897007697 ], [ -123.025486904144003, 41.9482828346069 ], [ -123.025051025403997, 41.948170344602701 ], [ -123.024305574023998, 41.947945332953502 ], [ -123.023515647031005, 41.947742842762402 ], [ -123.023064691553998, 41.947621341417197 ], [ -123.022614116998994, 41.947504341661002 ], [ -123.021993129308001, 41.947378366028097 ], [ -123.021573117174, 41.947324404458001 ], [ -123.021316378764993, 41.947346969602698 ], [ -123.020751668594997, 41.947522707146099 ], [ -123.020325309642004, 41.947666893432 ], [ -123.019769290962998, 41.947923686474397 ], [ -123.019344076479996, 41.948126413598203 ], [ -123.018802383370996, 41.948410220147103 ], [ -123.018209013534999, 41.9486219773393 ], [ -123.017547754659006, 41.948757183423602 ], [ -123.017040675697999, 41.948815804487097 ], [ -123.016636153082999, 41.948905932554602 ], [ -123.016012973618999, 41.949063641453002 ], [ -123.015381116734005, 41.949212341253897 ], [ -123.014917382153001, 41.949239423063297 ], [ -123.014504143066006, 41.949153910713598 ], [ -123.013801694818, 41.948919818588401 ], [ -123.013009488715994, 41.948523608621898 ], [ -123.012395266732995, 41.948244463459602 ], [ -123.011647954424006, 41.947915790761897 ], [ -123.011226407806006, 41.947681653986699 ], [ -123.010596366789997, 41.947393493828201 ], [ -123.010637037183997, 41.947109773455502 ], [ -123.010554818697997, 41.946929643504603 ], [ -123.010454119930998, 41.946708984224898 ], [ -123.010373034835993, 41.946533357466699 ], [ -123.010190860555994, 41.946042498924498 ], [ -123.009994369769998, 41.945587668814703 ], [ -123.009657251617, 41.945078808966699 ], [ -123.009290355397994, 41.944569950496401 ], [ -123.009021877758002, 41.944178172576699 ], [ -123.008862351285998, 41.943759364997497 ], [ -123.008777862238006, 41.943448634046 ], [ -123.008596092011999, 41.942998303649603 ], [ -123.008304634883004, 41.942656063523401 ], [ -123.007671212293999, 41.94194456372 ], [ -123.007297954115003, 41.941543781654303 ], [ -123.006940150945994, 41.941084452652298 ], [ -123.006575575881001, 41.940719695199903 ], [ -123.006068494182003, 41.940183813320701 ], [ -123.005486776862, 41.9396119051871 ], [ -123.005314091236997, 41.9392020998569 ], [ -123.005257896139995, 41.938864344081701 ], [ -123.005203585843006, 41.938526588173403 ], [ -123.005177172630994, 41.938206844746702 ], [ -123.005173375731005, 41.9378690864961 ], [ -123.005125850135997, 41.9375088129555 ], [ -123.004913966193001, 41.9370584775968 ], [ -123.004667411661998, 41.936689205267101 ], [ -123.004598035469002, 41.936450525386299 ], [ -123.004556543408, 41.936063230594897 ], [ -123.004532020165001, 41.935766004042698 ], [ -123.004533874559996, 41.9353291695517 ], [ -123.004514242702996, 41.934892335873698 ], [ -123.004442966539997, 41.934405966235197 ], [ -123.004187754255, 41.934009672343997 ], [ -123.003780268745004, 41.933712458852497 ], [ -123.003218631004003, 41.933586379394903 ], [ -123.003141722733005, 41.933302664220399 ], [ -123.002896327132007, 41.932996436105697 ], [ -123.002606082165997, 41.932771270574001 ], [ -123.002303025830997, 41.932604649406997 ], [ -123.001637742314998, 41.932361474521301 ], [ -123.001238952476001, 41.932244389811999 ], [ -123.000658108223007, 41.931938159986103 ], [ -123.000142853116998, 41.931830078970698 ], [ -122.999797215933995, 41.931712989164502 ], [ -122.999289127503999, 41.931487814605497 ], [ -122.998891477089998, 41.931397742437497 ], [ -122.998280114582997, 41.931321176241497 ], [ -122.997758460962004, 41.931226594771402 ], [ -122.997235678535006, 41.931136514353703 ], [ -122.996669929112002, 41.931019409608901 ], [ -122.996185213673002, 41.931001380722897 ], [ -122.995485277800995, 41.931001355334601 ], [ -122.994676792497003, 41.930951782734603 ], [ -122.993985163315998, 41.930803134692901 ], [ -122.993506497835995, 41.930618467110499 ], [ -122.993079454767994, 41.9305914214561 ], [ -122.992365959257, 41.930550845170401 ], [ -122.991644923383006, 41.930523774257097 ], [ -122.990807412322994, 41.930564241323701 ], [ -122.990322301169002, 41.930708311908603 ], [ -122.989798735354, 41.930888404640598 ], [ -122.989564273040997, 41.931009976754098 ], [ -122.989358081583006, 41.9311180406566 ], [ -122.988372762528996, 41.931415172871702 ], [ -122.987982246900998, 41.931554739637498 ], [ -122.987357978393007, 41.931996010758702 ], [ -122.986806075771995, 41.932414769539299 ], [ -122.986070204178006, 41.932928075908002 ], [ -122.985784074316996, 41.933108178822401 ], [ -122.985379212140003, 41.933279259061301 ], [ -122.984981886445993, 41.933450338853397 ], [ -122.984555153486994, 41.933639427109902 ], [ -122.984142713631996, 41.933941101971598 ], [ -122.983768733443, 41.934179732497803 ], [ -122.983223591126006, 41.934530923125202 ], [ -122.982966097111998, 41.934702016249602 ], [ -122.982297671707002, 41.9351027220197 ], [ -122.981988536193001, 41.935255791169403 ], [ -122.981378157522997, 41.935629479952901 ], [ -122.980641838804999, 41.936106723587201 ], [ -122.979678912298994, 41.936741543209898 ], [ -122.978700104601003, 41.937466420661501 ], [ -122.978273671783001, 41.9377500578547 ], [ -122.978009399166993, 41.937822062675799 ], [ -122.977611732710997, 41.937754434135897 ], [ -122.977280803899006, 41.937641782984102 ], [ -122.976964218416995, 41.937479595848799 ], [ -122.976625777725999, 41.9372993896041 ], [ -122.976257948232004, 41.937087652158603 ], [ -122.975984739004005, 41.9368669264638 ], [ -122.975537438264993, 41.936497549408202 ], [ -122.975227322674996, 41.936200255420097 ], [ -122.974866725069006, 41.935839901277298 ], [ -122.974315432688996, 41.9353894345263 ], [ -122.973918660229003, 41.935024565808902 ], [ -122.973447651442996, 41.934619147519001 ], [ -122.972983425882006, 41.934231742658902 ], [ -122.972690265072004, 41.9340065008696 ], [ -122.972225649508999, 41.933668630751299 ], [ -122.971681482996004, 41.933384780531703 ], [ -122.971357799874994, 41.933159527775103 ], [ -122.971012217191998, 41.9330198341125 ], [ -122.970357540948996, 41.932911584171997 ], [ -122.969327831171, 41.932785217125101 ], [ -122.968157553275006, 41.932613767445197 ], [ -122.967480651320002, 41.932496488028001 ], [ -122.967010659251997, 41.932428802203397 ], [ -122.966679389733002, 41.9323341340952 ], [ -122.966355233675998, 41.932334039566904 ], [ -122.965936094753999, 41.932329412533498 ], [ -122.965568583193999, 41.932347316713802 ], [ -122.964965126978001, 41.932342630715603 ], [ -122.964597981435006, 41.932378545700999 ], [ -122.963956724601999, 41.932567491089898 ], [ -122.963610194975999, 41.932801561174998 ], [ -122.963185602704996, 41.933098653494298 ], [ -122.962788478625995, 41.9334723117693 ], [ -122.962493880173, 41.933836995284402 ], [ -122.962199658562994, 41.934197174695399 ], [ -122.961978223534999, 41.9344898257308 ], [ -122.961537748542, 41.9348409479826 ], [ -122.961257941588002, 41.935034502173501 ], [ -122.960786185768995, 41.9353630937104 ], [ -122.960486008133998, 41.935574652832699 ], [ -122.959963006185006, 41.935862692282697 ], [ -122.959609194631994, 41.9362363544709 ], [ -122.959543822545001, 41.9364885244783 ], [ -122.959498823627996, 41.936713680946298 ], [ -122.959381311102007, 41.937154977179397 ], [ -122.959380720431994, 41.937492735425799 ], [ -122.959403143580005, 41.937798977671797 ], [ -122.959512919025997, 41.938267374766603 ], [ -122.959557841315004, 41.938762769562203 ], [ -122.959639320913993, 41.9392716874871 ], [ -122.959668146466001, 41.939591442168499 ], [ -122.95966115953, 41.939911184247897 ], [ -122.959764002089997, 41.940622764443702 ], [ -122.959910632863995, 41.941244290897401 ], [ -122.959866336627996, 41.941546006091997 ], [ -122.959756389741003, 41.941937767109799 ], [ -122.959580073967999, 41.942356525301797 ], [ -122.959395848330999, 41.942761770069602 ], [ -122.959241337161998, 41.9432706042167 ], [ -122.959137613473999, 41.943941580067602 ], [ -122.959138033919999, 41.944463979326301 ], [ -122.959101919291001, 41.944932324248299 ], [ -122.958917686090004, 41.945333064621202 ], [ -122.958733555123004, 41.945571680886701 ], [ -122.958483037769994, 41.945859810692497 ], [ -122.958078672767002, 41.9461884148172 ], [ -122.957776873867999, 41.9464810277533 ], [ -122.957607121402006, 41.946629578677801 ], [ -122.957195569356003, 41.946980694184603 ], [ -122.956710375658005, 41.947507414534002 ], [ -122.956231246304, 41.947975590407196 ], [ -122.955929368493003, 41.948358267108901 ], [ -122.955709278471005, 41.948772498629602 ], [ -122.955495998309004, 41.949150704844797 ], [ -122.955465933804007, 41.949551499033198 ], [ -122.955450894863006, 41.950033360863998 ], [ -122.955473262807999, 41.950398147839699 ], [ -122.955546979611, 41.950659375666497 ], [ -122.955650133844003, 41.950880083891903 ], [ -122.955716541135004, 41.951352970207402 ], [ -122.955870142630999, 41.951686283521603 ], [ -122.956098771418993, 41.952028632192999 ], [ -122.956377793260003, 41.952564647208497 ], [ -122.956731181050998, 41.952979096840501 ], [ -122.956841428641994, 41.953316895846498 ], [ -122.956723396323, 41.953897794285197 ], [ -122.956727011498998, 41.9541274707193 ], [ -122.956731015336999, 41.954339133560403 ], [ -122.956363999912, 41.954546152546001 ], [ -122.955745237944996, 41.955108844718303 ], [ -122.955200834215006, 41.955545466456201 ], [ -122.954582202620998, 41.955896491044797 ], [ -122.954111065667007, 41.956152999274501 ], [ -122.953662547773007, 41.956409514690201 ], [ -122.953139394234995, 41.9566299704572 ], [ -122.952705625386997, 41.956818936673997 ], [ -122.952241637870003, 41.957075440133899 ], [ -122.951793089047001, 41.9573544653406 ], [ -122.951418086985996, 41.957606499347001 ], [ -122.951064232673005, 41.957813506835897 ], [ -122.950739770729001, 41.958043042989203 ], [ -122.950342436539998, 41.958394139310599 ], [ -122.950173706187002, 41.958619237663598 ], [ -122.949849916977001, 41.958943343566098 ], [ -122.949569511079005, 41.959240447030098 ], [ -122.949275185508995, 41.9594925093607 ], [ -122.948974113163004, 41.959690526788698 ], [ -122.948487830166997, 41.959960515316503 ], [ -122.948105610126007, 41.960244059139598 ], [ -122.947641509278995, 41.960586108919998 ], [ -122.947229116762998, 41.960865132601299 ], [ -122.946832185903006, 41.961139658521503 ], [ -122.946368030209996, 41.961531240767002 ], [ -122.945874878477994, 41.961868766324699 ], [ -122.945403219571006, 41.962201796540199 ], [ -122.945086575608002, 41.962498871641102 ], [ -122.944932446055006, 41.962814037621698 ], [ -122.944785056252002, 41.963183247724302 ], [ -122.944564129002003, 41.963552422127997 ], [ -122.944328844229005, 41.9639486096696 ], [ -122.944218487978006, 41.964223265007398 ], [ -122.944034082236001, 41.964651000576801 ], [ -122.943828265896997, 41.964979650017597 ], [ -122.943665946530004, 41.965159707438403 ], [ -122.943444763667003, 41.965375763030799 ], [ -122.943231931949001, 41.965528774389597 ], [ -122.942907779267003, 41.965758288240799 ], [ -122.942487506890004, 41.965933711977399 ], [ -122.942016771021997, 41.966028047078602 ], [ -122.941450601228993, 41.966144848732 ], [ -122.940868983282996, 41.966243625943399 ], [ -122.940229277737004, 41.966351376824399 ], [ -122.940177053203001, 41.966544996801098 ], [ -122.939815629828999, 41.966688917423198 ], [ -122.939683465144995, 41.966868984961103 ], [ -122.939602974436994, 41.967040072693202 ], [ -122.939492507319002, 41.967404791717001 ], [ -122.939425918764002, 41.967629927696699 ], [ -122.939286804408994, 41.967976617679497 ], [ -122.938998582330996, 41.968467337818097 ], [ -122.938770766225005, 41.968886034690499 ], [ -122.938586215412002, 41.969412836322299 ], [ -122.938462473857001, 41.969845098399702 ], [ -122.938344070301994, 41.970214315301497 ], [ -122.938219245713, 41.970592535440503 ], [ -122.938043192270001, 41.970903176495099 ], [ -122.937535148669994, 41.9713082089011 ], [ -122.937366059633007, 41.971434212500597 ], [ -122.936857826657004, 41.971641091352403 ], [ -122.936298291167006, 41.971852442909302 ], [ -122.935562919654004, 41.972140251280102 ], [ -122.934746082572005, 41.972419001812597 ], [ -122.933789995753003, 41.972765217558297 ], [ -122.933112709496001, 41.973030526582598 ], [ -122.932510458959996, 41.973309385986099 ], [ -122.931701828821005, 41.973646664041603 ], [ -122.931075451693005, 41.973902984445303 ], [ -122.930627167997002, 41.9740918579284 ], [ -122.930171284093007, 41.974330262612 ], [ -122.929575947215994, 41.974816267897602 ], [ -122.928928972265993, 41.975261707355799 ], [ -122.928304337339995, 41.975621592194798 ], [ -122.927672453089002, 41.9760490202694 ], [ -122.927090431064997, 41.976404421875898 ], [ -122.926489403383997, 41.976881400527702 ], [ -122.926172672842, 41.977115374816101 ], [ -122.925540712363002, 41.977583321714597 ], [ -122.924974601816999, 41.977857661370201 ], [ -122.924112567471994, 41.978298429272499 ], [ -122.923334178375995, 41.9788067977479 ], [ -122.922606945547003, 41.979423277291701 ], [ -122.922115092864004, 41.979715666438203 ], [ -122.921586121497, 41.980129620229803 ], [ -122.921198268401, 41.980503137805698 ], [ -122.921037936659999, 41.980822769834496 ], [ -122.920871174569001, 41.981155907421503 ], [ -122.920689259455003, 41.9815385717948 ], [ -122.920454909512003, 41.9819211995327 ], [ -122.920124467597006, 41.982222698566801 ], [ -122.919463530192999, 41.982559992527399 ], [ -122.918846465022, 41.982802742085298 ], [ -122.918118455409996, 41.983072429691397 ], [ -122.917544325834996, 41.983360236933599 ], [ -122.916881512668994, 41.9836704941562 ], [ -122.916520304933002, 41.9838233479541 ], [ -122.916160905422004, 41.984034746242301 ], [ -122.915845610551003, 41.984268692778898 ], [ -122.915469619979007, 41.984471069905503 ], [ -122.915058071274998, 41.984745474015 ], [ -122.914787951864, 41.985042498741798 ], [ -122.914503908895995, 41.985312492003303 ], [ -122.914153300040994, 41.985708530190401 ], [ -122.913869501811007, 41.986073093576998 ], [ -122.913686624676004, 41.986289119745003 ], [ -122.913380532592001, 41.986676182151697 ], [ -122.913102159011004, 41.9869281625177 ], [ -122.912697084282001, 41.987139515256203 ], [ -122.912153153047001, 41.987368774005098 ], [ -122.911438947215998, 41.9876924704486 ], [ -122.910923654089004, 41.987939759058797 ], [ -122.910577479238, 41.988106115914697 ], [ -122.910022957554006, 41.988344363087798 ], [ -122.909551075886, 41.988564659095402 ], [ -122.909004819220996, 41.988820921459897 ], [ -122.908389930390996, 41.989054609440501 ], [ -122.908028243420006, 41.989243463214798 ], [ -122.907511713988995, 41.989544776294601 ], [ -122.907020390260001, 41.989891141488997 ], [ -122.906526440706003, 41.990223992209998 ], [ -122.906151425399997, 41.990489387031403 ], [ -122.905827794093994, 41.990700781942898 ], [ -122.905459272716001, 41.990907635569599 ], [ -122.905016022365004, 41.9911324398076 ], [ -122.904532428184993, 41.9913391951699 ], [ -122.904052534786004, 41.991590985603402 ], [ -122.903498577075993, 41.991919269616098 ], [ -122.902958990087996, 41.992220542673799 ], [ -122.902450671604996, 41.992548860162998 ], [ -122.901972167609998, 41.9928681940426 ], [ -122.901433656183002, 41.993196481201501 ], [ -122.900641811664002, 41.993632628440103 ], [ -122.899950947034, 41.9939067358223 ], [ -122.899363909814994, 41.9941313926996 ], [ -122.898957597297994, 41.994351702383703 ], [ -122.898403240240995, 41.994661947686701 ], [ -122.897919165009995, 41.995138878595696 ], [ -122.897467850276001, 41.9956518638799 ], [ -122.896936823825996, 41.996223319983599 ], [ -122.896423652045002, 41.996713728516703 ], [ -122.896194020072002, 41.997087303123699 ], [ -122.896020407151994, 41.9975825197346 ], [ -122.895795219866002, 41.998235308127001 ], [ -122.895793906891001, 41.9985775650904 ], [ -122.895782974675001, 41.998802724993404 ], [ -122.895748938360995, 41.999081904661203 ], [ -122.895853585547997, 41.999464788319997 ], [ -122.895796748196005, 41.9998430219852 ], [ -122.895979452545006, 42.000257500076501 ], [ -122.896024833823006, 42.000658343359497 ], [ -122.896017890774004, 42.000982581500502 ], [ -122.896018598137999, 42.001243779029799 ], [ -122.896019655727002, 42.001752663546299 ], [ -122.895969154566998, 42.002410113293003 ], [ -122.895855422628998, 42.003198103988602 ], [ -122.895789770106006, 42.003657390469499 ], [ -122.895743263420997, 42.003945565358499 ], [ -122.895462581493007, 42.004827974922101 ], [ -122.894995002776, 42.0057687569265 ], [ -122.894683153528007, 42.0063178848959 ], [ -122.892768959988004, 42.008018394012403 ], [ -122.891004988963999, 42.008759791753299 ], [ -122.888989633017005, 42.009289260208199 ], [ -122.887613265582999, 42.009540110592901 ], [ -122.887419809052005, 42.010102844463603 ], [ -122.887707758155003, 42.010958770047701 ], [ -122.888248841236006, 42.012305810554402 ], [ -122.888602919364999, 42.013558095786102 ], [ -122.888572782056997, 42.014607355050899 ], [ -122.888350572079005, 42.015206089135297 ], [ -122.887455180192006, 42.015727607142303 ], [ -122.887029013255997, 42.016402695886903 ], [ -122.886279714367006, 42.017316142511703 ], [ -122.886160527224007, 42.017905967322797 ], [ -122.885907375280993, 42.018270489831103 ], [ -122.884810166942003, 42.018904370636399 ], [ -122.883434641451998, 42.019398353800497 ], [ -122.882385511216995, 42.019726030302003 ], [ -122.880983024258995, 42.020287507063401 ], [ -122.879752180303996, 42.020687024936997 ], [ -122.878707316911999, 42.021131760044703 ], [ -122.877737062207999, 42.021635109012301 ], [ -122.876509753646005, 42.022133670082901 ], [ -122.875724772417996, 42.022650711255899 ], [ -122.875217000788993, 42.023082484551402 ], [ -122.874903023317998, 42.024009838328801 ], [ -122.874890203020001, 42.025158185133499 ], [ -122.874869978370995, 42.025847179441797 ], [ -122.874754907777003, 42.026585607322303 ], [ -122.874836275324, 42.027441337076297 ], [ -122.875025372896005, 42.028031485001399 ], [ -122.875299162518004, 42.0289414640296 ], [ -122.875688949264998, 42.029995675833597 ], [ -122.875906025622001, 42.030959632112001 ], [ -122.876214653654998, 42.032216405618797 ], [ -122.876480910229006, 42.0331353797772 ], [ -122.876282603424997, 42.033580999690798 ], [ -122.875873896517007, 42.033891290835399 ], [ -122.875494309475997, 42.0339809470644 ], [ -122.874836539418993, 42.033849633977503 ], [ -122.874771561093993, 42.033872079941702 ], [ -122.874370275754998, 42.034051776138803 ], [ -122.873651429092007, 42.0344517868106 ], [ -122.872748572386001, 42.034734501533897 ], [ -122.871653807838996, 42.034886397050997 ], [ -122.870313925570002, 42.034898401038298 ], [ -122.868831839983002, 42.035216455925998 ], [ -122.867969323929003, 42.035328051162097 ], [ -122.867424416492995, 42.035570604852602 ], [ -122.866661223514001, 42.035844426128698 ], [ -122.865708066463, 42.036145040404698 ], [ -122.864755258285996, 42.036454653889898 ], [ -122.863934471068006, 42.036638321790399 ], [ -122.863055519634003, 42.036830921161297 ], [ -122.861825125197001, 42.0371717022973 ], [ -122.860941397819005, 42.037643488339803 ], [ -122.860745217420998, 42.038269218177 ], [ -122.860762960775006, 42.039480644607998 ], [ -122.860737743601007, 42.041173878426797 ], [ -122.860582308242996, 42.042326550308701 ], [ -122.859911350291, 42.043361506300499 ], [ -122.859064196407004, 42.0441530605287 ], [ -122.858390773820005, 42.044917802718501 ], [ -122.857968296845002, 42.045574771066804 ], [ -122.857207148672998, 42.045875551628797 ], [ -122.856177256224996, 42.046126453732199 ], [ -122.854924142669006, 42.046566205664902 ], [ -122.853563985763003, 42.0470778610674 ], [ -122.851829945546996, 42.047602528292799 ], [ -122.850479382022996, 42.048028595644297 ], [ -122.849169800800993, 42.048522251272097 ], [ -122.848146663349993, 42.048759579983198 ], [ -122.846833046198995, 42.049190156557501 ], [ -122.846056080447994, 42.049589915648802 ], [ -122.845656711274998, 42.049683949728497 ], [ -122.845226534651999, 42.0498680079737 ], [ -122.844829524689999, 42.050232243632301 ], [ -122.843959906495002, 42.050676896689097 ], [ -122.842835957060004, 42.0511932487831 ], [ -122.841945086520994, 42.0516693808583 ], [ -122.841503315794, 42.052254207530702 ], [ -122.840735653313004, 42.052680963327703 ], [ -122.839996345873999, 42.052639404841997 ], [ -122.839607513762999, 42.052436211230699 ], [ -122.838654639544004, 42.052178184503902 ], [ -122.837350873437998, 42.051951176586897 ], [ -122.835946173191005, 42.051769043152099 ], [ -122.835125032148994, 42.0518354167559 ], [ -122.834000272929003, 42.051757238440999 ], [ -122.832103170072003, 42.051713948662098 ], [ -122.830699446253007, 42.051883013978298 ], [ -122.829952393582005, 42.051494621178001 ], [ -122.828987315838006, 42.0511599390722 ], [ -122.827143836245995, 42.050567238059102 ], [ -122.825738056020995, 42.050249877410799 ], [ -122.824724585167999, 42.049951112747699 ], [ -122.823541104772005, 42.049548500704397 ], [ -122.823200636080003, 42.049633540467298 ], [ -122.822669169964001, 42.049961465404301 ], [ -122.821570048387997, 42.050184929601699 ], [ -122.820967414376994, 42.050436178941801 ], [ -122.820309452331998, 42.0507548887973 ], [ -122.819512785431996, 42.050978806396301 ], [ -122.818534460584999, 42.051472632557797 ], [ -122.817695476039006, 42.051831571171597 ], [ -122.816645499333006, 42.052019039348998 ], [ -122.815741660129007, 42.051945538184597 ], [ -122.814778487002997, 42.051628753118202 ], [ -122.813560337590005, 42.051599760618501 ], [ -122.812528989045006, 42.051485496770397 ], [ -122.811721429905006, 42.051421127877497 ], [ -122.810621516653995, 42.051635479137502 ], [ -122.809806796700997, 42.051566581605499 ], [ -122.809041197119001, 42.051236565567201 ], [ -122.807877980634998, 42.050901376139301 ], [ -122.806705873593998, 42.051011991899003 ], [ -122.805787703633996, 42.051064482087902 ], [ -122.804992352181998, 42.0509640596797 ], [ -122.804207096837004, 42.050773581921 ], [ -122.803334202646994, 42.050839639773201 ], [ -122.802401668846002, 42.050896581613301 ], [ -122.801271878063005, 42.050633436421499 ], [ -122.799889602559006, 42.050567987693199 ], [ -122.798700220971995, 42.050286699847 ], [ -122.797489994501007, 42.050032383007903 ], [ -122.796345178116994, 42.0502285048372 ], [ -122.795422344265006, 42.050794286082798 ], [ -122.794945689266001, 42.051527481919003 ], [ -122.795069228258996, 42.0525679768526 ], [ -122.794992738157006, 42.053572087527797 ], [ -122.794522463519996, 42.054661057274799 ], [ -122.794263773834999, 42.0555972905033 ], [ -122.794241852251005, 42.057006799266702 ], [ -122.794127606160004, 42.058118921202997 ], [ -122.793886515005994, 42.059212801685099 ], [ -122.793847342917005, 42.060464661409902 ], [ -122.793889417002006, 42.061468982852702 ], [ -122.793541589379998, 42.062044785694901 ], [ -122.793035716437004, 42.0620889079714 ], [ -122.791513033908004, 42.062036615126303 ], [ -122.789797049366996, 42.062191102002203 ], [ -122.788655563896, 42.062562783095501 ], [ -122.787603530029003, 42.062835544842798 ], [ -122.785993134145002, 42.062918116685204 ], [ -122.784250151777997, 42.063338167451398 ], [ -122.782966922377, 42.064168866194997 ], [ -122.781625477285004, 42.065003943035897 ], [ -122.780762648437005, 42.065484155468297 ], [ -122.779958440792001, 42.065829373567901 ], [ -122.778651159869995, 42.066268186954403 ], [ -122.777615816904003, 42.066815592831801 ], [ -122.776747517529003, 42.067439871149404 ], [ -122.776094906563003, 42.067627739982903 ], [ -122.775517134609998, 42.067586081232101 ], [ -122.774716949731996, 42.067525969829298 ], [ -122.773593641698, 42.067726409491002 ], [ -122.772292385053007, 42.068147148789798 ], [ -122.771588383055999, 42.068334889983703 ], [ -122.770828020980005, 42.068333374118801 ], [ -122.769932640052005, 42.068169462445297 ], [ -122.768430014328999, 42.067968293375202 ], [ -122.767412163678998, 42.067727558090603 ], [ -122.766047248564007, 42.067369019973299 ], [ -122.764798767949003, 42.066988187597801 ], [ -122.763557416178998, 42.066828019929503 ], [ -122.762746880386999, 42.067321714424999 ], [ -122.761842194306993, 42.067837724494296 ], [ -122.760696899031004, 42.0680469989328 ], [ -122.759489114847995, 42.068197587595499 ], [ -122.758144004810006, 42.068401914267703 ], [ -122.757356876922003, 42.068683963001597 ], [ -122.756372340091005, 42.069222277623702 ], [ -122.755115244462004, 42.070007685965301 ], [ -122.754588419498006, 42.070564974259398 ], [ -122.754462225653, 42.0712582180049 ], [ -122.754026419233995, 42.072207488406001 ], [ -122.753294144498994, 42.072647243305703 ], [ -122.752698233215995, 42.073280930777102 ], [ -122.752124571371994, 42.0740182397967 ], [ -122.751457756739001, 42.074809384125899 ], [ -122.751234302902006, 42.0752457231807 ], [ -122.750730751782001, 42.0758210569863 ], [ -122.750398466639993, 42.076167091263102 ], [ -122.750093673820004, 42.076630271030197 ], [ -122.749717334142005, 42.0768411074189 ], [ -122.749355979027996, 42.0770834986062 ], [ -122.748989137058999, 42.077375413275298 ], [ -122.748570721682, 42.077428537279197 ], [ -122.747799093309993, 42.077287240861303 ], [ -122.747294241456999, 42.077416726833803 ], [ -122.746815024194007, 42.077654347059003 ], [ -122.746612899355995, 42.078036683974801 ], [ -122.746223662961, 42.078540196771797 ], [ -122.745229111303004, 42.079064882600498 ], [ -122.744144385065994, 42.079274125753699 ], [ -122.742881802271, 42.079460443646298 ], [ -122.742015541734006, 42.079827772407498 ], [ -122.741634562952001, 42.0801466515844 ], [ -122.741289439523001, 42.080659253393101 ], [ -122.740790703865002, 42.081689389813697 ], [ -122.740266364399005, 42.082138536885402 ], [ -122.739538053271005, 42.082204436051697 ], [ -122.738273714255001, 42.082341162540402 ], [ -122.737337939479005, 42.082600217393598 ], [ -122.736559349887003, 42.082945188731202 ], [ -122.73590146043, 42.0836101686698 ], [ -122.735085179015996, 42.084382858992299 ], [ -122.734499914175998, 42.085020978401097 ], [ -122.734039985715, 42.085862034832601 ], [ -122.733518037045002, 42.086171553235999 ], [ -122.732968425240998, 42.086048685912502 ], [ -122.732449777509999, 42.086200590835901 ], [ -122.731850855084005, 42.086392835761501 ], [ -122.731032735119996, 42.086417941073996 ], [ -122.730201095219996, 42.086244862582497 ], [ -122.729456748727003, 42.086247613471997 ], [ -122.728405949335993, 42.085902878817897 ], [ -122.727732794622995, 42.085604064371303 ], [ -122.727097202953999, 42.085093679109903 ], [ -122.726160430853994, 42.084861778040803 ], [ -122.725426428716005, 42.084747441072103 ], [ -122.724464163879006, 42.084384868762697 ], [ -122.723236428592003, 42.083818998842602 ], [ -122.721754339962999, 42.083103889592302 ], [ -122.720512296806007, 42.082537955733997 ], [ -122.719741518705007, 42.081946140323502 ], [ -122.719376532696003, 42.081350809384901 ], [ -122.718930428085997, 42.081246141130698 ], [ -122.718092842060003, 42.0813296498048 ], [ -122.717318667222997, 42.081341255368201 ], [ -122.716390893069004, 42.0811453232171 ], [ -122.715690005252995, 42.080904912633301 ], [ -122.714861411659001, 42.080583120647098 ], [ -122.713967685116003, 42.080297186952201 ], [ -122.712731054759004, 42.080149991546399 ], [ -122.711669688135999, 42.080178853038902 ], [ -122.710369329976004, 42.0800900152948 ], [ -122.709063399645004, 42.080064195261599 ], [ -122.707838650818005, 42.080295256680799 ], [ -122.706477011171003, 42.0806340347849 ], [ -122.704982546316998, 42.081179608289403 ], [ -122.703715511845999, 42.0814780667991 ], [ -122.702536808551997, 42.081790250269798 ], [ -122.701328143853004, 42.082043800414098 ], [ -122.700677408697999, 42.082235747886799 ], [ -122.700570033578003, 42.082091361383 ], [ -122.700158404470997, 42.081410284549897 ], [ -122.700063076004, 42.080473343736799 ], [ -122.700089560623994, 42.079662814247897 ], [ -122.699938981016004, 42.0785861254924 ], [ -122.699680216822998, 42.077860412859202 ], [ -122.698625255623995, 42.0771010880745 ], [ -122.697781100460006, 42.0760270758188 ], [ -122.697086895138, 42.075043519666004 ], [ -122.696467047550996, 42.073839492640097 ], [ -122.695770358803998, 42.0727523449724 ], [ -122.694888579874998, 42.072142054171998 ], [ -122.693864757514007, 42.072166347584897 ], [ -122.692828807539001, 42.072041989441601 ], [ -122.691676610678002, 42.0717416797279 ], [ -122.690477530736999, 42.071607855300797 ], [ -122.689724871557004, 42.071335622876298 ], [ -122.688426698449007, 42.070611572448399 ], [ -122.686606328958007, 42.069926612424197 ], [ -122.684674340198995, 42.0696691335502 ], [ -122.683068344939997, 42.069489079567802 ], [ -122.681466676491993, 42.069200935105997 ], [ -122.680720092860994, 42.0693880004767 ], [ -122.679985094659997, 42.069674166626399 ], [ -122.678817065499999, 42.069837526943203 ], [ -122.677200788099, 42.070049152075903 ], [ -122.675772589724005, 42.070117179298002 ], [ -122.674726546673, 42.069911569229397 ], [ -122.673287798611, 42.069385095645004 ], [ -122.672100431388998, 42.068899852519401 ], [ -122.670635962457993, 42.068242675440402 ], [ -122.668911817354996, 42.067553207404202 ], [ -122.667369582988997, 42.067044374207697 ], [ -122.666347651907998, 42.067153991039199 ], [ -122.664570607195998, 42.067630667624698 ], [ -122.663183593648995, 42.068347138700297 ], [ -122.661616641245999, 42.068941472481796 ], [ -122.66037344099, 42.0693115767194 ], [ -122.659188261066006, 42.069848463076397 ], [ -122.658111747057006, 42.070826987421199 ], [ -122.657083001751005, 42.0721884273241 ], [ -122.655670587393004, 42.073796390219897 ], [ -122.654430812314999, 42.074486176281702 ], [ -122.653045767701002, 42.074792726859897 ], [ -122.651525462844006, 42.075238453209202 ], [ -122.650271160969993, 42.075946163301403 ], [ -122.649322542728001, 42.0762945279549 ], [ -122.647886082607997, 42.076596355662801 ], [ -122.645961121525005, 42.0768336127719 ], [ -122.643798501655994, 42.077277253128301 ], [ -122.642228627134003, 42.078051444893703 ], [ -122.640868807016005, 42.0789523656833 ], [ -122.639441796702002, 42.079569349715598 ], [ -122.637593873685006, 42.0799237946852 ], [ -122.635404062922007, 42.080205070984903 ], [ -122.633530611641007, 42.081180827829002 ], [ -122.631966302297997, 42.082130525813 ], [ -122.630417374551001, 42.082895615676797 ], [ -122.628794437248004, 42.083646935163998 ], [ -122.626955870722995, 42.084050775218699 ], [ -122.626373228231003, 42.084057886337298 ], [ -122.625072539529, 42.083968081042897 ], [ -122.624970648979996, 42.084075827767798 ], [ -122.624305019774994, 42.084060140551102 ], [ -122.623036266309995, 42.084064986431102 ], [ -122.621469301055996, 42.083897708860398 ], [ -122.620373416242003, 42.083551836480403 ], [ -122.619235605729003, 42.083142768042002 ], [ -122.617242625876003, 42.082325540335503 ], [ -122.615846527985994, 42.0817759735151 ], [ -122.615157962446006, 42.081183731395399 ], [ -122.614856603670006, 42.080412652413401 ], [ -122.614858271909995, 42.0795119935961 ], [ -122.614910222077995, 42.077917991569301 ], [ -122.614965559341002, 42.076513140079598 ], [ -122.615065530519999, 42.074973338158003 ], [ -122.615133780248996, 42.0736811123436 ], [ -122.614875900653999, 42.072347262241401 ], [ -122.614407609013, 42.070954161188801 ], [ -122.613973525975993, 42.0699034260644 ], [ -122.613226135405, 42.069193886748998 ], [ -122.611673998268998, 42.069013015269597 ], [ -122.610124501507997, 42.069142861573901 ], [ -122.609033493162002, 42.069161666579902 ], [ -122.608918397595005, 42.0689586245485 ], [ -122.609412061312995, 42.068532489373702 ], [ -122.609952197222, 42.068165053301001 ], [ -122.610284692611003, 42.067778896399702 ], [ -122.610523400586004, 42.067410433577102 ], [ -122.610694242468995, 42.066897633401702 ], [ -122.610533456151998, 42.066136024663201 ], [ -122.610216623472994, 42.0651982557007 ], [ -122.610183370952996, 42.064459596009897 ], [ -122.610061755095998, 42.063594542637802 ], [ -122.609660509826995, 42.062998738380699 ], [ -122.609363919795001, 42.062583422365101 ], [ -122.609036731302993, 42.061861774473698 ], [ -122.608581165665001, 42.061504458045498 ], [ -122.608151140966001, 42.061048153592999 ], [ -122.607627923625998, 42.060393382083099 ], [ -122.606879081421994, 42.060071082454002 ], [ -122.606004327963007, 42.0597123190323 ], [ -122.605008362630997, 42.059046904828598 ], [ -122.604582655325004, 42.058023181027401 ], [ -122.604624492471999, 42.056636296616901 ], [ -122.604357753981006, 42.055680669220997 ], [ -122.603864215578994, 42.054881875388404 ], [ -122.603420819727006, 42.0537950387181 ], [ -122.602983832015994, 42.053500810622701 ], [ -122.601308310394998, 42.053067184700602 ], [ -122.600065007146, 42.0527251081405 ], [ -122.598850634784995, 42.0521084152954 ], [ -122.597916343292994, 42.051753885070703 ], [ -122.597083688961007, 42.051093476707997 ], [ -122.596347592393997, 42.050573005561603 ], [ -122.595433173274998, 42.050187001535001 ], [ -122.594015913364004, 42.049898286136802 ], [ -122.592300884406995, 42.050234460738302 ], [ -122.590824063892001, 42.050873183232 ], [ -122.589638615480993, 42.051179681411597 ], [ -122.587890855108995, 42.051195935579699 ], [ -122.586256174838994, 42.051244094246897 ], [ -122.584808658754994, 42.051081249747398 ], [ -122.584056001568001, 42.050799317139699 ], [ -122.583357953383, 42.049905123083697 ], [ -122.582924336312999, 42.0489983758834 ], [ -122.582491416270003, 42.048217723118199 ], [ -122.582294096710996, 42.047442429682199 ], [ -122.582138146481995, 42.046347548816698 ], [ -122.581819507853993, 42.045648369454803 ], [ -122.581371996236996, 42.045025276047198 ], [ -122.580615738833004, 42.0442704559578 ], [ -122.579861953464004, 42.043830874266497 ], [ -122.578966604184998, 42.043102554022497 ], [ -122.578339127356003, 42.042294150875001 ], [ -122.578157970190006, 42.041140627509101 ], [ -122.578208199597, 42.040168088276303 ], [ -122.577747914957996, 42.039432349458203 ], [ -122.576770767604998, 42.039095502287701 ], [ -122.575941967117004, 42.038367403309699 ], [ -122.575320304542998, 42.037378870401398 ], [ -122.574734238977996, 42.036376955809203 ], [ -122.574317209626997, 42.035618846288699 ], [ -122.573918037306996, 42.034788747766001 ], [ -122.573151292641995, 42.033714100091899 ], [ -122.573129654175005, 42.032772818073603 ], [ -122.573654800984002, 42.032261387260199 ], [ -122.573883463393003, 42.031712826781899 ], [ -122.574176796686999, 42.030750196755903 ], [ -122.573971329046003, 42.0300874405144 ], [ -122.572683958260001, 42.029875500289599 ], [ -122.571128993597, 42.030162418920597 ], [ -122.56953692498, 42.030575271347701 ], [ -122.568139357188997, 42.030916779912602 ], [ -122.566720766507999, 42.031127594687199 ], [ -122.565263949960993, 42.031185132966797 ], [ -122.563093350439999, 42.031284971455101 ], [ -122.561199631381996, 42.031304767329097 ], [ -122.559653263388995, 42.031208777830301 ], [ -122.559090933251994, 42.031841592384602 ], [ -122.558909856938001, 42.033133359917002 ], [ -122.558899169430006, 42.034569889180602 ], [ -122.558544944589002, 42.035239527088599 ], [ -122.557622042470996, 42.035488161451198 ], [ -122.556150556936004, 42.0356851313351 ], [ -122.554848288168998, 42.0358692287111 ], [ -122.553908027282006, 42.036221342953397 ], [ -122.553192917437997, 42.036767970348002 ], [ -122.552968604439002, 42.038068565643101 ], [ -122.552917992203007, 42.039041092356896 ], [ -122.552383267978001, 42.039917161492497 ], [ -122.551112672702999, 42.040844392453799 ], [ -122.549303966661995, 42.041616383469801 ], [ -122.547970034006994, 42.041773258041999 ], [ -122.546563507184999, 42.041943340362998 ], [ -122.545049472163996, 42.042045429106302 ], [ -122.543609554832003, 42.042553093905703 ], [ -122.542354343753004, 42.043205584331901 ], [ -122.541322126959997, 42.043088880082102 ], [ -122.540180572663004, 42.042426823554898 ], [ -122.538771892821998, 42.041741165701197 ], [ -122.536825247977006, 42.0412064345754 ], [ -122.534870723265001, 42.040928329325901 ], [ -122.532814298971005, 42.0409560037182 ], [ -122.531039641912002, 42.041277510516899 ], [ -122.528630694862997, 42.042001687772903 ], [ -122.526968675909004, 42.042503727924 ], [ -122.525584604784001, 42.043096960112301 ], [ -122.524158460562006, 42.043050526038101 ], [ -122.521987619618997, 42.042717264265796 ], [ -122.520415049741999, 42.042562093435798 ], [ -122.519832976697003, 42.042843370469598 ], [ -122.519345519039007, 42.043796039229797 ], [ -122.518531597340001, 42.044977007207699 ], [ -122.517308986329994, 42.045971613964802 ], [ -122.516379854768005, 42.046800820881998 ], [ -122.51580417177, 42.048023302532698 ], [ -122.515982844830006, 42.0491588980682 ], [ -122.515704133221007, 42.0501574637644 ], [ -122.514686284893003, 42.0511213820404 ], [ -122.514374520039993, 42.052191857763603 ], [ -122.513455692639994, 42.053336317161801 ], [ -122.512298687270999, 42.054313133614698 ], [ -122.511219098916996, 42.055236227919401 ], [ -122.509577670935002, 42.055846182295298 ], [ -122.508067157100996, 42.056028857580699 ], [ -122.506589123666998, 42.056112579266497 ], [ -122.504541125510002, 42.056157796029602 ], [ -122.502711156497995, 42.056429087875699 ], [ -122.501507833553006, 42.056829167449997 ], [ -122.501021434558993, 42.057115267016698 ], [ -122.500558953818, 42.057432991923498 ], [ -122.499923658558998, 42.057826518700203 ], [ -122.499496204120007, 42.057914721953402 ], [ -122.499225983190001, 42.058179239758203 ], [ -122.498386276920996, 42.058630409136903 ], [ -122.497517156436004, 42.059266080114803 ], [ -122.496760278213998, 42.059938263303799 ], [ -122.495897287971005, 42.0607495785761 ], [ -122.495295185466006, 42.061426934977199 ], [ -122.495132478930003, 42.062227811841701 ], [ -122.495243800476999, 42.063241550342902 ], [ -122.495207800985, 42.063876361173598 ], [ -122.495077882418997, 42.063970359510698 ], [ -122.493552617654004, 42.063603372442003 ], [ -122.492209025247007, 42.063570415313499 ], [ -122.490909785040003, 42.064132078367003 ], [ -122.489800947719999, 42.064874706313297 ], [ -122.488200012812996, 42.065277380462703 ], [ -122.486646152811005, 42.065554149708902 ], [ -122.485671927262999, 42.065333628021399 ], [ -122.484521796604, 42.064540385715098 ], [ -122.483681230056007, 42.063955677974597 ], [ -122.482322836289995, 42.063512735799698 ], [ -122.481065130372997, 42.063601625406903 ], [ -122.479381376532999, 42.063967775461599 ], [ -122.478179165848999, 42.064565760954103 ], [ -122.477847562311993, 42.065392864485098 ], [ -122.477606499014001, 42.066693228112598 ], [ -122.477430301313007, 42.067912826507602 ], [ -122.477294118168999, 42.069042540193202 ], [ -122.477125392418003, 42.070086542121999 ], [ -122.476876967934004, 42.071175213531703 ], [ -122.476646190973995, 42.072137871729701 ], [ -122.476394142334996, 42.0731139421951 ], [ -122.476127131351006, 42.0738872943272 ], [ -122.475621663051001, 42.0748081658231 ], [ -122.475298329207007, 42.075446158903802 ], [ -122.475472972808006, 42.075982851942598 ], [ -122.475820887471997, 42.076214110773897 ], [ -122.477190554431004, 42.0769679093072 ], [ -122.478376510583999, 42.077738869778202 ], [ -122.479522326269006, 42.0788023513025 ], [ -122.480193440663001, 42.079615989712899 ], [ -122.480913953910999, 42.0807675960341 ], [ -122.481344897203002, 42.0818503395463 ], [ -122.481390682118999, 42.0829088246929 ], [ -122.481512750310998, 42.084435998575003 ], [ -122.481522454162999, 42.085935644441903 ], [ -122.481553139366, 42.087178696169602 ], [ -122.481229345013006, 42.088429152251202 ], [ -122.480714633283, 42.089273445798497 ], [ -122.480205557125004, 42.0897034583151 ], [ -122.479502245475999, 42.090227157081301 ], [ -122.478622365868006, 42.090993227819297 ], [ -122.477566808996997, 42.091799021737103 ], [ -122.476808532876007, 42.092660201243497 ], [ -122.476224571719001, 42.093459125144797 ], [ -122.475751725834996, 42.094254050342698 ], [ -122.475281418864, 42.094922892645599 ], [ -122.475107414812996, 42.095219314711997 ], [ -122.474764047053995, 42.095523968003803 ], [ -122.474323393866001, 42.0959857901288 ], [ -122.474000329926994, 42.097033578557799 ], [ -122.47428628982, 42.098007601627202 ], [ -122.474761800408004, 42.098910438850197 ], [ -122.475063674211, 42.099515262135199 ], [ -122.475185004055007, 42.1002003183117 ], [ -122.474919161779994, 42.100816053792698 ], [ -122.474679718375995, 42.101346346819597 ], [ -122.474531030936006, 42.102327384485498 ], [ -122.474668505289998, 42.103071057632903 ], [ -122.474802241242998, 42.104084911054898 ], [ -122.474873095237996, 42.104841788670399 ], [ -122.474899565737005, 42.105756078287698 ], [ -122.475028602378998, 42.106882491767998 ], [ -122.475273245370005, 42.107923871084999 ], [ -122.475569372231007, 42.108956478433903 ], [ -122.475856697170002, 42.109957521609402 ], [ -122.476240687203997, 42.110787880209003 ], [ -122.476765366153003, 42.111609872472798 ], [ -122.477730465207998, 42.112379828270299 ], [ -122.478004351669, 42.112813390178502 ], [ -122.477620815554005, 42.113212437277099 ], [ -122.476902370060003, 42.113979226220202 ], [ -122.476355854489995, 42.114980966154 ], [ -122.475955247087001, 42.116348135818001 ], [ -122.475914975796002, 42.117473772860798 ], [ -122.476094163477001, 42.118758026817702 ], [ -122.476220806146003, 42.119997007545699 ], [ -122.476485352, 42.121200590912203 ], [ -122.476841257063995, 42.122053334197503 ], [ -122.477094345419005, 42.1229056077335 ], [ -122.477473981686003, 42.123816999590701 ], [ -122.478116884130003, 42.1244368747507 ], [ -122.478562994883006, 42.124713602969898 ], [ -122.478917916667996, 42.124953889123901 ], [ -122.479367297688995, 42.124924406165498 ], [ -122.479666954582001, 42.125173445770301 ], [ -122.479920029951998, 42.125386247229699 ], [ -122.480394870724993, 42.125757667341098 ], [ -122.480949024801006, 42.126417654015597 ], [ -122.481323832814994, 42.127374043569098 ], [ -122.481678772088998, 42.128357361646003 ], [ -122.481780668297006, 42.129308012924 ], [ -122.481803023525003, 42.130276317836802 ], [ -122.481451204788002, 42.131319487744399 ], [ -122.481269972874003, 42.132214819759596 ], [ -122.481625356391007, 42.133054034513499 ], [ -122.48221185477, 42.133930317458599 ], [ -122.483320378478993, 42.134781929681502 ], [ -122.484489967146999, 42.135660825102299 ], [ -122.485615854103003, 42.1367106368007 ], [ -122.486961789009996, 42.137581290737202 ], [ -122.488721947070005, 42.138296161044799 ], [ -122.490153170737997, 42.138914974435799 ], [ -122.491943687882994, 42.1393417210233 ], [ -122.493727345058005, 42.139588278699698 ], [ -122.495201330512003, 42.139689342020503 ], [ -122.496319363826998, 42.139757301437797 ], [ -122.497525127917996, 42.139825634215597 ], [ -122.498608235392993, 42.139911431435202 ], [ -122.499286689043004, 42.139905387809101 ], [ -122.499636940984999, 42.1397988374219 ], [ -122.499708964646004, 42.139776635166697 ], [ -122.499911576277995, 42.139786525013001 ], [ -122.500223565045005, 42.1398329171437 ], [ -122.500732602865, 42.140019767363597 ], [ -122.501615156439001, 42.1403163168604 ], [ -122.502630174462993, 42.1405999240772 ], [ -122.503585560103005, 42.140869754509502 ], [ -122.505005678572005, 42.141483831217002 ], [ -122.505794981029993, 42.142203253189201 ], [ -122.506186627025002, 42.143096586147998 ], [ -122.506132504855998, 42.143929457220203 ], [ -122.505871242588995, 42.144554286056 ], [ -122.505489996953003, 42.145142571024302 ], [ -122.505278998132994, 42.145916222685699 ], [ -122.505168975825995, 42.146640773519799 ], [ -122.505136190581993, 42.147451219303399 ], [ -122.505304937028001, 42.148316573248898 ], [ -122.505759737169996, 42.148971506219397 ], [ -122.506374557607998, 42.149379446610602 ], [ -122.506782466803998, 42.150133245379301 ], [ -122.506472179954997, 42.150834419524799 ], [ -122.506011422257004, 42.1518186502378 ], [ -122.505411180520994, 42.152644663666102 ], [ -122.504644662469005, 42.153352871325303 ], [ -122.503736530490997, 42.153884834271203 ], [ -122.502541652549994, 42.154420050238301 ], [ -122.501121386757006, 42.154850698949403 ], [ -122.500204218441993, 42.154986307974198 ], [ -122.500036071885006, 42.155012594867799 ], [ -122.499947247109006, 42.155052737044997 ], [ -122.499673680219999, 42.1552091582736 ], [ -122.499340693077997, 42.155513926972397 ], [ -122.498901143118999, 42.156092927827601 ], [ -122.498746930056001, 42.156749729284599 ], [ -122.498757201635996, 42.157461288259697 ], [ -122.498942778008995, 42.158295200744099 ], [ -122.498963795579996, 42.1590833617309 ], [ -122.498620937786001, 42.160635485660102 ], [ -122.498340995692999, 42.161787094017498 ], [ -122.498157161134998, 42.162934618650802 ], [ -122.498056542941995, 42.1644652829618 ], [ -122.498260171506999, 42.165218216066897 ], [ -122.498720948745998, 42.166080350538401 ], [ -122.499230352338998, 42.166726539495102 ], [ -122.499567285699996, 42.166984694770001 ], [ -122.499947206434001, 42.167261049412502 ], [ -122.500406445208995, 42.167650329371298 ], [ -122.500470002960995, 42.167938813846298 ], [ -122.500520607956005, 42.168623527434498 ], [ -122.500568367452999, 42.169573919936603 ], [ -122.500740700635006, 42.170367240951798 ], [ -122.501119576842001, 42.170972323773697 ], [ -122.501653235766994, 42.171717678288701 ], [ -122.502645506042995, 42.172167805437901 ], [ -122.503684282422, 42.172284885285301 ], [ -122.504771224528, 42.172339118272298 ], [ -122.505774669332993, 42.172329935885301 ], [ -122.506462234010996, 42.172364418625001 ], [ -122.506732350991001, 42.172464651710897 ], [ -122.506722907989996, 42.172608714855997 ], [ -122.506357710656999, 42.172863828772599 ], [ -122.506029370594007, 42.172952480279598 ], [ -122.505437285832997, 42.173094033027603 ], [ -122.504967004186, 42.173141540307299 ], [ -122.504164505751007, 42.1731921134866 ], [ -122.503627705325002, 42.173230321266303 ], [ -122.503195659523001, 42.173323019127501 ], [ -122.502834070236005, 42.173501582303501 ], [ -122.502600518861001, 42.173563615284699 ], [ -122.502079493367006, 42.1738090332898 ], [ -122.501398611211997, 42.174463549119899 ], [ -122.500676927219999, 42.175397084086399 ], [ -122.500177565076996, 42.176155956890703 ], [ -122.499918343751006, 42.176497073320199 ], [ -122.499786474841997, 42.176329878570698 ], [ -122.499542076655999, 42.176806155919799 ], [ -122.498943634865995, 42.177938359571598 ], [ -122.498665138939998, 42.178801764333201 ], [ -122.498466122861998, 42.179949219644499 ], [ -122.498476983258996, 42.181160637400602 ], [ -122.498677269609004, 42.182152224409798 ], [ -122.498919287232994, 42.1834186904128 ], [ -122.499214309544996, 42.184203541190499 ], [ -122.499487915893994, 42.1845379744735 ], [ -122.499649600620998, 42.184669273535903 ], [ -122.499943822109998, 42.185269486293898 ], [ -122.500671270506999, 42.185542848920001 ], [ -122.501165671446998, 42.185905258383798 ], [ -122.501400384438995, 42.186568253736901 ], [ -122.501515145786001, 42.187374830718497 ], [ -122.501610627616003, 42.188419994866699 ], [ -122.501714770483005, 42.189519235108897 ], [ -122.501774472801003, 42.190591262675298 ], [ -122.501584966292, 42.192072001101998 ], [ -122.501723260144999, 42.193256950299201 ], [ -122.502557751330002, 42.193985591321102 ], [ -122.503482299709006, 42.194912757906401 ], [ -122.503926390117996, 42.195815324033802 ], [ -122.503887536072995, 42.197008510111203 ], [ -122.503621026917997, 42.197885485505402 ], [ -122.502911095730994, 42.198738023341001 ], [ -122.502323450370994, 42.1993434101202 ], [ -122.501817542287, 42.200142787290098 ], [ -122.501435500957001, 42.2010732938977 ], [ -122.501142705781007, 42.202013193665799 ], [ -122.501153232373994, 42.202792296182203 ], [ -122.501726507764005, 42.203443251166298 ], [ -122.502247800438994, 42.204256093469702 ], [ -122.502722725197998, 42.205383957417297 ], [ -122.502681856761996, 42.206347468354899 ], [ -122.502508426716005, 42.207319410688001 ], [ -122.502125113668995, 42.208407525345898 ], [ -122.501785190221, 42.209464304481898 ], [ -122.501579739693, 42.210557692491797 ], [ -122.501339750374996, 42.211709471511 ], [ -122.500907182950002, 42.212315523598903 ], [ -122.500402784179997, 42.2126195460799 ], [ -122.499895884832995, 42.212856007273103 ], [ -122.499746879521993, 42.212931912087299 ], [ -122.499493408128998, 42.213196495722897 ], [ -122.499076586615004, 42.213626984274697 ], [ -122.498539237081005, 42.2141695246317 ], [ -122.498192810858995, 42.214505750243298 ], [ -122.497978619996999, 42.214684941329097 ], [ -122.497544827333002, 42.215056808201602 ], [ -122.497015553489007, 42.215437261165398 ], [ -122.496555135155006, 42.215727949745499 ], [ -122.496232443325994, 42.215933680491901 ], [ -122.495872539755993, 42.216152756399502 ], [ -122.495594446124997, 42.216367687748402 ], [ -122.495229564414998, 42.216640778203697 ], [ -122.495110039359005, 42.216721309865598 ], [ -122.495049933991993, 42.216757070933603 ], [ -122.494787262531005, 42.216841475207801 ], [ -122.494533569013001, 42.216939428060897 ], [ -122.493868360611003, 42.217269731967498 ], [ -122.493150970166994, 42.217590795008 ], [ -122.492382118357, 42.217907122599001 ], [ -122.491726156873, 42.2181203715961 ], [ -122.490888638244996, 42.218404862399197 ], [ -122.489864039243997, 42.218787585677099 ], [ -122.488871848661006, 42.219093889716397 ], [ -122.487366757567997, 42.219803182323602 ], [ -122.486189326559, 42.220257240734099 ], [ -122.485087456548996, 42.220729639045501 ], [ -122.483674378372001, 42.221196123034296 ], [ -122.482544160985, 42.221704394803403 ], [ -122.481833131469003, 42.222160511431397 ], [ -122.480718340289997, 42.222538241956897 ], [ -122.479489208041997, 42.222820875575202 ], [ -122.478495617467999, 42.2229154327581 ], [ -122.476320314288003, 42.223049624143499 ], [ -122.474890565980999, 42.2231376547144 ], [ -122.473339342512006, 42.2231710713545 ], [ -122.472156502385005, 42.223345762072498 ], [ -122.471403761532002, 42.223707054676098 ], [ -122.470481428571006, 42.224243184253403 ], [ -122.469261761620004, 42.2245617773874 ], [ -122.467651547697997, 42.224761462409703 ], [ -122.466251851698004, 42.224872040679301 ], [ -122.464706945030002, 42.224869344319998 ], [ -122.463044532850006, 42.2250597146163 ], [ -122.461045145328995, 42.225334038643403 ], [ -122.459682610212994, 42.225435704919803 ], [ -122.458539840547004, 42.225520379873998 ], [ -122.457004991081007, 42.225756296652001 ], [ -122.455633591294998, 42.226006478314297 ], [ -122.454765830061007, 42.226430160214399 ], [ -122.454187798842, 42.227066864784902 ], [ -122.453634398372998, 42.227919837035301 ], [ -122.453198563940006, 42.228750851038903 ], [ -122.452667741308005, 42.2294418110205 ], [ -122.451881164414004, 42.230541337050802 ], [ -122.450977652283001, 42.231671820107799 ], [ -122.450309118614001, 42.232254032916501 ], [ -122.449814542379997, 42.232427285999101 ], [ -122.449178345809997, 42.232424232470201 ], [ -122.448495558893001, 42.232204798241199 ], [ -122.447937260333006, 42.231954436868101 ], [ -122.447610367441001, 42.231745716196599 ], [ -122.447344851622006, 42.2314472265181 ], [ -122.447037947946001, 42.231031453703402 ], [ -122.446474609876006, 42.230492856596598 ], [ -122.44548577386, 42.230370997238403 ], [ -122.444400986673003, 42.231086258267503 ], [ -122.443805264584, 42.231650773085299 ], [ -122.443218942374003, 42.2322648654674 ], [ -122.442879549755006, 42.232790090668303 ], [ -122.442891742246999, 42.233384570934 ], [ -122.442822096686001, 42.233983156795297 ], [ -122.442501758613005, 42.234751645447702 ], [ -122.441705443212001, 42.235639403260301 ], [ -122.440694104312996, 42.235999234141701 ], [ -122.439603342683, 42.236088476819297 ], [ -122.438099143360006, 42.236333295931601 ], [ -122.436376429763996, 42.236703110913602 ], [ -122.435053361632995, 42.2373585699006 ], [ -122.434147408525007, 42.2381241485933 ], [ -122.434120652038004, 42.2396776152261 ], [ -122.434960842096999, 42.240767024736201 ], [ -122.435237060918993, 42.2423264863382 ], [ -122.434979160699001, 42.243977883600898 ], [ -122.434412749589995, 42.245393593495699 ], [ -122.434913399037001, 42.246508346504299 ], [ -122.436268594281003, 42.247541740234297 ], [ -122.438026829349994, 42.248153794718 ], [ -122.440753865591006, 42.2484463215619 ], [ -122.442848420984006, 42.248470025324302 ], [ -122.444991376201997, 42.248417371037903 ], [ -122.447182644763998, 42.248297361918603 ], [ -122.44862951671, 42.248574517520801 ], [ -122.449318880774001, 42.248929077419902 ], [ -122.449645934333006, 42.2493044110293 ], [ -122.449790634926998, 42.249566289586703 ], [ -122.449799692914993, 42.250093204751998 ], [ -122.450428171183006, 42.2510058596772 ], [ -122.450754155008994, 42.251768457992597 ], [ -122.451132875943003, 42.252828517225197 ], [ -122.451501548750997, 42.253825482532903 ], [ -122.451702610162997, 42.254492913648903 ], [ -122.451754418278, 42.255772062444997 ], [ -122.451355436512998, 42.256958991884503 ], [ -122.450558116973994, 42.2580314327423 ], [ -122.449757071484001, 42.258919219990403 ], [ -122.449207038918004, 42.2600423720625 ], [ -122.448606626333998, 42.260944623810303 ], [ -122.447894917613993, 42.262355194411299 ], [ -122.447420017241996, 42.263631806484803 ], [ -122.447289689382998, 42.264324665970001 ], [ -122.446657477947994, 42.266082354724198 ], [ -122.446664391783997, 42.267631476273401 ], [ -122.446959137776005, 42.269024375137597 ], [ -122.446987139851004, 42.270415986952599 ], [ -122.446168503799001, 42.271384719041798 ], [ -122.445042645369995, 42.272036737690598 ], [ -122.443917477187, 42.273211114900498 ], [ -122.443022776473995, 42.274287530885999 ], [ -122.442081128916996, 42.275183585015 ], [ -122.441823257208, 42.275461525872103 ], [ -122.441247027879996, 42.275742418605503 ], [ -122.440132844424994, 42.275831550857099 ], [ -122.438403326335006, 42.2759086542777 ], [ -122.436662712514007, 42.276039714967602 ], [ -122.435005716887005, 42.276481878913998 ], [ -122.433516308495996, 42.276996897282899 ], [ -122.431956238688002, 42.277443998939503 ], [ -122.430848660316002, 42.277636646162797 ], [ -122.429474504333996, 42.277972057675903 ], [ -122.427484981830005, 42.278295375920699 ], [ -122.425431751906004, 42.278537283690802 ], [ -122.423139180541995, 42.279007611731998 ], [ -122.421663342740004, 42.279513537712603 ], [ -122.420952087146006, 42.280288993705902 ], [ -122.420790007327, 42.281350918685597 ], [ -122.420747521766998, 42.282679133175201 ], [ -122.420632416665995, 42.283907911220702 ], [ -122.420760115633996, 42.285110896680003 ], [ -122.421258018928995, 42.286698518082403 ], [ -122.421027528408999, 42.289020977357403 ], [ -122.420368176828006, 42.290985520053802 ], [ -122.419845083026004, 42.291811452953901 ], [ -122.418206558766002, 42.292577691961498 ], [ -122.416644564251996, 42.293015567507403 ], [ -122.414057189331004, 42.293655331375597 ], [ -122.411710050021995, 42.294462885571697 ], [ -122.409425522193004, 42.295216676357597 ], [ -122.407054217538004, 42.296001494757498 ], [ -122.405262353216003, 42.2970819745047 ], [ -122.404147123247, 42.298201968969799 ], [ -122.403418245509997, 42.299594151053398 ], [ -122.403186822264999, 42.3011375216497 ], [ -122.402765559776995, 42.3024682555711 ], [ -122.401809732939995, 42.303395421569498 ], [ -122.400565045028998, 42.303915788016603 ], [ -122.399550763882004, 42.3038069093597 ], [ -122.398541902914999, 42.303288265262601 ], [ -122.397845912906007, 42.302244389254199 ], [ -122.397383657979006, 42.300625336436099 ], [ -122.396987027962993, 42.299123707925702 ], [ -122.396923337526005, 42.298249764905201 ], [ -122.396118540846999, 42.297254839789801 ], [ -122.395394122840003, 42.296102722934499 ], [ -122.395741743745006, 42.294794142400001 ], [ -122.396084816751994, 42.294039422547698 ], [ -122.395799474396995, 42.292799556376501 ], [ -122.394888166122996, 42.292011204950001 ], [ -122.393668939188998, 42.291554450862201 ], [ -122.392646179734001, 42.291166271625002 ], [ -122.391013975193005, 42.290220962090402 ], [ -122.390432579622001, 42.2895063768133 ], [ -122.390219495842004, 42.288883810430697 ], [ -122.389931331678994, 42.288107737353997 ], [ -122.389954210995995, 42.2870721362696 ], [ -122.389998585008001, 42.286401403971198 ], [ -122.390028785986004, 42.285235250318898 ], [ -122.390116012399005, 42.283893777039303 ], [ -122.390513174456999, 42.282797120956801 ], [ -122.390928079865006, 42.281745588985302 ], [ -122.390985239396997, 42.2809263196893 ], [ -122.390206176499007, 42.279967512263902 ], [ -122.389604326818002, 42.279419429373398 ], [ -122.388532295245, 42.278819302580501 ], [ -122.387169260299004, 42.278294164545699 ], [ -122.386275089208993, 42.2778030425117 ], [ -122.385299052243994, 42.276924203749203 ], [ -122.385315031353997, 42.276293848275699 ], [ -122.385590864552995, 42.275129010154103 ], [ -122.385276649990004, 42.273380103021502 ], [ -122.384753375285996, 42.272634276547997 ], [ -122.383372910654998, 42.272203565737598 ], [ -122.381897798980006, 42.2719209323051 ], [ -122.380096073060997, 42.271636514858599 ], [ -122.378906162172001, 42.271949800597703 ], [ -122.378005459963006, 42.272138554603799 ], [ -122.377109303633006, 42.272403879824203 ], [ -122.376228326014996, 42.272282009389798 ], [ -122.375747448189998, 42.272166813945503 ], [ -122.375417695764995, 42.272097471191302 ], [ -122.374992141630003, 42.271906020261 ], [ -122.375047106403002, 42.271865791421398 ], [ -122.374892462811999, 42.271869451739498 ], [ -122.373783611080995, 42.2718003580353 ], [ -122.372624387429994, 42.271767003284701 ], [ -122.371005350483003, 42.271406888712697 ], [ -122.369128070339002, 42.2713335327905 ], [ -122.367362960489004, 42.271639029872603 ], [ -122.365974065692001, 42.271685397442504 ], [ -122.364148611518999, 42.271432120391097 ], [ -122.362153813324994, 42.271213897756802 ], [ -122.360091719425, 42.270981755485003 ], [ -122.358399248854994, 42.270697606815403 ], [ -122.356374252747997, 42.270546662011 ], [ -122.354454074765997, 42.270522359817797 ], [ -122.352724776919004, 42.2705081092925 ], [ -122.350899736436006, 42.270592360180601 ], [ -122.349178079322002, 42.270645646702697 ], [ -122.347331303657, 42.270558597643003 ], [ -122.345416854725997, 42.270493648356499 ], [ -122.344123874502998, 42.270792475238402 ], [ -122.3432003267, 42.271129429138398 ], [ -122.342114933903005, 42.271141220327102 ], [ -122.340799105098, 42.270575273481498 ], [ -122.339151430721998, 42.269421989917298 ], [ -122.338057781149999, 42.268632133958299 ], [ -122.336705041190001, 42.267764215646999 ], [ -122.335257049907, 42.267021817534001 ], [ -122.334332661092006, 42.266431045609103 ], [ -122.333779023221993, 42.265896458447301 ], [ -122.333225398978001, 42.265145717195502 ], [ -122.332403940961001, 42.263925086135501 ], [ -122.331295587119996, 42.263396262643099 ], [ -122.329146144974999, 42.262789292652499 ], [ -122.327646122271005, 42.262041990509601 ], [ -122.326006400948003, 42.261181268824899 ], [ -122.324624846234997, 42.260416610582503 ], [ -122.323517029298003, 42.259707588552601 ], [ -122.322770123807999, 42.258766523278098 ], [ -122.322261118867004, 42.257970960274299 ], [ -122.321787523815999, 42.257054018985301 ], [ -122.321293277986001, 42.256227016630902 ], [ -122.320842100503, 42.255341725991499 ], [ -122.320066689542003, 42.254382461047904 ], [ -122.319638495655994, 42.253546836482499 ], [ -122.319343263397997, 42.2527480247158 ], [ -122.319003344381002, 42.251737298014298 ], [ -122.318958817330994, 42.251228175975498 ], [ -122.318937080175004, 42.250854284177002 ], [ -122.318892889154995, 42.2505252906601 ], [ -122.318870575432001, 42.249993784569497 ], [ -122.318972010153004, 42.249931342618403 ], [ -122.319053619974, 42.249810241709604 ], [ -122.319244353041, 42.249545687191798 ], [ -122.319441967830002, 42.249204619344603 ], [ -122.319652640365007, 42.2482827200187 ], [ -122.319324629837993, 42.247645827101202 ], [ -122.318678316762998, 42.247020552220803 ], [ -122.317677270876999, 42.246343628918503 ], [ -122.316195571589006, 42.245771908128397 ], [ -122.314552380918002, 42.245284763342902 ], [ -122.312702612257993, 42.2449179428138 ], [ -122.311228762838994, 42.244328192170599 ], [ -122.309809482445999, 42.244225093318498 ], [ -122.307963782171001, 42.244808389608998 ], [ -122.306105045173993, 42.2458869257297 ], [ -122.304273461321998, 42.2462811147171 ], [ -122.302099374934997, 42.246267905664403 ], [ -122.300339830477995, 42.246104077368699 ], [ -122.298299483445007, 42.246123134253601 ], [ -122.296119378499, 42.2464475125294 ], [ -122.293866374356, 42.246717362501002 ], [ -122.291412658709007, 42.247048972599103 ], [ -122.289300210107996, 42.247549262525503 ], [ -122.287668262311001, 42.248029983040603 ], [ -122.286762008503999, 42.248717837993503 ], [ -122.286520220407994, 42.249265720057402 ], [ -122.286348018365004, 42.249890588352997 ], [ -122.286111752501995, 42.250015206490097 ], [ -122.285838365036, 42.250139592984901 ], [ -122.285210374638993, 42.250401367346598 ], [ -122.284368241032993, 42.250639286413701 ], [ -122.283732524320001, 42.250779419056002 ], [ -122.282861490402993, 42.251026152853598 ], [ -122.281841402658998, 42.251321481527398 ], [ -122.280836978365002, 42.251504320288497 ], [ -122.279182132654995, 42.251719089399998 ], [ -122.277689952176004, 42.251687185366698 ], [ -122.276508153180998, 42.251544641337098 ], [ -122.275348468508, 42.2514562627941 ], [ -122.274263202879993, 42.2514854256533 ], [ -122.273257805070003, 42.2520149351732 ], [ -122.272452305529001, 42.252685302046601 ], [ -122.271372625698007, 42.253741193209102 ], [ -122.270196636882005, 42.255458425280999 ], [ -122.269339047228002, 42.257024566376202 ], [ -122.269278416616999, 42.258469692928799 ], [ -122.269794683700994, 42.259432153108897 ], [ -122.270362737320994, 42.260570563289797 ], [ -122.270132326555, 42.262086659554903 ], [ -122.269178234216994, 42.263273918636997 ], [ -122.267972955161994, 42.264423541206099 ], [ -122.266678760733001, 42.265198820916098 ], [ -122.264882426374001, 42.266533761724901 ], [ -122.263544169739006, 42.268222862023201 ], [ -122.262951082422006, 42.269628536458697 ], [ -122.262077277982996, 42.271707873053302 ], [ -122.260449793942996, 42.273291501728004 ], [ -122.258697848804999, 42.274752717473099 ], [ -122.257026334559995, 42.2758766916116 ], [ -122.255466106216005, 42.276749187872802 ], [ -122.254024157396998, 42.277550381973803 ], [ -122.252596212669999, 42.278446214938199 ], [ -122.251517285860004, 42.278988560670399 ], [ -122.251014627390006, 42.279255466954602 ], [ -122.250363339564998, 42.279719537518602 ], [ -122.249993209292001, 42.280059355713803 ], [ -122.249904723930001, 42.280234399260799 ], [ -122.249796735651998, 42.280328258706099 ], [ -122.249571876784998, 42.280497906618599 ], [ -122.249282879629007, 42.280770706335304 ], [ -122.248954879110997, 42.281263903480401 ], [ -122.248626436498, 42.281730077934398 ], [ -122.248375602867, 42.282043653549103 ], [ -122.248225288605994, 42.282254315533599 ], [ -122.248119799196004, 42.282456264953197 ], [ -122.247886079824994, 42.282860014331497 ], [ -122.247757956846996, 42.283052808678697 ], [ -122.247711416355003, 42.283205609904002 ], [ -122.247703568971005, 42.283228074089202 ], [ -122.247877272197002, 42.283409338825699 ], [ -122.248349513863005, 42.283664610627703 ], [ -122.248806814058, 42.2839017700719 ], [ -122.249270341797995, 42.284125459058899 ], [ -122.249669124939004, 42.284375741346601 ], [ -122.250047895690003, 42.2843962316107 ], [ -122.250269638511995, 42.2846183350537 ], [ -122.250712326943997, 42.284810360024302 ], [ -122.251244227209, 42.2852146130286 ], [ -122.251857369321996, 42.285736475029701 ], [ -122.252529018896993, 42.286375796513198 ], [ -122.253222491051005, 42.286965721687103 ], [ -122.254013174703005, 42.287605809494202 ], [ -122.255069354379003, 42.288297151238197 ], [ -122.256546545367001, 42.288838107102301 ], [ -122.257794889617998, 42.289373059830098 ], [ -122.258666529783, 42.2899686080507 ], [ -122.259316151562999, 42.290621256440502 ], [ -122.260209867854996, 42.291406066813998 ], [ -122.261030673668003, 42.291879684509901 ], [ -122.261894258981002, 42.292326552910197 ], [ -122.262995290467003, 42.292761431746101 ], [ -122.264414208911006, 42.293112780188302 ], [ -122.26577411657, 42.293715908350002 ], [ -122.266416216343998, 42.294242380538797 ], [ -122.266947443183, 42.295308515475398 ], [ -122.267486425433006, 42.296361187944598 ], [ -122.267906423512997, 42.297345551272201 ], [ -122.267957380995, 42.2984446387728 ], [ -122.267615828185995, 42.299653797827297 ], [ -122.267119984047, 42.300632310382802 ], [ -122.266853222642993, 42.301405141955001 ], [ -122.266829937862994, 42.302301114053201 ], [ -122.267125251804998, 42.303185613352703 ], [ -122.267398086135003, 42.303916862106703 ], [ -122.267383036275007, 42.304430121486199 ], [ -122.267286482260999, 42.3044520201463 ], [ -122.266599512764998, 42.303992813424699 ], [ -122.266030597145004, 42.303619917533098 ], [ -122.265321235789003, 42.303457765647799 ], [ -122.264514954627998, 42.303479615645202 ], [ -122.263813085020004, 42.303781323727002 ], [ -122.263139413637006, 42.304200289771501 ], [ -122.262813730654997, 42.304558445888802 ], [ -122.262702769833993, 42.305035062958403 ], [ -122.262509949158002, 42.305443606659097 ], [ -122.262228421469999, 42.305720988898699 ], [ -122.261740043065998, 42.306114119876703 ], [ -122.261170548421006, 42.306569769738303 ], [ -122.260541161819006, 42.307412298454402 ], [ -122.259890197500994, 42.308412293312799 ], [ -122.259230290670999, 42.309461760753898 ], [ -122.258579249749005, 42.310529293953699 ], [ -122.258008565311997, 42.311403709424198 ], [ -122.257120700772006, 42.312163489621497 ], [ -122.256203065552995, 42.312873535483 ], [ -122.255174679953996, 42.3135198109877 ], [ -122.254101932145005, 42.314260353894099 ], [ -122.253161988846998, 42.314799111809002 ], [ -122.252488448902, 42.315190996413598 ], [ -122.251570729063005, 42.315964047652201 ], [ -122.251090204606996, 42.316258115261498 ], [ -122.250586454610996, 42.316655600508398 ], [ -122.250105609475995, 42.317039723985701 ], [ -122.250031353441997, 42.317097778714299 ], [ -122.249401646088003, 42.317116173800599 ], [ -122.249065879232006, 42.317289596480798 ], [ -122.248664301906999, 42.317512121128999 ], [ -122.248227408038005, 42.317770437662404 ], [ -122.247725298130007, 42.318091368144998 ], [ -122.247293590647004, 42.318295677841903 ], [ -122.246787391704999, 42.318449962430599 ], [ -122.246142741358, 42.318702402909203 ], [ -122.245799265833995, 42.3188847714788 ], [ -122.245331277505002, 42.319395046217103 ], [ -122.24506510754, 42.319708511363103 ], [ -122.244513894536993, 42.320137178816999 ], [ -122.243973880875998, 42.320453339832198 ], [ -122.243348003411995, 42.320845484447503 ], [ -122.242567839312997, 42.321326668572098 ], [ -122.2418149632, 42.321681940906203 ], [ -122.240964187767005, 42.3219780198948 ], [ -122.240056360045003, 42.322350267157503 ], [ -122.239213638953998, 42.322668901986603 ], [ -122.238459104512003, 42.322970103934203 ], [ -122.237806467181002, 42.323186419374103 ], [ -122.237126947546002, 42.323555657650402 ], [ -122.236202754115993, 42.324148417248303 ], [ -122.235202539775997, 42.3246911281678 ], [ -122.234285944904002, 42.325342463117202 ], [ -122.233960104310995, 42.325628484945497 ], [ -122.233700575035002, 42.325887930437602 ], [ -122.233521119943006, 42.326111885856697 ], [ -122.233365333199004, 42.326385533317101 ], [ -122.233251432206998, 42.326582907996801 ], [ -122.233182389868006, 42.326771576377197 ], [ -122.233098826665994, 42.3269691537811 ], [ -122.233064735412995, 42.327090509384497 ], [ -122.233029940243995, 42.327207357169002 ], [ -122.232990149128, 42.327423239657499 ], [ -122.232957949939006, 42.327576129554998 ], [ -122.232924827985002, 42.327742522556299 ], [ -122.232898805782995, 42.327886447559401 ], [ -122.232896453330994, 42.328080064977499 ], [ -122.232975799235007, 42.328292241340201 ], [ -122.233061487111001, 42.328481944580801 ], [ -122.233143047664996, 42.328761682069803 ], [ -122.233193674419994, 42.3290277033256 ], [ -122.233255015845003, 42.329410876686197 ], [ -122.233267204664998, 42.329906298689103 ], [ -122.233298965157999, 42.330289274152499 ], [ -122.233450565469994, 42.330736094169701 ], [ -122.233555043471995, 42.331065518514798 ], [ -122.233445453024999, 42.331407021041599 ], [ -122.233337528402004, 42.331861111923402 ], [ -122.233265553259997, 42.332540597735601 ], [ -122.233105905358002, 42.333255521781503 ], [ -122.232834049006996, 42.333902148394401 ], [ -122.232557706058998, 42.334418154596499 ], [ -122.232517227727996, 42.334877198973501 ], [ -122.232644190955995, 42.3352292898794 ], [ -122.232754638684995, 42.335504717565897 ], [ -122.232967575572005, 42.336023997709603 ], [ -122.233167878803997, 42.3366467639893 ], [ -122.233358412171, 42.337449588105898 ], [ -122.233478597027002, 42.338423058874099 ], [ -122.233375968038999, 42.339377027393198 ], [ -122.233253257225002, 42.340110210092703 ], [ -122.233245660232996, 42.340673045161303 ], [ -122.233265316308007, 42.341740408077499 ], [ -122.233265535537996, 42.342659039001397 ], [ -122.233047974719994, 42.343454629890097 ], [ -122.232721134320002, 42.344001819353998 ], [ -122.232252961401997, 42.344503030666999 ], [ -122.231959254646, 42.345194538372297 ], [ -122.231921671755003, 42.3457886935402 ], [ -122.232067935789999, 42.346613737371598 ], [ -122.232151739611993, 42.347271748594103 ], [ -122.232083343854001, 42.348090851281299 ], [ -122.231658812785, 42.348619370544803 ], [ -122.231434573884997, 42.348838518499697 ], [ -122.231044743846994, 42.349196150988703 ], [ -122.230648609762994, 42.3496347952523 ], [ -122.230231808547003, 42.350149851691498 ], [ -122.229981575232998, 42.350508417642402 ], [ -122.229773203308, 42.351042884313998 ], [ -122.229704496826002, 42.351573785931301 ], [ -122.229718111097, 42.352136762108998 ], [ -122.229766058036006, 42.3528710858129 ], [ -122.229806846930003, 42.353632379775803 ], [ -122.229906725335994, 42.354650745853597 ], [ -122.230003263087994, 42.355570021587802 ], [ -122.230433359572004, 42.3565185550259 ], [ -122.230960479049003, 42.3568553195569 ], [ -122.231513359662003, 42.356759959245103 ], [ -122.232584664287003, 42.356406889297602 ], [ -122.233479150446001, 42.356052627249603 ], [ -122.234684391835998, 42.355979623661497 ], [ -122.235931000251, 42.356438245932402 ], [ -122.236689371672, 42.356857580450999 ], [ -122.237432089731001, 42.3572542904488 ], [ -122.238004348687994, 42.357627347431503 ], [ -122.238398393219995, 42.357990211654297 ], [ -122.238866105566998, 42.3583490605318 ], [ -122.239824587342, 42.358792217940199 ], [ -122.241740719630002, 42.359372294215703 ], [ -122.243470525662005, 42.359861047619397 ], [ -122.244855110073004, 42.360153869432999 ], [ -122.246481785146997, 42.3603852229149 ], [ -122.247552586606005, 42.360581384849297 ], [ -122.248617109180003, 42.360795507922397 ], [ -122.249506586297002, 42.360859873976501 ], [ -122.249972533914999, 42.360799880181197 ], [ -122.250490308652005, 42.3607852540529 ], [ -122.251393095276995, 42.360687581861299 ], [ -122.252051594308995, 42.360709892063497 ], [ -122.253273187486997, 42.3607358674683 ], [ -122.254456597301001, 42.360653507801203 ], [ -122.255573957590997, 42.360701296182398 ], [ -122.256720576644, 42.360906870933697 ], [ -122.258007755809004, 42.361293466934796 ], [ -122.259391291125993, 42.361360952791699 ], [ -122.261027112058002, 42.361272440817203 ], [ -122.262203872334993, 42.361239492125698 ], [ -122.263291487569006, 42.361431112224103 ], [ -122.264526927058995, 42.361898357885998 ], [ -122.265643470971995, 42.362409859433598 ], [ -122.266863218875002, 42.363120145289599 ], [ -122.268039710451006, 42.363897688030903 ], [ -122.268586255212, 42.364414526353997 ], [ -122.269096403782996, 42.364863583934898 ], [ -122.269251862627002, 42.365071716209997 ], [ -122.269184699855003, 42.365562122827299 ], [ -122.268910602855996, 42.366028694578503 ], [ -122.268362105186995, 42.366790717400903 ], [ -122.267821782902999, 42.367305120889199 ], [ -122.267058915248995, 42.368092786404603 ], [ -122.265792610630001, 42.368895235950198 ], [ -122.265489009277005, 42.3691544691345 ], [ -122.264932752283997, 42.369794842520299 ], [ -122.264725024802999, 42.370423939777801 ], [ -122.264828478675994, 42.371316210344403 ], [ -122.265012715934006, 42.3719208024472 ], [ -122.265019129143994, 42.372672855429897 ], [ -122.264915276045002, 42.373311624734498 ], [ -122.264500760223996, 42.373966413452898 ], [ -122.264299326029004, 42.374509991631797 ], [ -122.264255265524, 42.374707843650199 ], [ -122.264225334702999, 42.374995847588501 ], [ -122.264193290297001, 42.375139739931903 ], [ -122.264179024010005, 42.3757115373079 ], [ -122.264337429451999, 42.376383510165702 ], [ -122.264525705194004, 42.3770331590597 ], [ -122.264727861463996, 42.378250282238199 ], [ -122.264592908116995, 42.379276114276401 ], [ -122.264296813602996, 42.381813939485802 ], [ -122.264164480860003, 42.383524251762999 ], [ -122.264160360082002, 42.385307435286201 ], [ -122.264126181817005, 42.387648803908597 ], [ -122.264848266515997, 42.389729343875601 ], [ -122.265555211578004, 42.390963208178299 ], [ -122.266539086500998, 42.393653324917899 ], [ -122.266874647937996, 42.395420666164497 ], [ -122.267036996946999, 42.397065316291801 ], [ -122.267033786642997, 42.399168217786503 ], [ -122.267632891811999, 42.401067828223297 ], [ -122.268210196249996, 42.403278005619597 ], [ -122.268557437365999, 42.405747887819203 ], [ -122.269359293882005, 42.407725332392403 ], [ -122.270281361399, 42.409230717229697 ], [ -122.270998088062001, 42.411090528389899 ], [ -122.271472740636, 42.412737153667599 ], [ -122.272728022939006, 42.414208610694097 ], [ -122.274552886330994, 42.415102768667197 ], [ -122.276008173796001, 42.416300770004597 ], [ -122.277536222299005, 42.4179810355744 ], [ -122.278651557960004, 42.420018926226099 ], [ -122.279723390547005, 42.422677949785502 ], [ -122.280377518506, 42.424402214345299 ], [ -122.282168408038004, 42.4261786295409 ], [ -122.285163510599006, 42.428097623299102 ], [ -122.287334497426997, 42.429943872076599 ], [ -122.289496281804006, 42.4320106702597 ], [ -122.2910121691, 42.432947678881 ], [ -122.292534077861006, 42.433555984105404 ], [ -122.293818718666998, 42.434455503769399 ], [ -122.294970889430999, 42.435381212306602 ], [ -122.296269732276002, 42.436240264496 ], [ -122.297498718550997, 42.437233964268998 ], [ -122.298770672520007, 42.438466573481399 ], [ -122.300075516245997, 42.439820950632701 ], [ -122.301870228601004, 42.441205315535299 ], [ -122.303390858620006, 42.442025109952198 ], [ -122.304964314863, 42.4423318609281 ], [ -122.307134610719004, 42.442475588222599 ], [ -122.308751096178, 42.442742020199098 ], [ -122.309934910910997, 42.4431724367887 ], [ -122.311260447834997, 42.443639716936701 ], [ -122.312539115381, 42.444016640373697 ], [ -122.313995101958994, 42.444372095888703 ], [ -122.314893062370004, 42.444679168643702 ], [ -122.314814570341994, 42.444768759699997 ], [ -122.314478711738005, 42.4449738900258 ], [ -122.313688074154001, 42.445347411584997 ], [ -122.312242389432001, 42.4459241374825 ], [ -122.311070598607998, 42.446470970594802 ], [ -122.309602800415007, 42.447326716741699 ], [ -122.307991893574993, 42.448613868857798 ], [ -122.306770358052006, 42.4498042874717 ], [ -122.30535527392, 42.450691818424097 ], [ -122.303923717135007, 42.451484668543799 ], [ -122.302866526055993, 42.452441886476997 ], [ -122.301852602994003, 42.453606496238102 ], [ -122.300597955148007, 42.454679567971901 ], [ -122.299726879174003, 42.456182755163098 ], [ -122.298646893750998, 42.457126284935399 ], [ -122.296898199707002, 42.457777512001798 ], [ -122.295225803863005, 42.459010068461701 ], [ -122.294415754271, 42.460612655131698 ], [ -122.293015455488998, 42.461770302405 ], [ -122.291115299747005, 42.4628257757687 ], [ -122.289702406494996, 42.4643480466924 ], [ -122.287336444361003, 42.466580353305702 ], [ -122.285956632921994, 42.467985704749601 ], [ -122.284571340241001, 42.468598478529103 ], [ -122.282596240627996, 42.4699280235033 ], [ -122.28128129017, 42.470698802131899 ], [ -122.280123949753005, 42.472109979967399 ], [ -122.278942717755001, 42.473147247462499 ], [ -122.278322740988997, 42.474102481376299 ], [ -122.278266676013004, 42.4758718017153 ], [ -122.278315461275994, 42.477713829513696 ], [ -122.278968579592998, 42.4799018870455 ], [ -122.279985830851999, 42.482434454845198 ], [ -122.279864156315995, 42.483960200374398 ], [ -122.279240193080994, 42.4853206802944 ], [ -122.279135841387998, 42.487256304045196 ], [ -122.279268998670005, 42.489170906100703 ], [ -122.279982486861002, 42.491147693587202 ], [ -122.281049465934004, 42.493275292244398 ], [ -122.281656453400998, 42.495129819638301 ], [ -122.282764079735003, 42.496573204512302 ], [ -122.283702082427993, 42.497488670984602 ], [ -122.284791984929996, 42.4982925035657 ], [ -122.285848876507004, 42.498925007224301 ], [ -122.285995487484001, 42.499142063212503 ], [ -122.284942596223999, 42.4988923381391 ], [ -122.283355740502998, 42.4987113129772 ], [ -122.282222846574001, 42.498807791091302 ], [ -122.281194493960001, 42.498940937503797 ], [ -122.279367621123001, 42.499195139201497 ], [ -122.278110915466996, 42.499407875134096 ], [ -122.277456742862995, 42.499345213891999 ], [ -122.276741849665996, 42.499007484746798 ], [ -122.275491604045996, 42.498594320350897 ], [ -122.273941051790004, 42.498368364680402 ], [ -122.272136971088003, 42.498361423436698 ], [ -122.270583485778005, 42.498585700386002 ], [ -122.269335576059007, 42.498825413859201 ], [ -122.268111971142005, 42.498871641407497 ], [ -122.267251073343999, 42.498861637065197 ], [ -122.266676819785999, 42.499056094328097 ], [ -122.265936543479, 42.499398083223802 ], [ -122.265026727746005, 42.499797518643398 ], [ -122.264142009357002, 42.500066521976898 ], [ -122.263812840691998, 42.500050898955202 ], [ -122.263266780370998, 42.500304058711897 ], [ -122.262735166620004, 42.500557308792203 ], [ -122.261798780502005, 42.500884500088297 ], [ -122.260605484294004, 42.501259558985097 ], [ -122.259650699538994, 42.501532578390197 ], [ -122.258646909586005, 42.501832290580602 ], [ -122.257715739478002, 42.502100943615901 ], [ -122.256530188138996, 42.502331915305398 ], [ -122.255474238025002, 42.502473657543803 ], [ -122.254406832371004, 42.502682859938098 ], [ -122.253767028425003, 42.502818287273399 ], [ -122.252928060876997, 42.503006448370897 ], [ -122.252104953781995, 42.503203712746597 ], [ -122.251038124266998, 42.503426396345603 ], [ -122.250611107642001, 42.503513663952099 ], [ -122.250450411355999, 42.503593666286001 ], [ -122.249993043577007, 42.503865354445203 ], [ -122.249859013963004, 42.503877986059003 ], [ -122.249300602329996, 42.503757252411503 ], [ -122.248393288011002, 42.503616216383797 ], [ -122.247267998289004, 42.503320640943599 ], [ -122.246541599970001, 42.503000660029997 ], [ -122.245574266983994, 42.502791662640199 ], [ -122.244653667614003, 42.502745071725201 ], [ -122.243790222247, 42.502626803205899 ], [ -122.242715172063001, 42.502205431653898 ], [ -122.241613240031995, 42.501995511287802 ], [ -122.240105050007998, 42.501854934530201 ], [ -122.238653948755001, 42.501962380077501 ], [ -122.237074498761004, 42.502303106789199 ], [ -122.235730926669007, 42.502636379123103 ], [ -122.234774211780007, 42.502994734372798 ], [ -122.234572665719, 42.503304092579199 ], [ -122.234475701375999, 42.504019415403803 ], [ -122.23423716325, 42.505427247657899 ], [ -122.233798123778001, 42.506122271449698 ], [ -122.233191981559997, 42.5066090394184 ], [ -122.232152346776999, 42.5068992732011 ], [ -122.230818735539003, 42.507340625194097 ], [ -122.229998107979995, 42.5078214333018 ], [ -122.229593427378006, 42.508377079867103 ], [ -122.229517791025003, 42.508651251603197 ], [ -122.229714432636001, 42.508868715391102 ], [ -122.229959456290004, 42.509235101456497 ], [ -122.230209909197001, 42.509903221372802 ], [ -122.230088301579997, 42.511257793386399 ], [ -122.229615319317006, 42.512479417674101 ], [ -122.229171530890994, 42.513304976414403 ], [ -122.228337366461005, 42.513889248818003 ], [ -122.227163936443006, 42.514529765851201 ], [ -122.226558955504004, 42.515466800620601 ], [ -122.226753990598993, 42.516679410069798 ], [ -122.226732226932, 42.517827514919603 ], [ -122.226820832727, 42.5189718613343 ], [ -122.227101941816002, 42.520054464782902 ], [ -122.227229287284999, 42.521266615910697 ], [ -122.227260510530002, 42.522437591993103 ], [ -122.22727988554, 42.523829132134203 ], [ -122.227165364062998, 42.525156727781003 ], [ -122.226938824184998, 42.526064793838103 ], [ -122.226189635628998, 42.526838745805897 ], [ -122.225586723255006, 42.527474090274197 ], [ -122.22548137007, 42.527748057545601 ], [ -122.225943691294006, 42.5282690195328 ], [ -122.226512997423995, 42.528939298810698 ], [ -122.227212771620998, 42.530200340035996 ], [ -122.227559875422997, 42.531242858943898 ], [ -122.228267753918999, 42.532900206273901 ], [ -122.228721921496003, 42.534150577237398 ], [ -122.228890681717999, 42.535155867416997 ], [ -122.228702219260001, 42.536122729737301 ], [ -122.228691122368005, 42.537086282683397 ], [ -122.228849882120002, 42.538348172206902 ], [ -122.228916724864007, 42.539843595119002 ], [ -122.228634965896006, 42.5410304722013 ], [ -122.227951172722996, 42.542043528903598 ], [ -122.227754484296, 42.543366064320701 ], [ -122.228278575353997, 42.544382753899399 ], [ -122.228179013019002, 42.545359218324897 ], [ -122.228004912505, 42.546330677394202 ], [ -122.228221670769997, 42.547890149514799 ], [ -122.228217504536005, 42.549587723558702 ], [ -122.228465769324998, 42.550877231273802 ], [ -122.228750001437007, 42.5520904306265 ], [ -122.228620800778003, 42.553062191698203 ], [ -122.228681391362997, 42.553891136814698 ], [ -122.229260362757998, 42.555034271320103 ], [ -122.229731493016004, 42.556343285729703 ], [ -122.229907604448996, 42.557375637548098 ], [ -122.230133966306994, 42.558655986940003 ], [ -122.230310242884002, 42.5597378709151 ], [ -122.230467288778001, 42.5612699166591 ], [ -122.230717171224001, 42.563054748240702 ], [ -122.230430698627003, 42.564309136879899 ], [ -122.230447359549999, 42.5654935143519 ], [ -122.230898426389004, 42.566212505785401 ], [ -122.231540406264003, 42.567135406900498 ], [ -122.232022587762998, 42.568237349645599 ], [ -122.231960222292003, 42.569596809788699 ], [ -122.232387560939998, 42.570950545672503 ], [ -122.232967890167998, 42.5721251877711 ], [ -122.233492686096, 42.573110333211702 ], [ -122.234152854119998, 42.574235971076902 ], [ -122.234240101769004, 42.575258713339601 ], [ -122.233964446521995, 42.5759413118707 ], [ -122.233406637494994, 42.577027283298897 ], [ -122.232824881162003, 42.578387768372998 ], [ -122.232367421280003, 42.579298793034098 ], [ -122.231847538427004, 42.580020275441697 ], [ -122.231183737340999, 42.580614708566699 ], [ -122.230569795845, 42.580745674096299 ], [ -122.230149686605003, 42.580535718646701 ], [ -122.229273462576003, 42.5801335725033 ], [ -122.227971005262006, 42.579958196149903 ], [ -122.227000617862998, 42.580460480709498 ], [ -122.226272709243005, 42.581554274363697 ], [ -122.225549047211004, 42.582549028132398 ], [ -122.224638747461995, 42.5841594108837 ], [ -122.223928636224002, 42.585469448201799 ], [ -122.223519124483005, 42.586921108146498 ], [ -122.223359933885007, 42.588270896879898 ], [ -122.223221895197995, 42.589143522026397 ], [ -122.222862519968999, 42.589744472274099 ], [ -122.221750729030006, 42.5906375034441 ], [ -122.220554289166003, 42.591719069117701 ], [ -122.219419123658, 42.592526363359497 ], [ -122.218233094205999, 42.593378328008598 ], [ -122.217096434165001, 42.594482779242703 ], [ -122.216051028329005, 42.595353693348997 ], [ -122.215119287847003, 42.5962704053632 ], [ -122.214970698813005, 42.597426628602904 ], [ -122.214598429567999, 42.598558803771901 ], [ -122.213641949578005, 42.599741003613801 ], [ -122.213716414404004, 42.600907761048497 ], [ -122.214400379373004, 42.602074196470902 ], [ -122.215094523945993, 42.603402801007697 ], [ -122.215441102732001, 42.604805570303 ], [ -122.215507198018997, 42.605913730873397 ], [ -122.215671433642996, 42.6070946091602 ], [ -122.216041918735002, 42.608173332406999 ], [ -122.216246211930994, 42.609138345543698 ], [ -122.216344973641, 42.610377311645003 ], [ -122.216321832259993, 42.611493865987001 ], [ -122.216619180232001, 42.612635126466103 ], [ -122.216492671902003, 42.613791499365398 ], [ -122.216136383739993, 42.615284015142599 ], [ -122.215713028465004, 42.616411337877302 ], [ -122.215279351120003, 42.6178132630614 ], [ -122.214860604414, 42.618449801135597 ], [ -122.214279062279005, 42.619062706815001 ], [ -122.214072719784994, 42.619957361851498 ], [ -122.213873301221, 42.6211492530038 ], [ -122.213255227760001, 42.621815936836398 ], [ -122.212888730949004, 42.622475340344003 ], [ -122.212879209693, 42.6231101787426 ], [ -122.213055883788002, 42.6237868220515 ], [ -122.213376436258997, 42.624234807067197 ], [ -122.213514529042996, 42.6244654012241 ], [ -122.213753004623996, 42.6250163874492 ], [ -122.213721793155003, 42.625497979473899 ], [ -122.213773686013994, 42.6257955245174 ], [ -122.213986937225002, 42.626292302677903 ], [ -122.214230645187001, 42.626852329370699 ], [ -122.214741148882993, 42.627531259014198 ], [ -122.215259680700001, 42.628178721291903 ], [ -122.215703279333994, 42.628906719632099 ], [ -122.216287996660995, 42.629626675986998 ], [ -122.217518155856993, 42.630603199943003 ], [ -122.218645446812999, 42.631092700329098 ], [ -122.219417459864999, 42.6312240434969 ], [ -122.220343843216, 42.632117415147299 ], [ -122.221196064610993, 42.6329697493181 ], [ -122.222188157920996, 42.634160741057997 ], [ -122.223298796050003, 42.635874858994903 ], [ -122.223667010021998, 42.636976051430601 ], [ -122.223540058376997, 42.637254367930502 ], [ -122.222899594861005, 42.637632767500897 ], [ -122.221820798306993, 42.638255843509398 ], [ -122.220400997558002, 42.638836063357303 ], [ -122.219344511809993, 42.639378216364001 ], [ -122.218124292675995, 42.6400273105276 ], [ -122.217217256682005, 42.640502920968999 ], [ -122.216383835485999, 42.641186158871697 ], [ -122.215319732753002, 42.641903833454698 ], [ -122.214143491426, 42.642625231627903 ], [ -122.213206487582994, 42.643114112957598 ], [ -122.212938579178996, 42.643139289600498 ], [ -122.212123123964005, 42.642633867679699 ], [ -122.211321801262002, 42.642097017287 ], [ -122.210148835992001, 42.641832273100199 ], [ -122.207705901355993, 42.641680317105902 ], [ -122.206049406299996, 42.641493236867099 ], [ -122.204927673466003, 42.641458439587602 ], [ -122.203915861675, 42.6421898794867 ], [ -122.203197584207004, 42.643873453199603 ], [ -122.202182620523999, 42.645622498565302 ], [ -122.201421932108005, 42.646621332348097 ], [ -122.200193697954006, 42.647513331926802 ], [ -122.199025043605005, 42.648275152335998 ], [ -122.197953429654007, 42.648780978178998 ], [ -122.196623018321006, 42.649014808656197 ], [ -122.194667248030001, 42.649496387904399 ], [ -122.193180417419995, 42.649855158062799 ], [ -122.191299888024005, 42.6502336442745 ], [ -122.190050123985998, 42.650594047128401 ], [ -122.188845623012, 42.651049316469603 ], [ -122.186994765628995, 42.651193794308 ], [ -122.185441232139993, 42.6514574307188 ], [ -122.184600940672993, 42.651753142446701 ], [ -122.183901571419, 42.652000320855002 ], [ -122.182734491093001, 42.652212639065901 ], [ -122.181871299809004, 42.652566704203103 ], [ -122.180695366812998, 42.653161679538897 ], [ -122.179192375667, 42.653866870491697 ], [ -122.177176478681005, 42.654491810165602 ], [ -122.175466523951002, 42.654754187232399 ], [ -122.173935609363994, 42.655026835717798 ], [ -122.172249318094003, 42.655055187926401 ], [ -122.170606633518005, 42.655187396253602 ], [ -122.169373619802002, 42.655074896550801 ], [ -122.167940245352, 42.654834848968299 ], [ -122.167524135327994, 42.654818317100201 ], [ -122.167698551379004, 42.655976812952197 ], [ -122.167977088903996, 42.657104544837097 ], [ -122.167893638745994, 42.657644278576498 ], [ -122.167563293369994, 42.658456890950298 ], [ -122.166795807743, 42.659054690234797 ], [ -122.166312132372994, 42.659298826652801 ], [ -122.165590133677, 42.659743852558599 ], [ -122.165201014725994, 42.660443458860897 ], [ -122.165086209161004, 42.661329679552502 ], [ -122.165194679210998, 42.662285069887297 ], [ -122.165430196773997, 42.662921684920597 ], [ -122.165531370351005, 42.663795970626602 ], [ -122.165981957954003, 42.664717829089298 ], [ -122.166603249016006, 42.665307718646403 ], [ -122.167292022807999, 42.666042185827003 ], [ -122.167564521360006, 42.666710584721699 ], [ -122.167732759969994, 42.667648394876998 ], [ -122.168129023280002, 42.669159719532402 ], [ -122.168497426133001, 42.670130501487201 ], [ -122.168858471088996, 42.671024680741802 ], [ -122.169301206062002, 42.671856411711403 ], [ -122.170050593067998, 42.672285109342702 ], [ -122.170569205202995, 42.6726896170548 ], [ -122.171049614957994, 42.673386529267901 ], [ -122.171353125303, 42.673965086424502 ], [ -122.171091198740001, 42.674332422438802 ], [ -122.171127237476995, 42.674719925726997 ], [ -122.171364879590001, 42.674802695935099 ], [ -122.171802375748996, 42.674999481380397 ], [ -122.171889774850001, 42.6755404515919 ], [ -122.171953595789006, 42.676536035884602 ], [ -122.171942612717004, 42.6775355820212 ], [ -122.172192330754001, 42.6784334476636 ], [ -122.172620315426002, 42.679521718762899 ], [ -122.172742276665005, 42.680850930223798 ], [ -122.172877573286996, 42.682382864173498 ], [ -122.173028389837995, 42.684068005243098 ], [ -122.173113374633004, 42.685252858338103 ], [ -122.173912160895995, 42.686573443112302 ], [ -122.175165154384999, 42.687356956772099 ], [ -122.176144755872002, 42.687989897765704 ], [ -122.176616741179998, 42.689222558665598 ], [ -122.17653764245, 42.690532307173399 ], [ -122.176264334582001, 42.692277430956402 ], [ -122.176550849755998, 42.693171046789601 ], [ -122.177454872824001, 42.6943933001182 ], [ -122.178173005759007, 42.695249485289303 ], [ -122.179524364648998, 42.695939097261203 ], [ -122.180666633060994, 42.696748773357001 ], [ -122.181527793385996, 42.697119657617598 ], [ -122.182411148954003, 42.6974861910304 ], [ -122.183664626194002, 42.6985487878123 ], [ -122.184629288555001, 42.6991770460521 ], [ -122.185409583574, 42.699200609602499 ], [ -122.186360723678007, 42.699464030132198 ], [ -122.186952261648997, 42.7003868023371 ], [ -122.187351481121993, 42.7011371005405 ], [ -122.188348202057, 42.701126157106501 ], [ -122.189380437392003, 42.701318082381 ], [ -122.18988393283, 42.702091623661602 ], [ -122.190209184685003, 42.702841388520497 ], [ -122.190914360240001, 42.703247121382397 ], [ -122.191954164343997, 42.7036236916626 ], [ -122.193091407259999, 42.703901877449603 ], [ -122.193625971686998, 42.704166804689699 ], [ -122.193535954200001, 42.704400316392103 ], [ -122.192746627402002, 42.704597381602497 ], [ -122.191578759945997, 42.704737736471003 ], [ -122.190664106658005, 42.704947411005897 ], [ -122.189940863434003, 42.705343046883002 ], [ -122.189322505112997, 42.705829476540302 ], [ -122.18875573183, 42.706280245833099 ], [ -122.188166938143993, 42.706663314247898 ], [ -122.187631142201994, 42.706902666063002 ], [ -122.187443422041994, 42.707486697830603 ], [ -122.187589638250998, 42.708212685106801 ], [ -122.187795731879007, 42.7089706163136 ], [ -122.187934324506998, 42.7098136215427 ], [ -122.188049734171003, 42.710854585019398 ], [ -122.187719474502003, 42.712009460804701 ], [ -122.187307252726001, 42.713010658924503 ], [ -122.186806315137005, 42.713966197585997 ], [ -122.186076135931998, 42.714240183695601 ], [ -122.185122751367999, 42.714539593957703 ], [ -122.184371123703997, 42.714934991851798 ], [ -122.184078600394997, 42.715765924175798 ], [ -122.184357754435993, 42.7167134981243 ], [ -122.184555666166005, 42.717628973312401 ], [ -122.184507109745994, 42.7187723354036 ], [ -122.184638029531001, 42.719907969581897 ], [ -122.184848738385, 42.721129724233002 ], [ -122.184987248116002, 42.722152841992603 ], [ -122.184933260215004, 42.722778344676001 ], [ -122.184508265434005, 42.723288636497799 ], [ -122.183911174722994, 42.7237661810125 ], [ -122.183277428015998, 42.724360533288099 ], [ -122.182731787918996, 42.7251041025375 ], [ -122.182349778263003, 42.725826323531201 ], [ -122.182324443357004, 42.726767223710198 ], [ -122.182813794669997, 42.727405608441302 ], [ -122.183020135877001, 42.728028464124698 ], [ -122.183077206255007, 42.728798846375902 ], [ -122.183052008169994, 42.729613669445101 ], [ -122.182968231822002, 42.730121885652501 ], [ -122.182780507844996, 42.730755437795104 ], [ -122.182763061773997, 42.731502774192997 ], [ -122.182292766054999, 42.732084778055103 ], [ -122.182089814579996, 42.732772253407298 ], [ -122.182243710674996, 42.7335523324614 ], [ -122.181973206695005, 42.734383413804103 ], [ -122.182044235388005, 42.735252956424702 ], [ -122.182710417660999, 42.736500477880199 ], [ -122.183242449801, 42.737557922150998 ], [ -122.183633258780006, 42.738614357148599 ], [ -122.183689994393006, 42.739353215922698 ], [ -122.183911179424996, 42.740012196732899 ], [ -122.183119114719005, 42.741195280658197 ], [ -122.182631897030006, 42.742362523964402 ], [ -122.182173533102997, 42.743773120394799 ], [ -122.182311031835994, 42.744931313126898 ], [ -122.183067331683006, 42.745837263842802 ], [ -122.182981066609997, 42.746998361673803 ], [ -122.181713128873, 42.7481240050775 ], [ -122.180781073061993, 42.748734219775997 ], [ -122.179022125974996, 42.749446568065302 ], [ -122.178120309687998, 42.749845347908902 ], [ -122.177993879289005, 42.749993031583401 ], [ -122.177955927240006, 42.750033284007998 ], [ -122.177795490218003, 42.7505004193711 ], [ -122.177788309411, 42.750928130080297 ], [ -122.177795776348006, 42.751229868638802 ], [ -122.178018208168993, 42.751677238685801 ], [ -122.178219163406993, 42.752363100409497 ], [ -122.178389786691994, 42.753206340648298 ], [ -122.178672530124999, 42.753829749560303 ], [ -122.178850982439997, 42.754254288579901 ], [ -122.179237626567996, 42.755049545765502 ], [ -122.179974729102995, 42.755563637966297 ], [ -122.180696599775999, 42.755843473059002 ], [ -122.181961593554007, 42.756464891425502 ], [ -122.182720726932004, 42.756758488186101 ], [ -122.183241521778996, 42.757230490495402 ], [ -122.183650969355, 42.758097939186698 ], [ -122.183642399335, 42.758750777595701 ], [ -122.183828327824997, 42.759598620770099 ], [ -122.183843303231995, 42.760436239739903 ], [ -122.184185240836001, 42.7609790066766 ], [ -122.184304504509996, 42.761785849042901 ], [ -122.184288962295994, 42.763087033693402 ], [ -122.184303884958993, 42.763929154479499 ], [ -122.184556872917, 42.764790981646797 ], [ -122.185062635749006, 42.7654835028153 ], [ -122.185255545328999, 42.766151282441697 ], [ -122.184809551087, 42.766958603178303 ], [ -122.184116775589004, 42.767710131054997 ], [ -122.183603020247006, 42.768381881610402 ], [ -122.182880295014002, 42.769259265162702 ], [ -122.182425702873999, 42.769728808801197 ], [ -122.181957485797, 42.770072176370597 ], [ -122.181301668897007, 42.770738398579702 ], [ -122.180884201403998, 42.7715774264407 ], [ -122.180861581676993, 42.772018533595201 ], [ -122.180981532553005, 42.7723075672166 ], [ -122.181033284551006, 42.772902299543901 ], [ -122.181159676077002, 42.773398505193903 ], [ -122.181353320642003, 42.773661048849199 ], [ -122.181233657179007, 42.773871822218297 ], [ -122.180846516775006, 42.774031152185202 ], [ -122.180556247778, 42.774375786540901 ], [ -122.180311002745995, 42.774608173882598 ], [ -122.179975571879993, 42.774727346334501 ], [ -122.179647965754, 42.774774529984299 ], [ -122.178969898017002, 42.775210938973402 ], [ -122.178262613026007, 42.776007353526403 ], [ -122.177763159072995, 42.7768007533641 ], [ -122.177100246040993, 42.777705544831299 ], [ -122.176780408998994, 42.778203049989401 ], [ -122.176638474220994, 42.778881943075802 ], [ -122.176541502557995, 42.779511629134099 ], [ -122.176526106663005, 42.780096874336301 ], [ -122.176608153486995, 42.780651301038802 ], [ -122.176436247172006, 42.780996775535399 ], [ -122.176138388742004, 42.781102698573498 ], [ -122.175617753517002, 42.781414143083403 ], [ -122.175445993368996, 42.781863180022299 ], [ -122.175260026383, 42.7822310650972 ], [ -122.174969235684003, 42.7824946317143 ], [ -122.174597292041994, 42.782712585277999 ], [ -122.174045420566003, 42.783302966929298 ], [ -122.173673128505001, 42.783948674715496 ], [ -122.173531712143003, 42.784240331836401 ], [ -122.173403988231996, 42.784766229765502 ], [ -122.173583390141999, 42.785352880034601 ], [ -122.174059022749006, 42.7861307818551 ], [ -122.174148198541005, 42.786550179174903 ], [ -122.174006404984993, 42.786927385934902 ], [ -122.173686358360996, 42.787262781710901 ], [ -122.173500500157999, 42.7877927626649 ], [ -122.173477267831004, 42.788562561976804 ], [ -122.173543670962005, 42.7890853580083 ], [ -122.173796936857997, 42.790037261727797 ], [ -122.174064901302998, 42.790516484211103 ], [ -122.174102127205003, 42.791165145694201 ], [ -122.174086164949998, 42.7917909098216 ], [ -122.174220051998006, 42.792813994686 ], [ -122.174443218985004, 42.793387450261598 ], [ -122.174451072083002, 42.793486566874797 ], [ -122.174428433350997, 42.793522425467998 ], [ -122.174093328482002, 42.794010806091499 ], [ -122.174025847316997, 42.7942579692888 ], [ -122.174324189866994, 42.794867989019103 ], [ -122.174576661035999, 42.7955947481096 ], [ -122.174613121636, 42.796531577729198 ], [ -122.174471316045995, 42.797368062158597 ], [ -122.174270409913007, 42.798280666396202 ], [ -122.174082742967997, 42.799116819343404 ], [ -122.173866869145002, 42.799889730239997 ], [ -122.173614231284006, 42.8004957746016 ], [ -122.173233677585003, 42.800835234245604 ], [ -122.173143706849004, 42.801392921961501 ], [ -122.173307866905006, 42.8022090996839 ], [ -122.173656981763997, 42.803256250694403 ], [ -122.173872974448997, 42.804198877536699 ], [ -122.174059032385003, 42.805208828664199 ], [ -122.174415234296006, 42.806242519824202 ], [ -122.174437861060994, 42.807012647521198 ], [ -122.174362744261998, 42.807660497015597 ], [ -122.174280869775998, 42.808528930701002 ], [ -122.174361556207003, 42.809416547370198 ], [ -122.174503406300005, 42.810246069552299 ], [ -122.174740910142006, 42.811125810760103 ], [ -122.175068955335007, 42.811808084354901 ], [ -122.175538296721001, 42.812500379870798 ], [ -122.175827856902004, 42.812858178774199 ], [ -122.176252872461006, 42.813032340345103 ], [ -122.176491165854998, 42.813394271411802 ], [ -122.176736843070003, 42.813891336392302 ], [ -122.177041704437997, 42.814249242172799 ], [ -122.177473697996007, 42.814590049638703 ], [ -122.177958797819002, 42.8149042204873 ], [ -122.178501580215993, 42.815250322116597 ], [ -122.178836876106004, 42.815504879078098 ], [ -122.179261829919994, 42.8158591373859 ], [ -122.179581477457006, 42.816199131460301 ], [ -122.179954043105994, 42.816584530739199 ], [ -122.180460328655002, 42.817380632508801 ], [ -122.180810424583001, 42.817905452065297 ], [ -122.181100246094005, 42.818479369222501 ], [ -122.181442975528, 42.819215761326198 ], [ -122.181577177370002, 42.820054224208498 ], [ -122.181792706658001, 42.820929289672002 ], [ -122.181285698240998, 42.821691125378003 ], [ -122.180354357794002, 42.822220283874003 ], [ -122.179385719723001, 42.822735659297798 ], [ -122.178812125511996, 42.823325903751602 ], [ -122.178595695469994, 42.824080805482602 ], [ -122.178401262909006, 42.824790837523601 ], [ -122.178162770328001, 42.825536574507602 ], [ -122.178043361429999, 42.826296673959803 ], [ -122.178117489361, 42.827107692336597 ], [ -122.178325445007005, 42.828090773667 ], [ -122.178541761009996, 42.828731709271203 ], [ -122.178816845070003, 42.829323536225502 ], [ -122.178913795764004, 42.829855550040499 ], [ -122.178489317154998, 42.830266753403997 ], [ -122.178168422108001, 42.830593147459098 ], [ -122.177795795688994, 42.831072260837601 ], [ -122.177772920812998, 42.831355766523799 ], [ -122.178495857539005, 42.831505042302901 ], [ -122.179628182456995, 42.831864371703603 ], [ -122.180828402223, 42.832584391457402 ], [ -122.182102131695999, 42.834110906340399 ], [ -122.182451790228001, 42.835257088301397 ], [ -122.182607407142001, 42.836446910763001 ], [ -122.183643416492998, 42.837625002837299 ], [ -122.185013878944005, 42.838728920807199 ], [ -122.186005803064006, 42.839776099251402 ], [ -122.186839665163006, 42.841506555431003 ], [ -122.187197322044, 42.842927442446502 ], [ -122.186839649023, 42.844248693172901 ], [ -122.186548416132993, 42.844877000656197 ], [ -122.186399291653004, 42.845807997326702 ], [ -122.186175042299993, 42.8466348978721 ], [ -122.185884138223997, 42.847353259438499 ], [ -122.185563927843006, 42.848089422436402 ], [ -122.185295307770005, 42.848798935458802 ], [ -122.184840264871994, 42.849200938044902 ], [ -122.184042809101001, 42.849582488182598 ], [ -122.182954007538001, 42.849898916330801 ], [ -122.18180590966, 42.850070824476902 ], [ -122.180769930506997, 42.8503245717244 ], [ -122.180002114038999, 42.850544209095503 ], [ -122.179569383461001, 42.850932842309703 ], [ -122.179345809324005, 42.851295957202296 ], [ -122.179152479237999, 42.8516277697058 ], [ -122.178883734788002, 42.851877992734998 ], [ -122.178458549812007, 42.852100076545597 ], [ -122.178010765869999, 42.852641686873397 ], [ -122.178018568739006, 42.8536683540773 ], [ -122.178219601981993, 42.854660386828101 ], [ -122.178420119962993, 42.855922576080602 ], [ -122.178725131101004, 42.857266562550002 ], [ -122.179209241636997, 42.858431725022697 ], [ -122.180043608877, 42.859549864919103 ], [ -122.181176733960996, 42.860814221330898 ], [ -122.182235375025996, 42.861870911277798 ], [ -122.183389939380007, 42.862676125820897 ], [ -122.184717030095001, 42.863279937101403 ], [ -122.186380266151005, 42.864097748014402 ], [ -122.187937908115998, 42.865094892626097 ], [ -122.188661194915994, 42.8655998173939 ], [ -122.189384312830995, 42.866410918016399 ], [ -122.189764235246002, 42.867431211096402 ], [ -122.189443193740004, 42.868518584666099 ], [ -122.188205520048001, 42.869545428922699 ], [ -122.186982699652006, 42.870486814362003 ], [ -122.185364015811999, 42.871853123662603 ], [ -122.184237708227997, 42.873186897940002 ], [ -122.183641352701997, 42.874020142629902 ], [ -122.183148704442004, 42.874705536182901 ], [ -122.182610432537999, 42.874904314086201 ], [ -122.182448890691006, 42.875200336383301 ], [ -122.182122726111999, 42.875909427475598 ], [ -122.181704596854004, 42.876338695135999 ], [ -122.180796306808006, 42.876624872223303 ], [ -122.179921367806998, 42.876992328913403 ], [ -122.178991201749, 42.877715093094103 ], [ -122.177792708834005, 42.878242308337597 ], [ -122.176554817400998, 42.878508073262203 ], [ -122.175335950873006, 42.878436262287003 ], [ -122.171595659537999, 42.878643395983801 ], [ -122.169479861271, 42.878974770747597 ], [ -122.167716588475997, 42.879551813415098 ], [ -122.166048843922994, 42.879908894491699 ], [ -122.162624684676004, 42.879762327344302 ], [ -122.161668951780996, 42.879755332488202 ], [ -122.160593327257999, 42.879729439986797 ], [ -122.159014022351997, 42.879825912774301 ], [ -122.156980291281997, 42.880810544469298 ], [ -122.155280972285993, 42.882184836276302 ], [ -122.154229418667995, 42.883307238682598 ], [ -122.152872013912003, 42.884629987713602 ], [ -122.151629144959003, 42.886079643410902 ], [ -122.149850328785007, 42.887984576682598 ], [ -122.148202414612996, 42.889768884111902 ], [ -122.146973398735994, 42.891808437662 ], [ -122.146128031198998, 42.894607283973997 ], [ -122.145199557181002, 42.897819745204103 ], [ -122.144779726647997, 42.900392120580797 ], [ -122.144509423206998, 42.9023352413314 ], [ -122.144209991848996, 42.903836884497899 ], [ -122.143849625165998, 42.905536186762298 ], [ -122.143419290023999, 42.907144911110002 ], [ -122.143307055567007, 42.908670464411301 ], [ -122.143476637223003, 42.9096938313088 ], [ -122.143606051353004, 42.910190089234597 ], [ -122.143783868092001, 42.9106191695371 ], [ -122.144029681484994, 42.911003731688297 ], [ -122.144437926707994, 42.9113805021776 ], [ -122.144599769725005, 42.911525795928497 ], [ -122.144884786323999, 42.911789078080702 ], [ -122.145351973711996, 42.912112253987701 ], [ -122.145883973701004, 42.912399890541998 ], [ -122.146769583178994, 42.912753197729202 ], [ -122.147665030431995, 42.912948979214498 ], [ -122.148576313331006, 42.913162882005402 ], [ -122.149498946465002, 42.913498432910401 ], [ -122.150857160049995, 42.914120874110502 ], [ -122.151997567207999, 42.9147146700424 ], [ -122.153420594462006, 42.915472639778599 ], [ -122.155619208489, 42.916632546899898 ], [ -122.157400068710999, 42.917604729564303 ], [ -122.159453693220996, 42.9189075794974 ], [ -122.161390948744, 42.920722839338502 ], [ -122.162590297996005, 42.922352565000203 ], [ -122.163900864919995, 42.9239740848803 ], [ -122.164918546921001, 42.926192301837098 ], [ -122.166083419157999, 42.928348544706203 ], [ -122.166660525042005, 42.930761649302703 ], [ -122.167448268867005, 42.932608952503898 ], [ -122.168055669745996, 42.933973159167103 ], [ -122.167999050358006, 42.936642798645103 ], [ -122.167963749262, 42.939321597043097 ], [ -122.168908595264, 42.941345631330698 ], [ -122.169707124332007, 42.942405037414098 ], [ -122.170584393498004, 42.943136317865999 ], [ -122.169656840513994, 42.943980585977798 ], [ -122.168420336710994, 42.944953177887001 ], [ -122.167417437148998, 42.946211119939697 ], [ -122.166871484802996, 42.947724525729797 ], [ -122.166248582454003, 42.949147315900397 ], [ -122.166001610256004, 42.950019021847503 ], [ -122.165399962777997, 42.950545943644997 ], [ -122.164772587963, 42.950991627632298 ], [ -122.164446410498996, 42.951939296147899 ], [ -122.163501489024995, 42.952918464082998 ], [ -122.162962022979997, 42.953319754338096 ], [ -122.162876048529, 42.954066557294297 ], [ -122.162777603430996, 42.954885310465997 ], [ -122.161991643646004, 42.956171804715503 ], [ -122.160746595743007, 42.957351368174898 ], [ -122.159478054477006, 42.958283102448 ], [ -122.158307079533998, 42.959643286596602 ], [ -122.157206829635996, 42.960702305342302 ], [ -122.156399653719006, 42.961340229911997 ], [ -122.155282424817003, 42.961899316748898 ], [ -122.154214576525007, 42.962152581172901 ], [ -122.153079470584998, 42.9630627165104 ], [ -122.152481835760994, 42.963949805975901 ], [ -122.151889086414997, 42.964089498194603 ], [ -122.151245724071998, 42.964287345711902 ], [ -122.150381786482995, 42.964587112048598 ], [ -122.149361646033995, 42.964710109988502 ], [ -122.148439439566999, 42.965288589163599 ], [ -122.147949469810996, 42.966252999532202 ], [ -122.147124060978996, 42.967255431836399 ], [ -122.146372016238004, 42.967772125653099 ], [ -122.145837237267003, 42.968758705231899 ], [ -122.144684821669003, 42.970015325957803 ], [ -122.143578666630006, 42.9704753232486 ], [ -122.142004677586002, 42.9710128501859 ], [ -122.140705697382003, 42.971502892005802 ], [ -122.139479485555995, 42.971939435136697 ], [ -122.138133848205996, 42.9721454340349 ], [ -122.136673555282997, 42.972274008366398 ], [ -122.134841211831997, 42.972480798802401 ], [ -122.133349097685993, 42.972582074640698 ], [ -122.133323443077003, 42.973153708449402 ], [ -122.134361631795997, 42.974215169631201 ], [ -122.136465528651001, 42.975419744358 ], [ -122.138933268475, 42.976536966547798 ], [ -122.141738317302995, 42.977656665355497 ], [ -122.144356666421999, 42.978815422897902 ], [ -122.146403150542, 42.980483150726897 ], [ -122.148462071130993, 42.982313026913701 ], [ -122.150377966050996, 42.984128296222799 ], [ -122.152958193399002, 42.986308657634098 ], [ -122.154841831991007, 42.988258689700203 ], [ -122.155662685490995, 42.989953213088697 ], [ -122.156266102133003, 42.992470097707702 ], [ -122.157221769642007, 42.994629367134699 ], [ -122.159125945254999, 42.996282308115397 ], [ -122.161123955533995, 42.997188478877703 ], [ -122.163470354707997, 42.998416843886197 ], [ -122.164879661734005, 42.999377177667903 ], [ -122.165001758119004, 42.999873350697598 ], [ -122.165262294182, 43.000055353861903 ], [ -122.164638800777993, 43.0001768763833 ], [ -122.164557050823007, 43.000721089930302 ], [ -122.164282429254001, 43.001295413066302 ], [ -122.164028103264002, 43.001842868352703 ], [ -122.164008530385999, 43.003625740128001 ], [ -122.164166271051002, 43.0051127374795 ], [ -122.164127683619995, 43.006431705772002 ], [ -122.164013749871003, 43.008952306399102 ], [ -122.163991336503003, 43.011509594839602 ], [ -122.164327487874999, 43.013358097464199 ], [ -122.164198536745999, 43.013874949485597 ], [ -122.163638222195999, 43.014699325826598 ], [ -122.163069051516999, 43.015384055396403 ], [ -122.162909715642996, 43.015878170793997 ], [ -122.162978238519997, 43.0164234807702 ], [ -122.163009632891004, 43.017387256368799 ], [ -122.163304597429999, 43.018258405545502 ], [ -122.163620720034999, 43.018814529988802 ], [ -122.163804502144998, 43.019288640712702 ], [ -122.163498933265998, 43.019988805258997 ], [ -122.163216888107002, 43.020707151096602 ], [ -122.163147438419003, 43.021472076435998 ], [ -122.163071305816004, 43.022390039358001 ], [ -122.163065016901996, 43.023078883023302 ], [ -122.163161017582993, 43.024538409954403 ], [ -122.163447530070002, 43.025639125691796 ], [ -122.163717101423998, 43.025897740979197 ], [ -122.163542473188002, 43.025991018152197 ], [ -122.163070920924, 43.026145159561501 ], [ -122.162555687039003, 43.026578137093203 ], [ -122.162367227290005, 43.026954971483001 ], [ -122.162228928215995, 43.027309660041396 ], [ -122.161842479046001, 43.027748079521103 ], [ -122.160947814047006, 43.028101726832503 ], [ -122.159955325793007, 43.028427633824997 ], [ -122.159172442425003, 43.028908158845297 ], [ -122.158482139826006, 43.029573963469602 ], [ -122.157815856496001, 43.031455626407499 ], [ -122.157679104237999, 43.032760356236302 ], [ -122.157650334129002, 43.033854261222302 ], [ -122.157632128130004, 43.034736624521699 ], [ -122.157846725826005, 43.036435660162603 ], [ -122.158070090226005, 43.037887120017999 ], [ -122.158412540805003, 43.039046790254297 ], [ -122.159175551383001, 43.039975418412801 ], [ -122.160123667023996, 43.040441639203799 ], [ -122.160668588716007, 43.0409364133045 ], [ -122.160690623308994, 43.041346305346799 ], [ -122.160709742641004, 43.041688637998703 ], [ -122.160561855457999, 43.042124298832199 ], [ -122.160475926898002, 43.042461358316601 ], [ -122.160695505327993, 43.043183373933999 ], [ -122.160815408236999, 43.043449902582402 ], [ -122.161068778786003, 43.043550816016698 ], [ -122.161303869020003, 43.044543095841703 ], [ -122.161248935299994, 43.044632743806801 ], [ -122.161312776561005, 43.045241053170201 ], [ -122.161294555775996, 43.046127917782599 ], [ -122.161238887617998, 43.046609280280897 ], [ -122.161307669823003, 43.047024016969999 ], [ -122.161610444939996, 43.047611564198597 ], [ -122.161651517251002, 43.048089132970802 ], [ -122.161324446658, 43.048946718915701 ], [ -122.160959215060004, 43.049506857303903 ], [ -122.160890865639999, 43.050298800599897 ], [ -122.161289507299003, 43.051004116924503 ], [ -122.161944022289006, 43.051967949845597 ], [ -122.162177867129998, 43.052942207262497 ], [ -122.162211653948006, 43.053955522238603 ], [ -122.161789462358996, 43.054582783558303 ], [ -122.160882679397005, 43.055120942893502 ], [ -122.160339038923993, 43.055310563539599 ], [ -122.159316055703002, 43.055645244234498 ], [ -122.156876494580999, 43.056527799736003 ], [ -122.155738539309993, 43.056960656590903 ], [ -122.154637515789005, 43.057497332854702 ], [ -122.153519452862, 43.058155440403198 ], [ -122.152494169823996, 43.058985319788597 ], [ -122.152086512883997, 43.059216430740399 ], [ -122.151576034689995, 43.0593342149918 ], [ -122.150966538370994, 43.059563825249498 ], [ -122.150705159176994, 43.059705966147298 ], [ -122.150459521901993, 43.0598752384143 ], [ -122.150234333957997, 43.060008641874802 ], [ -122.150111254888003, 43.060084270596398 ], [ -122.149987532466, 43.060150889372402 ], [ -122.1498874137, 43.060231190919303 ], [ -122.149802456800998, 43.060325112577601 ], [ -122.149747616382996, 43.0604057504016 ], [ -122.149701362952001, 43.0605314771678 ], [ -122.149661684384995, 43.060625735158503 ], [ -122.149446531847005, 43.060254929809602 ], [ -122.149100835840002, 43.0598336257084 ], [ -122.148635782317996, 43.059163794137902 ], [ -122.148055509958994, 43.058168921576197 ], [ -122.147611118591996, 43.057449711801098 ], [ -122.147438662781994, 43.056768546738901 ], [ -122.146894627978, 43.056152149540701 ], [ -122.145923540235003, 43.055672141225898 ], [ -122.144717727146997, 43.055019274741099 ], [ -122.143411587868997, 43.054298106736702 ], [ -122.142267134579001, 43.053816769420102 ], [ -122.140849017299999, 43.053094732675603 ], [ -122.139436778204001, 43.052777949445101 ], [ -122.138005854677004, 43.052645611415699 ], [ -122.136167562786, 43.052613739029198 ], [ -122.134499488046004, 43.0525380994562 ], [ -122.133382515426007, 43.052128921424703 ], [ -122.132811781737004, 43.051296133719397 ], [ -122.132321948335999, 43.050441443903701 ], [ -122.131269912299004, 43.049839129033401 ], [ -122.130330912279007, 43.049656398222503 ], [ -122.129447287521998, 43.049411045666297 ], [ -122.128520899937996, 43.049313943890702 ], [ -122.127447644537995, 43.049292257729398 ], [ -122.126355719917001, 43.049342459338703 ], [ -122.125441870670002, 43.049335478821298 ], [ -122.124957321780997, 43.0494668502756 ], [ -122.124665237664999, 43.0494466062976 ], [ -122.124351157098005, 43.049462213438701 ], [ -122.123937196417998, 43.049594120693499 ], [ -122.123443560964006, 43.049770441384297 ], [ -122.122792943841006, 43.049977074318498 ], [ -122.121869029772, 43.050244641941397 ], [ -122.120849905754994, 43.050407912650698 ], [ -122.119742122204997, 43.0502237981365 ], [ -122.118734048901004, 43.049882852567301 ], [ -122.117637697489997, 43.049437659439697 ], [ -122.116883201232, 43.048914049122203 ], [ -122.115901417035005, 43.048348155301397 ], [ -122.112087508903997, 43.047503669033397 ], [ -122.110419001829001, 43.046779311784199 ], [ -122.109458874181001, 43.046154998118801 ], [ -122.108082888534, 43.045635496397097 ], [ -122.106458370260995, 43.045429214441299 ], [ -122.104624846568001, 43.045243786884001 ], [ -122.103044272405, 43.045393499706599 ], [ -122.101304061484001, 43.045649997658202 ], [ -122.099774436985001, 43.045777552780201 ], [ -122.098510616197004, 43.046145815455901 ], [ -122.096752470412, 43.046523670918702 ], [ -122.095316698437998, 43.046737455078599 ], [ -122.094148149489996, 43.0468857990328 ], [ -122.093638689855993, 43.046881764989898 ], [ -122.092847404275005, 43.046371212382802 ], [ -122.092056640970995, 43.045513964154701 ], [ -122.091696233034995, 43.044925775980303 ], [ -122.091373081293, 43.044153278966597 ], [ -122.090955564599, 43.0432764732941 ], [ -122.090670800864999, 43.0427113951989 ], [ -122.090062097116999, 43.042467922763002 ], [ -122.088501808846004, 43.042545555704699 ], [ -122.087096657716003, 43.042768485883698 ], [ -122.085471543815999, 43.042922103227099 ], [ -122.084200513100001, 43.042947958519001 ], [ -122.082533900157003, 43.043002146464801 ], [ -122.081137701276006, 43.043445698841303 ], [ -122.079931765614006, 43.043787206008503 ], [ -122.078362304506001, 43.044013210107501 ], [ -122.076950774248999, 43.043889269902401 ], [ -122.075801462702998, 43.043983551455398 ], [ -122.074644905514006, 43.044253361245097 ], [ -122.072986998600996, 43.0446946973614 ], [ -122.070937624294004, 43.0450923090876 ], [ -122.069494828610004, 43.0453102146828 ], [ -122.06789333991, 43.045315191053 ], [ -122.066316623803004, 43.0453563673018 ], [ -122.065214526884006, 43.0451177411122 ], [ -122.064537066758007, 43.044657450367602 ], [ -122.064544092448003, 43.043892079136398 ], [ -122.064403486971003, 43.043197541230597 ], [ -122.063558077511999, 43.042632313278702 ], [ -122.062909973109001, 43.042514444716097 ], [ -122.062042936639003, 43.042917070819001 ], [ -122.061602406408994, 43.043125077672798 ], [ -122.061377563744003, 43.043478932882898 ], [ -122.061048780495994, 43.0440570608854 ], [ -122.060865739839002, 43.044537328605202 ], [ -122.060862364989006, 43.045010065596102 ], [ -122.061169299295997, 43.045764505082403 ], [ -122.061508803429007, 43.046195029360597 ], [ -122.061871784822003, 43.046495172011099 ], [ -122.062285296940999, 43.0469037880505 ], [ -122.062658600798997, 43.047433641235301 ], [ -122.062757902252002, 43.0478666964014 ], [ -122.062847872206007, 43.048610348782098 ], [ -122.062719745948002, 43.0491631090905 ], [ -122.062633024514, 43.049617152998998 ], [ -122.062901243482003, 43.049943531048299 ], [ -122.063301563204007, 43.050212457151801 ], [ -122.063967456371003, 43.050780720614 ], [ -122.064936751947002, 43.051432505088997 ], [ -122.065985653382, 43.0518462977656 ], [ -122.067028565306003, 43.052453640146297 ], [ -122.067316393991007, 43.053108851208201 ], [ -122.067315812141004, 43.0536536507474 ], [ -122.067144469018999, 43.054426686494701 ], [ -122.067310826473005, 43.055197972382302 ], [ -122.067732038836994, 43.056016359670899 ], [ -122.068201762791006, 43.057078275996702 ], [ -122.068539188062005, 43.058211153550097 ], [ -122.068806622813995, 43.059456023110499 ], [ -122.068868372089995, 43.060244464816002 ], [ -122.068954630470003, 43.061087135910697 ], [ -122.068938492941001, 43.0625593248215 ], [ -122.068991508107999, 43.063874488285997 ], [ -122.069424689754996, 43.064769508203298 ], [ -122.070322991959003, 43.065515221050497 ], [ -122.071271610893007, 43.0662343201436 ], [ -122.072544415452001, 43.066784944191902 ], [ -122.074099888275001, 43.067477419294001 ], [ -122.075086663036998, 43.0680121926748 ], [ -122.076526777040002, 43.068825269791901 ], [ -122.077431173535999, 43.069327840493301 ], [ -122.077778592854003, 43.070168106600597 ], [ -122.078639159717, 43.070728846945102 ], [ -122.079628473838, 43.071664324062397 ], [ -122.080396658338998, 43.071783062843402 ], [ -122.081170883989003, 43.072217020076501 ], [ -122.082383081128995, 43.072573440114297 ], [ -122.083647995427995, 43.072380964347303 ], [ -122.085110188808997, 43.072446694682498 ], [ -122.086879612516, 43.072708466019101 ], [ -122.088924481852004, 43.073084966005901 ], [ -122.090728855126997, 43.073477528624203 ], [ -122.091803450878999, 43.074111910394301 ], [ -122.092369795113996, 43.0749583716687 ], [ -122.092571388118998, 43.076072087973699 ], [ -122.092429006491002, 43.076980463528002 ], [ -122.092349782558998, 43.077614687387502 ], [ -122.092307660589, 43.078595897746503 ], [ -122.092069503485007, 43.079386447733803 ], [ -122.092006538961996, 43.080218909925001 ], [ -122.091893310399001, 43.081127515477 ], [ -122.091688619766998, 43.081990369819202 ], [ -122.091181451603006, 43.082954378953097 ], [ -122.090625430979998, 43.0838459575264 ], [ -122.090632708081998, 43.084755518886197 ], [ -122.090876680497004, 43.085599423596101 ], [ -122.091160986522993, 43.0865201903895 ], [ -122.091121970108006, 43.087393363671303 ], [ -122.090651119005997, 43.087974946336402 ], [ -122.090114259089006, 43.088398414979103 ], [ -122.089927761365999, 43.088599543809899 ], [ -122.089443300325001, 43.089009918531602 ], [ -122.088930025945004, 43.089654191145598 ], [ -122.088377983602996, 43.090271137577503 ], [ -122.087433315531001, 43.090799403284201 ], [ -122.086255244490005, 43.0914788819953 ], [ -122.086008287059997, 43.0920262129208 ], [ -122.086401361729997, 43.092497610685299 ], [ -122.086533767773005, 43.093354140084699 ], [ -122.086830301662999, 43.094018372363401 ], [ -122.087226602477998, 43.094377230786698 ], [ -122.087437887551999, 43.0947841396939 ], [ -122.08702066475, 43.095213049819499 ], [ -122.086292848480994, 43.095716020756797 ], [ -122.085734947405996, 43.096359921805004 ], [ -122.085303992174005, 43.097193939209603 ], [ -122.085558951113995, 43.098123488394997 ], [ -122.085857889208, 43.099039880806501 ], [ -122.085802619613006, 43.100070507233497 ], [ -122.084994188261007, 43.1008249641175 ], [ -122.083805585858997, 43.101423287330398 ], [ -122.082799040265002, 43.101914998180497 ], [ -122.082071698595996, 43.102841178254103 ], [ -122.081688102572002, 43.103891679810999 ], [ -122.081593724913006, 43.104912984413701 ], [ -122.081803726529003, 43.106022278829897 ], [ -122.082059933652999, 43.106969854289602 ], [ -122.082098597585997, 43.107929191425796 ], [ -122.082168280819005, 43.108920294537903 ], [ -122.081948262983005, 43.109764994194997 ], [ -122.081466562857003, 43.110643612575601 ], [ -122.081017767855002, 43.111581025194702 ], [ -122.080815268525001, 43.112331311091701 ], [ -122.080417050405003, 43.113224102673598 ], [ -122.080004792482995, 43.1141302872323 ], [ -122.079568539833005, 43.114842671001597 ], [ -122.079063956951003, 43.115500473421001 ], [ -122.078605172425995, 43.116023568349597 ], [ -122.078051691547998, 43.116406321895099 ], [ -122.077434763192002, 43.116716521684602 ], [ -122.076848350822999, 43.117040471743898 ], [ -122.076460496292, 43.117442563602502 ], [ -122.076036219643996, 43.118069483248902 ], [ -122.075920845561001, 43.1189465321103 ], [ -122.075993239051996, 43.1198025849719 ], [ -122.075811909034002, 43.120314401249999 ], [ -122.075456674083, 43.120793294801402 ], [ -122.075161916591995, 43.121286183466701 ], [ -122.074959515322007, 43.122022951025201 ], [ -122.075067983021995, 43.122676684901002 ], [ -122.075125820148003, 43.123172423195697 ], [ -122.075019553920995, 43.123698352049402 ], [ -122.074811651179004, 43.124493606531502 ], [ -122.074631067561, 43.124852342900901 ], [ -122.074560162577001, 43.124968833349499 ], [ -122.074517787462995, 43.125486273422098 ], [ -122.074518020202007, 43.126337240042602 ], [ -122.074197446715999, 43.126807404589599 ], [ -122.072791726321, 43.127750542097502 ], [ -122.072198269043994, 43.1280744104563 ], [ -122.071345543888995, 43.128927461443602 ], [ -122.070559004109995, 43.129772038700096 ], [ -122.069869137846993, 43.130117623861302 ], [ -122.068969894484994, 43.130538042924996 ], [ -122.067773832767998, 43.131073100571697 ], [ -122.067246717892004, 43.131325444267098 ], [ -122.066734813615, 43.131992135334002 ], [ -122.066515576190994, 43.132715241733699 ], [ -122.066216489377993, 43.133181056143698 ], [ -122.065848272522999, 43.133493221929299 ], [ -122.065388156411004, 43.134137817259898 ], [ -122.064844335233005, 43.134727697087101 ], [ -122.064418241230996, 43.135205975761203 ], [ -122.063861570905004, 43.135881292266198 ], [ -122.063827033270002, 43.136029590517801 ], [ -122.063707029723005, 43.136843551921402 ], [ -122.063588147382006, 43.1376845369509 ], [ -122.063525672807003, 43.138404417360398 ], [ -122.063377697660002, 43.1396909060947 ], [ -122.063163557246, 43.140679691105298 ], [ -122.063115335340001, 43.141723863713402 ], [ -122.063201590191994, 43.1427691373217 ], [ -122.063249331118001, 43.1437195440135 ], [ -122.063502480503999, 43.144455514834199 ], [ -122.063943351079999, 43.145179513735101 ], [ -122.064003902562007, 43.145643760755597 ], [ -122.064110646085993, 43.1461534100088 ], [ -122.064573921307996, 43.146467867350196 ], [ -122.064946504567004, 43.146732054745897 ], [ -122.065347554940004, 43.147347663933097 ], [ -122.065500794320002, 43.147934233096301 ], [ -122.065497272063993, 43.1485690484758 ], [ -122.065758084262995, 43.149309578774698 ], [ -122.065957321861006, 43.1499550544656 ], [ -122.065738418853002, 43.1506511451433 ], [ -122.065516570225995, 43.150833933254603 ], [ -122.064788928707998, 43.151219699595899 ], [ -122.064886369183995, 43.151634720405298 ], [ -122.065256048367999, 43.152142014500598 ], [ -122.065153238812002, 43.152280750019798 ], [ -122.064996216512, 43.1526981935069 ], [ -122.064344465372997, 43.1526928650499 ], [ -122.063676780541002, 43.152673895163097 ], [ -122.063230138170994, 43.152827824140303 ], [ -122.062771943404996, 43.153184266383398 ], [ -122.062617562686, 43.153327079533298 ], [ -122.061837383300002, 43.153325186864301 ], [ -122.061550343159993, 43.153597481286504 ], [ -122.061548388717, 43.153926143094097 ], [ -122.061363810857003, 43.154032687332098 ], [ -122.060773415932999, 43.1541359003552 ], [ -122.059667519024998, 43.154320420666103 ], [ -122.058893666377998, 43.154606715770797 ], [ -122.058210940585994, 43.155015321563702 ], [ -122.057319213807006, 43.155417698847998 ], [ -122.056454993531005, 43.155730247318097 ], [ -122.056031085979996, 43.155852818520302 ], [ -122.055169691318994, 43.155931253995902 ], [ -122.054492430082007, 43.156182297407497 ], [ -122.054136232961, 43.156399972255798 ], [ -122.053852019572005, 43.156784831358699 ], [ -122.053443133168003, 43.157029082850897 ], [ -122.052791649639005, 43.1574514218388 ], [ -122.052406331027996, 43.158110088473002 ], [ -122.052312387846001, 43.158717138598099 ], [ -122.052325782649007, 43.159442140985902 ], [ -122.052467687276007, 43.160208729598899 ], [ -122.052771569921006, 43.160891113027297 ], [ -122.052986079562999, 43.161536736354499 ], [ -122.052850286614998, 43.1622650057054 ], [ -122.052417900969004, 43.162833233547701 ], [ -122.052037428190999, 43.163374875297102 ], [ -122.051717465253006, 43.163880997887198 ], [ -122.051224626069001, 43.164826923769603 ], [ -122.051163371322005, 43.165555808820301 ], [ -122.051264804859997, 43.166204999380199 ], [ -122.051647262263003, 43.167027611882602 ], [ -122.052116027877005, 43.167639324200202 ], [ -122.052826554090998, 43.168379104310397 ], [ -122.053374684684002, 43.1692300968691 ], [ -122.053531090912003, 43.170005807749703 ], [ -122.053429450579003, 43.170612793856399 ], [ -122.053170972082, 43.1712184818496 ], [ -122.052963365439993, 43.171766058854203 ], [ -122.052842645530006, 43.172512461344901 ], [ -122.052488758357995, 43.173270439908599 ], [ -122.052124788971, 43.173884256301598 ], [ -122.051471104198001, 43.174635244683103 ], [ -122.051057985499995, 43.175392727381102 ], [ -122.050649466235996, 43.176051193451798 ], [ -122.050084857010006, 43.176708361986201 ], [ -122.049264757768995, 43.177376911875001 ], [ -122.048477633309005, 43.177802599583501 ], [ -122.047758299604993, 43.1782693678784 ], [ -122.047123951312003, 43.178808878160901 ], [ -122.046632256275998, 43.179421612429799 ], [ -122.046301945555996, 43.180238298676301 ], [ -122.046024403475002, 43.181023907003897 ], [ -122.045661439393996, 43.181664724741303 ], [ -122.045145453941004, 43.182205211030002 ], [ -122.044628837312004, 43.182637631765303 ], [ -122.044375819606003, 43.1831307837747 ], [ -122.044242962289005, 43.183660958440498 ], [ -122.043993204756006, 43.1843882621151 ], [ -122.043670868125005, 43.185232021091103 ], [ -122.043496114785995, 43.185883409497798 ], [ -122.043298700855004, 43.186606646596502 ], [ -122.042745604407997, 43.187106289480298 ], [ -122.042320818720995, 43.187269323249303 ], [ -122.040992078829007, 43.187595872466403 ], [ -122.040451829774995, 43.1880100660957 ], [ -122.039872310407006, 43.188721086423797 ], [ -122.039424241199001, 43.189239604085799 ], [ -122.039050485977995, 43.1897272273727 ], [ -122.038057613511, 43.190407750806202 ], [ -122.038060523442994, 43.1909570687422 ], [ -122.038031839108996, 43.191069387664498 ], [ -122.037918311652007, 43.191392606098397 ], [ -122.037915120810993, 43.192036423127703 ], [ -122.038061686321996, 43.192695006686797 ], [ -122.038388015655997, 43.1933190820126 ], [ -122.038501206850995, 43.193752264167898 ], [ -122.038360786791998, 43.194318386598901 ], [ -122.038533415719002, 43.195130270073498 ], [ -122.038679720283, 43.195757333501298 ], [ -122.038877080172, 43.196317289632397 ], [ -122.039174547447004, 43.196576425388798 ], [ -122.039366922213006, 43.196866194692198 ], [ -122.039576000191005, 43.197219137504803 ], [ -122.039782383214003, 43.197842201304397 ], [ -122.039445158129993, 43.198253590933199 ], [ -122.038888102344998, 43.198604601575802 ], [ -122.038631020546006, 43.199300313192303 ], [ -122.038355020864003, 43.1997797499887 ], [ -122.037892233207998, 43.200347663196702 ], [ -122.037150655553006, 43.201228396030203 ], [ -122.036388420408002, 43.201807289315703 ], [ -122.036265026264999, 43.202022364846798 ], [ -122.036100599361006, 43.202498233471701 ], [ -122.035748839834994, 43.202950010902804 ], [ -122.035281040664998, 43.203198200862303 ], [ -122.034943270073001, 43.203591562586602 ], [ -122.034674416952996, 43.204102567144403 ], [ -122.034245254511006, 43.204436624337497 ], [ -122.033742300840998, 43.2048150805524 ], [ -122.033434853919005, 43.2052357081905 ], [ -122.033122121616003, 43.2057958644872 ], [ -122.032743486914995, 43.206436505708098 ], [ -122.032466923569004, 43.206897913278603 ], [ -122.032415462543, 43.207379233970101 ], [ -122.032632712296007, 43.207750267519103 ], [ -122.033197206235002, 43.208299829245398 ], [ -122.033792824065003, 43.208876665384601 ], [ -122.034867562732003, 43.209808728256199 ], [ -122.035870533744003, 43.210951788363502 ], [ -122.036404798169002, 43.211861270352102 ], [ -122.036947601752004, 43.212815845494198 ], [ -122.037618622036007, 43.213397798530202 ], [ -122.038158752973004, 43.213839073072002 ], [ -122.038653299234994, 43.214635650524301 ], [ -122.038816415593004, 43.215370910283902 ], [ -122.039141480257001, 43.215936439523603 ], [ -122.039471614182006, 43.216767651098102 ], [ -122.039624147167004, 43.217736944586697 ], [ -122.039397553190994, 43.218446418662502 ], [ -122.038583491018002, 43.2186872106235 ], [ -122.037386145385, 43.218443016917597 ], [ -122.036957267865006, 43.217971159048403 ], [ -122.036587506800998, 43.217801457203798 ], [ -122.035718221425, 43.217884180232701 ], [ -122.034665760538999, 43.218212982079997 ], [ -122.033383000583996, 43.2186523879314 ], [ -122.032284720052999, 43.218908742466098 ], [ -122.031664755997994, 43.219038567436698 ], [ -122.030968149258996, 43.219100204052197 ], [ -122.029951010830999, 43.219285185374702 ], [ -122.029438349491002, 43.219586998697899 ], [ -122.028602816866993, 43.219868058768597 ], [ -122.027607703195002, 43.220021689564703 ], [ -122.026881968986004, 43.220123575086497 ], [ -122.026483212369001, 43.220471367857598 ], [ -122.026177136645998, 43.2209910387514 ], [ -122.025813391045006, 43.2212175629016 ], [ -122.025173613505999, 43.221477752879998 ], [ -122.025272531504996, 43.221982862419097 ], [ -122.025467239725003, 43.2224167498875 ], [ -122.025248510145005, 43.2227660718032 ], [ -122.024547783976004, 43.223034743557903 ], [ -122.023339581635, 43.223420643422202 ], [ -122.022622817173001, 43.224017840016899 ], [ -122.022197932761998, 43.224649044108297 ], [ -122.021628805464999, 43.225107922559999 ], [ -122.020773302340004, 43.225523825528597 ], [ -122.020001757987004, 43.226030488926199 ], [ -122.019402855576999, 43.226520617689197 ], [ -122.018286744075994, 43.227060334020997 ], [ -122.017125039958998, 43.227131400615797 ], [ -122.015950342164999, 43.226909689226503 ], [ -122.014981954971006, 43.226923866091802 ], [ -122.014642104171998, 43.227191081529398 ], [ -122.014193245168997, 43.227727499019899 ], [ -122.013512783612001, 43.228689643067803 ], [ -122.013450333381002, 43.229841712059098 ], [ -122.013386706429998, 43.230494007314803 ], [ -122.013123245, 43.230842919602601 ], [ -122.012915548392002, 43.231408426339897 ], [ -122.012723209211003, 43.232023591277702 ], [ -122.012032907814998, 43.232828057829003 ], [ -122.011645300908, 43.2334280269366 ], [ -122.011445131759999, 43.234002600506301 ], [ -122.010724664343996, 43.234433101501097 ], [ -122.008732439617006, 43.234685996130999 ], [ -122.006786505706998, 43.234552054285402 ], [ -122.005310099251005, 43.234228561472499 ], [ -122.004083014133997, 43.2344294954341 ], [ -122.002930315534996, 43.234599548075003 ], [ -122.001640848210997, 43.234660338594402 ], [ -122.000990461425005, 43.234848261909399 ], [ -122.000651976621, 43.235637721851603 ], [ -122.000564535085005, 43.236231270319799 ], [ -122.000286460311003, 43.236620546187801 ], [ -122.000019464543996, 43.236802809355503 ], [ -122.000014191022998, 43.236748734855297 ], [ -121.999874917057994, 43.2368870905403 ], [ -121.999763716914003, 43.237003179718101 ], [ -121.999550845418, 43.237217431620202 ], [ -121.999288225824998, 43.237602337793298 ], [ -121.998980522137998, 43.2380138629836 ], [ -121.998582439581995, 43.238397581895498 ], [ -121.997806174835006, 43.239030118898903 ], [ -121.996962460093002, 43.239644049631501 ], [ -121.996008367154005, 43.240040891818197 ], [ -121.995539901426, 43.240302418350403 ], [ -121.995176240573997, 43.240884531450597 ], [ -121.995045503564, 43.241860395529002 ], [ -121.995098169732003, 43.242590240846198 ], [ -121.994897221862999, 43.243434919141201 ], [ -121.994249006630994, 43.244419740554399 ], [ -121.99352013168, 43.245205744571003 ], [ -121.993287606665007, 43.245581896439703 ], [ -121.992972423644005, 43.246349025299402 ], [ -121.992269540424005, 43.247283827673002 ], [ -121.991692247307, 43.248071154965302 ], [ -121.991280863951999, 43.248927477838201 ], [ -121.991428712422007, 43.249532097323602 ], [ -121.991624154738005, 43.249912018384002 ], [ -121.991698506272996, 43.250025232729598 ], [ -121.991936450393993, 43.250162400704298 ], [ -121.992239401028996, 43.250232605618699 ], [ -121.992349562884002, 43.250368646818501 ], [ -121.992209431944005, 43.250696084148402 ], [ -121.991644779164005, 43.251181864325801 ], [ -121.990809147459998, 43.251665251096199 ], [ -121.990102800743998, 43.251965176775897 ], [ -121.989319567780001, 43.252444512850303 ], [ -121.988379129942004, 43.253210603806501 ], [ -121.987944324696002, 43.253756044372501 ], [ -121.987271799910005, 43.2546145432852 ], [ -121.986670217091003, 43.255140492652302 ], [ -121.985787547312, 43.255808021919997 ], [ -121.985167208768999, 43.2564418533305 ], [ -121.984601935556, 43.257143705388998 ], [ -121.983728442849994, 43.257626703641002 ], [ -121.982608438781, 43.2579769346113 ], [ -121.981176977698993, 43.2584414417449 ], [ -121.979795216875999, 43.259063956374803 ], [ -121.978679986627, 43.2595402570199 ], [ -121.977702191844003, 43.260085310395503 ], [ -121.976667041012007, 43.2604677577337 ], [ -121.975567778279995, 43.260723555774497 ], [ -121.974760214008995, 43.260941437175298 ], [ -121.974193538258007, 43.2611209524419 ], [ -121.973620019250006, 43.261340924588197 ], [ -121.973362693414998, 43.261532215984303 ], [ -121.972994977446007, 43.261785548467003 ], [ -121.972876445468998, 43.261644911406201 ], [ -121.972800069100003, 43.2613785871606 ], [ -121.972433396832997, 43.260974584841797 ], [ -121.971897400434003, 43.260474510190903 ], [ -121.971429933959996, 43.259975049289302 ], [ -121.970733822842007, 43.259198886003198 ], [ -121.970174748104, 43.258653572011298 ], [ -121.969443241508003, 43.258151725219399 ], [ -121.968532766904005, 43.257715795126998 ], [ -121.967644449923995, 43.2575186821852 ], [ -121.966320631285001, 43.257349143802003 ], [ -121.964920483564995, 43.256913260860202 ], [ -121.963673105566002, 43.256550782611001 ], [ -121.96247925, 43.256211288003698 ], [ -121.961051396911998, 43.256094773069101 ], [ -121.959844521042996, 43.256295414445297 ], [ -121.958548167819004, 43.256279115694703 ], [ -121.956945880408995, 43.256368069073403 ], [ -121.955377308961005, 43.256556359568101 ], [ -121.954023054309005, 43.256863649660197 ], [ -121.952601413785004, 43.257417935673203 ], [ -121.951157942489004, 43.258255651514197 ], [ -121.949551232372997, 43.258911756092402 ], [ -121.947753560696995, 43.259521057886403 ], [ -121.946115947365001, 43.259911191383999 ], [ -121.944628747077999, 43.2603297034196 ], [ -121.943058858542003, 43.261431788045698 ], [ -121.942051408834004, 43.262957772362697 ], [ -121.941766511604001, 43.264467923167601 ], [ -121.941815961540996, 43.265792068445997 ], [ -121.941821027353001, 43.266922202250399 ], [ -121.941353451412994, 43.2681290041373 ], [ -121.940371746639997, 43.269538149277203 ], [ -121.939267643617001, 43.270630987076999 ], [ -121.938042304106006, 43.271695674347399 ], [ -121.936762418366001, 43.272705813186001 ], [ -121.935456125867006, 43.273328491114199 ], [ -121.933916460559999, 43.273994002288802 ], [ -121.932756616922006, 43.2745189628532 ], [ -121.931732287751998, 43.275045177394198 ], [ -121.931039798669005, 43.275313349474999 ], [ -121.930061615461995, 43.275358230896003 ], [ -121.928727217200006, 43.275336735392898 ], [ -121.927330759727994, 43.275296632979597 ], [ -121.926000120891999, 43.275630824977299 ], [ -121.924792025672005, 43.276047195469999 ], [ -121.924043936188994, 43.276233760451802 ], [ -121.923404202596998, 43.276259256694999 ], [ -121.922544366715996, 43.276012536333901 ], [ -121.921315498442993, 43.275510199194699 ], [ -121.919816617332003, 43.274816201185999 ], [ -121.917886784960999, 43.273582329633001 ], [ -121.917064751918005, 43.273074790494597 ], [ -121.915987752551999, 43.272353219598699 ], [ -121.914431587977006, 43.271510030907898 ], [ -121.91299152165, 43.270983087691 ], [ -121.911514086205997, 43.270523305674402 ], [ -121.909780982258994, 43.2700205467983 ], [ -121.907780127506996, 43.269677289034199 ], [ -121.905783762389007, 43.269428588206402 ], [ -121.904664314070999, 43.269066690977901 ], [ -121.903389668111998, 43.268770829857303 ], [ -121.901884534668994, 43.268873449455697 ], [ -121.900521319809002, 43.269134995228697 ], [ -121.899176539818001, 43.269014003913298 ], [ -121.897706676696004, 43.268527102412797 ], [ -121.896434235159006, 43.268069101049399 ], [ -121.895205664472002, 43.267570988295297 ], [ -121.894086115310003, 43.267177470203897 ], [ -121.893008332196999, 43.266689796386203 ], [ -121.891550265489002, 43.266067859842302 ], [ -121.889933340013997, 43.265417348967198 ], [ -121.888128010326994, 43.264796500154098 ], [ -121.886829473174004, 43.264468705827603 ], [ -121.885355723608996, 43.264332789737701 ], [ -121.883778770977003, 43.264493001588299 ], [ -121.882800405541005, 43.264555486515398 ], [ -121.881962867848998, 43.264034036311102 ], [ -121.880984142589995, 43.263065467505797 ], [ -121.879912920590996, 43.262271575505103 ], [ -121.878862824177006, 43.261167219266497 ], [ -121.878088228107003, 43.260493277983301 ], [ -121.877581522445993, 43.260159635947403 ], [ -121.876704966559998, 43.259588238351199 ], [ -121.875810398392005, 43.258908600850297 ], [ -121.875326838245002, 43.258615697303 ], [ -121.874929743975002, 43.258436200726301 ], [ -121.874790825885995, 43.258286256990097 ], [ -121.873952055567003, 43.257881796428897 ], [ -121.873102865676003, 43.2573331521982 ], [ -121.871995336766005, 43.2567234237004 ], [ -121.871115012133998, 43.256111424823999 ], [ -121.869721859780995, 43.255543878187602 ], [ -121.867859526952998, 43.254868117552199 ], [ -121.867135755386002, 43.254536782569602 ], [ -121.865675185014993, 43.253955011773499 ], [ -121.864618951916995, 43.253575339763103 ], [ -121.863607547220994, 43.253187098710399 ], [ -121.862852142229002, 43.252778882471603 ], [ -121.862057038811997, 43.252311735828599 ], [ -121.861379494836996, 43.251692674372499 ], [ -121.860626611924005, 43.2510683560416 ], [ -121.860307774036002, 43.250619447542803 ], [ -121.860228432376999, 43.250456572582102 ], [ -121.859001914437997, 43.250048137501601 ], [ -121.858842466086003, 43.249970006936103 ], [ -121.858540589051003, 43.249809412647501 ], [ -121.858109493898993, 43.249683546321201 ], [ -121.857098556701004, 43.249358285053802 ], [ -121.856561629799003, 43.2490872803332 ], [ -121.855986114003002, 43.248739347276 ], [ -121.854790310956005, 43.248133071052003 ], [ -121.853613486341999, 43.247747587389597 ], [ -121.852666361052997, 43.247224823300002 ], [ -121.851913680660999, 43.2464743836845 ], [ -121.851174695598999, 43.245692560181901 ], [ -121.850419288669997, 43.244802510463501 ], [ -121.849742354428002, 43.244079831680899 ], [ -121.848800757736996, 43.243349982994303 ], [ -121.848023102992997, 43.243072012532998 ], [ -121.846900752430003, 43.242907623297299 ], [ -121.845717591487997, 43.242621045996799 ], [ -121.844964887002007, 43.241920085828099 ], [ -121.844423256843001, 43.241293290916801 ], [ -121.843967598299002, 43.240883475081802 ], [ -121.842654674497993, 43.240501005141397 ], [ -121.841729240898005, 43.240388083335901 ], [ -121.840802268640999, 43.240194096169603 ], [ -121.839384713325003, 43.2398510493666 ], [ -121.837751168823999, 43.239654367961201 ], [ -121.836428292893004, 43.239676936819698 ], [ -121.835298140475004, 43.240088654988099 ], [ -121.834271453957001, 43.240361843703198 ], [ -121.832746574655005, 43.240440841497403 ], [ -121.831130370202999, 43.240464857532203 ], [ -121.829990025228, 43.240642296887202 ], [ -121.828665595302994, 43.2411465111458 ], [ -121.827205853555995, 43.2416808390524 ], [ -121.825947670857005, 43.242100156364401 ], [ -121.825355369210001, 43.242197628995903 ], [ -121.825043805712994, 43.241946799833798 ], [ -121.824393461474997, 43.2415799295852 ], [ -121.823418449474005, 43.241124171717999 ], [ -121.822985839756001, 43.240764035362702 ], [ -121.822497463768997, 43.240142187140499 ], [ -121.822273549174, 43.2396581306065 ], [ -121.822003169862001, 43.238988998801197 ], [ -121.821580266542, 43.238246257391502 ], [ -121.820874468816996, 43.2376446735069 ], [ -121.820259904655998, 43.2371025568116 ], [ -121.819381551175994, 43.2365892306982 ], [ -121.818138112617007, 43.236288238809003 ], [ -121.816633211183003, 43.236214148428502 ], [ -121.815209789793997, 43.235947281255598 ], [ -121.814733861199002, 43.235721735247502 ], [ -121.814606439299993, 43.235108095166403 ], [ -121.814943622133995, 43.2343506919117 ], [ -121.815358917775995, 43.2332158990762 ], [ -121.815142025217995, 43.232691379680098 ], [ -121.814033368227001, 43.2323512180444 ], [ -121.812986250736998, 43.232092726661001 ], [ -121.812111091663994, 43.231818002278899 ], [ -121.811425673553003, 43.231720834786003 ], [ -121.810846598422003, 43.231102495930998 ], [ -121.810554134528999, 43.230469125528899 ], [ -121.810050038331994, 43.229716491610397 ], [ -121.809439436399003, 43.228940235074298 ], [ -121.808734283926, 43.228356591753901 ], [ -121.807157246532995, 43.227808878284499 ], [ -121.806011747301994, 43.227549296945597 ], [ -121.805209298562005, 43.227063667946403 ], [ -121.804018953062993, 43.226776584049396 ], [ -121.803015703200998, 43.226446422297798 ], [ -121.801814424642004, 43.225893562049798 ], [ -121.800478494426002, 43.225379798343901 ], [ -121.799056089822997, 43.224567955585997 ], [ -121.797859749677002, 43.223767475935603 ], [ -121.796949626412996, 43.223010515674098 ], [ -121.796141248360001, 43.222637319430397 ], [ -121.795550102779998, 43.222878725799298 ], [ -121.794646834553006, 43.224080344733601 ], [ -121.793425523351999, 43.225719832541202 ], [ -121.792551930352005, 43.227597100336197 ], [ -121.792664603006003, 43.228985014443701 ], [ -121.792458160400002, 43.229968850273202 ], [ -121.791130980041999, 43.230958855449103 ], [ -121.789524735750007, 43.231774802698801 ], [ -121.788083001008005, 43.2326374939028 ], [ -121.786840559851001, 43.233772421628302 ], [ -121.786033952740993, 43.2349344739022 ], [ -121.784727838538998, 43.235744533347003 ], [ -121.783180676160001, 43.236520497133597 ], [ -121.781898490526999, 43.236898553364298 ], [ -121.781002355168994, 43.237370757109097 ], [ -121.780284065521002, 43.238380629414102 ], [ -121.780069603352004, 43.239368857800599 ], [ -121.779564489341993, 43.240610618153703 ], [ -121.778596349631002, 43.241446723984403 ], [ -121.777787970318002, 43.241721736124198 ], [ -121.776583597837003, 43.241627817886403 ], [ -121.775155720970005, 43.240932682307097 ], [ -121.774644518494995, 43.240283371896403 ], [ -121.773744055018, 43.239737942686197 ], [ -121.772616962032004, 43.239707843992598 ], [ -121.771685320634006, 43.240485752537303 ], [ -121.770770678698995, 43.241412413298299 ], [ -121.769688277745004, 43.242143661525901 ], [ -121.768258752175996, 43.242718082103103 ], [ -121.767041520714002, 43.243452355273703 ], [ -121.766328240464006, 43.244237075530599 ], [ -121.765862005157999, 43.245596253974902 ], [ -121.765601326074005, 43.2466109689585 ], [ -121.765194254063005, 43.247173869220603 ], [ -121.764218369453005, 43.247311906363599 ], [ -121.762834342090002, 43.247265427697698 ], [ -121.761745996537996, 43.247330189844 ], [ -121.760667058409993, 43.247728216350303 ], [ -121.760036486359994, 43.247806926265604 ], [ -121.758958596293994, 43.247583625787001 ], [ -121.757608956067997, 43.247208786546103 ], [ -121.756395107808004, 43.246857919605397 ], [ -121.754863034571002, 43.246332487138197 ], [ -121.753651593393002, 43.246242752719901 ], [ -121.753046087076996, 43.246564823340996 ], [ -121.752843626780006, 43.247319008080503 ], [ -121.752757261476006, 43.248344598440099 ], [ -121.752523347622002, 43.249017397375098 ], [ -121.752369236270994, 43.249438935665701 ], [ -121.752037146110993, 43.2499800948532 ], [ -121.751863475712995, 43.2503789073101 ], [ -121.751684357163995, 43.250818180993903 ], [ -121.751638389115996, 43.251146349464499 ], [ -121.751458956646005, 43.251563107651499 ], [ -121.751260447787004, 43.252159750468799 ], [ -121.751182567993993, 43.252730696082402 ], [ -121.751192371277995, 43.253230561732003 ], [ -121.751036301721996, 43.254048281480102 ], [ -121.750953037738, 43.254731726164898 ], [ -121.750945769061005, 43.255087330722397 ], [ -121.750704946824996, 43.255832086899197 ], [ -121.750341218933002, 43.256449434479798 ], [ -121.750109447868994, 43.2569016368776 ], [ -121.749999962198004, 43.257548775347303 ], [ -121.749453741299007, 43.2587674368542 ], [ -121.749238614153001, 43.261038758235401 ], [ -121.749186281752998, 43.262015190030198 ], [ -121.748570338473996, 43.263890422712798 ], [ -121.748239311662999, 43.264674706335903 ], [ -121.746812029463996, 43.263565012148199 ], [ -121.744445252879999, 43.2633589614424 ], [ -121.744170034660002, 43.2633739490648 ], [ -121.741841930974999, 43.263496938548101 ], [ -121.738994930122004, 43.264285006324997 ], [ -121.737189874367004, 43.265701330004703 ], [ -121.735909756826999, 43.267163948762601 ], [ -121.734660399255006, 43.268662911586802 ], [ -121.734052190577998, 43.269025370868199 ], [ -121.732560406236999, 43.269918316300398 ], [ -121.730164516002006, 43.270769691142903 ], [ -121.727773576062006, 43.272341440677799 ], [ -121.726677900225994, 43.274359789742199 ], [ -121.727003199867994, 43.276637077625701 ], [ -121.726590050454007, 43.277686018451902 ], [ -121.725409774197004, 43.279433272922098 ], [ -121.724847924483001, 43.281588116744402 ], [ -121.724349725159996, 43.283275427362298 ], [ -121.722692218801996, 43.2855485994234 ], [ -121.719999955557995, 43.2889987768502 ], [ -121.717855220239002, 43.293472547014503 ], [ -121.716847123807995, 43.296311192884097 ], [ -121.716099741099995, 43.299864117536899 ], [ -121.715888907942997, 43.303913810344 ], [ -121.715305368670002, 43.306302472849602 ], [ -121.711233022708001, 43.3061440954001 ], [ -121.707656551360003, 43.305968666273401 ], [ -121.704812113480003, 43.305977007401701 ], [ -121.701694630898999, 43.307445420438903 ], [ -121.701112792803997, 43.307699945847403 ] ] ] } }
]
}
