{"type": "FeatureCollection", "features": [{"type": "Feature", "properties": {"name": "Salmon Returns Bioregion"}, "geometry": {"type": "MultiPolygon", "coordinates": [[[[-3352555.25, 2507534.0], [-3351389.9997000005, 2508006.9991999995], [-3350334.0, 2507036.5], [-3350219.0, 2506600.0], [-3350737.0, 2501354.0], [-3351974.0, 2500247.0], [-3353218.25, 2499591.75], [-3353720.0, 2499617.5], [-3354423.25, 2499957.25], [-3354906.9997000005, 2500337.749399999], [-3356330.0, 2502969.5], [-3356269.75, 2503113.5], [-3355085.5, 2503360.0], [-3354728.75, 2503585.0], [-3353101.25, 2505838.75], [-3353040.5, 2506751.75], [-3352555.25, 2507534.0]]], [[[-3354309.999500001, 2514420.0], [-3354308.75, 2513796.75], [-3354477.25, 2513663.0], [-3355885.25, 2513780.5], [-3360160.0, 2514536.75], [-3360808.25, 2514799.5], [-3361033.25, 2515380.75], [-3361194.5, 2515553.5], [-3361212.75, 2516290.25], [-3360566.75, 2518084.75], [-3360073.4979999997, 2518133.000600001], [-3358776.0, 2517829.0], [-3355048.5, 2516287.75], [-3354707.0, 2515844.0], [-3354309.999500001, 2514420.0]]], [[[-3338743.0, 2539214.75], [-3337178.0, 2539775.5], [-3336718.75, 2539609.75], [-3336331.5, 2539184.75], [-3335772.5, 2537802.0], [-3335754.75, 2537517.25], [-3336646.75, 2535643.5], [-3336957.75, 2535200.75], [-3337426.5, 2535229.75], [-3339366.0, 2537382.0], [-3339460.999399999, 2538492.7501], [-3339294.75, 2538818.25], [-3338743.0, 2539214.75]]], [[[-3350367.25, 2552091.5], [-3349715.75, 2553186.5], [-3349661.25, 2553764.25], [-3350997.75, 2557321.75], [-3350954.25, 2557776.5], [-3350510.750600001, 2558526.5002999995], [-3349262.2498000003, 2559072.499399999], [-3348790.0, 2558710.25], [-3348172.0500000007, 2556361.5], [-3348273.5999999996, 2555865.3000000007], [-3348094.5, 2552919.5], [-3347579.75, 2551913.25], [-3347120.0, 2551699.0], [-3346734.25, 2551839.25], [-3346556.25, 2552093.75], [-3346771.5, 2553523.0], [-3345090.75, 2558282.25], [-3344790.75, 2558532.5], [-3343099.0, 2558560.25], [-3342878.25, 2556464.0], [-3343126.499399999, 2555270.7498000003], [-3343847.5, 2553607.75], [-3344483.5, 2553016.0], [-3344614.75, 2552526.0], [-3344409.5, 2552170.5], [-3343210.5, 2551133.25], [-3342806.25, 2551061.75], [-3342450.75, 2551267.0], [-3340998.9991999995, 2551532.7512999997], [-3339529.5, 2553576.25], [-3339180.75, 2556155.75], [-3337637.0, 2559734.0], [-3337013.5, 2559760.0], [-3336258.25, 2559012.25], [-3335918.75, 2558276.5], [-3335671.75, 2556442.25], [-3336097.5, 2553956.0], [-3334562.5, 2553770.25], [-3329885.7488, 2555651.0011], [-3327592.749399999, 2557967.249399999], [-3323148.2501999997, 2558981.7508000005], [-3322481.25, 2558786.0], [-3322507.75, 2557545.25], [-3322997.0, 2556429.75], [-3325209.25, 2553627.75], [-3327077.75, 2552755.5], [-3327377.25, 2552810.25], [-3327421.0, 2553013.25], [-3330011.5, 2552732.25], [-3333601.25, 2550199.25], [-3335588.2502999995, 2548507.0001999997], [-3335793.5, 2548151.5], [-3335989.75, 2546486.5], [-3335849.5, 2546100.75], [-3335389.75, 2545886.5], [-3331833.2491999995, 2548488.751599999], [-3330777.5, 2548060.75], [-3329813.75, 2546676.75], [-3329843.2487000003, 2546453.499500001], [-3333190.25, 2544281.75], [-3337203.25, 2542580.0], [-3338636.75, 2542197.75], [-3339133.5, 2542340.25], [-3339301.5, 2545150.5], [-3338844.7508000005, 2547572.2501], [-3338985.0, 2547958.0], [-3339239.5, 2548136.0], [-3346752.250499999, 2546452.000600001], [-3347006.75, 2546274.0], [-3347147.0, 2545888.25], [-3347860.75, 2544338.25], [-3348127.5, 2544054.5], [-3354129.75, 2543737.0], [-3356469.0, 2544030.5], [-3357585.0, 2544700.75], [-3357989.25, 2544772.25], [-3366951.75, 2542146.5], [-3370117.0, 2540456.5], [-3372172.25, 2540042.5], [-3372375.25, 2540120.75], [-3370721.25, 2544307.75], [-3368294.25, 2546467.5], [-3357820.5, 2547529.75], [-3352497.5, 2547660.25], [-3351819.5, 2548507.0], [-3351792.25, 2549190.0], [-3352392.25, 2549758.75], [-3353951.75, 2550649.5], [-3354695.25, 2552917.25], [-3354319.750499999, 2553518.7501999997], [-3353850.25, 2553868.0], [-3352674.499500001, 2554280.2503999993], [-3351286.75, 2552091.5], [-3350931.25, 2551886.25], [-3350367.25, 2552091.5]]], [[[-3345482.0, 2590492.0], [-3340994.0, 2591785.25], [-3335260.7490999997, 2586147.9992999993], [-3334570.75, 2585016.75], [-3334604.7497000005, 2584394.5009000003], [-3334736.0, 2584048.5], [-3338761.0, 2579256.25], [-3344721.25, 2575872.0], [-3343799.4997000005, 2577847.7499], [-3343180.75, 2581729.75], [-3343947.75, 2584837.5], [-3344333.75, 2585119.75], [-3345459.0, 2585199.0], [-3345823.5, 2585419.25], [-3346126.25, 2586893.5], [-3345854.75, 2589539.0], [-3345482.0, 2590492.0]]], [[[-3347719.0, 2595313.25], [-3346230.500600001, 2597056.750499999], [-3341584.5, 2598131.25], [-3341139.25, 2597895.75], [-3340573.25, 2596778.75], [-3340379.7497000005, 2594990.0008000005], [-3341964.5, 2593233.75], [-3343172.5, 2592670.4999], [-3343707.5, 2592595.0], [-3346072.9998000003, 2593289.7491999995], [-3347958.0, 2592522.75], [-3348810.9997000005, 2591968.4998000003], [-3349586.25, 2591016.75], [-3353796.25, 2584600.5], [-3353796.25, 2584190.0], [-3353288.75, 2583034.5], [-3352713.5, 2582418.0], [-3352602.0, 2581675.0], [-3352740.25, 2581212.0], [-3355862.75, 2577530.0], [-3360060.75, 2576168.0], [-3361717.0, 2575414.25], [-3360301.5002999995, 2577702.5001999997], [-3360123.25, 2578437.75], [-3360328.5, 2578793.25], [-3360990.0, 2579260.75], [-3363738.5, 2580987.2512], [-3364244.5, 2585078.0], [-3363702.75, 2586093.7509000003], [-3362467.2491999995, 2587485.9989], [-3362261.7491999995, 2587840.999500001], [-3362333.25, 2588245.25], [-3364104.5, 2590427.25], [-3365075.75, 2590853.75], [-3369467.5, 2591450.75], [-3367791.0, 2595676.25], [-3363092.0, 2599789.5], [-3360902.0, 2602319.25], [-3358572.248400001, 2605408.7502999995], [-3355750.7501999997, 2606576.5007000007], [-3350882.75, 2607836.75], [-3349929.75, 2607787.0], [-3346100.0, 2606912.25], [-3345768.25, 2606630.75], [-3344324.0, 2603082.5], [-3344426.75, 2602069.25], [-3344705.0, 2601269.75], [-3346993.75, 2599052.25], [-3348705.75, 2598003.0], [-3350342.75, 2597390.0], [-3351184.75, 2598162.0], [-3351697.75, 2598314.25], [-3352083.4958999995, 2598174.0019000005], [-3353017.0, 2596619.25], [-3352876.25, 2595754.25], [-3352449.5, 2595398.0], [-3351007.0, 2595225.25], [-3347719.0, 2595313.25]]], [[[-3499771.7423, 2610476.0018000007], [-3499159.75, 2610621.75], [-3498558.75, 2610438.25], [-3497425.5001, 2606233.7507000007], [-3497836.0, 2606233.75], [-3498204.5, 2605914.0], [-3498901.5, 2604696.75], [-3498921.25, 2604278.0], [-3498710.75, 2603917.25], [-3497382.0, 2602790.0], [-3497950.75, 2602631.75], [-3499380.0, 2602623.5], [-3501308.75, 2605289.5], [-3501379.75, 2605568.75], [-3501120.7480999995, 2606891.2568999995], [-3499771.7423, 2610476.0018000007]]], [[[-3389074.4999, 2623700.4998000003], [-3388508.25, 2623664.75], [-3387626.25, 2623096.5], [-3385577.5, 2620696.5], [-3385036.5, 2619315.5], [-3385285.5, 2619053.75], [-3385531.75, 2619032.0], [-3385831.0, 2619493.25], [-3386463.2501, 2619474.5001], [-3386881.25, 2618995.75], [-3387686.5, 2617262.0], [-3387860.75, 2616902.75], [-3389897.75, 2615293.25], [-3390568.5, 2615146.75], [-3390953.0, 2615481.75], [-3391620.0, 2620018.5], [-3391239.7492999993, 2622952.7499], [-3389074.4999, 2623700.4998000003]]], [[[-3405559.0, 2618931.5], [-3406789.0, 2617679.2521], [-3408050.0, 2617803.0], [-3408966.5, 2618766.5], [-3408975.75, 2620831.25], [-3404760.25, 2624558.5], [-3404927.499399999, 2621505.7512999997], [-3405317.9996000007, 2619612.7499], [-3405559.0, 2618931.5]]], [[[-3504296.5, 2610795.4998000003], [-3504808.25, 2610857.5], [-3508408.75, 2613536.5], [-3508578.0, 2613940.25], [-3510461.0, 2623936.5], [-3509706.25, 2630334.75], [-3505727.4990999997, 2633521.9987000003], [-3504583.5, 2631714.5], [-3503269.75, 2627081.75], [-3501421.0, 2618794.75], [-3501244.0, 2615572.25], [-3501950.75, 2613656.75], [-3504296.5, 2610795.4998000003]]], [[[-3415645.0, 2626328.5], [-3415628.0, 2627229.75], [-3414920.75, 2630364.75], [-3413397.8000000007, 2631244.6500000004], [-3410941.25, 2631331.75], [-3410246.0, 2631643.25], [-3408103.75, 2633681.5], [-3407817.75, 2634630.25], [-3408178.5, 2635605.75], [-3408668.5, 2635737.0], [-3412557.1999999993, 2634918.0999999996], [-3413962.0, 2637489.0], [-3411416.75, 2640421.75], [-3409613.5, 2640360.0], [-3407420.0, 2639370.75], [-3407223.0, 2638928.75], [-3406621.75, 2636055.25], [-3406141.0, 2628269.5], [-3408233.75, 2625547.7503999993], [-3415275.25, 2625573.75], [-3415645.0, 2626328.5]]], [[[-3397344.0, 2637102.0], [-3395835.5, 2636937.0], [-3395257.75, 2636611.75], [-3391445.75, 2633022.0], [-3391664.7498000003, 2631135.2512999997], [-3394220.0, 2629661.75], [-3395411.999500001, 2629293.0020000003], [-3395615.25, 2629305.75], [-3395817.25, 2630641.5], [-3396723.0, 2631286.75], [-3397616.25, 2631604.0], [-3398970.9987000003, 2631332.4998000003], [-3398973.7501, 2631867.5011], [-3399368.25, 2633114.0], [-3399895.25, 2634145.0], [-3400482.75, 2634430.25], [-3400583.25, 2634653.5], [-3399899.75, 2635849.0], [-3397344.0, 2637102.0]]], [[[-3292698.75, 2574024.75], [-3293126.5, 2574602.5], [-3291019.0, 2577840.5], [-3289206.5, 2577895.25], [-3287433.25, 2576408.0], [-3285703.5, 2574150.25], [-3282905.25, 2574533.0], [-3282421.75, 2574948.75], [-3282281.4991999995, 2575334.4998000003], [-3282742.9990999997, 2577604.0001999997], [-3283324.0, 2578894.0], [-3283624.5, 2579215.75], [-3283176.25, 2580624.5], [-3272867.5002999995, 2586998.750600001], [-3268060.25, 2588543.0], [-3267796.5, 2588857.25], [-3267336.750499999, 2590683.7501], [-3267777.0, 2593035.75], [-3268984.25, 2596324.25], [-3270261.75, 2598786.5], [-3271769.0, 2601188.5], [-3272271.25, 2601517.25], [-3274236.75, 2602203.75], [-3274647.2499, 2602203.7499], [-3276929.25, 2599566.75], [-3280867.5, 2600525.75], [-3284729.5, 2601763.0], [-3284861.25, 2602202.0], [-3284332.248299999, 2602839.0025999993], [-3283922.25, 2604183.25], [-3284121.0, 2604890.5], [-3284565.5, 2605337.25], [-3285794.5, 2605584.25], [-3288391.5, 2604775.75], [-3288891.0, 2604410.0], [-3289070.0, 2603968.5], [-3289019.75, 2602328.25], [-3289786.7496000007, 2600399.7491999995], [-3291319.0, 2599499.5001999997], [-3294596.9999, 2599310.2507000007], [-3300735.75, 2600195.5], [-3308079.5, 2604865.25], [-3309534.5, 2606415.0], [-3310407.5, 2608917.25], [-3310474.75, 2610014.75], [-3311208.0, 2612473.5], [-3311538.5, 2612897.75], [-3312013.75, 2613056.0], [-3313638.25, 2612333.0], [-3314123.25, 2611731.25], [-3313978.75, 2610502.25], [-3313582.25, 2609604.25], [-3313683.0, 2606191.75], [-3313925.25, 2605797.5], [-3314271.75, 2605711.75], [-3317855.9925999995, 2606355.4998000003], [-3320000.5, 2606568.5], [-3323706.25, 2604900.5], [-3325877.7466, 2603068.0018000007], [-3328347.5, 2601858.75], [-3331405.5, 2602326.0], [-3332128.5, 2602951.75], [-3332219.25, 2603252.25], [-3328958.2498000003, 2607894.4991999995], [-3326082.7501999997, 2613286.0001], [-3326618.25, 2615070.0], [-3334539.75, 2619625.25], [-3335706.5001999997, 2619470.0001999997], [-3336492.4988, 2618813.2508000005], [-3336599.0, 2618078.75], [-3336060.25, 2616582.0], [-3333447.0, 2612427.5], [-3333451.25, 2612165.5], [-3334037.25, 2611006.75], [-3335937.500499999, 2609109.2508000005], [-3337485.5, 2608228.25], [-3338460.0, 2608220.0], [-3339483.75, 2608642.25], [-3343179.25, 2612033.5], [-3343976.25, 2613759.5], [-3344180.0, 2616286.0], [-3344027.25, 2617122.0], [-3342690.75, 2618608.75], [-3340844.4986000005, 2619048.250600001], [-3340456.0, 2619338.75], [-3340286.25, 2619689.5], [-3340326.75, 2621450.25], [-3341385.0, 2623389.25], [-3341843.75, 2623803.75], [-3343877.25, 2624566.0], [-3345755.25, 2624554.75], [-3349931.25, 2623181.7499], [-3351122.25, 2622414.25], [-3352506.25, 2621924.5], [-3354477.0, 2621847.25], [-3358710.5, 2622690.0], [-3361225.9968999997, 2623361.7485000007], [-3363805.25, 2624678.5], [-3366905.0, 2625664.5], [-3369651.7486000005, 2626053.9999], [-3371551.25, 2627987.5], [-3371907.5, 2628549.75], [-3372725.0, 2630373.75], [-3371489.25, 2630839.5], [-3371023.5, 2631391.5], [-3370889.0, 2632223.75], [-3371301.25, 2633233.75], [-3374241.5, 2635551.0], [-3376411.0, 2636276.75], [-3378172.25, 2636648.75], [-3379046.0, 2637916.25], [-3379236.75, 2639040.0], [-3379073.4978, 2639580.2534999996], [-3378270.249399999, 2640743.749500001], [-3377828.5, 2641039.25], [-3375494.25, 2641472.75], [-3373781.25, 2642365.5], [-3367431.0, 2647040.75], [-3359438.5, 2649046.25], [-3356234.5, 2649530.0], [-3354251.75, 2649553.0], [-3355753.0, 2646709.25], [-3356364.25, 2643867.5], [-3355576.0, 2641327.25], [-3353332.0, 2636633.5], [-3351839.5, 2634777.5], [-3351362.5, 2634911.75], [-3350194.25, 2635852.5], [-3349929.0007000007, 2636504.2513999995], [-3350295.5, 2637427.75], [-3350949.2487000003, 2638016.499399999], [-3351928.5, 2638510.75], [-3352009.25, 2642921.0], [-3351397.75, 2646856.25], [-3351583.0, 2654319.0], [-3352514.248400001, 2656303.5003999993], [-3354700.5, 2659334.5], [-3356057.0, 2660566.75], [-3360268.0, 2662895.25], [-3361472.9990999997, 2663186.4997000005], [-3361885.25, 2663146.0], [-3374757.0, 2659560.25], [-3381147.25, 2652824.5], [-3381731.5, 2651414.5], [-3382540.0, 2650803.0], [-3384640.2501, 2650375.751], [-3395860.5, 2648762.0], [-3405297.0, 2645486.25], [-3408216.5, 2649236.0], [-3408011.25, 2649800.0], [-3408391.75, 2650971.75], [-3409618.75, 2653269.5], [-3409933.0, 2653680.5], [-3410279.2498000003, 2653847.2497000005], [-3411746.0009000003, 2652809.5002999995], [-3413484.0, 2648688.75], [-3414358.75, 2644784.25], [-3414617.5, 2644254.5], [-3416890.0, 2640915.75], [-3418251.7501, 2640220.7502999995], [-3418985.25, 2640056.0], [-3421136.75, 2640523.25], [-3424845.0, 2642012.5], [-3425195.75, 2643233.0], [-3425498.2499, 2647765.5], [-3424998.0, 2649059.5], [-3424047.7487000003, 2649334.4992999993], [-3423308.25, 2649013.5], [-3422897.75, 2649013.5], [-3421050.0, 2650674.0012], [-3421022.748400001, 2650983.5007000007], [-3421440.9989, 2652161.2490999997], [-3422228.75, 2653284.5], [-3423352.25, 2653845.5], [-3427623.5, 2653104.5], [-3428409.5, 2652806.75], [-3429377.75, 2651993.75], [-3430887.75, 2649233.0], [-3431077.0, 2648355.0], [-3431461.5, 2647605.75], [-3431915.75, 2647222.25], [-3432537.25, 2646991.0], [-3435724.5, 2646285.5], [-3437537.0, 2646758.5], [-3437863.0, 2647201.25], [-3438042.5, 2648979.5], [-3437879.5, 2649919.25], [-3439827.25, 2653939.5], [-3442377.25, 2656155.75], [-3442852.0, 2658502.75], [-3442907.5, 2660394.5], [-3441823.75, 2663922.75], [-3440589.5, 2666501.0], [-3439515.0, 2667093.5], [-3438961.5, 2666989.75], [-3436230.25, 2664837.5], [-3427323.5, 2677038.25], [-3425248.25, 2683680.0], [-3425629.25, 2685292.25], [-3426699.25, 2687003.5], [-3427729.2499, 2687656.2509000003], [-3429618.5, 2687817.0], [-3434118.0, 2686482.5], [-3436577.75, 2685227.25], [-3437441.75, 2684460.0], [-3438263.25, 2681422.0], [-3437645.75, 2679510.75], [-3437230.5, 2679219.75], [-3436826.2501, 2679291.2508000005], [-3437384.5, 2675939.5], [-3439675.75, 2671830.75], [-3440446.0, 2671248.75], [-3441519.75, 2671532.25], [-3441547.75, 2672862.0], [-3441725.75, 2673116.5], [-3442111.5, 2673256.75], [-3443362.999399999, 2672478.249399999], [-3444679.0, 2671271.75], [-3449197.247199999, 2663833.505000001], [-3452501.4998000003, 2659543.4992999993], [-3454159.0, 2658983.5], [-3453813.25, 2662634.75], [-3454554.0, 2664964.75], [-3455988.5, 2666123.75], [-3456793.25, 2666393.7503999993], [-3457595.0, 2666345.75], [-3458091.0, 2665976.5], [-3458535.75, 2665116.25], [-3459022.5, 2664644.0], [-3459783.25, 2664242.75], [-3460996.25, 2664164.25], [-3464271.75, 2664980.5], [-3467730.5, 2668034.0], [-3468272.25, 2669567.5], [-3468356.5, 2670665.75], [-3468118.75, 2672643.25], [-3466811.25, 2677763.25], [-3465785.75, 2679869.75], [-3464835.75, 2680482.75], [-3463657.25, 2680459.75], [-3463242.0, 2680750.75], [-3460413.25, 2687627.5], [-3460096.9990999997, 2695772.2499], [-3461512.5, 2700055.0], [-3462237.0, 2700479.75], [-3462963.2486000005, 2700387.749399999], [-3471736.5, 2695153.25], [-3472670.9999, 2693873.0], [-3472954.25, 2692561.0], [-3472804.5, 2690949.0], [-3471829.5, 2687753.5], [-3471298.2499, 2683133.5], [-3471698.5, 2680888.0], [-3473085.7497000005, 2678666.2490999997], [-3473845.75, 2678374.0], [-3475194.5, 2678246.25], [-3482292.75, 2679463.75], [-3489275.75, 2679599.5], [-3490610.5, 2679828.0], [-3496116.75, 2681530.5], [-3496958.25, 2683034.0], [-3497036.75, 2683939.75], [-3494278.75, 2688314.0], [-3493731.5, 2688285.0], [-3491418.75, 2687544.0], [-3486882.5, 2690422.5], [-3486835.25, 2691685.0], [-3486248.0, 2692433.25], [-3484177.25, 2693606.25], [-3480252.5, 2693393.5], [-3477655.5, 2694818.25], [-3475659.25, 2696381.5], [-3472996.4980999995, 2699242.7532], [-3469622.75, 2703652.0], [-3469578.5, 2704157.25], [-3469937.0, 2704515.75], [-3471925.0, 2704554.25], [-3477560.25, 2703774.0], [-3478171.25, 2704515.75], [-3478020.25, 2705798.75], [-3477387.75, 2706331.0], [-3476787.5, 2706555.25], [-3476152.0, 2706557.25], [-3473449.25, 2705648.75], [-3467088.5, 2704258.0], [-3465669.9996000007, 2704189.0007000007], [-3464418.5, 2704503.75], [-3463471.5, 2704494.5], [-3456912.25, 2701934.25], [-3454954.5, 2700200.25], [-3453919.75, 2698943.0], [-3454273.0, 2698480.0], [-3454166.75, 2697669.5], [-3453225.25, 2695794.0], [-3446410.5, 2689019.25], [-3445765.25, 2688997.2490999997], [-3440988.0, 2690778.0], [-3440055.25, 2692075.25], [-3439827.75, 2693088.75], [-3440033.0, 2693444.25], [-3440320.25, 2693579.25], [-3440845.75, 2693591.0], [-3441639.5, 2693281.25], [-3441629.2489, 2695072.250499999], [-3439136.25, 2696466.5], [-3431429.25, 2694814.25], [-3430561.75, 2694237.5], [-3430357.25, 2693879.0], [-3430665.25, 2693330.75], [-3430665.25, 2692920.25], [-3429965.249500001, 2692144.5], [-3429626.25, 2691973.75], [-3421051.5, 2691772.25], [-3420647.25, 2688064.75], [-3420406.75, 2687215.5], [-3419909.5, 2686611.25], [-3417902.5, 2686104.75], [-3414231.25, 2685821.75], [-3413845.5, 2685962.0], [-3412108.5, 2689305.0], [-3408003.0, 2694806.25], [-3401412.0, 2695257.75], [-3386913.4999, 2696865.499399999], [-3380158.75, 2698042.25], [-3377510.742799999, 2697758.248400001], [-3370300.25, 2696362.75], [-3355184.5, 2694245.25], [-3350624.5, 2694382.25], [-3348138.5, 2694717.25], [-3344425.5, 2694543.75], [-3332370.0, 2687590.5], [-3324265.5, 2682322.5], [-3310201.0, 2674793.25], [-3308276.4996000007, 2673280.750499999], [-3308084.5, 2672841.0], [-3308548.75, 2672691.0], [-3310355.25, 2674363.0], [-3315511.999500001, 2676923.5012], [-3318977.0, 2678395.25], [-3321285.75, 2679264.25], [-3321671.500600001, 2679124.000499999], [-3321849.5, 2678869.5], [-3321745.5, 2678278.5], [-3320251.4981999993, 2677367.9997000005], [-3319174.249399999, 2675968.249399999], [-3314102.75, 2668819.5], [-3312247.5, 2664696.0], [-3311464.75, 2663862.75], [-3303232.25, 2661610.25], [-3301202.75, 2661448.0], [-3300223.75, 2660390.5], [-3300075.5, 2659842.5], [-3300422.75, 2658946.75], [-3301124.7498000003, 2658221.0012999997], [-3303574.0, 2656475.25], [-3304876.5, 2657396.25], [-3304997.75, 2657929.25], [-3305522.75, 2658436.75], [-3307157.75, 2659508.5], [-3309186.25, 2660325.5], [-3311761.75, 2660273.75], [-3313528.0, 2659620.0], [-3314290.2497000005, 2658995.2499], [-3315393.5, 2656661.0], [-3318147.0, 2649236.0], [-3320334.4990999997, 2635391.749500001], [-3320194.25, 2635006.0], [-3315675.75, 2629278.5], [-3314968.0, 2629167.0], [-3314010.25, 2629988.5], [-3313042.75, 2633383.0], [-3313114.25, 2633787.25], [-3314214.25, 2635211.75], [-3314091.5, 2637883.25], [-3308256.75, 2643865.5], [-3305476.0, 2643017.0], [-3303695.0, 2639445.25], [-3302296.75, 2637907.75], [-3299984.0, 2635798.25], [-3298188.75, 2634738.25], [-3297000.0, 2633041.25], [-3298263.75, 2629012.25], [-3298560.5, 2628705.0], [-3299606.25, 2628542.0], [-3300552.9975000005, 2627863.2521], [-3302173.75, 2626141.0], [-3302406.25, 2625494.75], [-3302275.75, 2624729.75], [-3297904.75, 2615835.75], [-3297245.5, 2615110.75], [-3296565.0, 2614690.0], [-3296160.75, 2614618.5], [-3295701.25, 2615004.25], [-3294300.25, 2620428.5], [-3294098.5, 2620781.0], [-3293610.75, 2620851.5], [-3290398.75, 2619128.75], [-3289867.25, 2622300.25], [-3291478.75, 2639290.5], [-3292654.0, 2640303.0], [-3293398.75, 2640533.5], [-3294066.5, 2640603.75], [-3296354.0, 2640282.5], [-3290347.0, 2641678.0], [-3289208.0, 2642331.25], [-3288147.0, 2643443.749], [-3287997.0, 2643959.25], [-3288051.5, 2644571.25], [-3288688.0, 2645598.5], [-3277770.242900001, 2649326.7514999993], [-3272736.25, 2651612.0], [-3263726.25, 2656304.0], [-3259600.0, 2658147.75], [-3254394.5, 2659360.5], [-3253018.4914999995, 2659398.749399999], [-3248379.9845000003, 2658786.2501], [-3243483.25, 2658880.75], [-3237648.0, 2659651.5], [-3236588.5, 2658907.5], [-3232661.5, 2656897.75], [-3230252.75, 2656528.0], [-3227580.75, 2656206.5], [-3223898.75, 2656147.75], [-3214941.0, 2656926.75], [-3213033.5, 2656679.75], [-3206531.75, 2654561.0], [-3191470.9999, 2649054.5], [-3191602.2490999997, 2648564.5012], [-3191397.0, 2648209.0], [-3188952.4968, 2646477.9991999995], [-3187621.5, 2645920.75], [-3178844.75, 2643233.5], [-3178440.5, 2643305.0], [-3176210.5, 2644986.5], [-3176079.25, 2645476.5], [-3170234.25, 2645422.25], [-3156406.5, 2642158.0], [-3154734.0, 2637567.0], [-3154437.0, 2633938.25], [-3152726.9985000007, 2629665.000499999], [-3146943.25, 2624576.25], [-3146557.5, 2624716.5], [-3145049.75, 2625914.25], [-3142996.5, 2627954.25], [-3142093.75, 2630080.0], [-3141846.4990999997, 2632106.7499], [-3139498.5, 2635070.5], [-3133881.0, 2641686.5], [-3130163.5, 2644386.75], [-3126693.5, 2645700.75], [-3108984.0, 2650252.0], [-3099478.25, 2652052.5], [-3093156.75, 2652668.0], [-3086666.0, 2652493.0], [-3076225.0, 2648780.5], [-3069509.5, 2649138.0], [-3068074.5, 2649346.5], [-3060765.25, 2651653.25], [-3050443.9957, 2650252.25], [-3046373.25, 2649183.25], [-3044466.25, 2648563.75], [-3043251.0, 2647777.25], [-3043078.25, 2647352.75], [-3043732.25, 2647127.0], [-3044183.5, 2647266.75], [-3045014.75, 2647217.75], [-3045412.5, 2646974.5], [-3049212.25, 2639905.0], [-3049283.75, 2639500.75], [-3049078.5, 2639145.25], [-3047570.7501, 2637962.2509000003], [-3047080.75, 2637831.0], [-3042678.75, 2641010.0], [-3041030.75, 2642649.25], [-3037107.75, 2647817.0], [-3037036.2491999995, 2648221.2499], [-3037167.4998000003, 2648502.7502999995], [-3037820.25, 2648788.5], [-3040213.25, 2651650.0], [-3040091.25, 2652457.25], [-3038548.9990999997, 2654733.7498000003], [-3030048.0, 2661458.0], [-3023244.2456, 2665431.5023], [-3021624.5001, 2666603.0001], [-3014274.75, 2672187.0], [-3006250.0, 2678595.0], [-2996275.5, 2685939.75], [-2993593.0, 2687713.5], [-2992788.75, 2688126.25], [-2988298.4999, 2689019.2491999995], [-2987565.5, 2688739.75], [-2975486.75, 2680234.25], [-2974796.5, 2679949.25], [-2974306.499399999, 2680080.5012999997], [-2974101.25, 2680644.5], [-2974866.0, 2685837.5], [-2975193.75, 2687026.25], [-2977740.5, 2688947.5], [-2981086.0, 2689368.0], [-2980033.0, 2694623.0], [-2979329.25, 2697067.0], [-2978523.75, 2698886.0], [-2977313.0, 2700320.5], [-2975744.75, 2702011.25], [-2968656.0, 2707694.5], [-2960240.5002999995, 2712166.250600001], [-2956992.25, 2713550.75], [-2952683.75, 2713222.0], [-2952368.0, 2713105.75], [-2952003.0, 2712361.5], [-2951366.5, 2712097.5], [-2947655.0, 2712399.75], [-2946356.25, 2712650.0], [-2942316.25, 2714123.0], [-2939439.25, 2714798.75], [-2922412.75, 2716313.25], [-2912180.25, 2721162.5], [-2911170.0003999993, 2721952.750600001], [-2909370.0, 2725063.5], [-2900696.75, 2729856.75], [-2899640.7501999997, 2730254.5007000007], [-2898349.3000000007, 2730071.0], [-2896449.25, 2729147.5], [-2895767.25, 2728917.75], [-2895180.25, 2728927.5], [-2891416.0, 2730049.25], [-2887735.0, 2731904.25], [-2886724.25, 2734232.75], [-2886855.5, 2734722.75], [-2887315.25, 2734937.0], [-2887775.0, 2734722.75], [-2889344.5, 2732677.25], [-2889897.0, 2732221.25], [-2893584.5, 2731231.0], [-2894913.5, 2731281.25], [-2897329.5, 2732321.6500000004], [-2899223.25, 2732922.25], [-2901459.25, 2732852.75], [-2902636.0, 2732551.25], [-2903686.75, 2732017.5], [-2906156.0, 2729686.0], [-2909783.0, 2729089.5], [-2911077.25, 2729075.5], [-2912697.0, 2729357.75], [-2917290.25, 2730518.0], [-2919197.75, 2731331.0], [-2921089.0, 2732645.75], [-2922523.75, 2734032.25], [-2925186.0, 2734781.0], [-2929338.0, 2735578.5], [-2938617.25, 2737765.25], [-2943067.25, 2739866.5], [-2944486.25, 2740921.0], [-2945904.5, 2741629.5], [-2949175.25, 2742420.25], [-2951292.2382999994, 2742776.499], [-2952991.5, 2742861.0], [-2955047.5, 2743357.25], [-2967870.25, 2748162.75], [-2972288.75, 2750272.75], [-2973009.75, 2750828.5], [-2973826.0, 2751865.25], [-2974565.75, 2753170.0], [-2975034.25, 2754879.5], [-2975304.0, 2757189.5], [-2975228.0, 2760359.0], [-2975069.25, 2761373.5], [-2974723.25, 2762125.5], [-2973126.2452000007, 2763604.0045999996], [-2970206.0002999995, 2767384.7501999997], [-2969698.5, 2768468.5], [-2968976.5, 2771394.5], [-2968897.25, 2773234.75], [-2969110.0, 2775118.75], [-2971001.75, 2779219.75], [-2971417.25, 2781318.75], [-2971234.0, 2782610.75], [-2970371.5, 2783484.5], [-2967608.0, 2785486.5], [-2966902.0, 2785449.5], [-2966466.75, 2784545.5], [-2965537.25, 2784298.75], [-2964527.5, 2784550.75], [-2962473.5, 2785815.5], [-2958864.25, 2788324.5], [-2956237.25, 2791009.5], [-2951864.0, 2794930.0], [-2951585.5, 2795036.0], [-2948429.25, 2794375.0], [-2943909.5, 2793018.5], [-2942807.5, 2789386.75], [-2938930.75, 2781911.0], [-2939037.75, 2780773.75], [-2941179.75, 2772708.0], [-2942797.0, 2772287.25], [-2943978.5, 2771486.25], [-2944232.5, 2771158.0], [-2944616.0, 2769705.0], [-2944626.25, 2768000.5], [-2944397.5, 2767380.5], [-2943937.75, 2767166.25], [-2943105.25, 2769443.75], [-2942520.5, 2770358.0], [-2940222.5, 2771670.25], [-2939634.5, 2772453.5], [-2937791.25, 2776838.5], [-2936683.5, 2781530.0], [-2936828.0, 2783044.5], [-2937519.5, 2785256.25], [-2938481.75, 2786465.75], [-2940263.25, 2788176.75], [-2940499.5, 2788615.75], [-2942499.0, 2798179.0], [-2950567.25, 2798664.25], [-2956085.0, 2796029.25], [-2964308.0, 2793692.25], [-2970560.5, 2794254.25], [-2971053.75, 2794416.25], [-2973361.749, 2795993.500600001], [-2973792.75, 2795510.75], [-2975564.5, 2794356.25], [-2977362.75, 2793520.25], [-2978949.0, 2792523.5], [-2980014.0, 2791298.5], [-2980510.0, 2790133.0], [-2981156.7486000005, 2789150.249], [-2981828.0, 2788506.75], [-2984712.0, 2787251.25], [-2986618.2393999994, 2787050.0001999997], [-2987256.5, 2787198.75], [-2988072.5, 2787660.0], [-2988983.75, 2788774.0], [-2989189.0, 2789473.5], [-2989125.5003999993, 2789947.5001], [-2986590.25, 2792848.25], [-2986052.5, 2792979.25], [-2985137.5, 2792630.75], [-2983900.25, 2791276.75], [-2983021.25, 2790925.0], [-2982214.0, 2790995.5], [-2981442.9925999995, 2791385.2554], [-2980299.5, 2792277.25], [-2979974.75, 2793025.5], [-2980277.5, 2793901.5], [-2980994.5, 2794576.5], [-2982123.5, 2795250.5], [-2983624.25, 2795768.0], [-2988807.5, 2791925.0], [-2990670.5, 2789602.5], [-2991109.4000000004, 2787729.6999999993], [-2991914.0, 2785715.5], [-2994368.2479999997, 2781872.753900001], [-2996572.25, 2779044.5], [-3003730.0, 2766591.75], [-3003730.0, 2766383.25], [-3006001.5, 2762758.75], [-3012745.4999, 2760574.7508000005], [-3014694.5, 2760850.0], [-3015438.25, 2761118.5], [-3018305.0, 2762919.75], [-3018674.75, 2763393.5], [-3020179.25, 2766759.25], [-3022159.75, 2772859.75], [-3018022.25, 2782774.75], [-3013906.4996000007, 2792113.4998000003], [-3011834.5, 2796058.25], [-3006409.0001, 2809025.0001], [-3004418.0, 2815150.0], [-3003704.75, 2817979.25], [-3003269.0, 2821468.0], [-3003324.0, 2823450.0], [-3003686.0, 2824985.0], [-3004772.25, 2827285.5], [-3005047.75, 2827489.5], [-3005458.25, 2827489.5], [-3006058.25, 2828160.0], [-3006579.25, 2829028.5], [-3006906.0, 2830143.0], [-3006679.5, 2830334.25], [-3004868.25, 2830842.25], [-3000481.75, 2831714.0], [-2999734.25, 2832082.0], [-2999002.75, 2832974.0], [-2997515.75, 2836385.5], [-2998689.0, 2838046.5], [-3001368.75, 2839810.5], [-3003339.5, 2839880.0], [-3010776.5, 2836180.75], [-3013950.0, 2834452.5], [-3015056.5, 2833612.75], [-3016591.75, 2833655.5], [-3019803.5, 2834780.75], [-3021906.5, 2836281.25], [-3017541.5, 2845210.75], [-3016722.0, 2846342.0], [-3016008.4999, 2848598.7499], [-3020409.25, 2865493.5], [-3015271.0, 2866422.25], [-3014288.75, 2867314.0], [-3013617.25, 2869248.0], [-3012309.75, 2875378.25], [-3012984.75, 2877148.0], [-3013299.0, 2877411.75], [-3018959.5, 2878862.0], [-3032089.5, 2880621.0], [-3039910.75, 2881051.0], [-3042090.75, 2880655.75], [-3047052.999399999, 2880236.7513999995], [-3045699.75, 2883190.25], [-3045978.25, 2885025.75], [-3046472.4986000005, 2885750.0007000007], [-3049332.75, 2887636.0], [-3058528.75, 2888182.25], [-3064125.25, 2890414.0], [-3070366.5, 2893214.75], [-3073609.0, 2892935.0], [-3077521.75, 2892330.75], [-3079480.750499999, 2891438.250499999], [-3081633.75, 2889488.25], [-3078297.0, 2887474.0], [-3078294.9999, 2887174.9991999995], [-3079272.2499, 2887079.251], [-3082243.25, 2888006.5], [-3085852.25, 2890367.0], [-3090840.0, 2892879.75], [-3097328.25, 2894934.0], [-3100076.0, 2895410.75], [-3100774.5, 2895347.5], [-3102906.75, 2898655.0], [-3101038.2468, 2902683.2585000005], [-3100645.75, 2904143.25], [-3100658.4986000005, 2904862.2491999995], [-3103564.2498000003, 2909584.2489], [-3106294.0, 2912346.25], [-3109652.75, 2915142.5], [-3110362.75, 2915987.5], [-3111130.5, 2919284.25], [-3111223.9996000007, 2922020.9991999995], [-3110724.25, 2922167.75], [-3107461.2497000005, 2921072.2501999997], [-3102099.25, 2916875.75], [-3101752.75, 2916197.25], [-3101274.75, 2914209.75], [-3101783.2501, 2913257.7501], [-3102884.5, 2912613.25], [-3103089.75, 2912049.25], [-3102607.9985000007, 2911274.7496000007], [-3100917.75, 2910142.75], [-3099560.25, 2909692.0], [-3098303.25, 2909488.75], [-3096824.2491999995, 2909773.4999], [-3095736.25, 2911004.25], [-3095627.75, 2912530.25], [-3095091.0, 2913363.5], [-3094502.0001999997, 2913658.750600001], [-3088018.25, 2912940.0], [-3087889.25, 2912297.5], [-3086951.5, 2910656.0], [-3084842.0, 2909974.0], [-3083046.75, 2910214.25], [-3079741.5, 2911164.75], [-3079032.749, 2913057.0003999993], [-3079056.0, 2914329.0], [-3079597.5, 2914894.75], [-3081214.25, 2915186.5], [-3081754.5, 2916552.0], [-3076497.0, 2923349.5], [-3065174.2501, 2933642.0001999997], [-3062554.0, 2932114.25], [-3053885.75, 2929593.0], [-3048550.5, 2928500.0], [-3045686.0, 2928314.0], [-3044356.5, 2928845.25], [-3045929.0, 2930068.5], [-3047682.25, 2929589.75], [-3051153.25, 2935669.75], [-3057445.75, 2942442.75], [-3059077.0, 2942814.5], [-3060584.7412, 2942751.001599999], [-3061304.0, 2942638.5], [-3062728.5, 2941849.5], [-3063438.75, 2938688.0], [-3063612.25, 2941011.75], [-3063444.0, 2942367.75], [-3061682.0, 2947679.5], [-3060318.0, 2950970.0], [-3058481.75, 2953859.25], [-3051998.5, 2962743.5], [-3050667.25, 2963759.0], [-3050013.75, 2964020.75], [-3045521.75, 2964962.25], [-3046248.3200000003, 2964177.58], [-3048032.75, 2963391.0], [-3050137.5, 2963374.0], [-3051162.5, 2962898.5], [-3051764.5, 2962323.5], [-3052357.0, 2961390.0], [-3053192.25, 2959077.75], [-3052924.5, 2958656.0], [-3052396.0, 2958266.25], [-3051665.0, 2958149.5], [-3050897.25, 2958292.25], [-3049158.25, 2959039.25], [-3042376.4974000007, 2964111.0030000005], [-3040409.5, 2966066.0], [-3038903.7498000003, 2967211.9996000007], [-3038442.75, 2967383.0], [-3035947.25, 2967278.25], [-3035429.75, 2966865.25], [-3029121.0, 2966242.75], [-3024156.75, 2966672.25], [-3023124.5, 2965532.75], [-3020578.75, 2965158.75], [-3019687.0, 2965531.5], [-3019039.0, 2966015.25], [-3016181.5, 2972456.0], [-3014926.75, 2976497.75], [-3011927.25, 2983369.5], [-3007593.2497000005, 2988040.7518000007], [-3006904.0, 2988253.0], [-3001547.0, 2997322.0], [-2999875.25, 3000383.75], [-2996664.5, 3009450.5], [-2995620.0, 3011440.75], [-2993795.5, 3013470.5], [-2989612.25, 3019830.5], [-2989518.25, 3020853.25], [-2988220.25, 3024661.25], [-2986513.0, 3027449.5], [-2984512.25, 3030213.75], [-2981950.75, 3032459.75], [-2981368.7501999997, 3032694.750600001], [-2979768.0, 3032805.0], [-2977368.25, 3033690.0], [-2976247.75, 3034494.75], [-2974553.5, 3036539.0], [-2972688.0, 3041291.5], [-2972688.0, 3041702.0], [-2973046.5, 3042060.5], [-2974500.7487000003, 3041952.5008000005], [-2975426.0, 3041653.5], [-2976116.0, 3040783.25], [-2975924.0, 3039334.5], [-2976677.25, 3038873.25], [-2977585.5, 3038632.0], [-2981294.0, 3038483.5], [-2981801.75, 3038727.25], [-2981872.499399999, 3039033.2496000007], [-2981467.25, 3040602.25], [-2980995.5, 3041418.75], [-2978997.25, 3043977.5], [-2978264.0, 3044395.5], [-2977446.25, 3044028.75], [-2975545.75, 3044287.25], [-2973778.75, 3046160.75], [-2972382.248299999, 3048903.2498000003], [-2971879.0, 3051391.5], [-2971784.2486000005, 3054015.5], [-2971452.0, 3056044.25], [-2971192.5, 3056649.5], [-2970375.25, 3057396.5], [-2969105.5, 3057657.0], [-2966393.0, 3056811.5], [-2961734.25, 3057479.25], [-2957098.25, 3058562.25], [-2954901.7488, 3059360.501], [-2953067.25, 3060290.5], [-2951135.75, 3061568.25], [-2949751.749500001, 3062140.7509000003], [-2947579.2469999995, 3062619.0002999995], [-2945253.75, 3062713.0], [-2943089.0, 3062565.25], [-2942357.75, 3062880.0], [-2938786.5, 3066643.5], [-2936428.749500001, 3068347.2492999993], [-2932756.9999, 3068987.9998000003], [-2932669.75, 3068814.25], [-2932903.25, 3068415.0], [-2932772.0, 3067925.0], [-2931435.0, 3067332.25], [-2928048.0, 3067444.0], [-2927588.5, 3067829.75], [-2927454.25, 3068476.0], [-2927585.5, 3068966.0], [-2929946.75, 3070970.75], [-2931167.75, 3071794.0], [-2932581.25, 3072067.25], [-2934380.75, 3071909.5], [-2935821.0, 3071586.75], [-2944353.5, 3067827.25], [-2955194.2353000008, 3063413.7556999996], [-2960129.0, 3061563.0], [-2963174.75, 3062611.75], [-2962675.500600001, 3063834.7501999997], [-2962806.75, 3064324.75], [-2963162.25, 3064530.0], [-2970774.0, 3063634.75], [-2971637.75, 3063320.5], [-2979083.75, 3057258.75], [-2978965.7499, 3049957.5], [-2979062.2499, 3049338.751700001], [-2979419.9999, 3048880.7499], [-2980654.25, 3047821.0], [-2981926.2498000003, 3047199.9991999995], [-2982661.75, 3047004.25], [-2985157.5, 3046802.5], [-2986700.749399999, 3046150.0001999997], [-2988335.0, 3045011.75], [-2990502.0, 3041738.25], [-2991033.0, 3040505.0], [-2998869.25, 3036859.0], [-3000330.75, 3036775.25], [-3002036.75, 3037323.75], [-3002773.25, 3037916.5], [-3005244.25, 3040720.25], [-3005907.25, 3042634.25], [-3006240.249399999, 3046127.4992999993], [-3007898.5, 3044733.25], [-3008889.75, 3044206.5], [-3011091.0, 3043843.25], [-3012051.5, 3043980.0], [-3024621.5, 3048898.25], [-3032775.0, 3052541.0], [-3034845.75, 3053793.0], [-3041485.25, 3058533.0], [-3046114.0, 3062755.75], [-3053198.5, 3069773.0], [-3057361.5, 3075076.0], [-3059151.0, 3077790.0], [-3061553.5, 3082598.0], [-3063459.2490999997, 3088368.7501999997], [-3064380.25, 3092805.5], [-3063983.5, 3095991.5], [-3063275.25, 3097276.0], [-3059627.25, 3102690.25], [-3057355.0, 3105371.0], [-3056893.4997000005, 3105601.7491999995], [-3054541.0, 3105486.75], [-3053745.5, 3105074.75], [-3053278.75, 3104179.0], [-3052134.25, 3103304.75], [-3051644.25, 3103436.0], [-3050112.5, 3104902.25], [-3048902.000600001, 3110356.2501], [-3049663.0, 3116780.25], [-3050404.0, 3119274.75], [-3049097.0, 3124693.5], [-3046330.25, 3130905.5], [-3045297.75, 3132910.25], [-3044550.5, 3133814.0], [-3042033.0, 3145113.0], [-3039500.4996000007, 3148966.2512999997], [-3037809.5, 3150214.75], [-3034683.75, 3151128.5], [-3039166.5, 3151014.0], [-3039846.25, 3151087.25], [-3040371.25, 3151458.5], [-3041502.75, 3153153.25], [-3042176.5, 3154806.75], [-3043042.5, 3157916.0], [-3043356.5, 3164843.0], [-3043005.0, 3167099.5], [-3039877.25, 3176051.75], [-3038862.75, 3178638.5], [-3037710.0, 3180514.25], [-3037453.75, 3180556.25], [-3037067.25, 3180210.0], [-3037040.25, 3179668.0], [-3036710.75, 3179160.0], [-3033920.0, 3177189.0], [-3032373.5, 3176793.5], [-3031060.0, 3176681.0], [-3026976.75, 3177844.75], [-3024596.75, 3179127.25], [-3024259.5, 3179484.0], [-3024210.5, 3179845.5], [-3024381.5, 3180661.75], [-3025536.0, 3183099.25], [-3025901.5, 3183470.75], [-3031784.75, 3185670.5], [-3033924.75, 3185730.5], [-3034329.5, 3185873.5], [-3036930.5, 3189052.5], [-3038549.0, 3193846.0], [-3038200.0, 3195107.75], [-3036127.25, 3198654.75], [-3032173.25, 3199683.5], [-3031013.0, 3198572.75], [-3030745.0, 3197758.0], [-3029684.5, 3195840.75], [-3028933.25, 3195315.25], [-3022186.5, 3194232.5], [-3018412.75, 3194821.25], [-3010399.5, 3191822.25], [-3008073.5, 3192087.5], [-3006279.5, 3192779.5], [-3006012.25, 3193138.0], [-3005438.9990999997, 3195082.0012], [-3001946.0, 3199110.0], [-3000738.75, 3198027.25], [-2999667.5, 3197345.75], [-2994779.0, 3195901.0], [-2992559.0, 3196147.75], [-2991433.25, 3196862.25], [-2990952.5008000005, 3197726.500499999], [-2990867.75, 3199395.25], [-2990560.9998000003, 3203232.5009000003], [-2990343.7503999993, 3204001.0001], [-2989749.0, 3204704.5], [-2988819.5001, 3205348.0001], [-2987064.25, 3205864.75], [-2984856.25, 3205027.25], [-2984968.25, 3204738.0], [-2985929.25, 3204156.25], [-2986825.0, 3203367.75], [-2987783.25, 3202026.25], [-2988889.0, 3199533.5], [-2989155.0, 3198212.5], [-2989047.75, 3196735.5], [-2988359.75, 3196047.25], [-2987518.5, 3195722.5], [-2983213.4968999997, 3195456.9989], [-2979713.5, 3192874.25], [-2979477.0, 3192149.25], [-2979408.25, 3190771.25], [-2982893.0, 3190237.0], [-2987296.75, 3188889.7509000003], [-2988069.0, 3188297.0], [-2988388.75, 3187523.25], [-2988300.0, 3186543.25], [-2987880.5, 3185691.0], [-2983443.75, 3179666.75], [-2982246.75, 3178571.5], [-2982631.75, 3173738.0], [-2981792.0, 3169922.0], [-2980238.5, 3168152.75], [-2980235.0, 3167427.0], [-2980867.0, 3166205.0], [-2990169.7497000005, 3159249.7512], [-2993034.0, 3160063.5], [-2994806.0, 3160104.25], [-2999434.2465000004, 3159156.0021], [-3002935.5, 3157851.5], [-3005201.0, 3158383.0], [-3006328.25, 3159132.75], [-3006662.9990999997, 3158346.5012], [-3006583.25, 3157647.25], [-3005781.25, 3156532.0], [-3004932.5, 3156094.0], [-2996243.0, 3157096.75], [-2993919.0, 3157578.0], [-2991936.0, 3157310.0], [-2991409.0, 3157118.75], [-2990921.0, 3156644.5], [-2990502.25, 3155992.25], [-2990084.75, 3154485.5], [-2989475.5, 3153768.25], [-2988888.0, 3153332.5], [-2987218.75, 3152635.0], [-2986129.75, 3152699.5], [-2983836.0, 3153662.75], [-2982819.0, 3154413.0], [-2975920.25, 3156042.75], [-2975427.75, 3155925.25], [-2970441.75, 3153504.0], [-2969811.5, 3152883.0], [-2968532.5, 3149454.0], [-2968366.75, 3148376.75], [-2968700.25, 3145233.75], [-2969046.7501, 3144721.2501999997], [-2970910.25, 3143098.75], [-2973266.9998000003, 3142861.9999], [-2975656.25, 3142016.0], [-2982051.0, 3137358.5], [-2985191.7508000005, 3133362.2501], [-2985285.0, 3132461.5], [-2985062.25, 3131295.0], [-2984134.75, 3130135.0], [-2982271.25, 3128473.0], [-2979456.25, 3127042.75], [-2977602.25, 3126578.5], [-2971474.491800001, 3125632.749399999], [-2966690.0, 3125379.25], [-2963677.0, 3125619.25], [-2962356.0, 3126067.75], [-2960590.2498000003, 3127467.7498000003], [-2956340.5, 3136383.5], [-2956045.75, 3137869.75], [-2955154.6500000004, 3138987.25], [-2953967.9912, 3139398.7005000003], [-2950897.5, 3139281.25], [-2950164.25, 3139018.5], [-2950048.75, 3138141.75], [-2949186.75, 3135132.75], [-2948528.25, 3134883.25], [-2947514.25, 3134838.75], [-2946910.75, 3135194.0], [-2946738.5, 3135329.5], [-2946502.25, 3136122.0], [-2946785.25, 3138053.0], [-2947777.75, 3140170.75], [-2949472.4998000003, 3142487.2496000007], [-2953777.25, 3142732.25], [-2955099.5, 3142940.3499999996], [-2956207.4000000004, 3142409.1999999993], [-2957957.5, 3144603.5], [-2961791.25, 3152723.5], [-2963564.5, 3157856.25], [-2963303.75, 3158464.75], [-2959346.25, 3157695.5], [-2956208.5, 3156521.5], [-2954622.0, 3155269.5], [-2956070.25, 3152738.75], [-2956353.25, 3152558.75], [-2956251.5, 3151972.0], [-2954707.25, 3149319.25], [-2950101.25, 3146386.0], [-2949133.75, 3145886.0], [-2948203.0, 3145821.9999], [-2947111.25, 3146213.75], [-2946866.0, 3146497.25], [-2946487.25, 3148167.0], [-2947639.75, 3149953.75], [-2948549.9992999993, 3151928.2501], [-2949950.0, 3155812.0], [-2949643.75, 3157561.25], [-2947967.5, 3157852.75], [-2945409.25, 3157022.75], [-2944649.25, 3157038.0], [-2943332.25, 3157754.75], [-2943170.0, 3158378.5], [-2944324.25, 3160816.5], [-2944745.75, 3161347.75], [-2948314.25, 3162403.75], [-2957743.75, 3161024.75], [-2960799.25, 3159811.0], [-2964034.25, 3159079.0], [-2965285.25, 3161969.0], [-2966885.25, 3163688.0], [-2968529.0, 3166165.0], [-2968645.499500001, 3166604.250600001], [-2968413.7486000005, 3167245.7498000003], [-2967006.4441, 3166770.9904999994], [-2965580.4056, 3166220.0197], [-2963862.6679, 3166317.2501999997], [-2962814.75, 3166135.25], [-2962289.0, 3164813.5], [-2961574.0, 3163647.75], [-2960789.0, 3163370.5], [-2958807.25, 3163481.25], [-2956644.25, 3164246.0], [-2952120.25, 3170091.25], [-2950741.2485000007, 3172815.5002999995], [-2948147.0001, 3173672.5001], [-2947191.0, 3174285.5], [-2947296.75, 3174754.0], [-2949558.75, 3176736.0], [-2951267.7501, 3177318.5001999997], [-2952072.25, 3177069.0], [-2956026.75, 3175047.0], [-2956635.0, 3175114.75], [-2961381.5, 3174633.0], [-2963155.25, 3172342.0], [-2964465.75, 3169903.25], [-2964603.75, 3169175.25], [-2964410.25, 3168899.75], [-2965241.2488, 3167420.501700001], [-2966261.019200001, 3167305.7599], [-2967715.0, 3167965.5], [-2973357.5, 3173437.75], [-2973640.5, 3174623.0], [-2974540.75, 3176015.25], [-2978387.0, 3180300.25], [-2981465.5, 3182712.0], [-2979305.25, 3187873.5], [-2978371.0, 3188356.25], [-2977485.5, 3189327.0], [-2976991.0, 3191140.25], [-2977447.9991999995, 3192966.2501999997], [-2977929.0, 3193617.25], [-2980360.5, 3195999.5], [-2982296.75, 3197164.0], [-2981786.0, 3202930.25], [-2982744.25, 3205798.0], [-2983929.0, 3207510.25], [-2984284.5, 3207715.5], [-2986431.5, 3207344.0], [-2991016.25, 3207935.0], [-2991440.0, 3208347.75], [-2991860.0, 3209727.25], [-2992389.0, 3212965.25], [-2992386.5, 3213887.75], [-2991726.0, 3216087.25], [-2990513.5, 3218181.5], [-2988986.2491999995, 3219944.2490999997], [-2988110.0, 3220060.25], [-2984660.75, 3219945.5], [-2983184.25, 3219670.0], [-2982411.75, 3219049.5], [-2981326.7488, 3217150.250499999], [-2980811.75, 3215547.0], [-2980059.0, 3214596.25], [-2977180.0, 3213373.75], [-2976775.75, 3213445.25], [-2975313.5, 3214288.75], [-2973848.249399999, 3215782.749500001], [-2971287.0001999997, 3217406.0002999995], [-2970778.75, 3217281.75], [-2970599.0, 3214595.5], [-2969542.25, 3212885.25], [-2968227.0, 3212433.25], [-2966245.7499, 3212754.7491999995], [-2965887.25, 3213113.25], [-2965887.25, 3213523.75], [-2968674.5, 3218663.75], [-2970482.5, 3220566.0], [-2971597.25, 3220629.25], [-2972435.0, 3220239.25], [-2973276.5, 3219291.75], [-2973641.749399999, 3218606.249399999], [-2974188.0, 3218055.5], [-2974852.25, 3217680.501599999], [-2975802.5, 3217494.0], [-2976371.75, 3217644.0], [-2976704.0, 3218106.0], [-2977118.25, 3221690.0], [-2977059.75, 3224175.5], [-2974808.75, 3229516.25], [-2974317.7501999997, 3229899.5001999997], [-2971612.5398999993, 3230212.229699999], [-2969729.6500000004, 3229869.4499999993], [-2964759.9997000005, 3231587.4990999997], [-2965232.0, 3232334.5], [-2965924.25, 3232869.5], [-2966872.5, 3233010.75], [-2970543.4000000004, 3231559.6500000004], [-2970947.0500000007, 3231623.4000000004], [-2973426.75, 3233855.5], [-2973458.25, 3234210.5], [-2971516.749399999, 3242069.4999], [-2969780.75, 3242466.0], [-2969575.5, 3242821.5], [-2969706.75, 3243311.5], [-2971378.75, 3244076.5], [-2972119.75, 3244123.25], [-2974061.0, 3243148.5], [-2974973.25, 3241746.5], [-2975081.0, 3240922.25], [-2978407.25, 3237391.25], [-2983692.25, 3233125.0], [-2984170.0, 3233014.25], [-2985532.75, 3234060.0], [-2986369.5, 3235326.5], [-2987795.75, 3239414.5], [-2988598.75, 3242960.5], [-2987581.9998000003, 3245922.9999], [-2983574.9934, 3250450.2557999995], [-2977276.75, 3256201.5], [-2975709.25, 3256820.5], [-2975277.75, 3256694.75], [-2974769.0, 3256294.75], [-2974263.75, 3256339.0], [-2972437.0, 3258356.0], [-2971381.5001, 3260416.75], [-2971408.75, 3260726.25], [-2973912.75, 3267861.0], [-2974219.0, 3268181.25], [-2975759.5, 3268799.25], [-2975532.0, 3270119.75], [-2974731.5, 3272568.25], [-2971604.0, 3276893.0], [-2969787.25, 3278916.5], [-2968154.749500001, 3280382.250600001], [-2967367.25, 3280896.5], [-2967031.5, 3280833.75], [-2960951.0, 3278002.5], [-2960744.5, 3277769.5], [-2960659.75, 3277139.75], [-2960345.5, 3276876.0], [-2960036.0, 3276848.75], [-2957689.75, 3277332.0], [-2956357.25, 3278011.75], [-2955106.25, 3279459.75], [-2953914.25, 3281572.25], [-2953156.75, 3284362.75], [-2954052.25, 3290743.0], [-2955744.0, 3292429.25], [-2960479.0, 3295316.75], [-2962403.0, 3295062.75], [-2962818.25, 3294771.75], [-2962767.75, 3291829.75], [-2964422.5, 3292880.75], [-2965062.75, 3293919.0], [-2964894.4992999993, 3294683.9999], [-2963003.25, 3297752.25], [-2961222.25, 3300370.75], [-2959341.7498000003, 3302508.2498000003], [-2958171.75, 3303599.5], [-2946520.5, 3310091.25], [-2945313.4998000003, 3310709.7496000007], [-2943628.7503999993, 3311073.2486000005], [-2943751.0, 3310652.5], [-2945647.5, 3309400.75], [-2949830.999, 3307468.000600001], [-2952200.0, 3305427.0], [-2952304.0, 3304836.0], [-2949767.5, 3301943.75], [-2937728.75, 3292222.75], [-2937137.7499, 3292118.750499999], [-2936811.25, 3292400.0], [-2936799.75, 3292979.25], [-2937529.25, 3294367.0], [-2939243.75, 3296963.75], [-2939757.0, 3302141.25], [-2939897.25, 3305239.75], [-2939809.2508000005, 3305671.7501], [-2935041.5, 3313779.0], [-2932780.0, 3314059.2501999997], [-2928253.5001999997, 3310565.75], [-2928297.75, 3310060.5], [-2924343.75, 3303786.0], [-2917569.25, 3298183.0], [-2917109.5, 3297968.75], [-2915823.0, 3298428.0], [-2915097.25, 3299074.25], [-2914555.0, 3300634.0], [-2914460.0, 3301939.75], [-2914184.5, 3302808.0], [-2912037.0, 3307706.25], [-2907730.2498000003, 3312902.7498000003], [-2906381.0, 3313973.25], [-2899979.25, 3317635.5], [-2898672.2501999997, 3318126.0008000005], [-2894354.5, 3319280.5], [-2891044.5, 3319877.25], [-2886209.75, 3320163.5], [-2884097.25, 3319358.5], [-2878154.75, 3320434.75], [-2875217.25, 3320789.0], [-2866768.0, 3321444.0], [-2863346.4987000003, 3321485.2501999997], [-2861157.25, 3321328.0], [-2858901.5, 3321506.25], [-2857665.5, 3322141.5], [-2855958.5, 3322661.25], [-2851512.25, 3323447.5], [-2846113.25, 3323411.25], [-2838853.75, 3323008.5], [-2836134.5, 3322501.25], [-2834979.5, 3321974.75], [-2832087.8499999996, 3315657.6999999993], [-2832147.5500000007, 3315310.3000000007], [-2832480.4000000004, 3315005.1999999993], [-2832991.7497000005, 3312926.0014999993], [-2834787.5, 3312618.75], [-2835519.5, 3312284.25], [-2836300.25, 3311549.0], [-2836818.2496000007, 3310746.9999], [-2837079.25, 3309772.5], [-2835923.75, 3309826.0], [-2829458.5, 3311443.5], [-2828693.5, 3313461.75], [-2829036.25, 3313930.5], [-2829006.0999999996, 3314346.3000000007], [-2827850.75, 3316375.75], [-2826994.75, 3316872.75], [-2826056.2499, 3316793.250600001], [-2824608.75, 3316228.0], [-2823293.75, 3315059.25], [-2820309.0, 3313707.0], [-2813404.4000000004, 3313347.1500000004], [-2808357.1999999993, 3313720.8000000007], [-2802974.5, 3313701.25], [-2802434.5, 3312743.25], [-2801801.5, 3313290.25], [-2801900.25, 3314103.25], [-2802279.25, 3314947.0], [-2804981.0, 3315966.75], [-2808656.3499999996, 3315952.5500000007], [-2811152.8000000007, 3315622.5500000007], [-2818740.5, 3315704.5], [-2821041.5, 3316254.5], [-2821453.0, 3317111.0], [-2821279.4999, 3317800.0], [-2819818.25, 3319898.0], [-2811889.25, 3328314.75], [-2806384.5, 3332521.25], [-2800166.5, 3335683.75], [-2789745.75, 3340047.25], [-2781716.75, 3341397.75], [-2780115.5, 3341365.75], [-2777415.75, 3340616.25], [-2770078.25, 3341401.5], [-2768425.0003999993, 3342501.000600001], [-2766973.5, 3344497.5], [-2765182.0, 3345304.5], [-2756198.9999, 3344234.5009000003], [-2751838.75, 3343308.5], [-2749176.5, 3341988.75], [-2741426.5, 3336153.0], [-2739078.5, 3332780.75], [-2738509.75, 3331166.0], [-2738279.5, 3328599.75], [-2738424.75, 3323464.75], [-2737421.5, 3320944.75], [-2737012.25, 3320553.0], [-2736411.0, 3320289.5], [-2735160.5, 3318874.25], [-2734891.7491999995, 3317528.7496000007], [-2737090.5, 3313126.0], [-2738460.5, 3309268.0], [-2737121.25, 3307090.25], [-2736982.5, 3304900.75], [-2741229.0, 3289546.5], [-2732764.75, 3282380.5], [-2731263.75, 3281263.5], [-2729775.25, 3280772.0], [-2716231.0, 3279632.5], [-2715142.25, 3279864.5], [-2714471.0, 3280247.25], [-2713450.0, 3281471.0], [-2712208.0, 3282260.75], [-2710613.5, 3282545.5], [-2707962.5, 3281322.0], [-2707553.0, 3280263.25], [-2707063.0, 3279526.25], [-2705617.0, 3278460.0], [-2704564.25, 3278251.75], [-2699105.5, 3278466.25], [-2683540.749, 3280323.2514999993], [-2681631.0, 3281081.75], [-2681340.0, 3281497.0], [-2676089.25, 3282519.25], [-2673864.0, 3282536.25], [-2669231.5, 3281941.0], [-2668553.75, 3282012.5], [-2667113.499500001, 3283031.999399999], [-2665728.25, 3284887.75], [-2665201.7498000003, 3285897.7499], [-2664894.5, 3286910.75], [-2664589.0, 3287109.25], [-2663001.25, 3284660.25], [-2662651.25, 3283793.25], [-2661358.5, 3275096.2489], [-2661327.5, 3271556.25], [-2662615.75, 3271850.5], [-2668971.75, 3272650.0], [-2669431.5, 3272435.75], [-2669535.5, 3271844.75], [-2665182.0, 3267675.0], [-2659849.0, 3261307.25], [-2656276.0, 3259872.75], [-2654583.75, 3259019.75], [-2653425.0, 3257334.75], [-2652842.25, 3256096.5], [-2652391.5, 3254470.5], [-2650340.5, 3251676.0], [-2648128.25, 3249398.0], [-2642079.75, 3244495.0], [-2636849.75, 3241821.75], [-2634537.4990999997, 3241023.0001999997], [-2634133.25, 3241094.5], [-2632734.25, 3242004.5], [-2629871.7501, 3242777.2501999997], [-2626863.25, 3242741.75], [-2624613.4968999997, 3242948.2514999993], [-2620917.5, 3244778.0], [-2619858.0, 3244520.75], [-2618657.0, 3243336.25], [-2612958.0, 3243762.75], [-2600004.75, 3246462.25], [-2598280.75, 3247377.0], [-2592408.5, 3252432.25], [-2587175.0, 3259756.5], [-2583244.5, 3266178.0], [-2577404.0, 3274061.75], [-2575043.75, 3276539.75], [-2571599.0, 3278974.0], [-2564506.0, 3284848.25], [-2563365.5, 3286160.75], [-2561976.25, 3288659.25], [-2561602.75, 3289806.0], [-2556950.75, 3306705.25], [-2555969.75, 3309223.5], [-2555296.0, 3310176.75], [-2554557.4954000004, 3309902.5], [-2553870.0, 3310014.25], [-2553545.75, 3310787.0], [-2556633.75, 3316891.25], [-2558689.25, 3318958.75], [-2557605.5, 3321019.5], [-2553205.0, 3324145.75], [-2550808.75, 3325238.25], [-2546208.25, 3324475.5], [-2545569.5, 3324129.25], [-2545946.5, 3322489.75], [-2545948.0, 3321312.75], [-2544887.0, 3316812.25], [-2544519.75, 3315852.5], [-2543579.0, 3314197.75], [-2541532.25, 3311304.5], [-2539624.0, 3309442.0], [-2538405.25, 3309023.25], [-2537337.25, 3309348.7501], [-2521748.5, 3309352.5], [-2520735.0, 3309803.25], [-2514960.0, 3313926.25], [-2512513.4999, 3315964.2498000003], [-2511840.75, 3317003.0], [-2507780.25, 3324768.75], [-2506117.5, 3328783.75], [-2506415.0, 3329204.0], [-2506588.75, 3330927.5], [-2506198.25, 3337281.5], [-2505030.5003999993, 3341517.5001], [-2504476.25, 3342534.25], [-2503732.2513999995, 3343363.7503999993], [-2513811.0, 3344170.5], [-2520647.0, 3342750.75], [-2521195.75, 3342451.5], [-2521955.75, 3341674.0], [-2522918.9999, 3341513.250600001], [-2525290.75, 3342152.25], [-2528581.75, 3344933.25], [-2529516.75, 3348122.75], [-2529932.75, 3350495.0], [-2530886.0, 3352723.5], [-2535599.0, 3355803.0], [-2538380.5, 3357202.0], [-2538945.0, 3357323.0], [-2542577.25, 3357373.75], [-2543253.25, 3356819.5], [-2543284.0, 3356172.25], [-2543152.75, 3355890.75], [-2542195.5, 3355393.25], [-2540751.25, 3355488.5], [-2539211.7496000007, 3355325.5012], [-2536426.5, 3354466.25], [-2535657.0, 3353757.25], [-2535752.5001, 3353540.2507000007], [-2536075.25, 3353477.5], [-2541786.75, 3354378.75], [-2544295.9997000005, 3355003.7513999995], [-2544927.5, 3355447.75], [-2547685.5, 3358425.25], [-2550495.5, 3361719.25], [-2553499.0001, 3363267.2509000003], [-2556285.0001, 3363001.5001999997], [-2559186.25, 3361841.25], [-2560503.5, 3361069.25], [-2561143.7491999995, 3361002.9999], [-2567553.5, 3363153.0], [-2576804.5, 3365508.75], [-2577343.25, 3365533.0], [-2580504.4920000006, 3364973.2522], [-2583516.0, 3364086.75], [-2585577.25, 3363087.0], [-2586609.2498000003, 3362136.7496000007], [-2589353.736300001, 3360793.0062000006], [-2592746.25, 3359538.75], [-2603169.25, 3360084.0], [-2603490.75, 3360366.0], [-2603468.7486000005, 3360563.2531000003], [-2602959.5, 3361468.0], [-2602251.0, 3362255.25], [-2601241.5, 3363121.25], [-2598376.75, 3364711.25], [-2597193.25, 3365587.25], [-2589228.25, 3374047.0], [-2587276.75, 3380515.75], [-2585628.5, 3391282.25], [-2582186.75, 3395485.25], [-2582427.0, 3396148.0], [-2583698.5, 3397641.5], [-2584532.25, 3397977.75], [-2593660.0, 3399656.5], [-2594268.5, 3399430.75], [-2595266.25, 3393888.75], [-2595476.5, 3386122.5], [-2594791.25, 3384831.75], [-2592051.75, 3383216.5], [-2591296.5, 3383140.25], [-2592515.0, 3382038.0], [-2595228.5, 3380450.75], [-2602043.75, 3378787.75], [-2604145.5, 3377929.0], [-2606159.75, 3378592.5], [-2606823.75, 3379610.25], [-2605365.0, 3383539.25], [-2603290.75, 3386560.0], [-2602137.25, 3387644.25], [-2601851.25, 3388628.5], [-2601175.25, 3396024.25], [-2601113.4997000005, 3398452.0068999995], [-2601381.5, 3402557.5], [-2602051.25, 3405690.5], [-2603001.0, 3408243.25], [-2607518.5, 3416641.25], [-2614693.5, 3423782.5], [-2618689.5, 3430045.75], [-2624954.25, 3436147.25], [-2634614.25, 3443516.25], [-2635961.0, 3445003.75], [-2637127.25, 3445979.75], [-2643953.25, 3448464.5], [-2644544.25, 3448360.5], [-2645374.5, 3445741.25], [-2645302.9997000005, 3445337.0012], [-2645003.75, 3445078.75], [-2641279.0, 3443550.5], [-2640935.25, 3443011.0], [-2640904.25, 3442635.0], [-2641205.0, 3442365.75], [-2641596.0, 3442360.5], [-2643297.0, 3443159.5], [-2645733.5, 3444650.75], [-2646997.25, 3445756.5], [-2650803.5, 3449855.75], [-2651080.5, 3451919.5], [-2654104.0, 3466446.0], [-2658623.5, 3482750.0], [-2661611.748400001, 3490658.7502999995], [-2664536.0, 3499191.5], [-2665976.0, 3504431.5], [-2666102.749399999, 3505660.0065], [-2665995.0, 3507203.75], [-2664459.25, 3515874.5], [-2657761.2501999997, 3524532.5001], [-2651304.2499, 3528628.7498000003], [-2650457.75, 3528752.0], [-2648549.75, 3527916.25], [-2646848.25, 3527972.5], [-2644390.0, 3529558.75], [-2641848.0, 3532008.75], [-2639812.999500001, 3536359.0013999995], [-2639087.75, 3538712.0], [-2638134.5, 3542666.0], [-2637790.5, 3546296.25], [-2637327.75, 3548834.25], [-2636463.25, 3550208.75], [-2635755.25, 3550694.5], [-2634384.0, 3551291.75], [-2632852.0, 3552830.25], [-2631848.9992999993, 3557072.9990999997], [-2631642.2498000003, 3560489.5], [-2631379.75, 3561759.5], [-2630447.25, 3564144.75], [-2628666.249, 3567317.249399999], [-2626902.75, 3570056.0], [-2626217.25, 3570686.25], [-2624808.0, 3571398.5], [-2619936.5, 3573485.25], [-2617883.25, 3574087.0], [-2613743.75, 3574550.0], [-2612378.25, 3574492.25], [-2611864.0, 3574073.25], [-2611817.5002999995, 3573870.0013999995], [-2613398.75, 3572783.25], [-2615276.75, 3572006.75], [-2615792.4992999993, 3572012.749399999], [-2617257.5, 3572597.0], [-2618654.5, 3572837.25], [-2619105.9996000007, 3572775.7512], [-2623826.5, 3571015.0], [-2624960.25, 3570099.5], [-2626602.25, 3568310.0], [-2627175.75, 3566925.0], [-2626840.0, 3561373.25], [-2626152.75, 3558221.75], [-2624774.5, 3556508.25], [-2623481.0, 3555416.5], [-2616381.0, 3553278.0], [-2614160.5, 3553078.25], [-2612584.25, 3553453.5], [-2609500.9935999997, 3556406.0058999993], [-2608931.9935999997, 3556640.0022], [-2607544.4981999993, 3556596.5025999993], [-2604302.7435999997, 3555429.7488], [-2603297.0195000004, 3555392.0157999992], [-2602610.5134999994, 3555623.7839], [-2601510.491699999, 3555620.244999999], [-2601406.731899999, 3555461.2545999996], [-2601517.3565999996, 3555186.9045], [-2602059.7489, 3555078.7864999995], [-2602520.4834000003, 3554598.768100001], [-2602622.7359999996, 3553798.5079999994], [-2602534.3607, 3553239.682499999], [-2601798.7682000007, 3552510.250499999], [-2601160.4803, 3551337.5165], [-2600780.2567999996, 3551250.0096000005], [-2600403.7524999995, 3550873.5216000006], [-2600483.2313, 3550305.2425999995], [-2600276.7273999993, 3549300.0187], [-2599719.0160000008, 3548645.2649000008], [-2599469.2419000007, 3546982.7476000004], [-2600281.7245000005, 3545464.2457], [-2600339.7402, 3544567.2709], [-2600095.7661000006, 3543701.5075000003], [-2599485.0197, 3542967.488], [-2599229.7733999994, 3542281.0310999993], [-2598648.2397000007, 3541985.2672000006], [-2597617.0307, 3540904.0215000007], [-2596810.7741, 3541445.4963000007], [-2596129.0031000003, 3543162.7524999995], [-2596268.988, 3543869.5090999994], [-2595602.749, 3545118.5106000006], [-2595519.7477, 3547061.4891], [-2595058.2595000006, 3548229.2751], [-2595485.7345000003, 3553317.5229], [-2595818.2641000003, 3554123.0259000007], [-2596343.2567, 3554628.4887000006], [-2596357.7401, 3555933.490700001], [-2596589.491800001, 3556978.2983], [-2597252.028000001, 3557652.7621], [-2598173.0218, 3557916.7411], [-2598520.51, 3557855.4977], [-2598742.3658000007, 3557749.1163999997], [-2599628.1667, 3556371.2874999996], [-2600308.463199999, 3555977.432499999], [-2600472.2540000007, 3556203.0075000003], [-2599370.0040000007, 3557970.7590999994], [-2598865.720899999, 3559566.7737000007], [-2598955.2595000006, 3560593.0183000006], [-2598634.5099, 3561779.236300001], [-2598690.3994999994, 3563774.454], [-2599146.9847999997, 3565760.3133000005], [-2599263.5, 3566267.0], [-2600297.25, 3568129.0], [-2601037.5, 3568291.5], [-2602597.25, 3569441.75], [-2603320.25, 3570841.0], [-2604765.75, 3575474.0], [-2605009.0, 3576819.75], [-2605370.0, 3585774.75], [-2605681.75, 3587608.5], [-2606229.75, 3589274.5], [-2608095.75, 3592375.0], [-2612340.5, 3602479.0], [-2612635.25, 3604197.75], [-2612585.0, 3605432.0], [-2611718.5, 3612732.25], [-2611542.75, 3613411.0], [-2610547.000600001, 3614512.250600001], [-2610222.25, 3615140.25], [-2609180.5, 3619833.0], [-2608314.25, 3628105.25], [-2608613.0, 3631702.75], [-2609021.5, 3633370.25], [-2609631.25, 3634648.75], [-2609487.75, 3638018.75], [-2608677.5, 3639418.5], [-2604581.5, 3644170.75], [-2603692.5001999997, 3644716.2501999997], [-2601528.75, 3645540.5], [-2598713.0, 3646155.5], [-2593813.75, 3644730.5], [-2589180.246200001, 3642733.498400001], [-2585724.75, 3640502.0], [-2586293.0001, 3640337.7492999993], [-2592885.25, 3641021.0], [-2595166.0, 3642396.25], [-2596462.25, 3643467.0], [-2597630.0, 3643691.5], [-2600872.7498000003, 3643019.999500001], [-2603108.25, 3641918.5], [-2603422.75, 3641468.75], [-2603584.5, 3639948.75], [-2603194.75, 3639229.5], [-2602689.25, 3638774.75], [-2599875.75, 3637513.5], [-2597427.75, 3636618.75], [-2593611.0, 3635603.0], [-2591743.0, 3635807.25], [-2590129.0, 3635780.5], [-2589300.25, 3634011.75], [-2585852.75, 3628784.25], [-2585516.0, 3628470.25], [-2583713.25, 3627607.5], [-2581247.25, 3626803.0], [-2578490.25, 3628218.0], [-2578276.0, 3628689.25], [-2578518.25, 3629989.75], [-2578816.75, 3630410.0], [-2579025.75, 3631412.0], [-2578943.75, 3631705.25], [-2577037.5, 3633711.75], [-2569243.5, 3632168.0], [-2559337.0, 3629273.0], [-2558844.749500001, 3628902.7507000007], [-2558689.75, 3628565.75], [-2560404.0, 3628673.25], [-2560883.25, 3628290.25], [-2562411.0, 3624453.0], [-2562287.75, 3622678.25], [-2561620.0, 3621210.25], [-2557753.75, 3618686.0], [-2548175.5, 3616502.25], [-2547382.75, 3617243.5], [-2547040.25, 3617869.25], [-2546708.5, 3620364.25], [-2546809.25, 3621741.5], [-2547070.25, 3622752.25], [-2546415.9998000003, 3622979.7492999993], [-2545855.75, 3622978.25], [-2543349.25, 3621847.25], [-2535836.75, 3619362.75], [-2532512.0, 3619004.0], [-2529010.5, 3618213.0], [-2526161.0, 3617215.5], [-2517445.25, 3613298.75], [-2509541.9998000003, 3609473.7503999993], [-2508877.5, 3608445.25], [-2508515.5, 3605311.5], [-2508552.25, 3603876.25], [-2508935.0, 3602121.25], [-2509361.4992999993, 3601641.0011], [-2509543.5, 3601647.5], [-2509572.25, 3601898.75], [-2509494.25, 3602691.0], [-2509223.75, 3603399.0], [-2509355.0, 3603889.0], [-2509710.5, 3604094.25], [-2510427.25, 3604086.25], [-2510946.75, 3603786.25], [-2511186.5, 3602982.5], [-2511578.0, 3599338.0], [-2511443.5, 3598466.75], [-2509711.5, 3595983.25], [-2507457.0, 3593540.5], [-2506594.25, 3592060.5], [-2506648.5, 3589503.75], [-2506289.75, 3588093.75], [-2505825.75, 3587388.5], [-2504232.75, 3585831.75], [-2503391.75, 3585397.5], [-2499106.0, 3583476.0], [-2496178.75, 3582594.5], [-2495719.0, 3582808.75], [-2494711.0, 3584103.0], [-2493934.75, 3590462.0], [-2493960.5, 3592138.0], [-2494835.25, 3594905.0], [-2496185.5, 3596617.0], [-2496534.25, 3597344.5], [-2496580.0, 3598501.0], [-2495980.25, 3599846.25], [-2495297.25, 3600337.75], [-2492737.7468999997, 3601046.0], [-2490805.2377000004, 3601284.5011], [-2483915.0, 3601419.25], [-2480189.25, 3600669.0], [-2468331.5, 3596104.5], [-2466050.75, 3594484.5], [-2459943.25, 3588333.75], [-2457342.2507000007, 3583531.5013999995], [-2457861.5, 3583416.75], [-2459520.75, 3582076.25], [-2459530.0, 3581041.25], [-2459233.0, 3580582.25], [-2458933.0, 3580501.75], [-2455485.75, 3580876.25], [-2452283.25, 3581382.5], [-2449880.25, 3581382.75], [-2446477.5, 3580169.5], [-2440757.25, 3578660.75], [-2438858.25, 3578646.75], [-2438499.75, 3579005.25], [-2438472.5, 3579314.75], [-2438694.25, 3579712.75], [-2438485.5, 3579893.25], [-2438204.25, 3579916.7501999997], [-2436962.5, 3579329.0], [-2431460.0, 3575729.75], [-2426040.75, 3571127.75], [-2421530.25, 3566006.75], [-2416888.5, 3560319.0], [-2414195.25, 3556556.75], [-2411495.0, 3552181.25], [-2410345.0, 3548137.5], [-2410002.25, 3545117.7575000003], [-2410365.75, 3543178.25], [-2411192.5, 3544456.75], [-2411723.5, 3545618.0], [-2412502.5, 3549080.8000000007], [-2413731.5, 3552551.75], [-2414211.75, 3552913.25], [-2414993.25, 3552869.5001], [-2415362.75, 3552729.5], [-2415568.0, 3552374.0], [-2414955.4499999993, 3549018.8499999996], [-2415356.5, 3547036.5], [-2416484.5, 3545089.5], [-2417607.25, 3543928.25], [-2419893.25, 3542786.5], [-2423678.0, 3541643.0], [-2424506.75, 3541495.75], [-2428349.25, 3541879.25], [-2429392.25, 3541822.25], [-2432498.498400001, 3540885.9997000005], [-2433465.0, 3540376.5], [-2439920.236199999, 3535217.5121999998], [-2442519.5, 3532705.75], [-2442727.25, 3532236.25], [-2445830.5, 3531357.25], [-2450659.75, 3531322.5], [-2451181.25, 3531587.5], [-2452313.25, 3533046.25], [-2454966.0, 3535599.0], [-2455793.0, 3535863.75], [-2457626.2501999997, 3535314.5001999997], [-2457984.75, 3534956.0], [-2457856.0, 3534068.5], [-2456471.25, 3531575.0], [-2456011.5, 3531360.75], [-2454630.5, 3531433.0], [-2452939.0, 3529740.75], [-2452595.5, 3529186.75], [-2452499.25, 3528561.75], [-2452830.5, 3527981.5], [-2456577.25, 3524057.75], [-2457405.0, 3522895.25], [-2458843.249, 3520040.7507000007], [-2460235.249500001, 3516262.5014999993], [-2459987.5, 3513585.25], [-2459385.0, 3510491.75], [-2458774.5, 3509583.0], [-2455416.75, 3507337.25], [-2453819.25, 3507007.0], [-2449854.25, 3501967.5], [-2449510.0, 3500782.75], [-2449791.75, 3500389.25], [-2449839.25, 3499595.0], [-2449421.0, 3497713.75], [-2447415.75, 3493542.25], [-2445563.0, 3491550.0], [-2441544.25, 3489167.5], [-2434258.0, 3481766.75], [-2434717.25, 3480948.75], [-2436131.25, 3476417.0], [-2436379.75, 3474124.0], [-2435206.5, 3472609.75], [-2433233.75, 3471120.5], [-2431140.0, 3466116.25], [-2431248.75, 3465409.0], [-2431124.0, 3464831.25], [-2430661.25, 3463912.75], [-2427974.75, 3462157.25], [-2424792.5, 3460748.75], [-2423567.5, 3460532.75], [-2420743.0, 3458981.75], [-2418833.5, 3454529.25], [-2418389.4987000003, 3446649.7534999996], [-2420436.25, 3446406.0], [-2423755.5, 3444808.0], [-2424019.25, 3444493.75], [-2423814.75, 3443393.0], [-2422763.75, 3441784.75], [-2422352.25, 3441266.75], [-2421453.0, 3440724.0], [-2419683.5, 3444111.0], [-2412460.75, 3446203.25], [-2402956.5, 3447447.25], [-2393205.4877000004, 3450534.2532], [-2390115.2502999995, 3451721.2509000003], [-2386793.0, 3451258.75], [-2385676.5, 3450126.25], [-2383969.25, 3447254.75], [-2383500.25, 3445605.75], [-2384925.25, 3443802.75], [-2385493.5, 3442464.25], [-2385428.2489, 3441300.000600001], [-2385015.5, 3440073.5], [-2383772.25, 3437766.5], [-2383065.5, 3437114.25], [-2381363.0, 3436414.25], [-2379275.0, 3433887.5], [-2385424.25, 3429616.25], [-2388004.0, 3429009.75], [-2390117.25, 3429476.5], [-2390507.75, 3429773.5], [-2390912.0, 3429845.0], [-2392212.75, 3429397.25], [-2392344.0, 3429115.75], [-2392212.75, 3428625.75], [-2390317.25, 3426682.5], [-2389924.5, 3426585.25], [-2386825.25, 3426787.0], [-2378847.75, 3429797.0], [-2376897.75, 3431161.25], [-2375148.5, 3432936.25], [-2370352.75, 3442558.75], [-2370082.0, 3444497.0], [-2372319.5, 3454923.0], [-2374164.75, 3461313.75], [-2374740.25, 3462341.5], [-2377331.0, 3465835.75], [-2378617.5, 3467182.0], [-2387720.0, 3471288.5], [-2388312.0, 3471359.75], [-2388865.0, 3471196.75], [-2391152.25, 3469618.75], [-2393654.7207999993, 3465463.0746], [-2393978.8231000006, 3462967.4924999997], [-2395113.1787, 3463291.593800001], [-2395891.0219, 3464458.3589999992], [-2396409.5853000004, 3465430.6635999996], [-2394400.1555000003, 3466662.2497000005], [-2393103.7489, 3467796.6050000004], [-2391990.5, 3469864.0], [-2390304.75, 3471247.75], [-2385451.25, 3473079.0], [-2380410.4998000003, 3475458.7497000005], [-2376781.0, 3477647.0], [-2374348.249500001, 3479612.749399999], [-2372470.2501, 3481668.2501], [-2371526.25, 3483115.0], [-2370662.25, 3485066.0], [-2369728.5, 3488469.5], [-2369505.5, 3489520.5], [-2369075.0, 3494438.0], [-2368571.5, 3495355.25], [-2366402.7382999994, 3497774.7643], [-2365275.5, 3499283.75], [-2363378.0, 3503293.0], [-2362946.25, 3504565.5], [-2362580.75, 3506401.5], [-2363074.75, 3509314.75], [-2364995.75, 3514056.75], [-2366617.0, 3516491.5], [-2366640.7486000005, 3517144.5018000007], [-2366243.75, 3517620.25], [-2365020.75, 3518352.75], [-2363865.5, 3519289.25], [-2362838.5, 3520562.0], [-2359846.5, 3525333.75], [-2359078.0, 3527445.5], [-2357943.4990999997, 3529607.4999], [-2356604.4999, 3530820.7509000003], [-2355900.25, 3531216.25], [-2354291.75, 3531946.0], [-2353101.75, 3532222.25], [-2351973.0, 3531659.5], [-2349882.0, 3529751.25], [-2346219.25, 3527043.75], [-2343675.25, 3526139.25], [-2342569.25, 3526020.25], [-2346200.0, 3518887.0], [-2346844.5, 3517885.75], [-2351318.75, 3508341.25], [-2351479.75, 3507031.75], [-2350930.25, 3505796.25], [-2350057.5, 3504643.0], [-2350113.25, 3504456.75], [-2351847.5002999995, 3503056.5008000005], [-2355923.0, 3501289.25], [-2358788.2501, 3501028.0001], [-2360222.9998000003, 3500415.2498000003], [-2362930.75, 3498301.0], [-2364052.75, 3497143.0], [-2364515.0, 3496347.5], [-2369294.4974000007, 3486410.755999999], [-2369784.0, 3485120.5], [-2370892.5, 3477697.0], [-2371440.5, 3469982.0], [-2371593.5, 3467100.5], [-2371492.5, 3466575.5], [-2370686.75, 3465529.25], [-2369677.25, 3464628.0], [-2366437.0, 3462866.25], [-2361646.75, 3460736.75], [-2359325.5, 3460863.2499], [-2358112.25, 3461104.25], [-2356543.6328, 3461966.2422], [-2357143.0, 3463457.75], [-2360918.75, 3468801.25], [-2361105.75, 3469636.75], [-2353788.25, 3494577.5], [-2353256.0, 3495702.25], [-2352806.2458999995, 3496128.2534], [-2344469.75, 3501074.0], [-2343147.0, 3501358.25], [-2341463.0, 3500793.0], [-2339989.5, 3500931.0], [-2337382.25, 3501932.5], [-2336518.2501999997, 3502515.5001999997], [-2335155.75, 3504048.0], [-2334441.25, 3504449.25], [-2327663.5, 3505442.75], [-2324223.75, 3504334.25], [-2323995.25, 3500615.75], [-2322398.5, 3498663.75], [-2321887.0, 3498400.5], [-2321300.0, 3498544.25], [-2319598.75, 3499818.0], [-2318614.2498000003, 3502084.7499], [-2319871.75, 3516055.75], [-2320919.75, 3517780.25], [-2321737.0, 3518663.0], [-2324366.998299999, 3520852.250499999], [-2329278.5, 3524353.5], [-2332589.75, 3525793.0], [-2334385.5, 3526228.25], [-2340706.75, 3532396.25], [-2340854.740700001, 3534311.5091999993], [-2340129.7490999997, 3534920.7496000007], [-2335320.25, 3536279.25], [-2334573.2502999995, 3536733.750600001], [-2334886.5, 3537645.25], [-2336113.5, 3538777.25], [-2338831.4968, 3538164.5019000005], [-2340329.5, 3537293.0], [-2340721.9986000005, 3537237.2501], [-2343425.0, 3539655.0], [-2343808.5, 3540530.25], [-2344044.0, 3541602.5], [-2343586.5, 3542221.0], [-2342985.0001, 3542435.2501999997], [-2342267.75, 3543184.25], [-2341298.25, 3544949.25], [-2341098.7499, 3545790.0], [-2342325.5, 3547751.25], [-2347480.25, 3552532.75], [-2348343.75, 3552675.25], [-2349531.75, 3551651.75], [-2352875.25, 3563011.0], [-2356620.5, 3574740.0], [-2358686.5, 3579706.0], [-2358971.5, 3581001.5], [-2359138.0, 3584087.25], [-2358876.0, 3585071.5], [-2358306.0, 3586186.5], [-2356316.25, 3587121.5], [-2353751.488500001, 3588858.0079999994], [-2346387.0, 3594773.75], [-2343037.4996000007, 3598147.7513999995], [-2334168.75, 3607866.0], [-2330901.25, 3612079.5], [-2324899.7398000006, 3620853.7644999996], [-2321663.25, 3626109.0], [-2321229.0, 3626884.0], [-2319458.5, 3631563.25], [-2318886.25, 3634071.5], [-2318509.0, 3638021.0], [-2318577.25, 3640802.0], [-2318145.5, 3646649.25], [-2317781.25, 3649341.5], [-2317445.0, 3650730.0], [-2312834.5, 3660413.75], [-2313115.4988, 3661731.4999], [-2315114.75, 3660144.0], [-2315131.5, 3660477.25], [-2313956.75, 3665169.75], [-2311791.5, 3672403.0], [-2307113.75, 3689903.5], [-2305910.0, 3693519.5], [-2305006.0, 3698530.25], [-2304849.25, 3701093.0], [-2305192.5, 3706327.5], [-2305686.75, 3710232.5], [-2306511.5, 3714389.0], [-2306866.0, 3715617.5], [-2307522.75, 3716923.25], [-2307836.5, 3719919.5], [-2307119.0, 3724902.75], [-2305574.75, 3726920.25], [-2304144.0, 3728441.5], [-2296229.0, 3742193.75], [-2294496.5, 3745788.0], [-2294712.5, 3748675.5], [-2297462.75, 3752217.5], [-2302034.25, 3762893.5], [-2303724.25, 3765324.0], [-2304755.0, 3765983.75], [-2303844.5, 3765951.25], [-2302210.75, 3765587.5], [-2296997.75, 3762604.0], [-2290950.3499999996, 3758565.75], [-2291240.1500000004, 3758533.5], [-2294518.5, 3760234.75], [-2298158.5, 3762955.75], [-2301226.25, 3764727.75], [-2300592.75, 3761349.75], [-2298830.25, 3757209.5], [-2297975.5, 3756030.5], [-2297483.25, 3755996.0], [-2296674.2425999995, 3756924.4990999997], [-2290232.9492000006, 3756112.4005999994], [-2289854.5, 3755269.8499999996], [-2287093.75, 3754680.75], [-2285224.25, 3755751.5], [-2275949.5, 3759448.5], [-2273865.75, 3759387.5], [-2270951.25, 3759868.0], [-2269465.25, 3760314.25], [-2261359.25, 3764894.0], [-2255326.2467, 3767621.7512999997], [-2247459.000499999, 3772009.2508000005], [-2245269.25, 3773522.75], [-2238975.25, 3778911.75], [-2238276.7498000003, 3779338.7496000007], [-2237348.5, 3779412.5], [-2234807.75, 3772621.75], [-2229095.75, 3759912.75], [-2227482.999, 3757099.7499], [-2224075.0, 3752153.75], [-2222295.0, 3749989.75], [-2220612.0, 3748274.0], [-2206880.5, 3734785.5], [-2205178.25, 3733323.25], [-2201323.0, 3730787.5], [-2198086.0, 3725693.5], [-2194999.5, 3722398.75], [-2191993.75, 3719782.0], [-2190074.25, 3718730.25], [-2179502.0, 3714493.0], [-2167227.0, 3712621.25], [-2163769.75, 3712313.0], [-2158789.0, 3712219.75], [-2141549.0, 3713670.25], [-2136078.75, 3713990.75], [-2130732.25, 3715253.25], [-2127298.75, 3716391.0], [-2124366.0, 3717628.75], [-2121334.25, 3717660.75], [-2121230.25, 3717069.75], [-2120666.25, 3716864.5], [-2111455.25, 3720199.75], [-2108993.25, 3721408.5], [-2105742.0, 3723380.5], [-2104099.0, 3725094.0], [-2093140.25, 3729557.5], [-2092470.375, 3729020.75], [-2089479.5, 3729087.0], [-2088524.25, 3729788.5], [-2087671.2495000008, 3731445.501700001], [-2087768.625, 3733386.0], [-2088250.625, 3734438.5], [-2088154.8739, 3734635.2501999997], [-2084725.875, 3735715.0], [-2081252.5, 3736018.0], [-2072954.25, 3735292.75], [-2060848.125, 3734660.5], [-2060669.875, 3734406.0], [-2060284.25, 3734265.75], [-2053344.875, 3734875.5], [-2043940.375, 3737637.25], [-2042458.625, 3736718.0], [-2038369.5, 3737782.25], [-2036923.5, 3739333.75], [-2036178.25, 3739727.25], [-2027460.375, 3738975.9997000005], [-2018281.375, 3739263.0], [-2012562.75, 3740610.0], [-2011425.75, 3741038.0], [-2009642.3749000002, 3741135.9991999995], [-2006678.5, 3740238.25], [-2006254.1249000002, 3739497.75], [-2006315.75, 3739149.25], [-2008403.75, 3735552.75], [-2008017.125, 3734926.5], [-2007430.625, 3732444.0], [-2007992.6243999992, 3730946.499399999], [-2008623.2493999992, 3730300.7514999993], [-2009377.0, 3729899.25], [-2011601.5, 3732096.25], [-2011499.875, 3732896.0], [-2011609.875, 3733574.0], [-2012801.8741999995, 3735995.749], [-2013294.875, 3736240.25], [-2013754.5, 3736026.0], [-2014112.5, 3735144.5], [-2014219.75, 3733636.0], [-2013860.0, 3729386.5], [-2013100.375, 3728481.25], [-2010589.375, 3727172.5], [-2006261.875, 3725501.25], [-2001560.5, 3719890.25], [-1999391.5, 3718550.5], [-1987814.125, 3714902.0], [-1984545.625, 3713401.75], [-1982040.75, 3712768.0], [-1978851.375, 3712465.5], [-1978343.8749000002, 3712798.7499], [-1978343.875, 3713398.75], [-1962603.875, 3710564.25], [-1953947.125, 3710118.75], [-1944790.125, 3710173.4998000003], [-1939292.7495000008, 3703389.2499], [-1939370.125, 3702935.5], [-1944318.875, 3698762.0], [-1946172.125, 3698410.75], [-1947143.625, 3698609.25], [-1947397.5, 3698866.75], [-1947480.375, 3699311.25], [-1948029.25, 3699966.25], [-1949738.625, 3700706.5], [-1950898.8750999998, 3700499.0001999997], [-1952920.1250999998, 3699109.2501], [-1953098.375, 3698854.75], [-1953054.125, 3698349.5], [-1951889.625, 3697342.25], [-1951001.375, 3695427.75], [-1956871.875, 3693299.25], [-1960795.0, 3692264.5], [-1963555.25, 3689653.75], [-1965025.125, 3684583.75], [-1968003.125, 3681149.5], [-1967737.0, 3679363.0], [-1967378.375, 3679004.5], [-1966486.25, 3679105.0], [-1965550.875, 3679666.25], [-1959832.6253999993, 3684250.250499999], [-1958314.0, 3687198.5], [-1957302.125, 3688199.0], [-1952721.5, 3690277.75], [-1951627.625, 3690622.0], [-1948628.0, 3690992.0], [-1947694.8499999996, 3690351.8499999996], [-1946820.375, 3689032.5], [-1946717.625, 3688443.25], [-1946938.125, 3688059.25], [-1943777.125, 3686179.0], [-1940009.625, 3685548.75], [-1937875.375, 3685747.5], [-1937582.7507000007, 3686462.7501999997], [-1938168.5, 3688089.0001], [-1940538.5, 3688835.4999], [-1942907.0, 3688338.75], [-1944027.5, 3689519.25], [-1944367.2249999996, 3692239.9000000004], [-1941583.375, 3697229.5], [-1940716.7464000005, 3698328.7525999993], [-1937651.625, 3701048.25], [-1936013.5, 3705092.75], [-1935916.5, 3707314.75], [-1936177.125, 3708193.25], [-1936579.5, 3708849.75], [-1937095.0, 3709125.0], [-1938119.375, 3709342.5], [-1940553.875, 3709223.5], [-1941172.4999000002, 3709663.4991999995], [-1941230.375, 3709857.25], [-1941134.9986000005, 3710271.7507000007], [-1940580.625, 3710592.5], [-1932793.125, 3710318.25], [-1926893.625, 3709728.0], [-1912684.5, 3709608.5], [-1907344.375, 3707909.75], [-1901162.625, 3705209.5], [-1895969.0, 3702792.75], [-1895300.25, 3702334.5], [-1894948.875, 3701826.75], [-1899226.5, 3698990.75], [-1906285.75, 3701952.0], [-1906690.0, 3701880.5], [-1908258.5, 3700956.0], [-1908436.75, 3700701.5], [-1909002.625, 3698358.0], [-1908686.1247000005, 3697047.9990999997], [-1907247.25, 3694904.5], [-1905709.25, 3693007.999399999], [-1902032.625, 3690341.25], [-1900901.5, 3690164.75], [-1900245.5, 3690308.5], [-1899559.375, 3690776.25], [-1899241.5, 3691443.5], [-1897262.8725000005, 3689617.248299999], [-1893093.0, 3683173.5], [-1887116.625, 3677793.0], [-1883728.75, 3676810.5], [-1879033.875, 3671902.75], [-1876781.75, 3670144.5], [-1873352.75, 3668324.25], [-1870578.125, 3667054.25], [-1867187.25, 3665852.25], [-1851134.5, 3663477.75], [-1847456.75, 3663522.25], [-1838649.625, 3664081.25], [-1830691.75, 3665410.25], [-1818119.6158000007, 3668278.2514999993], [-1804263.4999000002, 3670086.7490999997], [-1802393.75, 3670094.0], [-1788519.125, 3669294.25], [-1788252.25, 3669143.25], [-1788009.875, 3668541.5], [-1788027.25, 3667409.5], [-1788440.6234000009, 3664348.5001], [-1788707.375, 3664056.25], [-1788949.875, 3664825.0], [-1788491.875, 3667382.25], [-1788725.7499000002, 3667907.4996000007], [-1795022.25, 3668547.0], [-1795826.0, 3668147.5], [-1798434.125, 3663366.5], [-1798331.75, 3658170.5], [-1797951.125, 3656886.5], [-1797342.25, 3655654.5], [-1796568.625, 3655063.25], [-1795832.375, 3654749.75], [-1795270.375, 3653752.25], [-1794358.875, 3651750.75], [-1793418.25, 3647753.25], [-1795149.75, 3645292.25], [-1798785.75, 3643054.0], [-1795357.0, 3641213.75], [-1790819.125, 3637802.75], [-1789666.0, 3636212.5], [-1787960.3750999998, 3630989.0040000007], [-1788640.6256000008, 3629686.750499999], [-1794536.375, 3622424.5], [-1795612.625, 3621802.0], [-1796537.75, 3621566.25], [-1808769.125, 3620242.75], [-1813044.0, 3622539.0], [-1816480.625, 3625297.5], [-1817892.3749000002, 3625262.4998000003], [-1821176.0, 3623625.0], [-1822479.8739, 3621538.500499999], [-1823230.75, 3619150.0], [-1825108.75, 3616316.25], [-1825915.5, 3615744.0], [-1826820.75, 3615584.25], [-1829942.75, 3614077.75], [-1834984.5, 3609208.5], [-1835088.75, 3608617.5], [-1833602.875, 3607295.75], [-1833012.0, 3607191.75], [-1831661.25, 3608388.0], [-1831181.0, 3609378.25], [-1831094.125, 3610126.75], [-1829606.5, 3611885.0], [-1826193.6249000002, 3612294.4998000003], [-1824467.0, 3610947.25], [-1822225.875, 3608476.5], [-1821045.5, 3606833.0], [-1816889.625, 3605378.25], [-1817066.7478, 3602892.2145000007], [-1817447.875, 3600437.0], [-1817081.75, 3597938.25], [-1816333.375, 3596063.25], [-1812654.5, 3595942.0], [-1812228.25, 3596176.25], [-1811777.375, 3596989.75], [-1811406.25, 3598396.0], [-1812125.25, 3599893.25], [-1814190.0999999996, 3602092.3499999996], [-1813847.7508000005, 3605237.0001], [-1807791.75, 3611618.5], [-1799096.875, 3612007.0], [-1795288.625, 3610986.5], [-1795332.125, 3609653.5], [-1796240.625, 3608301.5], [-1796960.0, 3606738.0], [-1796830.5, 3606095.5], [-1796576.125, 3605917.5], [-1796154.75, 3605901.5], [-1794501.0, 3606685.0], [-1792306.1161000002, 3608652.7634999994], [-1791745.375, 3609580.5], [-1791467.5, 3611176.25], [-1790275.1246000007, 3614923.7499], [-1789756.125, 3615214.5], [-1788826.75, 3615325.5], [-1783705.125, 3615212.25], [-1783711.3749000002, 3615024.7499], [-1785186.625, 3613155.75], [-1786204.0, 3611575.75], [-1786299.5, 3611251.0], [-1786097.875, 3610518.25], [-1785682.490700001, 3610227.2497000005], [-1781134.9969999995, 3610497.7488], [-1777427.125, 3607576.5], [-1777436.0, 3604872.25], [-1778744.5, 3597276.0], [-1779400.75, 3594763.25], [-1780335.5, 3592721.5], [-1781084.625, 3591584.75], [-1781851.0, 3591076.75], [-1782337.5001999997, 3591079.0008000005], [-1783741.625, 3590637.5], [-1792691.0, 3585178.75], [-1796065.375, 3579003.25], [-1795887.0, 3577912.75], [-1793969.75, 3575911.0], [-1791635.5, 3574811.5], [-1790950.25, 3574122.0], [-1790390.625, 3573223.75], [-1789605.25, 3569171.25], [-1789922.9986000005, 3568022.999500001], [-1790450.3750999998, 3567332.0002999995], [-1792090.5, 3566715.5], [-1792354.375, 3566401.25], [-1791909.875, 3564502.25], [-1791705.25, 3564201.75], [-1790803.125, 3563840.25], [-1787219.5, 3563246.75], [-1782107.125, 3563542.75], [-1780624.0, 3563997.25], [-1775626.875, 3566281.0], [-1775162.75, 3566244.0], [-1774623.0, 3565951.5], [-1770942.125, 3563497.0], [-1768554.875, 3561234.25], [-1764999.375, 3555884.75], [-1762251.7490999997, 3553984.4999], [-1760874.875, 3553311.0], [-1755402.75, 3552154.0], [-1754348.5, 3551730.0], [-1753205.625, 3550870.0], [-1752269.375, 3549609.25], [-1749260.1251999997, 3542472.0003999993], [-1750369.875, 3541602.25], [-1751545.5, 3539848.5], [-1751866.0, 3539245.0], [-1752086.0, 3537771.5], [-1751618.375, 3536711.25], [-1748762.6260000002, 3534208.2508000005], [-1751336.625, 3530602.25], [-1751232.375, 3530011.25], [-1750772.75, 3529797.0], [-1747316.125, 3531023.75], [-1746910.0, 3531297.25], [-1745604.9989999998, 3533126.7501], [-1745310.0, 3533917.25], [-1745499.625, 3535076.0], [-1746509.875, 3535488.25], [-1746464.125, 3535792.25], [-1746125.875, 3536104.5], [-1745376.9991999995, 3536316.5012999997], [-1743409.375, 3534919.0], [-1742805.5, 3534122.75], [-1739972.0, 3528427.5], [-1737932.625, 3521732.75], [-1738117.2489, 3520163.5001], [-1738391.0, 3519333.75], [-1739330.625, 3517959.0], [-1739829.625, 3517691.25], [-1740532.75, 3517606.5], [-1741759.75, 3518645.75], [-1742284.875, 3518828.25], [-1743220.5, 3518864.5], [-1745225.75, 3518397.0], [-1749149.0, 3516846.25], [-1752188.6210999992, 3515416.2518000007], [-1755313.75, 3515128.75], [-1755871.25, 3515630.75], [-1756420.8752999995, 3515682.500499999], [-1757026.75, 3515276.25], [-1760286.25, 3511188.75], [-1761449.375, 3508558.0], [-1760924.625, 3506159.0], [-1757296.75, 3500285.5], [-1755816.5, 3499604.5], [-1755246.5, 3498876.5], [-1754545.5, 3497049.0], [-1756846.4250000007, 3497496.3000000007], [-1757133.5999999996, 3497752.1999999993], [-1766117.25, 3508326.25], [-1767406.9998000003, 3508505.2491999995], [-1769391.9945, 3507826.0030000005], [-1769606.375, 3507366.25], [-1769772.375, 3505625.5], [-1769443.375, 3504780.0], [-1764130.125, 3500056.0], [-1754378.25, 3493605.5], [-1749344.7506000008, 3485554.0011], [-1756392.875, 3482999.75], [-1760752.2499000002, 3484718.4992999993], [-1762675.625, 3484324.0], [-1763572.625, 3483103.5], [-1763088.375, 3480355.0], [-1758550.125, 3476071.5], [-1756700.0, 3474531.5], [-1751989.0, 3468951.5], [-1750386.875, 3464862.0], [-1750796.1246000007, 3460591.2499], [-1751096.125, 3459612.25], [-1751110.25, 3459167.0], [-1750465.875, 3457948.75], [-1749994.0, 3457656.5], [-1749469.5, 3457722.0], [-1749070.5, 3458323.5], [-1749190.25, 3459781.75], [-1747290.75, 3462189.0], [-1746838.4999000002, 3462562.7499], [-1744723.6250999998, 3463335.2502999995], [-1742826.125, 3462850.0], [-1743358.5, 3461990.0], [-1743331.5, 3461680.5], [-1743067.625, 3461366.25], [-1735315.5, 3458800.5], [-1730400.875, 3457871.0], [-1729937.125, 3458530.75], [-1728700.5, 3458668.75], [-1720001.625, 3450299.25], [-1719891.125, 3449839.25], [-1727409.25, 3446588.5], [-1728627.75, 3446317.25], [-1733892.5, 3446091.25], [-1735973.875, 3447405.0], [-1737804.375, 3447952.0], [-1738869.125, 3447831.25], [-1740196.875, 3446900.5], [-1741620.0008000005, 3444827.7501999997], [-1741700.375, 3444527.75], [-1741560.0, 3444142.0], [-1741204.625, 3443936.75], [-1737327.25, 3443245.25], [-1733299.875, 3443359.25], [-1729484.125, 3442848.5], [-1721715.625, 3440852.0], [-1718833.5, 3439452.25], [-1716293.375, 3437035.75], [-1713110.6111999992, 3436962.5009000003], [-1704229.5, 3437944.5], [-1703953.625, 3437783.5], [-1703913.875, 3437353.5], [-1704000.25, 3435123.25], [-1702168.5, 3434189.25], [-1693718.0, 3428982.0], [-1693167.4990999997, 3426154.4999], [-1690295.25, 3422330.75], [-1687102.375, 3419146.75], [-1686118.2499000002, 3412601.7535999995], [-1686420.0, 3410771.25], [-1685484.875, 3405602.5], [-1683289.875, 3402901.0], [-1681026.75, 3402395.0], [-1679105.75, 3398247.75], [-1678653.875, 3393549.75], [-1678811.5, 3392507.25], [-1679744.7495000008, 3390725.749399999], [-1680859.125, 3389775.75], [-1681585.0, 3389584.25], [-1681943.6239, 3389225.7503999993], [-1681943.6237000003, 3388815.2496000007], [-1681122.0, 3387228.75], [-1680353.375, 3385906.75], [-1679223.125, 3385138.0], [-1676097.375, 3385109.5], [-1673707.5, 3385722.25], [-1671580.0, 3385541.0], [-1669417.375, 3382773.75], [-1669431.2646999992, 3379546.7990000006], [-1669437.25, 3377472.25], [-1666127.75, 3369537.5], [-1667628.75, 3368162.0], [-1669223.875, 3365506.25], [-1669628.625, 3363699.25], [-1668975.75, 3360616.75], [-1665241.375, 3357502.75], [-1662293.625, 3352778.75], [-1660846.375, 3351812.0], [-1660442.1249000002, 3351883.4996000007], [-1659585.875, 3352417.0], [-1658297.375, 3350926.75], [-1657871.625, 3349907.25], [-1658011.25, 3344573.0], [-1655864.125, 3342153.25], [-1653227.875, 3340019.0], [-1650802.75, 3340200.0], [-1647984.625, 3339800.0], [-1645276.375, 3337952.25], [-1644320.375, 3336536.75], [-1643478.25, 3335746.5], [-1642220.5, 3334905.0], [-1636765.8739, 3331907.7511], [-1632232.0, 3327254.0], [-1629028.125, 3321821.25], [-1628372.0, 3319134.25], [-1626076.0, 3316375.25], [-1624729.4992999993, 3315748.999500001], [-1622023.75, 3314874.0], [-1620559.5, 3310300.5], [-1620217.6240999997, 3306334.999], [-1619745.75, 3303340.0], [-1618051.0, 3294978.75], [-1616041.125, 3286698.0], [-1609808.125, 3279567.5], [-1600979.875, 3271505.2512999997], [-1600028.625, 3270853.25], [-1598948.875, 3270470.5], [-1597920.0, 3270404.25], [-1592290.25, 3271448.5], [-1587690.25, 3270645.0], [-1585790.625, 3268976.25], [-1581114.25, 3266700.75], [-1576403.75, 3266325.25], [-1575380.25, 3266505.75], [-1570934.75, 3263154.75], [-1563325.75, 3260844.25], [-1563326.5, 3260267.5], [-1563006.125, 3259089.75], [-1561975.0, 3258399.25], [-1552956.375, 3253873.75], [-1547207.375, 3252183.0], [-1546367.25, 3249755.0], [-1539683.875, 3240855.5], [-1537934.125, 3236801.0], [-1535972.125, 3228300.5], [-1535817.0, 3226813.5], [-1536086.125, 3226639.0], [-1536812.25, 3222567.0], [-1536196.875, 3207741.5], [-1535393.25, 3207021.25], [-1533418.75, 3205760.0], [-1532510.875, 3205461.25], [-1531717.375, 3204306.5], [-1531536.125, 3203591.5], [-1531475.625, 3201353.75], [-1532736.375, 3199295.25], [-1532769.75, 3198865.25], [-1532520.75, 3198189.0], [-1531255.875, 3196433.0], [-1528009.3736000005, 3196385.2509000003], [-1525774.875, 3192472.25], [-1523869.25, 3186382.0], [-1522765.375, 3181385.0], [-1523332.5, 3175130.25], [-1523922.7501999997, 3173467.7503999993], [-1524289.625, 3173245.5], [-1524420.875, 3172964.0], [-1524562.875, 3169991.0], [-1524114.625, 3169263.75], [-1521711.0, 3167310.25], [-1521258.375, 3167104.0], [-1517187.1251999997, 3169215.2503999993], [-1516674.1246000007, 3169802.4997000005], [-1516629.875, 3170307.75], [-1517585.75, 3171856.0], [-1518142.25, 3172326.5], [-1518975.875, 3172527.75], [-1518549.7498000003, 3172999.9998000003], [-1518069.625, 3172991.25], [-1517385.125, 3172537.75], [-1515421.25, 3170582.25], [-1513942.625, 3168551.0], [-1512035.125, 3163417.25], [-1512039.6960000005, 3163411.2883], [-1511924.8721999992, 3162758.2543], [-1511012.7422000002, 3161215.5041000005], [-1504996.2424999997, 3153443.2621999998], [-1499883.8609999996, 3148317.2492999993], [-1496460.3586999997, 3145133.0024999995], [-1491899.3643999994, 3142403.51], [-1488515.2491999995, 3141641.7523], [-1486251.3736000005, 3140874.0143999998], [-1481648.8621999994, 3138807.762700001], [-1480248.7347, 3138112.7534], [-1478472.2339999992, 3136708.5134999994], [-1477076.7432000004, 3134889.7584000006], [-1475934.7456, 3132645.2487000003], [-1473008.3665999994, 3125733.7566], [-1472309.1139000002, 3123021.5001], [-1471023.6087999996, 3122720.0018000007], [-1469817.238500001, 3122144.0057999995], [-1468249.3717, 3120533.262], [-1462996.1206, 3111592.7589999996], [-1462079.3702000007, 3109069.7541000005], [-1461908.9930000007, 3107746.7623999994], [-1462749.2465000004, 3102711.762599999], [-1462743.4956999999, 3099109.5108000003], [-1462335.6160000004, 3096678.2563000005], [-1461461.6115000006, 3093462.7489], [-1460749.1205000002, 3092053.0040000007], [-1459808.3675999995, 3089225.5023999996], [-1459761.8697999995, 3088321.4988], [-1459760.9850999992, 3081674.2642], [-1461503.7347999997, 3077258.7599], [-1458476.3648000006, 3072760.2541000005], [-1457769.7392999995, 3072349.261499999], [-1454769.6159000006, 3073972.260500001], [-1454103.7051, 3074570.3978000004], [-1452304.9870999996, 3076185.7553000003], [-1452183.6144999992, 3076670.7545], [-1452474.4959999993, 3077086.0069999993], [-1453047.4935999997, 3077173.005999999], [-1454330.7377000004, 3076750.7575000003], [-1454181.25, 3077100.998299999], [-1452807.7466000002, 3077783.7523999996], [-1452157.1215000004, 3077682.2534999996], [-1451397.2479999997, 3077179.7562000006], [-1451139.9864000008, 3076666.0031000003], [-1452082.1155999992, 3071610.998400001], [-1453034.6158000007, 3069513.5023999996], [-1453657.7485000007, 3066890.751700001], [-1453423.7358, 3061753.4992999993], [-1451819.6110999994, 3056098.2503999993], [-1447836.4968999997, 3046312.0053000003], [-1444144.9850999992, 3037851.2585000005], [-1438353.4868, 3028753.5018000007], [-1438572.9997000005, 3028163.5140000004], [-1438071.125, 3026723.999399999], [-1435261.7441000007, 3020023.2545999996], [-1434323.8748000003, 3019285.0079999994], [-1431863.1127000004, 3017840.512599999], [-1431452.6116000004, 3017840.512599999], [-1430668.7355000004, 3018360.5079999994], [-1429895.3615000006, 3018344.2551000006], [-1428687.2380999997, 3017698.5124999993], [-1427905.3608999997, 3016570.998400001], [-1427344.2052999996, 3013613.7271], [-1426179.7488000002, 3007481.2534999996], [-1424735.1224000007, 3004948.7621999998], [-1424102.8638000004, 3004387.7577], [-1420163.9864000008, 3002623.7578999996], [-1419704.3769000005, 3002838.0064000003], [-1419265.3730999995, 3003735.5106000006], [-1418890.8676999994, 3003903.25], [-1413701.8746000007, 3003853.508199999], [-1413155.2389000002, 3003647.7578999996], [-1411193.4842000008, 3001901.010500001], [-1411104.8631999996, 3001588.5021], [-1410951.984099999, 3001068.9981999993], [-1409591.1127000004, 2999365.5045999996], [-1405214.1107, 2995502.5014999993], [-1402210.8890000004, 2994190.5099], [-1401967.866800001, 2994337.255000001], [-1401623.6226000004, 2994197.499500001], [-1399075.1241999995, 2990742.7529000007], [-1394535.6093000006, 2982268.5056999996], [-1393877.6115000006, 2980786.5073000006], [-1393726.6164999995, 2980155.756100001], [-1394063.3732999992, 2979410.2512999997], [-1394303.2349999994, 2978190.7575000003], [-1394227.9997000005, 2976206.7534], [-1391814.489, 2973030.2562000006], [-1388744.9957999997, 2967060.2543], [-1388805.4855000004, 2966022.753900001], [-1388304.610200001, 2960300.0029000007], [-1386401.4940000009, 2958054.7558999993], [-1386046.125, 2957849.5134999994], [-1385556.2434, 2957980.749399999], [-1381373.6212000009, 2953842.2492999993], [-1381718.8648000006, 2956906.4996000007], [-1382977.2379, 2963578.998299999], [-1383815.3615000006, 2971307.2491999995], [-1383890.4985000007, 2974096.248400001], [-1383561.9992999993, 2980397.7642], [-1382222.4103999995, 2982384.1942999996], [-1381394.7402, 2983611.2564000003], [-1380808.6188999992, 2983422.7585000005], [-1376260.1092000008, 2983370.0020000003], [-1375095.8407000005, 2984166.715500001], [-1374779.3725000005, 2984383.2541000005], [-1371700.1143999994, 2989708.2507000007], [-1370436.8739999998, 2990451.3954000007], [-1368825.7381999996, 2991399.0140000004], [-1367748.4902, 2992978.759299999], [-1367600.8703000005, 2994807.2628000006], [-1368171.6232999992, 2995514.0030000005], [-1368820.4953000005, 2995822.513800001], [-1375998.9974000007, 2989730.0087], [-1376746.6081000008, 2988258.5602], [-1378806.1173, 2984203.5052000005], [-1379792.3685999997, 2984586.2519000005], [-1382001.1119999997, 2985905.7536999993], [-1383140.7338999994, 2986831.761], [-1383481.9962000009, 2987901.5051000006], [-1383624.5862000007, 2989163.5319], [-1383938.1104000006, 2990484.508300001], [-1383786.6403, 2992242.495100001], [-1383786.6403, 2993927.8352000006], [-1384078.3246999998, 2995159.420499999], [-1384442.1150000002, 2996533.513800001], [-1384033.7437999994, 2997455.9986000005], [-1381672.3670000006, 2996737.7567999996], [-1377805.2350999992, 2994426.7608000003], [-1375240.4837999996, 2995066.2611], [-1374920.4879, 2995291.508300001], [-1374780.1097, 2995677.2532], [-1380094.3748000003, 3007563.2554], [-1381013.2387000006, 3008382.5045999996], [-1382001.3740999997, 3008709.5128000006], [-1382418.2486000005, 3009068.748400001], [-1382498.3663999997, 3009392.512599999], [-1377959.2446999997, 3020919.2628000006], [-1377306.8665999994, 3021616.7624999993], [-1375189.7424999997, 3023006.2567999996], [-1374441.2807999998, 3023392.1094000004], [-1372334.4865000006, 3024477.9987000003], [-1371830.2360999994, 3024437.0058999993], [-1371420.4886000007, 3024080.2607000005], [-1371023.8648000006, 3013252.2553000003], [-1370422.1131999996, 3012007.7595000006], [-1369953.1227000002, 3011587.0033], [-1369643.6110999994, 3011614.2486000005], [-1369329.2348999996, 3011877.9981999993], [-1368883.7375000007, 3014462.5087], [-1368818.6110999994, 3016591.7568999995], [-1369272.7427999992, 3018204.253799999], [-1369615.6108, 3021938.511499999], [-1368721.2410000004, 3025095.7574000005], [-1367489.6229999997, 3027021.5], [-1366558.3728, 3027877.0069999993], [-1365687.6122999992, 3028346.7525999993], [-1364311.8641999997, 3028476.005999999], [-1363189.6094000004, 3028214.2552000005], [-1362940.490700001, 3027872.5013999995], [-1363026.8671000004, 3025982.5087], [-1362514.3592000008, 3023259.75], [-1360953.6194000002, 3019029.7617000006], [-1360538.2391, 3018738.7513999995], [-1360133.9934, 3018810.2488], [-1359889.2491999995, 3019078.258300001], [-1359608.6624999996, 3019969.7281], [-1359022.6174999997, 3021831.2618000004], [-1357273.609099999, 3025550.2496000007], [-1356593.8696999997, 3026066.7552000005], [-1355453.8709999993, 3026408.2632999998], [-1354161.9925999995, 3026369.007200001], [-1353443.3739999998, 3025802.5140000004], [-1351582.8725000005, 3023846.755999999], [-1350937.6214000005, 3022858.2600999996], [-1350031.8647000007, 3020851.007099999], [-1349989.8725000005, 3019374.0058999993], [-1349475.4968999997, 3017902.7554], [-1348006.867900001, 3014484.0045], [-1347172.4963000007, 3013091.2498000003], [-1346712.8595000003, 3012877.012599999], [-1346253.2391999997, 3013091.2498000003], [-1346159.0219, 3013302.5079999994], [-1343464.1089999992, 3019342.499399999], [-1342363.9889000002, 3022512.000600001], [-1341801.6245000008, 3027551.7518000007], [-1341427.3648000006, 3028151.5045], [-1340626.236300001, 3029031.5055], [-1339786.4908000007, 3029399.5066], [-1335560.0881999992, 3030242.329399999], [-1332447.3598999996, 3030862.499500001], [-1328134.4848999996, 3029293.2563000005], [-1320942.1326000001, 3025912.5045999996], [-1316733.6129, 3023179.2554], [-1315130.4221, 3020254.809699999], [-1314873.8487, 3018649.2105], [-1314310.4848999996, 3017305.5095000006], [-1312854.9957999997, 3016254.5087], [-1311960.740700001, 3015999.753799999], [-1310134.9897000007, 3015897.0098], [-1307118.4987000003, 3017915.2564000003], [-1306566.7347, 3019597.5], [-1306555.6099999994, 3020722.7531000003], [-1306975.6138000004, 3022173.507200001], [-1307449.7339999992, 3022802.2596000005], [-1308254.4997000005, 3023187.7587], [-1309279.4990999997, 3023112.9985000007], [-1309975.4913999997, 3022726.7621], [-1310414.7465000004, 3022213.762700001], [-1310581.5351, 3021804.2929], [-1311597.1141999997, 3019310.5014999993], [-1312070.1203000005, 3019940.5482], [-1312381.6621000003, 3019883.5483], [-1312536.7694000006, 3020083.8099000007], [-1312361.6243999992, 3023630.012], [-1311274.2706000004, 3025192.0373], [-1310124.241800001, 3026843.75], [-1309665.2348999996, 3027043.5207], [-1308660.4952000007, 3027480.7599], [-1308398.1217999998, 3027111.513699999], [-1308454.4991999995, 3026090.7578], [-1308149.1177999992, 3025614.2619000003], [-1306746.8604000006, 3024699.7562000006], [-1306241.6106000002, 3024744.009299999], [-1305494.8607, 3025295.249], [-1300378.0359000005, 3030447.9318000004], [-1298129.7446999997, 3032710.7621], [-1297497.2403999995, 3033585.2580999993], [-1296699.4870999996, 3036818.7552000005], [-1296707.3677999992, 3037588.2624999993], [-1297142.8708999995, 3038309.0111], [-1297187.1240999997, 3038906.2569999993], [-1296696.3740999997, 3040876.252800001], [-1296214.9957999997, 3042033.503900001], [-1295869.6210999992, 3042354.2534999996], [-1295297.1150000002, 3041809.0102999993], [-1291754.9924999997, 3037080.2601999994], [-1289477.6164999995, 3032464.002699999], [-1288806.1182000004, 3030383.7589999996], [-1289919.4930000007, 3028239.7487000003], [-1292315.3743999992, 3026951.9990999997], [-1294589.7358, 3025071.754899999], [-1294730.1139000002, 3024686.01], [-1294648.7346, 3018300.5098], [-1294189.1141999997, 3017914.7485000007], [-1292509.3609999996, 3017864.2530000005], [-1289401.8732999992, 3015592.5131], [-1289716.9867000002, 3012418.5064000003], [-1289407.2471999992, 3011888.0088], [-1287319.9911000002, 3010809.2534999996], [-1286625.3586999997, 3010871.250499999], [-1286163.6248000003, 3011345.5018000007], [-1286148.4859999996, 3012339.0111999996], [-1285904.1185999997, 3012916.5143999998], [-1280377.4003999997, 3016284.3714000005], [-1280272.1185999997, 3016348.5036999993], [-1279696.7453000005, 3016435.7485000007], [-1279502.1197999995, 3016284.9992999993], [-1281001.6162, 3012792.258199999], [-1284216.1242999993, 3008264.752699999], [-1285106.0721000005, 3007524.0216000006], [-1286590.2478, 3006288.498299999], [-1290159.6169000007, 3003755.2534], [-1290634.2578999996, 3003485.3389999997], [-1292145.6197999995, 3002625.7567999996], [-1296942.7402999997, 3001479.2535999995], [-1297954.2392999995, 3001377.2632], [-1299136.1155999992, 3000905.0108000003], [-1303593.4092999995, 2997663.2896], [-1308257.9894999992, 2994268.7534999996], [-1309784.8636000007, 2994533.748299999], [-1310792.9875000007, 2994327.2608000003], [-1311166.3065000009, 2994133.9268999994], [-1312015.2338999994, 2993694.2485000007], [-1312155.6119999997, 2993308.5035999995], [-1312075.2456, 2993008.5100999996], [-1311332.4962000009, 2992364.9981999993], [-1307962.1108, 2990839.5003999993], [-1304498.2382999994, 2990232.0143999998], [-1302774.9856000002, 2990087.2618000004], [-1300481.4877000004, 2990678.0033], [-1299302.364, 2991444.0044], [-1295267.9842000008, 2993442.5084000006], [-1288331.7358999997, 2995174.7558999993], [-1286373.2416999992, 2995448.2540000007], [-1281791.1119999997, 2995044.011600001], [-1281181.9020000007, 2994849.7084999997], [-1279935.8697999995, 2994452.2543], [-1276713.4974000007, 2992764.7514999993], [-1275286.9916999992, 2991485.0135999992], [-1275178.1199999992, 2990953.5002999995], [-1274407.9901, 2989966.7575000003], [-1270386.3735000007, 2988644.011600001], [-1265547.6212000009, 2989152.0139000006], [-1262833.7426999994, 2989958.2542000003], [-1258343.4945, 2991898.2508000005], [-1256655.1885000002, 2994115.215399999], [-1255414.8708999995, 2995743.5100999996], [-1254280.2375000007, 2997685.4844000004], [-1248611.9882999994, 3007379.7545999996], [-1246621.8729999997, 3008213.0121], [-1245084.5968999993, 3008567.115], [-1244706.2392999995, 3008654.2496000007], [-1243337.2413999997, 3008302.2556999996], [-1241914.241800001, 3007693.508199999], [-1241356.8746000007, 3007255.760500001], [-1241018.7415999994, 3006566.7641000003], [-1241110.3608999997, 3005815.7543], [-1241424.9991999995, 3005234.2534], [-1241124.991800001, 3004714.749500001], [-1240049.7425999995, 3004394.0], [-1238327.9971999992, 3004282.998400001], [-1237589.0568000004, 3004373.8747000005], [-1236225.4877000004, 3004541.5051000006], [-1234616.2594000008, 3005562.7985999994], [-1229728.8712000009, 3008663.2608000003], [-1229067.1215000004, 3009401.5074000005], [-1229021.7378000002, 3010235.5022], [-1228382.4996000007, 3010659.5036999993], [-1226883.3636000007, 3010654.2608000003], [-1219928.863500001, 3009273.2534999996], [-1217876.1121999994, 3008691.5067999996], [-1217853.6169000007, 3008356.2574000005], [-1218043.6221999992, 3008306.4991999995], [-1220170.117900001, 3008373.5097000003], [-1221248.9879, 3007971.0040000007], [-1221573.735200001, 3007693.508199999], [-1221697.614600001, 3007224.762], [-1220941.6240999997, 3002585.7633999996], [-1217196.6184999999, 2998438.5143], [-1216129.7415999994, 2998832.2545999996], [-1212708.3692000005, 3001977.999], [-1211572.7321000006, 3002057.9136999995], [-1202987.9877000004, 3002660.261499999], [-1196114.2444000002, 3004814.5117000006], [-1193329.4887000006, 3006468.509299999], [-1189198.8693000004, 3008009.5064000003], [-1188470.3710999992, 3008089.7552000005], [-1185263.2358, 3007882.2519000005], [-1183443.2356000002, 3007536.2545999996], [-1181307.1224000007, 3007527.2598], [-1180948.4931000005, 3007885.7580999993], [-1179965.1089999992, 3010556.5139000006], [-1179938.4849999994, 3012058.0091999993], [-1179528.3607, 3012502.9986000005], [-1178507.8669000007, 3013062.7579999994], [-1175326.7986999992, 3013523.4749], [-1174234.985200001, 3013681.4998000003], [-1172426.9944000002, 3006779.756100001], [-1172463.8748000003, 3006175.2521], [-1172972.2376000006, 3004537.2617000006], [-1173040.6243999992, 3003038.2567], [-1170132.2349999994, 3000568.762], [-1169926.9958999995, 3000605.002800001], [-1169310.9869999997, 3001029.2507000007], [-1166291.1208999995, 3005469.2490999997], [-1163946.4715, 3008557.0679], [-1162302.9931000005, 3010720.7634999994], [-1160729.7772000004, 3012332.9231000002], [-1156377.359099999, 3016791.2485000007], [-1154585.990700001, 3017961.0754000004], [-1153014.2481999993, 3018987.261600001], [-1152621.9988000002, 3018935.5045], [-1152512.4881999996, 3018781.2490999997], [-1152810.4967, 3018459.7622999996], [-1154203.8614000008, 3017709.2389], [-1155052.6143999994, 3017251.9992999993], [-1155214.2424999997, 3016547.5036999993], [-1154754.6221999992, 3016161.7588], [-1149682.234099999, 3016658.5053000003], [-1146380.9891999997, 3018070.0033], [-1136867.1116000004, 3016020.0045], [-1132487.7339999992, 3011974.0084000006], [-1132349.4858, 3006853.500499999], [-1131973.7350999992, 3006228.7621999998], [-1122666.984099999, 3001973.5097000003], [-1117997.740700001, 3001363.254899999], [-1116738.3682000004, 3001493.2619000003], [-1112578.6701999996, 3005440.7095999997], [-1111349.4903999995, 3006606.7575000003], [-1110135.6162, 3007822.2536999993], [-1107815.8712000009, 3010737.7536999993], [-1107345.7487000003, 3011394.7521], [-1107270.4969999995, 3011833.0077], [-1105524.3553, 3013320.6049000006], [-1105299.3706999999, 3013512.2530000005], [-1104116.4949999992, 3014252.252800001], [-1103339.9916999992, 3014524.7514999993], [-1101014.3649000004, 3014774.0012999997], [-1100655.6207999997, 3014558.011], [-1101157.1185999997, 3007201.2509000003], [-1101449.3600999992, 3005591.5065], [-1099759.4978999998, 2999629.7621], [-1099057.4926999994, 2998439.7595000006], [-1098635.7357, 2997162.0041000005], [-1098584.7487000003, 2995170.0045999996], [-1099782.7775999997, 2993931.6988999993], [-1103579.9846, 2990005.5056], [-1105551.8501999993, 2988844.7433], [-1107144.4876000006, 2987907.0100999996], [-1109224.7477000002, 2987033.2513999995], [-1115457.4998000003, 2986368.2576], [-1124440.4866000004, 2984934.0023], [-1125006.2825000007, 2984809.187000001], [-1135353.1152999997, 2982524.0142], [-1136610.1121999994, 2983046.0084000006], [-1140820.9967999998, 2983188.7621999998], [-1146904.7365000006, 2982112.759400001], [-1150380.9387999997, 2980724.9398], [-1155195.2370999996, 2978801.7496000007], [-1160441.2464000005, 2974757.9981999993], [-1161910.0361000001, 2974111.25], [-1163662.8651, 2973339.2584000006], [-1165495.4975000005, 2973305.5074000005], [-1166026.2408000007, 2973934.2598], [-1167638.1151, 2974068.2480999995], [-1168319.3888000008, 2974005.3296000008], [-1169735.2343000006, 2973874.5073000006], [-1171516.4864000008, 2973062.0084000006], [-1178937.8650000002, 2966932.0002999995], [-1182690.8659000006, 2964130.5001999997], [-1182919.6193000004, 2964102.7621], [-1183798.8666999992, 2969389.010500001], [-1183805.7479999997, 2970733.7600999996], [-1183573.734099999, 2971782.4999], [-1182961.4967999998, 2972644.5112999994], [-1182600.1149000004, 2973443.0019000005], [-1182600.1149000004, 2973853.5031000003], [-1182778.3728999998, 2974108.0121], [-1183163.9867000002, 2974248.2590999994], [-1185338.3728999998, 2974087.4992999993], [-1185213.1172000002, 2972544.0119000003], [-1188298.6175999995, 2965235.748400001], [-1188751.9956999999, 2962912.0056999996], [-1190047.740700001, 2958220.4801000003], [-1191415.7719, 2955990.306399999], [-1192326.1161000002, 2954834.3988000005], [-1192959.2594000008, 2954556.903000001], [-1194153.3417000007, 2953160.8551000003], [-1194107.8105999995, 2952591.0032], [-1193834.7383999992, 2952674.4141000006], [-1192079.3730999995, 2954292.0065], [-1190832.2941999994, 2955643.793299999], [-1189690.1599000003, 2956881.612299999], [-1188722.7337999996, 2958472.9574999996], [-1188418.8433999997, 2959996.0633000005], [-1187651.4988000002, 2961017.261600001], [-1187137.8144000005, 2962049.9662999995], [-1185943.8599999994, 2964449.7588], [-1185604.9897000007, 2964404.7519000005], [-1185329.3617000002, 2963431.5096000005], [-1185231.2379, 2962212.507200001], [-1185518.8589999992, 2960899.7556], [-1190765.0649999995, 2951728.4510999992], [-1190702.5109, 2951373.8521999996], [-1191817.4912, 2949023.010399999], [-1191531.2463000007, 2948930.7521], [-1190705.8695999999, 2947852.5045999996], [-1191087.8625000007, 2946321.501700001], [-1191942.9925999995, 2944841.5023], [-1192955.4089000002, 2943482.0135999992], [-1193981.9978, 2942103.2607000005], [-1201404.6216000002, 2935170.7643], [-1204115.4378999993, 2931825.9778000005], [-1205247.4888000004, 2930428.7596000005], [-1206672.7095999997, 2928316.1227], [-1208448.8731999993, 2925682.5113999993], [-1208504.8738000002, 2925333.499399999], [-1207582.1105000004, 2924354.260500001], [-1206211.2447999995, 2923782.0001999997], [-1203651.2447999995, 2926487.5065], [-1203327.3169, 2927078.0679], [-1202901.1197999995, 2927855.0133999996], [-1202902.4959999993, 2929382.0022], [-1202043.1225000005, 2931265.998400001], [-1200708.3841999993, 2933473.6269000005], [-1198980.8708999995, 2936330.0142], [-1192034.8740999997, 2943000.7599], [-1189578.6327, 2944591.1844999995], [-1189196.9850999992, 2944838.258199999], [-1187859.8659000006, 2945406.574100001], [-1183623.361300001, 2947206.4999], [-1182196.364, 2946980.7611], [-1182118.2451000009, 2946628.259400001], [-1181803.8688999992, 2946364.5097000003], [-1180772.6108, 2946427.260500001], [-1177430.6188999992, 2948322.758199999], [-1177181.238, 2948806.0043], [-1177238.2379, 2949553.7536999993], [-1177961.5096000005, 2949808.5085000005], [-1180614.9967, 2949501.5051000006], [-1182248.8748000003, 2949548.0029000007], [-1182446.4986000005, 2949671.7512], [-1182462.1125000007, 2950291.2630000003], [-1182006.3587999996, 2950976.7532], [-1180787.7444000002, 2951711.2623999994], [-1179163.6201000009, 2952690.0117000006], [-1177107.3626000006, 2952515.9645000007], [-1174711.4975000005, 2953397.7513999995], [-1167923.9995000008, 2956872.257099999], [-1166168.455600001, 2958024.4486], [-1164475.9867000002, 2959135.0022], [-1164281.2580999993, 2959429.7326999996], [-1164171.4900000002, 2960141.7498000003], [-1162466.8659000006, 2962496.7532], [-1156311.2496000007, 2967666.2492999993], [-1154300.8673, 2968846.2577], [-1153238.1191000007, 2969015.2587], [-1152217.7400000002, 2968758.0134999994], [-1151095.8619999997, 2968185.261600001], [-1144939.8688999992, 2967070.7564000003], [-1143500.3706999999, 2967006.2525999993], [-1141237.8713000007, 2967747.7597000003], [-1137757.238, 2968445.0135999992], [-1123949.6219999995, 2969059.7576], [-1120799.863500001, 2969913.511499999], [-1110962.991800001, 2968702.7502999995], [-1109832.4957999997, 2968445.5051000006], [-1108859.990700001, 2968017.2600999996], [-1103496.196799999, 2966978.3507000003], [-1102487.8106999993, 2966936.8007999994], [-1098887.6232999992, 2967532.9981999993], [-1093503.3658000007, 2973320.2530000005], [-1092617.3375000004, 2973861.0142], [-1091887.739600001, 2974306.2585000005], [-1090131.1126000006, 2974394.502699999], [-1089378.9887000006, 2974147.7597000003], [-1089037.988500001, 2973756.0019000005], [-1088751.8747000005, 2972351.762], [-1088820.6219999995, 2971931.758199999], [-1092413.616800001, 2968136.257099999], [-1093244.7937000003, 2967573.3818999995], [-1096506.4875000007, 2965364.0023999996], [-1099410.4858999997, 2964231.7533], [-1102909.1088999994, 2965251.5590000004], [-1103403.5943999998, 2965118.7994], [-1104399.4466999993, 2964379.602499999], [-1105788.9901, 2964116.7540000007], [-1106155.6149000004, 2961505.2590999994], [-1108986.8684, 2955108.7489], [-1109528.490700001, 2954590.2608000003], [-1110203.7409000006, 2954444.2630000003], [-1110516.4949999992, 2954081.750600001], [-1111208.7354000006, 2952592.7563000005], [-1111481.6108999997, 2950808.0143999998], [-1110751.2449999992, 2949544.7588], [-1106420.1182000004, 2944928.2555], [-1105564.8734000009, 2944545.7546999995], [-1103776.3631999996, 2945337.511499999], [-1103485.4979999997, 2945752.7640000004], [-1104305.1239999998, 2947666.5134999994], [-1104657.117900001, 2949550.7554], [-1104613.8641, 2950373.2486000005], [-1104171.4960999992, 2951460.2613999993], [-1103611.1141999997, 2951908.7569999993], [-1103146.8735000007, 2952004.5051000006], [-1097857.8726000004, 2951568.0025999993], [-1096898.867900001, 2951702.0074000005], [-1093872.738, 2953305.535], [-1088746.4844000004, 2956020.5021], [-1084644.3731999993, 2959699.2508000005], [-1082629.6162999999, 2960823.0129000004], [-1072257.2499000002, 2964132.0075000003], [-1070921.3641, 2963471.5029000007], [-1070238.6100999992, 2963363.7617000006], [-1069852.9962000009, 2963504.0088], [-1066652.6111999992, 2970530.0086000003], [-1066033.3616000004, 2976652.5128000006], [-1065775.2479999997, 2977707.757099999], [-1065255.7343000006, 2978581.0917000007], [-1064520.7414999995, 2979816.5089999996], [-1064278.6580999997, 2980019.0102999993], [-1062510.3592000008, 2981497.9989], [-1061391.1256000008, 2982024.9526000004], [-1060948.1119999997, 2982233.5095000006], [-1058909.8237999994, 2982600.6448], [-1058198.3688999992, 2982728.7486000005], [-1056857.8628000002, 2981575.0036999993], [-1055949.8615000006, 2980200.7630000003], [-1054772.1141, 2976593.7598], [-1052882.6129, 2972324.2533], [-1051925.7380999997, 2971146.26], [-1050477.9987000003, 2969747.7545999996], [-1048171.3608999997, 2969428.7580999993], [-1047435.1786000002, 2971440.7623999994], [-1047999.6238000002, 2973354.7577], [-1049226.4904999994, 2975072.5054], [-1051140.4858, 2976863.7518000007], [-1051582.1164999995, 2978483.261], [-1051802.9891999997, 2979636.5143999998], [-1051680.3713000007, 2981084.253799999], [-1051042.3619999997, 2982114.758199999], [-1050277.3603000008, 2982380.7524999995], [-1044349.8748000003, 2981843.750499999], [-1039846.9945999999, 2980938.7639000006], [-1039461.2988000009, 2980479.258199999], [-1037865.1859000009, 2979928.7557999995], [-1028884.8041999992, 2979957.5097000003], [-1028499.1248000003, 2980097.7567999996], [-1028293.8661000002, 2980453.2567999996], [-1028466.3731999993, 2980987.5063000005], [-1029882.3113000002, 2982365.2532], [-1039748.625, 2989882.7567], [-1043330.8718999997, 2992105.000499999], [-1043747.3695999999, 2993781.2640000004], [-1043704.1158000007, 2996372.7540000007], [-1043641.3651, 2997266.7633999996], [-1042805.1749000009, 3000233.758300001], [-1042454.3607000001, 3000814.2598], [-1042191.4957999997, 3000792.5019000005], [-1040468.1775000002, 2999253.0121], [-1040259.8058000002, 2999253.0121], [-1040063.9843000006, 2999324.5118000004], [-1039904.3713000007, 2999458.2544], [-1039800.1854999997, 2999638.7569999993], [-1039763.9932000004, 2999843.9992999993], [-1039800.1854999997, 3000049.2580999993], [-1039904.3713000007, 3000229.7606000006], [-1039978.3123000003, 3000303.7508000005], [-1040158.3069000002, 3000409.001599999], [-1040330.4864000008, 3000912.498299999], [-1041289.1798, 3001738.5140000004], [-1043928.2981000002, 3003427.7535999995], [-1044332.4913999997, 3003356.253799999], [-1044632.3676999994, 3002846.0068999995], [-1044630.6147000007, 3002260.2624999993], [-1044184.4946999997, 3001385.7501], [-1044330.3615000006, 3001093.5087], [-1044691.8089000005, 3001281.007200001], [-1045020.1769999992, 3001823.76], [-1045117.8748000003, 3002915.2621], [-1044776.3666999992, 3004446.5107000005], [-1043587.1176999994, 3006747.2502999995], [-1043047.1063999999, 3007585.8022000007], [-1042575.3728999998, 3008318.2629000004], [-1040368.0198999997, 3011276.7828], [-1037053.3586999997, 3015717.5067], [-1035856.1142999995, 3016865.5008000005], [-1032373.6131999996, 3019185.999500001], [-1030881.2200000007, 3020052.8925], [-1028511.1834999993, 3021429.2640000004], [-1027873.8302999996, 3020171.613], [-1028132.2861000001, 3018714.1263999995], [-1028490.1677999999, 3017343.5440999996], [-1029607.8956000004, 3016186.0085000005], [-1030431.5734000001, 3014894.3636000007], [-1032287.6162999999, 3010620.7731], [-1032226.7747000009, 3009322.5747999996], [-1031158.0875000004, 3008134.852499999], [-1029979.8756000008, 3007159.473200001], [-1028891.3794999998, 3006153.4673999995], [-1028460.3874999993, 3004730.249399999], [-1027921.5963000003, 3003362.7639000006], [-1026845.3377, 3002303.8818999995], [-1025696.2857000008, 3001292.810900001], [-1024476.6986999996, 3000388.6580999997], [-1022981.4699000008, 3000134.035599999], [-1021495.9699000008, 2999223.5549999997], [-1020259.3211000003, 2997101.509299999], [-1019704.3118999992, 2994567.3830999993], [-1019536.6709000003, 2992885.7485000007], [-1019458.4414000008, 2991403.8848], [-1019009.2853999995, 2989991.384299999], [-1018553.8122000005, 2988576.2355000004], [-1018308.6798, 2987096.2552000005], [-1018298.2203000002, 2985610.7369], [-1018773.4169999994, 2984153.1866999995], [-1019114.6558999997, 2982701.3244000003], [-1018375.1436000001, 2978297.0066], [-1018062.8860999998, 2976849.9839999992], [-1017430.9442999996, 2974063.0983000007], [-1017310.6834999993, 2969842.0834999997], [-1017298.7334000003, 2968409.9099000003], [-1017775.0821000002, 2966930.138699999], [-1017966.1837000009, 2965440.3040999994], [-1018044.1701999996, 2963941.1885], [-1018069.0384999998, 2962444.8233000003], [-1018079.1665000003, 2960948.7661000006], [-1018200.3331000004, 2959454.0744000003], [-1018762.0172000006, 2953418.5856999997], [-1018906.3979000002, 2951956.5479000006], [-1019971.5958999991, 2950848.6483999994], [-1021342.8828999996, 2950275.8191], [-1022991.9195000008, 2950258.1984], [-1024513.4651999995, 2950484.1713999994], [-1025579.2550000008, 2951350.7797], [-1026325.7671000008, 2952765.5863000005], [-1027687.3168000001, 2953368.7930999994], [-1029297.4625000004, 2953425.8812000006], [-1030924.5475999992, 2953121.3916999996], [-1032247.8791000005, 2952373.3643999994], [-1033059.8748000003, 2950992.8036], [-1033234.9807999991, 2949525.2863999996], [-1032428.3970999997, 2948247.4674999993], [-1031823.3947999999, 2946885.4934], [-1031744.5826999992, 2945380.9103999995], [-1031913.9112999998, 2943882.458900001], [-1032301.6779999994, 2942399.6071000006], [-1032276.8243000004, 2940915.7304999996], [-1031888.3602000009, 2939450.7021999992], [-1030997.7468999997, 2938278.805299999], [-1029757.9343999997, 2937314.4422999993], [-1029375.1193000004, 2935993.6010999996], [-1029625.0431999993, 2934435.940300001], [-1031085.7446999997, 2928570.6733], [-1034220.0505999997, 2925376.9802], [-1035234.8529000003, 2924343.3047], [-1036846.6416999996, 2923909.1624999996], [-1037965.4736000001, 2922959.7446], [-1038610.5132999998, 2921519.123299999], [-1039211.4243999999, 2920099.2040999997], [-1039742.6499000005, 2918667.7854999993], [-1040197.9963000007, 2917217.494000001], [-1040610.8574000001, 2915755.5941000003], [-1041037.8934000004, 2914282.3093999997], [-1041551.5304000005, 2912847.5513000004], [-1042665.4071999993, 2911680.1999999993], [-1043642.9450000003, 2910581.7971], [-1043091.7372999992, 2909235.847100001], [-1042567.8616000004, 2907812.4541999996], [-1042904.6963999998, 2906324.2350999992], [-1043607.2424999997, 2904942.783399999], [-1044693.8082999997, 2903800.3452000003], [-1045590.5041000005, 2902552.5885000005], [-1046139.2728000004, 2901118.1345000006], [-1046615.8217999991, 2899669.9888000004], [-1047051.1951000001, 2898212.642000001], [-1047478.1113000009, 2896752.8943000007], [-1047809.1568, 2895231.338300001], [-1048368.0994000006, 2893853.4839999992], [-1049537.8552, 2892831.2644999996], [-1050930.7646999992, 2892010.1448], [-1055105.7947000004, 2889839.7973999996], [-1062005.4506, 2886022.1119], [-1063385.4187000003, 2885223.4639999997], [-1064575.103599999, 2884230.4652999993], [-1065511.1822999995, 2882982.8773], [-1066380.7323000003, 2881692.2470999993], [-1067198.423800001, 2880378.6160000004], [-1068076.5220999997, 2879102.414999999], [-1070888.5944999997, 2875369.2920999993], [-1072093.1340999994, 2874336.3704000004], [-1073487.6053, 2873492.955], [-1073598.3429000005, 2872103.274599999], [-1073339.6108999997, 2870615.1129], [-1074582.3638000004, 2869873.8518000003], [-1076281.4269999992, 2869518.0856], [-1077882.8147999998, 2869557.0725], [-1079146.2206999995, 2870303.3589999992], [-1080136.1647999994, 2871482.744999999], [-1081371.6670999993, 2872341.8134000003], [-1082814.2215, 2872920.8540000003], [-1084320.9801000003, 2873270.568600001], [-1085889.7332000006, 2873403.6565000005], [-1087484.5398999993, 2873396.1937000006], [-1089038.863, 2873128.628900001], [-1090441.5930000003, 2872296.8160999995], [-1091376.0059999991, 2871093.2551000006], [-1091117.8269999996, 2869513.3144000005], [-1091138.9561, 2868158.8578999992], [-1092546.4231000002, 2867584.0845999997], [-1094207.9368999992, 2867168.5801], [-1095722.7085999995, 2866703.4177], [-1097206.1830000002, 2866156.8549000006], [-1098697.5791999996, 2865559.3038999997], [-1100149.4748999998, 2864896.2040999997], [-1101455.8421999998, 2864067.2751], [-1102532.9970999993, 2862870.6410000008], [-1103123.7643999998, 2861486.4606], [-1102977.6882000007, 2859984.6670999993], [-1102969.2422000002, 2858478.774], [-1104116.5504, 2854026.9755000006], [-1105099.3357999995, 2852861.5777000003], [-1106454.3275000006, 2851906.4211], [-1106683.3500999995, 2850525.4225999992], [-1105920.3039999995, 2849155.4931000005], [-1104446.6958000008, 2848894.9067], [-1102837.5834999997, 2848707.1832], [-1101724.8375000004, 2847735.9098000005], [-1100714.7509000003, 2846573.9464999996], [-1099669.417199999, 2845426.3444999997], [-1098449.1479000002, 2844629.4857], [-1096885.1777, 2844564.5525], [-1095278.7700999994, 2844479.4058999997], [-1093647.5873000007, 2844121.8093999997], [-1093143.5066999998, 2842998.9778000005], [-1093365.7866999991, 2841374.8178000003], [-1093223.0702, 2839866.7239999995], [-1092744.7946000006, 2838414.7215], [-1091953.7635999992, 2837061.7694000006], [-1090490.5350000001, 2837555.2687999997], [-1089060.7685000002, 2838397.6406999994], [-1089074.1212000009, 2837391.4009000007], [-1089635.4258999992, 2835645.1455000006], [-1089998.1676000003, 2833815.971999999], [-1089639.7300000004, 2833237.6811999995], [-1088367.5160000008, 2834382.0102999993], [-1086909.3290999997, 2835413.7003000006], [-1085268.0996000003, 2836196.1983000003], [-1084386.1263999995, 2835864.6448], [-1084593.3435999993, 2834102.0063000005], [-1085569.3378999997, 2832933.365700001], [-1086880.6020999998, 2831939.0197], [-1087388.0274999999, 2830551.0538], [-1086258.3413999993, 2829533.1799], [-1083728.0671999995, 2824816.9986000005], [-1083808.8498, 2823175.047700001], [-1084554.7767999992, 2821888.327299999], [-1085720.7259999998, 2820746.9658000004], [-1087101.9164000005, 2819751.6239], [-1088134.3047000002, 2818764.931], [-1087295.7786999997, 2817452.6063], [-1082773.7226, 2816866.1521000005], [-1081218.5253999997, 2817181.4891999997], [-1079738.1687000003, 2817772.7865999993], [-1078448.6632000003, 2818737.2841], [-1077074.3118999992, 2819411.7798999995], [-1075500.8219000008, 2819487.8051999994], [-1073911.480799999, 2819442.6973], [-1072346.4470000006, 2819372.8680000007], [-1070776.5069999993, 2819231.416200001], [-1069173.2541000005, 2818932.0919000003], [-1067795.7936000004, 2819298.592], [-1062635.4635000005, 2823065.2117999997], [-1061949.8615000006, 2824263.0273], [-1062103.9888000004, 2825803.7464000005], [-1062097.9867000002, 2827504.7519000005], [-1061482.9891, 2828323.9947999995], [-1060129.1458, 2827495.693600001], [-1056598.9825, 2824693.3848], [-1055191.4946999997, 2821523.408], [-1054488.3024000004, 2820305.509299999], [-1053217.7535999995, 2819357.1887], [-1052587.8143000007, 2818047.5372], [-1051078.7854999993, 2813800.2415999994], [-1051488.3611999992, 2812392.3411999997], [-1052213.1612999998, 2810970.4264], [-1052961.9313999992, 2809496.6558], [-1052842.424900001, 2808158.4147999994], [-1051681.2070000004, 2806992.5775000006], [-1050247.7566999998, 2806808.473099999], [-1048659.3708999995, 2807422.2126], [-1047618.3805999998, 2808495.2387000006], [-1046866.6900999993, 2809906.5774000008], [-1045962.1230999995, 2811186.876599999], [-1044909.3632999994, 2812332.3368999995], [-1043603.8902000003, 2813222.1410000008], [-1042171.3362000007, 2813900.4285000004], [-1039309.6958000008, 2816656.1054], [-1038177.5237000007, 2817760.6348], [-1036795.1295999996, 2818507.3256], [-1035264.5068999995, 2818955.535599999], [-1033693.7643999998, 2819362.3628000002], [-1032101.5638999995, 2819682.7546999995], [-1030841.3640000001, 2819148.6488000005], [-1029815.1908999998, 2817935.820699999], [-1028446.3987000007, 2817267.217], [-1026947.6849000007, 2816817.2903000005], [-1025282.5438000001, 2816613.5074000005], [-1024132.6812999994, 2815959.9276], [-1024142.8560000006, 2814350.5307], [-1024831.6238000002, 2812989.6143999994], [-1025827.3578999992, 2811766.9274000004], [-1029279.5293000005, 2808512.869999999], [-1030592.5496999994, 2807738.9384000003], [-1032144.6591999996, 2807393.6678], [-1033739.6425000001, 2807128.1556], [-1035203.2437999994, 2806621.190199999], [-1036437.9120000005, 2805547.261499999], [-1036913.5192000009, 2804201.8115999997], [-1038113.1364999991, 2798258.5907000005], [-1037876.9565999992, 2796867.708799999], [-1036820.4813999999, 2795730.6271], [-1036190.2173999995, 2794378.376599999], [-1036322.5842000004, 2792860.4868], [-1036719.3121000007, 2791410.160700001], [-1035509.1580999997, 2790536.443600001], [-1034505.8929999992, 2789463.0457000006], [-1034237.9801000003, 2787926.0091999993], [-1034127.1015000008, 2782740.504899999], [-1034274.6028000005, 2781224.9339000005], [-1034629.7522999998, 2779733.144099999], [-1035689.0140000004, 2775297.2017], [-1036218.9362000003, 2773860.1624999996], [-1036904.5020000003, 2772479.1340999994], [-1037698.5294000003, 2771110.5143999998], [-1038727.7618000004, 2769977.2071], [-1040180.9098000005, 2769384.5074000005], [-1041668.7696000002, 2768797.799900001], [-1043000.9583999999, 2767918.5174000002], [-1044119.0507999994, 2766839.6143999994], [-1046809.8286000006, 2763026.0352], [-1047121.0288999993, 2761682.2185999993], [-1047407.2719, 2758632.7332000006], [-1047288.1421000008, 2757279.998400001], [-1046217.8926999997, 2756065.0359000005], [-1044872.3586999997, 2755582.400800001], [-1037038.5440999996, 2756202.2104], [-1036276.0053000003, 2756603.408500001], [-1035689.4920000006, 2758057.7880000006], [-1035078.6232999992, 2759729.0875000004], [-1034211.1327999998, 2760971.6481999997], [-1031152.9070999995, 2762243.1305], [-1029977.1162999999, 2762665.5955], [-1029103.9233999997, 2761437.678200001], [-1028585.6721999999, 2759900.3271999992], [-1028436.6815000009, 2758333.868899999], [-1028941.9394000005, 2756985.386499999], [-1030304.5530999992, 2755993.9058], [-1031002.9198000003, 2754781.9058999997], [-1030743.2701999992, 2753245.908399999], [-1030421.7820999995, 2751711.2105], [-1029917.9813999999, 2750295.6899999995], [-1028633.6148000006, 2749475.8977000006], [-1027034.8670000006, 2749214.0921], [-1025840.4590000007, 2750003.9035], [-1024715.4177999999, 2751241.512700001], [-1023242.6177999992, 2752093.4294000007], [-1021775.5183000006, 2752451.216600001], [-1018466.1197999995, 2749407.9679000005], [-1017716.0303000007, 2748302.7820999995], [-1016133.5784000009, 2742452.4472000003], [-1016381.0222999994, 2741159.8728], [-1017750.2943999991, 2740175.1105000004], [-1018532.3345999997, 2738912.0489000008], [-1018372.7206999995, 2737362.0186], [-1017480.1284999996, 2736162.0034], [-1016239.5898000002, 2735237.7411], [-1014646.1503999997, 2734974.2014000006], [-1013526.2101000007, 2735915.9508999996], [-1011062.1918000001, 2738030.0933999997], [-1010003.3081, 2739001.3998000007], [-1009939.9459000006, 2740459.2697], [-1010173.6910999995, 2742056.6514999997], [-1010276.5218000002, 2743594.635500001], [-1009710.3976000007, 2744884.8221000005], [-1008216.3477999996, 2745725.9748], [-1006682.1560999993, 2745828.287799999], [-1005171.2185999993, 2745311.9746000003], [-1004111.3039999995, 2744230.1465000007], [-1003028.5779999997, 2743190.0855], [-1001544.341, 2742814.4674999993], [-999952.0372000001, 2742671.7333000004], [-998372.7971999999, 2742671.619000001], [-996815.6725999992, 2742514.3443], [-995244.4273000006, 2742048.1449999996], [-994502.1733999997, 2740953.2178000007], [-994477.0430999994, 2739348.385399999], [-994551.0488000009, 2737835.4804], [-994778.5241, 2736333.539999999], [-995075.9140000008, 2734836.588300001], [-995582.5573999994, 2733400.4571], [-996296.5376999993, 2732023.9255], [-997183.7687999997, 2730752.5867], [-998275.0076000001, 2729611.9165000003], [-999635.0870999992, 2728826.6987999994], [-1001120.2466000002, 2728235.3757000007], [-1001913.3073999994, 2726972.075099999], [-1002259.3970999997, 2725468.649], [-1002441.3342000004, 2723960.753900001], [-1002417.6370000001, 2722453.2808], [-1002194.5233999994, 2720966.6611], [-1001728.3564999998, 2719547.5657], [-1001179.8723000009, 2718147.5683999993], [-1000672.5502000004, 2716737.7883], [-1000191.0327000003, 2715319.3625000007], [-998700.9679000005, 2710893.749500001], [-998848.6445000004, 2709675.6005000006], [-1000343.1379000004, 2709039.5069999993], [-1001874.4740999993, 2708383.695699999], [-1003311.0441999994, 2707681.759299999], [-1004673.4254000001, 2706894.4168], [-1005825.2528000008, 2705871.0424000006], [-1006720.3608999997, 2704573.5833], [-1007512.852, 2703215.9152000006], [-1008035.5120999999, 2701778.220899999], [-1007956.1697000004, 2700269.575200001], [-1007453.7592999991, 2698833.8139999993], [-1006466.6733999997, 2697661.8968], [-1005123.3735000007, 2696957.3587999996], [-1003563.8307000007, 2697069.8542], [-1001950.5366999991, 2697170.9082999993], [-1000252.2248, 2697008.2259], [-999357.7031999994, 2696129.9198000003], [-999428.8444999997, 2694477.870100001], [-1000182.0788000003, 2693159.9532999992], [-1001215.1886, 2691943.0426000003], [-1001559.5906000007, 2690388.779100001], [-1001021.9860999994, 2689120.094900001], [-999420.8577999994, 2688543.7936000004], [-998533.2863999996, 2687626.5385999996], [-998924.2063999996, 2686080.2117999997], [-999311.9722000007, 2684418.7544], [-998904.4682999998, 2683427.0898], [-997206.7285999991, 2683753.2196999993], [-995667.5798000004, 2683515.2031999994], [-994203.1809, 2682988.59], [-992763.7295999993, 2682368.6920999996], [-991603.0642000008, 2681452.1586000007], [-988597.7398000006, 2678139.828400001], [-987822.7380999997, 2676884.6821], [-987264.7133000009, 2675469.1411000006], [-985065.1472999994, 2671601.839400001], [-984091.9101999998, 2670474.3805], [-983705.3099000007, 2669035.0900999997], [-982936.4696999993, 2666092.564200001], [-982778.6682999991, 2664632.3038999997], [-983654.9829999991, 2660142.7591999993], [-983981.7477000002, 2658662.8762], [-984522.5080999993, 2657220.0404000003], [-985225.9031000007, 2655845.373299999], [-986081.1850000005, 2654530.8828999996], [-987252.9403000008, 2653478.8739], [-988798.9623000007, 2652731.7994], [-989196.3827, 2651595.7522], [-988468.1657999996, 2650111.5200999994], [-987402.0372000001, 2648950.8473000005], [-986234.2578999996, 2647929.8170999996], [-986383.4689000007, 2646639.232999999], [-987185.9350000005, 2645186.8424999993], [-986824.7224000003, 2643869.2817], [-985194.0616999995, 2643974.4475], [-983717.8288000003, 2643730.3100000005], [-982780.9716999996, 2642553.884400001], [-982011.1021999996, 2641195.1620000005], [-981324.2884, 2639856.9178], [-980739.9491000008, 2638472.8899000008], [-980248.8871999998, 2637051.1153999995], [-979871.2305999994, 2635597.1103000008], [-979589.1037000008, 2634110.5470000003], [-979506.8798999991, 2632608.7874999996], [-979641.9792, 2631063.2364000008], [-980222.5227000006, 2629692.445800001], [-981456.1410000008, 2628610.9048999995], [-981880.1684000008, 2627250.9715], [-981663.6962000001, 2625700.0469000004], [-981309.1290000007, 2624239.3621999994], [-980784.5297999997, 2622826.6391000003], [-980132.1722999997, 2621400.3718999997], [-976947.0387999993, 2618864.1345000006], [-971773.5022, 2615877.1159000006], [-970262.3037, 2615628.041200001], [-968678.8235999998, 2615504.376700001], [-967258.1864999998, 2614864.0843], [-966191.2103000004, 2613816.3839999996], [-965472.3947999999, 2612504.4595999997], [-964605.6356000006, 2610618.7086999994], [-966884.1391000003, 2608884.5650999993], [-968468.9879999999, 2608907.4740999993], [-969973.1409000009, 2608549.1976999994], [-972878.1727000009, 2607228.1105000004], [-974195.7101000007, 2606446.0801], [-975134.6030000001, 2605184.0974000003], [-975838.8881000001, 2603805.7875999995], [-976306.0406, 2602339.1448], [-976535.3373000007, 2600833.656199999], [-976545.3728999998, 2599319.524700001], [-976218.6385999992, 2597849.1753000002], [-975674.1750000007, 2596433.8716], [-975005.0109999999, 2595070.0590000004], [-973975.8136999998, 2594014.9944], [-972630.8731999993, 2593231.4321999997], [-971182.0, 2592567.4287], [-969841.3998000007, 2591864.039000001], [-969214.1624999996, 2590406.4783999994], [-969281.9506000001, 2588899.9103999995], [-970571.3770000003, 2588341.5562999994], [-972259.0370000005, 2587948.6196999997], [-975565.2288000006, 2584781.045600001], [-976277.2791000009, 2583538.1898999996], [-975833.5988999996, 2582134.787900001], [-974235.9562999997, 2581680.1691999994], [-973519.6953999996, 2580358.0624], [-973974.6088999994, 2579051.5977], [-975688.1005000006, 2578478.2051], [-976321.8489999995, 2577491.8038999997], [-975637.8829999994, 2575992.252800001], [-974670.6976999994, 2574803.4930000007], [-972491.8913000003, 2572662.4408], [-971221.6706000008, 2571749.9027999993], [-969404.5590000004, 2571203.365599999], [-969145.9130000006, 2570916.4536000006], [-970920.9915999994, 2570931.409600001], [-972661.8728, 2570983.0217000004], [-974225.1933999993, 2571050.322899999], [-975796.0535000004, 2571159.5878999997], [-977379.9171999991, 2571330.3345999997], [-978861.3549000006, 2570998.083900001], [-980084.2763, 2569960.153999999], [-980776.4547000006, 2568595.7492999993], [-981265.6622000001, 2567119.2673000004], [-981587.0500000007, 2565623.4608999994], [-982390.9667000007, 2564652.7872], [-983459.8924000002, 2565899.6853], [-984597.4021000005, 2566701.7568999995], [-985889.0284000002, 2565720.3839], [-986902.3619999997, 2564484.712099999], [-987770.0862000007, 2563185.755000001], [-988779.1456000004, 2561938.0852000006], [-989914.6999999993, 2560839.954], [-995381.5192000009, 2558869.2060000002], [-1001309.0789999999, 2556741.9591000006], [-1002773.6270000003, 2556262.3614000008], [-1007440.2149, 2556013.3278], [-1008864.6042999998, 2556287.2798999995], [-1010086.1947000008, 2557325.4637], [-1010487.2347999997, 2558734.1633], [-1010554.3346999995, 2560309.6547999997], [-1011642.6065999996, 2561211.126599999], [-1013157.4686999992, 2561825.3039999995], [-1013840.2068000007, 2563194.957800001], [-1013805.6550999992, 2564768.6525], [-1012428.9886000007, 2564979.0430999994], [-1010983.1205000002, 2565279.4400999993], [-1010486.1083000004, 2566845.3704000004], [-1010740.9605, 2568270.591600001], [-1013831.9979999997, 2571554.738500001], [-1014980.5614, 2572728.9122], [-1016243.9883999992, 2572566.9235999994], [-1017401.9111000001, 2571145.1328], [-1018386.8922000006, 2571124.3861999996], [-1021944.5535000004, 2573406.2061], [-1021091.5804999992, 2574785.7412], [-1020522.7524999995, 2576201.907299999], [-1021525.7547999993, 2577244.562999999], [-1022964.2902000006, 2578089.9419], [-1028155.5747999996, 2581203.2271], [-1029398.1700999998, 2582160.3191], [-1030810.3767000008, 2582606.275800001], [-1032418.7791000009, 2582337.9438000005], [-1033726.0285999998, 2581520.9919000007], [-1034846.5043000001, 2580373.2014000006], [-1038759.0817000009, 2575529.3212], [-1039554.4465999994, 2574174.380999999], [-1040038.0194000006, 2572722.8885999992], [-1040036.6607000008, 2571167.3707], [-1039508.0218000002, 2569794.2010999992], [-1038192.4442999996, 2568996.200099999], [-1036973.8270999994, 2568022.3653999995], [-1036028.4870999996, 2566689.615700001], [-1036429.3884999994, 2565525.0689000003], [-1037864.6380000003, 2564503.2750000004], [-1037532.6128000002, 2563253.0231999997], [-1036356.148, 2562066.6085], [-1034923.7980000004, 2561472.8314999994], [-1033534.9649, 2560848.5108000003], [-1032721.3084999993, 2559612.470899999], [-1032083.4748999998, 2558208.4824], [-1028665.8095999993, 2553322.8323999997], [-1027625.3105999995, 2552151.3517000005], [-1027130.7978000008, 2550816.2542000003], [-1027314.1414000001, 2549288.201300001], [-1027867.6786000002, 2545991.6908], [-1028683.0427999999, 2545281.6712999996], [-1030225.6406999994, 2545884.9190999996], [-1031579.5351, 2546792.0822], [-1032612.0535000004, 2547951.6777999997], [-1033927.0293000005, 2548631.6389000006], [-1035511.0603999998, 2548839.9801000003], [-1037062.9510999992, 2548694.7852999996], [-1038580.0285, 2548185.5162000004], [-1039954.8058000002, 2547425.225400001], [-1041184.6646999996, 2546438.2342000008], [-1042334.1349, 2545365.1481], [-1043609.6845999993, 2544350.7598], [-1044975.7481999993, 2543450.8685], [-1046170.0393000003, 2543979.868899999], [-1045720.6146000009, 2545471.6796000004], [-1048673.4233, 2550506.0428], [-1049797.421, 2550801.9047], [-1051332.7533999998, 2550051.082699999], [-1052983.6303000003, 2549264.7014000006], [-1054143.7622999996, 2549308.7415999994], [-1054434.389799999, 2550780.9804999996], [-1054612.6701999996, 2552451.8739], [-1054775.1371999998, 2554118.157299999], [-1055548.4247999992, 2555033.8935000002], [-1060307.5942000002, 2555578.4329000004], [-1061505.5996000003, 2554902.7159], [-1062557.1892000008, 2553595.3554], [-1063789.2037000004, 2552372.651900001], [-1065015.0682999995, 2551389.3804], [-1067781.1137000006, 2554294.0983000007], [-1068163.240700001, 2555672.3455999997], [-1068264.8234, 2558771.4685999993], [-1068278.5069999993, 2560286.7499], [-1068247.0616999995, 2561804.9527000003], [-1068240.3522999994, 2563318.979699999], [-1068391.9300999995, 2564831.6499000005], [-1068720.8213999998, 2566302.5693999995], [-1069349.8858000003, 2567705.2005000003], [-1070279.4405000005, 2568900.2236], [-1071644.0393000003, 2569490.9756000005], [-1073258.7684000004, 2569628.8868000004], [-1074805.695699999, 2569445.2247], [-1077972.6708000004, 2568759.8572000004], [-1079427.7408000007, 2568244.1337], [-1080154.7726000007, 2566955.136600001], [-1080747.8562000003, 2565476.697899999], [-1082105.9507, 2564305.6306999996], [-1083490.5866, 2563673.756100001], [-1083858.4115999993, 2564687.5890999995], [-1083961.8773999996, 2566460.9125999995], [-1084733.8235999998, 2567740.8181999996], [-1085740.4185000006, 2568893.3976000007], [-1086813.8378999997, 2570046.988500001], [-1088051.8794999998, 2570843.9354], [-1089673.7794000003, 2570875.976], [-1091031.3319000006, 2570151.7214], [-1091922.7720999997, 2568627.2391999997], [-1092881.452299999, 2568052.2838000003], [-1093990.887599999, 2569355.990700001], [-1094711.4817999993, 2570671.2370999996], [-1095265.7591999993, 2572078.1175999995], [-1095710.8550000004, 2573515.5187999997], [-1096050.5868999995, 2574983.4977], [-1097166.4892999995, 2579305.6863], [-1098007.6305999998, 2582284.775800001], [-1098529.2098999992, 2583526.603700001], [-1103156.8554999996, 2584529.0030000005], [-1104577.7769000009, 2584021.316400001], [-1105914.0252, 2583081.0091999993], [-1107068.019200001, 2583719.7634999994], [-1108101.8505000006, 2585024.2929], [-1108984.4919000007, 2586330.254899999], [-1109977.4123, 2587387.471999999], [-1111486.8022000007, 2587452.577299999], [-1113110.7302, 2587375.291200001], [-1114500.9433999993, 2587976.6709000003], [-1115835.4058999997, 2588769.0396], [-1115756.7697, 2587258.3554999996], [-1115640.4353, 2585753.0768999998], [-1115112.8114, 2581204.6205], [-1114451.0713, 2579983.5358000007], [-1113148.2844999991, 2579118.3529000003], [-1111960.1555000003, 2578129.781300001], [-1110893.8449000008, 2577010.082800001], [-1110322.5561999995, 2575653.5288999993], [-1110276.3490999993, 2574048.5797000006], [-1111018.7116999999, 2572811.4891], [-1112564.4133000001, 2572247.327299999], [-1114018.7240999993, 2572695.7942999993], [-1115454.3104999997, 2573362.6669999994], [-1116881.5375999995, 2573922.0374999996], [-1118444.1577000003, 2574115.2040999997], [-1120001.8662999999, 2573788.6010999996], [-1121345.7717000004, 2572992.6965999994], [-1122363.0119000003, 2571703.7332000006], [-1122590.9565999992, 2570295.6719000004], [-1121954.9086000007, 2568840.5643000007], [-1121881.3493000008, 2567398.5875000004], [-1122622.7015000004, 2565976.9334999993], [-1123841.3058000002, 2564947.1432000007], [-1125064.6667999998, 2564075.7640000004], [-1124985.1348, 2562596.2799999993], [-1124507.0548999999, 2561092.4192999993], [-1123809.6109999996, 2559734.5572999995], [-1122475.8093999997, 2558848.7551000006], [-1121549.7262999993, 2558018.0985000003], [-1122386.7765999995, 2556689.1911999993], [-1123110.8784999996, 2555239.6545], [-1123372.4071999993, 2553714.8628000002], [-1123285.1084000003, 2552215.6904000007], [-1122681.0690000001, 2550770.6774000004], [-1122630.3087000009, 2549363.4748], [-1124321.4719999991, 2545030.1788999997], [-1125014.0875000004, 2543721.0834999997], [-1126243.3205999993, 2542699.5025999993], [-1127503.9386999998, 2541729.5337000005], [-1128779.4875000007, 2540798.327299999], [-1129934.951199999, 2539736.3943000007], [-1130979.0150000006, 2538559.6043], [-1131864.9277999997, 2537273.6421000008], [-1132573.6059000008, 2535879.565199999], [-1132884.7072, 2534410.926999999], [-1132868.8508000001, 2532876.6698000003], [-1132851.7807999998, 2531356.886], [-1132760.9436000008, 2526809.654100001], [-1132557.5723, 2525276.6098999996], [-1132296.7116, 2523759.3233000003], [-1132931.0424000006, 2522409.2907], [-1134237.6926000006, 2521378.1161], [-1135685.0760999992, 2521484.201300001], [-1137244.3594000004, 2522018.5747999996], [-1138679.8461000007, 2521570.1720000003], [-1139948.6720000003, 2520503.6170000006], [-1140744.3143000007, 2519192.3497], [-1141124.6030000001, 2517660.2886999995], [-1140798.9900000002, 2511686.8259999994], [-1140621.0106000006, 2510189.9553999994], [-1140365.5184000004, 2508668.3198000006], [-1140042.7322000004, 2506990.6784000006], [-1140845.3880000003, 2506330.6009], [-1142587.6223000009, 2506510.446900001], [-1144220.0551999994, 2506360.2917], [-1145767.0903999992, 2505928.2327999994], [-1146909.6658999994, 2504945.1548999995], [-1147700.6795000006, 2503533.9408], [-1147967.6425, 2502031.4123], [-1147867.5426000003, 2500465.0328], [-1148990.0573999994, 2499609.4856000002], [-1150244.7046000008, 2500381.019099999], [-1151352.700099999, 2501492.8321], [-1152299.1634999998, 2502713.6165999994], [-1152911.645300001, 2504075.2169000003], [-1152768.3811000008, 2505548.5447000004], [-1152403.6265999991, 2507080.6926000006], [-1152215.9597999994, 2508707.753900001], [-1152762.9014999997, 2509906.133300001], [-1158223.5539999995, 2512802.9597999994], [-1166498.5625, 2516581.7707], [-1171037.4353, 2517954.6382999998], [-1172341.5021000002, 2517556.8538000006], [-1173484.5362999998, 2516301.150800001], [-1174923.0187999997, 2515978.1271], [-1176527.8937999997, 2516206.6105000004], [-1182645.1678, 2517342.0714999996], [-1183902.0128000006, 2518156.7468], [-1185091.7249999996, 2519118.2082], [-1186570.5858999994, 2519635.149599999], [-1188107.0673999991, 2519691.8989000004], [-1192699.7383999992, 2518397.0273], [-1194123.2622999996, 2517884.9965000004], [-1195188.0369000006, 2516741.0080999993], [-1197373.2763999999, 2514397.753900001], [-1198251.2817000002, 2513156.355900001], [-1198665.1447, 2511638.6085], [-1198561.5260000005, 2510140.1906000003], [-1197659.1351999994, 2508726.5876], [-1197918.2174999993, 2507568.0186], [-1199317.2402, 2506632.3478999995], [-1200794.3471000008, 2505908.4178], [-1206594.6919, 2503406.6239], [-1208141.6326000001, 2502908.4564999994], [-1209640.5890999995, 2502937.9813], [-1211073.3399, 2503634.448000001], [-1211991.0245999992, 2504782.7621], [-1212551.3572000004, 2506246.0232999995], [-1213743.8879000004, 2507297.6938000005], [-1215231.1503999997, 2507644.2190000005], [-1215341.386, 2506363.2902000006], [-1215348.4401999991, 2504683.7026000004], [-1216636.3170999996, 2503761.8516000006], [-1218006.7408000007, 2502952.8500999995], [-1220397.8264000006, 2501592.401900001], [-1219477.9847999997, 2500398.7897999994], [-1218558.4571000002, 2499204.887599999], [-1217491.8636000007, 2498048.5391000006], [-1216712.2862, 2496817.6449999996], [-1216934.1250999998, 2495340.1553000007], [-1217266.6042999998, 2493809.2147000004], [-1216589.5286999997, 2492377.1105000004], [-1216157.0184000004, 2491043.6019], [-1217117.2583000008, 2489871.5305000003], [-1218420.6973, 2488823.3850999996], [-1219734.4719999991, 2487926.0458000004], [-1220922.2360999994, 2486888.6374999993], [-1222031.9704999998, 2485607.5228000004], [-1222396.0952000003, 2484302.9043000005], [-1221548.8837000001, 2482999.8586], [-1220477.0506999996, 2481851.9850999992], [-1219304.7851, 2480852.7787999995], [-1217934.3508000001, 2480261.982999999], [-1216354.8946000002, 2480113.8125], [-1214767.1520000007, 2480165.1203000005], [-1213263.7008999996, 2480006.2181], [-1209064.1568, 2477992.2442000005], [-1207965.5980999991, 2477112.356899999], [-1205977.6282000002, 2472876.0984000005], [-1206224.0098, 2471677.1227], [-1207529.9351000004, 2470601.3598999996], [-1208768.887, 2469556.7827000003], [-1209974.8840999994, 2468542.6428999994], [-1211202.614600001, 2467500.6086999997], [-1212434.7441000007, 2466429.5438], [-1212948.2468999997, 2465097.968800001], [-1212721.17, 2463503.6755], [-1211941.8310000002, 2462286.6779999994], [-1210616.6603999995, 2461435.7665], [-1202624.0859999992, 2456937.843699999], [-1197272.284, 2453943.9897000007], [-1196163.6307999995, 2452970.4091], [-1195396.9766000006, 2451639.6575000007], [-1194887.7150999997, 2450199.1273], [-1194626.9788000006, 2448669.3226999994], [-1194996.3632999994, 2447269.6916000005], [-1195967.2632, 2445985.7685000002], [-1196905.6309999991, 2444706.2828], [-1197825.6580999997, 2443431.029100001], [-1198448.2813000008, 2442030.4661], [-1198747.7777999993, 2440506.7547999993], [-1198666.9221, 2439012.3265000004], [-1197583.9012000002, 2433047.3056000005], [-1197309.5673999991, 2431560.1008], [-1196980.9164000005, 2430085.918299999], [-1196603.9551999997, 2428623.4239000008], [-1196196.1305999998, 2427170.3817999996], [-1195760.6581999995, 2425725.5165], [-1195318.5009000003, 2424281.4352], [-1194884.4894999992, 2422835.0890999995], [-1194615.8718999997, 2421351.397399999], [-1193895.5056999996, 2416859.1805000007], [-1194175.6027000006, 2415376.9593], [-1194656.9225999992, 2413892.707699999], [-1195201.0353999995, 2409992.3923000004], [-1191937.83, 2410543.1390000004], [-1190391.772500001, 2410379.0941000003], [-1188833.5276999995, 2410358.7828], [-1187266.1379000004, 2410454.1307999995], [-1185722.6312000006, 2410315.909600001], [-1181110.9507999998, 2409600.6207], [-1179669.8519000001, 2409093.1327], [-1175417.8041999992, 2407299.6996999998], [-1169713.1051000003, 2405378.2564000003], [-1168781.4041000009, 2404345.6330999993], [-1168097.1876999997, 2402954.9645000007], [-1167421.0877999999, 2401529.5193000007], [-1166616.0600000005, 2400244.0692999996], [-1165706.1929000001, 2399039.106899999], [-1164527.3735000007, 2398080.3373000007], [-1163321.0913999993, 2397156.6459999997], [-1162383.1346000005, 2395890.3302999996], [-1161964.5964000002, 2394494.0877], [-1162440.3091000002, 2393033.1805000007], [-1163358.5001999997, 2391711.0018000007], [-1164725.4847, 2390844.4338000007], [-1165824.0383000001, 2389824.373299999], [-1167728.8929999992, 2385633.3406000007], [-1168252.3900000006, 2384269.3674], [-1167983.0769999996, 2380042.7452000007], [-1167263.2865999993, 2378594.660599999], [-1166092.1633000001, 2379045.1021999996], [-1164798.0593999997, 2380211.0501000006], [-1163333.0782999992, 2380223.4452], [-1161772.1954999994, 2379775.6569999997], [-1160257.5406999998, 2379440.4167], [-1158743.825099999, 2379114.1543000005], [-1157206.0931000002, 2378897.865700001], [-1155662.5347000007, 2378708.0253999997], [-1154133.3938999996, 2378438.4272000007], [-1152623.7822999991, 2378095.320800001], [-1146637.1208999995, 2376720.170600001], [-1145169.1358000003, 2376268.539999999], [-1143758.3677999992, 2375641.6532000005], [-1142387.9461000003, 2374952.8464], [-1141077.823999999, 2374165.0732000005], [-1139849.1826000009, 2373262.0391000006], [-1138722.4059999995, 2372242.3406000007], [-1137764.478599999, 2371078.4639], [-1136074.8234, 2368516.2326999996], [-1135444.4845000003, 2367161.718800001], [-1135624.0953000002, 2365705.067], [-1136145.538899999, 2362673.6032999996], [-1136366.3849999998, 2358103.6863], [-1136045.3663999997, 2356626.924799999], [-1135418.8927999996, 2355240.2826000005], [-1131792.5801999997, 2350422.6538999993], [-1130553.1980000008, 2349534.4168], [-1123945.7255000006, 2347669.8443], [-1122562.5642000008, 2347898.2470999993], [-1118839.2113000005, 2348631.4865000006], [-1117811.2627000008, 2347919.6681999993], [-1116850.5541999992, 2346694.0561999995], [-1115922.8255000003, 2345291.9901], [-1114172.7502999995, 2342744.7006], [-1113204.8081999999, 2341589.2981000002], [-1112039.5483999997, 2340557.2300000004], [-1110637.079, 2339894.278999999], [-1108879.4638999999, 2339829.5777000003], [-1108984.5758999996, 2340794.9860999994], [-1109935.4944000002, 2342300.1657999996], [-1109974.0272000004, 2344005.6951], [-1109052.8768000007, 2344310.7388000004], [-1106538.8274000008, 2342231.7303], [-1105366.4362000003, 2341262.6962], [-1104225.8279999997, 2340259.576300001], [-1103119.0261000004, 2339219.8367999997], [-1102057.4653999992, 2338137.776799999], [-1101042.2531000003, 2337012.2225], [-1100080.3028999995, 2335844.5057999995], [-1093429.3094999995, 2327551.3943000007], [-1093052.017000001, 2326158.8161999993], [-1093404.0153, 2324525.4142000005], [-1092938.3554999996, 2323349.703400001], [-1086765.0755000003, 2318743.3005999997], [-1085390.0790999997, 2318320.623400001], [-1083791.5702999998, 2318622.0771999992], [-1082152.5823, 2319172.1459999997], [-1080735.4273000006, 2319607.8636000007], [-1080862.7116, 2318220.7686], [-1081478.6236000005, 2316648.9103999995], [-1081688.8147, 2315270.3801000006], [-1080521.1309999991, 2314360.1774000004], [-1079137.7496000007, 2313524.468800001], [-1077883.7482999992, 2312652.1258000005], [-1076699.3118999992, 2311697.7841], [-1075582.1763000004, 2310658.2547999993], [-1074641.3997000009, 2309485.1214000005], [-1073909.8375000004, 2308157.1773000006], [-1073107.7906, 2306874.8331000004], [-1072202.9178, 2305661.0866], [-1071276.8734000009, 2304461.774], [-1070321.8563, 2303281.6743], [-1069487.2497000005, 2302021.5789], [-1068774.5069999993, 2300670.611300001], [-1068360.6142999995, 2299229.4749999996], [-1068256.4015999995, 2297686.4146999996], [-1068529.5786000006, 2296204.8267], [-1069222.0836999994, 2294804.832800001], [-1069938.8347999994, 2293411.4674999993], [-1070672.3515000008, 2292024.3576999996], [-1071067.8177000005, 2290562.1339], [-1071045.0954, 2289008.0178999994], [-1070487.7562000006, 2287632.847100001], [-1069554.0442999993, 2286383.048800001], [-1069203.7682000007, 2284937.8978000004], [-1069568.7601999994, 2283419.5133999996], [-1073651.3352000006, 2278856.5226000007], [-1074949.4926999994, 2277911.9932000004], [-1075721.2777999993, 2276630.066400001], [-1076082.5310999993, 2275100.521299999], [-1076264.5601000004, 2273580.851], [-1076260.7657999992, 2272050.0964], [-1076155.1919999998, 2270532.5419999994], [-1075933.9201999996, 2269027.7525999993], [-1075564.4879, 2267562.7070000004], [-1075065.9316000007, 2266130.8606000002], [-1074553.1572999991, 2264705.992799999], [-1074005.0687000006, 2263295.1942999996], [-1073356.1500000004, 2261931.1734999996], [-1072619.048800001, 2260608.5875000004], [-1071808.3372000009, 2259328.8216999993], [-1070955.7226999998, 2258074.7137], [-1070297.0593999997, 2256712.8884999994], [-1069856.1857999992, 2255257.425899999], [-1069700.2545999996, 2253731.6832999997], [-1069836.7555, 2252200.025800001], [-1070597.7719, 2250862.127800001], [-1071533.9037999995, 2249588.3543999996], [-1071590.3388, 2248116.2364000008], [-1071140.8219000008, 2246619.0197], [-1069043.3296000008, 2242587.8977000006], [-1068328.7292, 2241262.0045999996], [-1067363.5756, 2240062.5464999992], [-1066065.5960000008, 2239377.674799999], [-1064467.4100000001, 2239029.9132000003], [-1063084.6744, 2238419.2919999994], [-1062748.1428999994, 2237060.3932000007], [-1062862.7744999994, 2235423.6569], [-1063110.5006000008, 2233896.8663], [-1063314.5007000007, 2232387.474300001], [-1061839.5736999996, 2226525.2359999996], [-1061267.3653999995, 2225130.0205000006], [-1060567.4341000002, 2223779.2799999993], [-1059623.1897999998, 2222430.3869000003], [-1059499.6933999993, 2221127.2019999996], [-1060476.9574999996, 2219825.612299999], [-1061754.5065000001, 2218856.0209], [-1063260.2629000004, 2218312.5514], [-1064840.1161000002, 2218176.392999999], [-1066492.6399000008, 2218553.6443000007], [-1067509.4175000004, 2217865.3561000004], [-1067969.2763999999, 2216255.6854999997], [-1068217.3957000002, 2214705.5040000007], [-1068242.9987000003, 2213170.4383000005], [-1068132.4213999994, 2211654.373400001], [-1067579.7796999998, 2207125.3914], [-1067244.7392999995, 2205607.3629], [-1066817.9189999998, 2204106.0414000005], [-1067348.9966000002, 2202799.1513], [-1068760.829500001, 2201972.3409], [-1070310.6085, 2201984.0439], [-1071894.3445999995, 2201976.3647000007], [-1073477.0117000006, 2201613.8891000003], [-1074772.7860000003, 2200845.291200001], [-1079587.6247000005, 2197483.6433000006], [-1080793.6786000002, 2196355.911699999], [-1081230.5690000001, 2195004.4255999997], [-1080817.6152999997, 2193447.3714000005], [-1079894.0404000003, 2192287.3675999995], [-1077482.7366000004, 2188531.746099999], [-1074684.4642999992, 2183199.340399999], [-1074127.3932000007, 2181791.3793], [-1073816.4921000004, 2180296.326199999], [-1073770.461100001, 2178713.709899999], [-1074333.8395000007, 2177377.4987000003], [-1075749.0258000009, 2176593.5691], [-1076906.8127999995, 2175536.8910000008], [-1077803.8816999998, 2174237.491699999], [-1078371.1297999993, 2172810.76], [-1078613.4246999994, 2171272.1646999996], [-1078453.3531999998, 2169784.9148999993], [-1077994.616800001, 2168320.118899999], [-1077689.4580000006, 2166831.8277000003], [-1076918.4497999996, 2162337.8955000006], [-1076698.4697999991, 2160786.523600001], [-1076599.8798999991, 2159232.4859999996], [-1077334.6535, 2158062.0536], [-1078772.7730999999, 2157209.5858999994], [-1077615.4562, 2156199.4228000008], [-1076387.9619999994, 2155314.2917], [-1074949.8016, 2154782.9661], [-1073424.1922999993, 2154459.6348], [-1071844.9091999996, 2154386.0549999997], [-1070345.4008000009, 2154131.7982], [-1069082.0473999996, 2153105.3147], [-1067824.0963000003, 2152482.890900001], [-1066326.8375000004, 2153028.4865000006], [-1065093.9811000004, 2154071.086100001], [-1064678.6940000001, 2155548.6834999993], [-1064155.5620000008, 2157101.363399999], [-1063262.4056000002, 2158455.8038999997], [-1062142.4449000005, 2157838.5468000006], [-1060890.8740999997, 2156723.543299999], [-1059544.2381999996, 2157180.2024000008], [-1058244.2687999997, 2158273.7983], [-1057180.8325999994, 2159619.7115], [-1056144.9428000003, 2160598.3312], [-1054971.886, 2159503.5932], [-1053807.6093000006, 2159888.2907999996], [-1052636.0132, 2161134.0329], [-1051323.3105999995, 2162104.7959000003], [-1049911.5930000003, 2162732.132099999], [-1045616.9294000007, 2161661.6954999994], [-1044461.3622999992, 2160662.5950000007], [-1043400.0590000004, 2159594.3386000004], [-1042203.3409000002, 2160305.8099000007], [-1041178.3650000002, 2161688.9899000004], [-1040365.0591000002, 2163088.3883999996], [-1039055.6505999994, 2163100.4199], [-1034394.6107999999, 2162566.6038000006], [-1033037.8735000007, 2161835.585000001], [-1031962.5459000003, 2160757.1772000007], [-1031189.8640000001, 2159442.1654000003], [-1030325.4441, 2158190.0759999994], [-1029323.6576000005, 2157030.8034000006], [-1028126.1421000008, 2156122.003900001], [-1024324.6174999997, 2153418.4682], [-1023267.6886999998, 2153922.8904], [-1022224.7280000001, 2155351.9814999998], [-1021158.1963, 2156596.3917999994], [-1019831.2335999999, 2157012.9253000002], [-1016677.1612999998, 2157031.0999], [-1015167.7939999998, 2156840.535700001], [-1011193.5002999995, 2157385.6009], [-1009939.5014999993, 2157719.509299999], [-1008606.0846999995, 2156768.487299999], [-1007161.2605000008, 2156206.4289999995], [-1005631.2398000006, 2155912.9112], [-1004061.0673999991, 2155631.8992999997], [-1002531.6717000008, 2155601.7017], [-998315.7861000001, 2156914.7980000004], [-997306.9860999994, 2158118.239], [-996949.3910000008, 2159621.1790999994], [-997679.7050999999, 2160973.7816000003], [-998297.8399999999, 2162355.7764], [-997936.4664999992, 2163839.8783], [-997200.5337000005, 2165246.7968000006], [-996177.2038000003, 2166486.9932000004], [-995529.7619000003, 2167819.692500001], [-995572.2399000004, 2169348.9738], [-995814.8465999998, 2170879.0578000005], [-996222.9754000008, 2172361.5829000007], [-996402.6567000002, 2173847.3311], [-996111.4880999997, 2175387.5756], [-995312.9498999994, 2176686.3181], [-994026.5288999993, 2177716.2060000002], [-993421.0103999991, 2178997.800899999], [-993552.7006999999, 2180556.6658999994], [-993817.2591999993, 2182132.7643], [-994236.6879999992, 2183747.4957], [-993678.7528000008, 2184701.423800001], [-992082.9539999999, 2184288.8917999994], [-991392.5416000001, 2182848.5011], [-990538.4356999993, 2181705.5583999995], [-989103.2200000007, 2182282.474300001], [-987726.3033000007, 2186763.0096000005], [-987295.3062999994, 2188203.365599999], [-987611.5972000007, 2189657.2580999993], [-988238.3684, 2191082.978599999], [-988923.1739000008, 2192432.2463000007], [-989643.5806000009, 2193767.8060999997], [-990490.0714999996, 2195159.0799000002], [-990950.3085999992, 2196506.7512999997], [-989339.2299000006, 2198921.8311], [-985193.0983000007, 2199202.3104999997], [-984211.7570999991, 2198115.4461000003], [-983484.1359000001, 2196690.833799999], [-982984.9612000007, 2195233.2673000004], [-982196.8999000005, 2193996.5029000007], [-980898.0043000001, 2193141.6911999993], [-979660.9726, 2192218.880000001], [-978607.8804000001, 2191148.3134000003], [-977998.6974999998, 2189721.6973], [-977190.9136999995, 2188470.2454000004], [-975587.2686000001, 2187555.2829], [-974998.6402000003, 2188017.4067], [-975440.6282000002, 2189717.4383000005], [-975882.3969, 2191253.6306999996], [-976380.0858999994, 2192692.159600001], [-977248.2968000006, 2193937.0013999995], [-978208.0373, 2195090.1340999994], [-978296.6532000005, 2196691.633199999], [-977553.7891000006, 2197962.2345000003], [-975960.6479000002, 2198323.332800001], [-975251.8896999992, 2197147.9121000003], [-974768.6700999998, 2195548.4746000003], [-974360.2150999997, 2194079.787799999], [-973887.7459999993, 2192647.1690999996], [-973118.8017999995, 2191218.0437000003], [-972118.1645, 2190217.271400001], [-970594.9901999999, 2190794.8486], [-969917.6119999997, 2192177.6455000006], [-969979.6908, 2193722.5899], [-970527.5535000004, 2195255.0825999994], [-969876.4132000003, 2196402.838300001], [-968757.0395999998, 2195915.7173999995], [-968466.0976, 2194322.4378999993], [-968197.4627, 2192746.5704999994], [-967946.2965999991, 2191202.1489000004], [-967104.7544, 2190061.544500001], [-965649.7167000007, 2189379.6558], [-964072.5533000007, 2189293.2772000004], [-962499.8304999992, 2189377.0435000006], [-961498.2607000005, 2188405.1044999994], [-960661.9048999995, 2186825.8121000007], [-962136.6060000006, 2184481.747199999], [-962764.9249000009, 2183111.7228999995], [-962691.5891999993, 2181700.4839999992], [-961302.9407000002, 2178897.1531000007], [-960541.0988999996, 2177584.1372999996], [-959607.3626000006, 2176392.6602999996], [-958597.0726999994, 2175252.3204999994], [-957753.3814000003, 2173995.7975999992], [-956150.7378000002, 2171414.4459000006], [-955357.7913000006, 2170123.9678000007], [-954819.0656000003, 2168714.3796999995], [-952318.7061999999, 2163232.4749999996], [-949841.3501999993, 2159424.0429], [-947465.9329000004, 2155531.8005999997], [-946565.9955000002, 2152712.0430999994], [-946295.6907000002, 2151276.8380999994], [-945117.1520000007, 2150198.4998000003], [-943663.8562000003, 2149975.4656000007], [-942144.4774999991, 2150547.2662000004], [-941416.2127, 2149400.7519000005], [-940899.2704000007, 2147823.5533000007], [-940385.8002000004, 2146361.4953000005], [-939618.5221999995, 2145100.5261000004], [-938395.8683000002, 2144175.8981], [-937003.9152000006, 2143459.1191000007], [-935247.8998000007, 2143051.4827999994], [-934433.9130000006, 2142393.8862999994], [-935585.4031000007, 2141150.3549000006], [-937287.2112000007, 2136897.5810000002], [-937706.8286000006, 2135770.2382999994], [-936177.1293000001, 2134925.3122000005], [-935073.6508000009, 2135758.7568999995], [-933963.8421, 2136952.1349], [-932440.7485000007, 2137137.5438], [-929220.2409000006, 2137451.503799999], [-927756.9641999993, 2137294.651900001], [-926416.4233999997, 2136298.4673999995], [-926079.5801999997, 2135020.7732999995], [-925701.2257000003, 2131062.1389000006], [-925584.9234999996, 2129757.3466999996], [-926561.7137000002, 2128388.2941999994], [-927782.1955999993, 2127441.2102000006], [-929199.2134000007, 2126705.7555], [-930649.9590000007, 2126118.9935], [-932159.5045999996, 2125596.2163999993], [-933823.4611000009, 2125107.689200001], [-934527.6450999994, 2124138.8976000007], [-935770.7485000007, 2120449.885], [-936790.3264000006, 2119282.5429], [-939962.9763999991, 2115866.4329000004], [-940251.0133999996, 2114424.7463000007], [-940312.6170000006, 2112853.5284], [-940996.7361999992, 2111485.8957], [-941857.7842999995, 2110169.198999999], [-940430.1220999993, 2109560.5792999994], [-938958.5874000005, 2109160.6396999992], [-937382.9527000003, 2109256.3868000004], [-935882.8855000008, 2108926.2282999996], [-934448.2907999996, 2108334.7356000002], [-933143.3147, 2107546.798800001], [-926981.5442999993, 2103019.0716999993], [-925746.0358000007, 2102108.8992], [-924584.7599999998, 2101121.6062000003], [-923705.8553999998, 2099864.0789], [-922855.1797000002, 2098610.6184], [-921447.6971000005, 2098014.6361], [-919960.3224999998, 2097546.6849000007], [-919240.6585000008, 2096300.1546999998], [-918720.7128999997, 2094814.7180000003], [-917819.1163999997, 2093593.695699999], [-912773.4754000008, 2088012.1143999994], [-911595.4616, 2086972.5105000008], [-910215.5523000006, 2086393.1210999992], [-908666.8789000008, 2086499.6322000008], [-905511.1461999994, 2086741.4020000007], [-903974.7259999998, 2086938.5581999999], [-902489.5058999993, 2087444.2778999992], [-901066.3272999991, 2088114.5248000007], [-899765.0001999997, 2089041.1513999999], [-898379.2290000003, 2089691.3495000005], [-896854.6347000003, 2089930.5463999994], [-895284.9765000008, 2090031.8401999995], [-893065.1837000009, 2090158.7214000002], [-891759.5979999993, 2089139.3665999994], [-891025.4638, 2088002.0823999997], [-892511.3703000005, 2083519.2671000008], [-893596.1809999999, 2082666.4079999998], [-895201.8224, 2082265.7170000002], [-896760.1997999996, 2081903.3270999994], [-898300.1612999998, 2081560.0883000009], [-899662.2958000004, 2080704.8417000007], [-900448.4661999997, 2079422.6871000007], [-899938.4046, 2078055.5269000009], [-899059.1271000002, 2076702.6583999991], [-898135.3301999997, 2075489.082800001], [-897299.6275999993, 2074228.1787999999], [-896703.3851999994, 2072833.0767], [-896179.2992000002, 2071403.5780999996], [-895679.8467999995, 2069969.7525999993], [-895215.0589000005, 2068518.663899999], [-894908.7259, 2066922.6141], [-894173.2563000005, 2065762.4415000007], [-892691.9601000007, 2065313.455600001], [-891078.7914000005, 2065141.0725999996], [-889520.6044999994, 2065193.4664999992], [-887941.3068000004, 2065251.6088999994], [-886231.2497000005, 2065331.1115000006], [-885171.3026, 2064679.522500001], [-885012.4967, 2063053.1695000008], [-884391.5545000006, 2061683.3508000001], [-882977.6259000003, 2060986.294399999], [-881496.1763000004, 2061446.5777000003], [-879991.6936000008, 2061881.8453000002], [-878536.1768999994, 2061436.7837000005], [-877145.7806000002, 2060684.5594999995], [-875856.2095999997, 2059855.3114], [-874661.6206, 2058897.921], [-873493.2644999996, 2057864.7865999993], [-872590.6370999999, 2056672.0640999991], [-872259.5581, 2055209.1206], [-872054.3973999992, 2053671.896400001], [-871696.0884000007, 2052185.450099999], [-871188.1557999998, 2050761.0040000007], [-870401.9308000002, 2049466.3143000007], [-869500.6853999998, 2048231.541099999], [-868565.1908999998, 2047032.1272], [-867633.9452999998, 2045829.5456000008], [-866750.3881999999, 2044589.3808999993], [-865943.4739999995, 2043303.6791999992], [-865246.3918999992, 2041951.1909999996], [-864671.8786999993, 2040545.5746], [-864198.3567999993, 2039084.5688000005], [-863965.9255999997, 2037591.7167000007], [-864252.2657999992, 2036075.2916], [-864463.7078000009, 2034567.7755999994], [-864168.6210999992, 2033063.6643000003], [-863562.4558000006, 2031663.6787999999], [-862623.4320999999, 2030470.6933999993], [-861468.6750000007, 2029450.0884000007], [-860195.5344999991, 2028599.6897999998], [-858833.0852000006, 2027878.261], [-857343.6671999991, 2027371.1022999994], [-855972.1439999994, 2026738.3570000008], [-855005.6151, 2025586.7062], [-854226.1010999996, 2024246.7886999995], [-853500.1000999995, 2022907.8692000005], [-852905.7314999998, 2021511.3916999996], [-852498.2816000003, 2020048.7096999995], [-852168.2902000006, 2018560.0247000009], [-851842.8945000004, 2017073.6103000008], [-851568.9282000009, 2015577.1963999998], [-851378.3969999999, 2014066.5688000005], [-851206.6824999992, 2012552.4366999995], [-851027.2093000002, 2011039.1641000006], [-850807.4049999993, 2009533.2412], [-850516.9578000009, 2008038.956700001], [-850162.6753000002, 2006559.8555999994], [-849796.9814999998, 2005061.8377999999], [-849227.1202000007, 2003673.1176999994], [-848237.7683000006, 2002528.8798999991], [-847118.8872999996, 2001465.015900001], [-846013.3984999992, 2000411.9030000009], [-844941.1945999991, 1999329.9526000004], [-843973.5475999992, 1998155.4848999996], [-841098.4521999992, 1994605.9685999993], [-840154.1560999993, 1993412.2451000009], [-838273.4508999996, 1991018.5517999995], [-837337.0776000004, 1989818.6746999994], [-832684.4484999999, 1983777.9892999995], [-831901.1414000001, 1982489.1510000005], [-831303.1163999997, 1980982.7630000003], [-831233.0369000006, 1979542.3960999995], [-832188.4565999992, 1978308.7950999998], [-833565.0640999991, 1977490.9573999997], [-835106.5819000006, 1977245.4531999994], [-836692.6545000002, 1977153.5797000006], [-838255.7697000001, 1977150.5481000002], [-839813.9744000006, 1977013.5141000003], [-841458.3333, 1976698.4152000006], [-842547.5943999998, 1975803.5341999996], [-842842.8780000005, 1974129.9548000004], [-842004.6875, 1973041.6283999998], [-840439.3432, 1972413.1964999996], [-838937.1538999993, 1972710.4965000004], [-837462.9046999998, 1973441.9666000009], [-836197.0956999995, 1972698.2600999996], [-835360.1293000001, 1971287.6275999993], [-836398.0073000006, 1970497.5977999996], [-838031.4576999992, 1970451.4966000002], [-839568.8391999993, 1970790.2558999993], [-841115.8413999993, 1970811.1599000003], [-842669.3224, 1970597.0463999994], [-844188.5690000001, 1970248.1934999991], [-845683.7075999994, 1969782.8673999999], [-847192.5781999994, 1969363.7241999991], [-848712.7067000009, 1968997.6428999994], [-850261.6647999994, 1968902.5314000007], [-851824.2734999992, 1968951.1878999993], [-853336.3467999995, 1968638.3597999997], [-854810.3471000008, 1968083.6208999995], [-856258.3706, 1967492.0735], [-857680.2832999993, 1966839.3855000008], [-859109.7383999992, 1966183.7250999995], [-860494.5717999991, 1965458.453400001], [-861733.1905000005, 1964473.7348999996], [-862704.4367999993, 1963261.4350000005], [-862882.8230000008, 1961674.9123], [-863166.4287, 1960272.3345999997], [-864597.0702, 1959676.8636000007], [-866212.4166000001, 1959629.7217999995], [-867674.5846999995, 1960139.1250999998], [-869160.5700000003, 1960633.5870999992], [-870689.9944000002, 1961024.0803999994], [-872177.3706, 1960899.7278000005], [-875207.6272999998, 1959624.6404999997], [-876592.8324999996, 1958997.1543000005], [-876131.5055999998, 1957816.3373000007], [-874956.8487999998, 1956539.8177000005], [-873828.3491999991, 1955471.3608], [-872529.9661999997, 1954696.7252999991], [-870986.7380999997, 1954536.5590000004], [-869458.3632999994, 1954302.0008000005], [-865172.6059000008, 1952675.1733999997], [-863878.0051000006, 1951925.763699999], [-860108.0983000007, 1949273.6373999994], [-859246.3663999997, 1947848.0755000003], [-859252.7741999999, 1946520.3115999997], [-860988.0011, 1945960.2532000002], [-861719.2842999995, 1945289.0582999997], [-860340.1501000002, 1944232.3824000005], [-858733.1773000006, 1943870.1785000004], [-857141.9177000001, 1943758.7533999998], [-856682.1127000004, 1942586.6837000009], [-857006.6269000005, 1940911.0150000006], [-857640.4257999994, 1939513.0168999992], [-859311.6837000009, 1936808.4298], [-860506.8724000007, 1935967.0058999993], [-862075.6033999994, 1935728.7874999996], [-863660.4145, 1935464.6361999996], [-865263.0884000007, 1935154.1744], [-866344.4913999997, 1934265.7816000003], [-866862.6875999998, 1932754.7129999995], [-867311.3681000005, 1931209.6833999995], [-867708.2890000008, 1929650.9565999992], [-868761.0976999998, 1928796.5012999997], [-870413.6084000003, 1928612.6487000007], [-871978.5533000007, 1928595.5713], [-873529.4916999992, 1928746.1388000008], [-875065.6092000008, 1928953.2804000005], [-876595.7331000008, 1929194.6500000004], [-878142.5267999992, 1929281.8586], [-881280.3704000004, 1929437.739600001], [-882830.6246000007, 1929513.5105000008], [-884119.4726999998, 1928800.1850000005], [-885284.4331999999, 1927674.8008999992], [-886605.1824999992, 1926822.2968000006], [-888024.3531999998, 1926168.5646000002], [-889550.2239999995, 1925912.7862999998], [-894065.7537999991, 1924743.7849000003], [-899942.8245000001, 1922718.3429000005], [-901406.2204, 1922176.7051], [-902856.7815000005, 1921593.2021999992], [-904298.9681000002, 1920987.5310999993], [-905732.0, 1920365.7357], [-907140.9612000007, 1919689.3565999996], [-908556.9658000004, 1919028.642000001], [-912813.3793000001, 1917051.2586000003], [-914292.8169, 1916577.0417999998], [-915831.2249999996, 1916288.4331], [-917377.8015999999, 1916140.6959000006], [-918934.0347000007, 1916124.4434999991], [-920515.5606999993, 1916144.1625999995], [-922099.6952, 1916156.9185000006], [-923358.3659000006, 1915454.4484], [-924369.8665999994, 1914187.3838], [-925576.7188000008, 1913199.9814], [-929318.8699999992, 1910373.8530000001], [-930687.0472999997, 1909635.8110000007], [-930778.9694999997, 1909598.2376000006], [-932662.2601999994, 1913125.2434999999], [-934398.8168000001, 1914841.5002999995], [-935519.6298999991, 1916242.3650000002], [-936939.5656000003, 1918753.2457999997], [-938206.8844000008, 1923594.5047999993], [-943896.7526999991, 1931548.7402], [-945316.7540000007, 1934059.2442000005], [-947445.5761999991, 1935727.4957999997], [-948789.6377000008, 1937479.5024999995], [-951160.8775999993, 1939691.3751999997], [-951980.9460000005, 1940693.9941000007], [-952730.5140000004, 1941610.4987000003], [-955278.5044999998, 1943606.4958999995], [-958880.7563000005, 1946436.9956999999], [-959519.8142000008, 1948856.2408000007], [-959163.5768999998, 1953113.6231999993], [-959855.5714999996, 1954186.3655999992], [-965465.8136, 1953511.3775999993], [-969370.5631000008, 1953419.1193000004], [-972388.1355000008, 1952287.6238000002], [-974714.3193999995, 1950093.6260000002], [-977154.3230000008, 1945194.6297999993], [-979180.0079999994, 1938297.1295999996], [-976339.2518000007, 1936505.8669000007], [-973714.0761999991, 1934850.6240999997], [-971199.1977999993, 1936512.1256000008], [-968956.0152000003, 1937550.3796999995], [-967295.7588999998, 1936604.8753999993], [-964565.2015000004, 1936739.7485000007], [-963080.1885000002, 1935892.1221999992], [-961268.1999999993, 1933105.8756000008], [-960652.8825000003, 1928954.4977000002], [-959733.1338999998, 1925617.240700001], [-956970.2016000003, 1923453.1272999998], [-950982.3247999996, 1920335.7435999997], [-943225.5657000002, 1917050.2436999995], [-938569.2002000008, 1913576.1312000006], [-936356.0002999995, 1910955.2481999993], [-934925.6279000007, 1908445.3669000007], [-934877.0955999997, 1908127.6996999998], [-935109.5101999994, 1908043.8418000005], [-936278.6079999991, 1907023.9958999995], [-937178.0482999999, 1905729.6816000007], [-937658.1031, 1904284.8372000009], [-938009.1195, 1902768.5757999998], [-938503.8973999992, 1901302.3036000002], [-939122.7771000005, 1899890.8036000002], [-939917.1707000006, 1898523.6894000005], [-940974.7153999992, 1897424.7168000005], [-947946.7379999999, 1893848.2828000002], [-949392.8491999991, 1893259.5777000003], [-951032.3993999995, 1892930.8811000008], [-952266.0587000009, 1893438.4593000002], [-953043.9930000007, 1894816.0008000005], [-953856.8022000007, 1896163.9409999996], [-954723.9988000002, 1897434.988500001], [-955840.5395999998, 1898417.2459999993], [-957245.9518999998, 1899064.4016999993], [-960070.1514999997, 1900332.1045999993], [-961550.5776000004, 1900671.1289000008], [-963112.4023000002, 1900670.8528000005], [-964671.1933999993, 1900607.6017000005], [-966223.4210000001, 1900496.0319999997], [-967783.6289000008, 1900330.9217000008], [-969359.0638999995, 1900120.6906000003], [-970664.0280000009, 1899409.5576000009], [-971703.9400999993, 1898209.1182000004], [-972804.3509999998, 1897083.6186999995], [-973966.0628999993, 1896034.1645], [-975264.0550999995, 1895187.5267999992], [-976696.0798000004, 1894540.2818999998], [-978050.4381000008, 1893745.1302000005], [-979316.1048000008, 1892791.5377999991], [-980185.1361999996, 1891554.9669000003], [-980688.7528000008, 1890064.7168000005], [-980897.7009999994, 1888541.5020000003], [-980878.0351, 1886987.6458], [-981390.4196000006, 1885588.7290000003], [-982340.1907000002, 1884322.1723999996], [-986118.0584999993, 1879376.6981000006], [-987164.3289999999, 1878121.5916000009], [-988406.5954999998, 1877281.1438999996], [-989833.4152000006, 1877585.7729000002], [-991344.6565000005, 1878200.3672000002], [-992872.9322999995, 1878403.7827000003], [-994432.8270999994, 1878396.6311000008], [-995983.8120000008, 1878342.7803000007], [-999087.5468000006, 1878193.5309999995], [-1000637.7119999994, 1878113.7776999995], [-1002180.2260999996, 1877915.489], [-1003715.3370999992, 1877647.3639000002], [-1005266.3833000008, 1877377.0341999996], [-1010887.2930999994, 1875633.5013999995], [-1015135.4850999992, 1873685.3015], [-1016478.2949999999, 1872994.5527], [-1017955.9160999991, 1873315.8618], [-1022522.4209000003, 1873009.6895000003], [-1024070.3289999999, 1872882.9871999994], [-1027177.6359999999, 1872668.8725000005], [-1028721.2031999994, 1872675.9492000006], [-1030256.6479000002, 1872893.7107999995], [-1031741.7440000009, 1873292.5380000006], [-1033124.0108000003, 1873964.9898000006], [-1034537.6188999992, 1874546.2423], [-1036054.5121999998, 1874879.6636999995], [-1037592.8191, 1874971.0418999996], [-1039129.6950000003, 1874739.6454000007], [-1040666.9352000002, 1874436.8614000008], [-1045275.3482000008, 1874170.7172999997], [-1046808.2547999993, 1874236.2053999994], [-1051394.9157999996, 1873272.6552000009], [-1052876.1731000002, 1872851.0787000004], [-1058710.8871999998, 1871012.3118999992], [-1060186.4047999997, 1870439.6494999994], [-1061436.5066, 1869538.1209999993], [-1062414.960000001, 1868246.7522999998], [-1063691.0385999996, 1867589.5057999995], [-1068094.8652999997, 1866288.9241000004], [-1069578.7785999998, 1865853.1878999993], [-1075592.7251999993, 1864167.5727999993], [-1077118.8432999998, 1863876.019200001], [-1078663.0715999994, 1864074.9114999995], [-1080185.8066000007, 1864320.9152000006], [-1081609.6371, 1863812.0599000007], [-1082943.851399999, 1862908.7995999996], [-1084162.3156000003, 1861935.9337000009], [-1085287.0294000003, 1860845.8735000007], [-1086326.0823, 1859686.7445], [-1087324.4668000005, 1858488.7052999996], [-1088336.3509, 1857258.447899999], [-1089437.8324999996, 1856172.6752000004], [-1090884.3619, 1855596.7788999993], [-1092460.8345999997, 1855485.6087999996], [-1093863.0054000001, 1856052.2980000004], [-1095251.5406999998, 1856746.2431000005], [-1096801.8260999992, 1856769.341], [-1098287.1196999997, 1856292.0152000003], [-1099591.9272000007, 1855419.1809], [-1100766.5874000005, 1854373.2074999996], [-1101798.8326999992, 1853202.7163999993], [-1102738.0072000008, 1851957.607999999], [-1103568.2073, 1850642.8257], [-1104443.1733, 1849359.0644000005], [-1107259.3802000005, 1845615.2265000008], [-1112227.454, 1840117.2774], [-1113624.6368000004, 1839439.1022999994], [-1115694.8117999993, 1838631.801000001], [-1114655.9404000007, 1837496.1631000005], [-1113789.9315000009, 1836273.8902000003], [-1113297.4903999995, 1834821.2354000006], [-1113134.0617999993, 1833301.3528000005], [-1114294.7857000008, 1825688.9364], [-1114932.6276999991, 1824342.4288999997], [-1116086.7283999994, 1823267.6483999994], [-1117273.1315000001, 1822225.4897000007], [-1118459.4058999997, 1821203.1712999996], [-1119541.2343000006, 1820043.6064], [-1120531.1843999997, 1818741.5832000002], [-1120656.6943999995, 1817405.9508999996], [-1118324.2798999995, 1813369.205], [-1117498.6575000007, 1812074.3439000007], [-1116557.8149999995, 1810876.6685000006], [-1115262.5167999994, 1810164.6886999998], [-1113762.5703999996, 1809711.7480999995], [-1112407.7991000004, 1808998.8995999992], [-1111150.5921, 1808136.9080999997], [-1110129.9601000007, 1806976.4342999998], [-1109084.1214000005, 1805905.2134000007], [-1107555.5819000006, 1805648.821799999], [-1106082.1095000003, 1805340.0738999993], [-1105198.2317999993, 1804141.3037999999], [-1104349.014799999, 1802832.4449000005], [-1103300.7199000008, 1801661.864], [-1102071.1898999996, 1800847.4059999995], [-1100540.1850000005, 1800673.5954999998], [-1098966.4366999995, 1800852.8648000006], [-1097491.5495999996, 1801369.5383000001], [-1095993.0129000004, 1801818.3695], [-1094298.7627000008, 1802117.4891], [-1093075.0277999993, 1801708.0445000008], [-1092735.5900999997, 1800163.0581], [-1092137.2438999992, 1798774.1063], [-1090751.6503999997, 1798089.7389000002], [-1089389.1491, 1797355.2272999994], [-1085443.9584999997, 1795020.7322000004], [-1084388.791099999, 1793957.4257999994], [-1083455.6484999992, 1792746.5853000004], [-1082425.8605000004, 1791625.2410000004], [-1081303.1162999999, 1790591.5954999998], [-1080086.668299999, 1789610.799900001], [-1078699.4115999993, 1789171.9791], [-1077121.0723, 1789366.2657999992], [-1075560.7749000005, 1789296.6075], [-1074071.5810000002, 1788893.4538000003], [-1072961.2682000007, 1787842.9952000007], [-1071881.4316000007, 1786796.4119000006], [-1070373.9273000006, 1786558.2277000006], [-1068790.9477999993, 1786781.3721999992], [-1067420.7561000008, 1787468.3226999994], [-1064671.9432999995, 1789019.5741000008], [-1063349.3860999998, 1789816.1417999994], [-1062200.1029000003, 1790915.8334999997], [-1061361.8049999997, 1792199.1042], [-1061201.083900001, 1793722.9935999997], [-1060929.9164000005, 1795241.818], [-1060360.6720000003, 1796687.3576999996], [-1059517.3209000006, 1798002.4202999994], [-1058613.4945, 1799243.8056000005], [-1058530.8662999999, 1800789.4760999996], [-1058990.0232999995, 1802236.7868000008], [-1060178.0140000004, 1803351.7298000008], [-1060855.3795999996, 1804533.0406], [-1060507.3643999994, 1809031.1191000007], [-1059921.5270000007, 1810054.3407000005], [-1058223.5943999998, 1810519.1076999996], [-1056938.4801000003, 1809937.0412000008], [-1055715.0540999994, 1809050.4452999998], [-1049986.9046999998, 1808591.2411000002], [-1045437.3411999997, 1808253.7853999995], [-1037744.4974000007, 1807713.4737], [-1036332.5635000002, 1808112.1504999995], [-1034988.3366999999, 1808985.3753999993], [-1033489.3627000004, 1809601.385399999], [-1031987.5327000003, 1809807.3749000002], [-1028077.8234999999, 1807507.4431999996], [-1026869.5127000008, 1806676.4076000005], [-1022028.0118000004, 1803034.9866000004], [-1021215.6848000009, 1801869.9584999997], [-1020995.7949000001, 1800251.2356000002], [-1020069.0083000008, 1799171.1696000006], [-1018526.6273999996, 1799133.207800001], [-1017260.9508999996, 1800103.4077000003], [-1015903.4956999999, 1800825.0190999992], [-1011287.8784999996, 1801354.4530999996], [-1009754.8526000008, 1801500.4963000007], [-1008201.8917999994, 1801378.1099999994], [-1006683.5011, 1801057.2265000008], [-1005230.7891000006, 1800508.8235], [-1004141.6783000007, 1799519.5540999994], [-1003292.4275000002, 1798220.7098999992], [-1002302.2492999993, 1796943.7405999992], [-1001208.5724, 1795864.1366000008], [-999927.7006000001, 1796127.0429999996], [-998559.7872000001, 1797173.7642], [-997343.5182000007, 1798198.2762000002], [-996062.6132999994, 1799025.9101999998], [-994521.3847000003, 1799162.1511000004], [-992969.2213000003, 1799313.4898000006], [-991521.4439000003, 1799945.2901000008], [-990328.7473000009, 1800940.6596000008], [-989529.5083000008, 1802416.241800001], [-988234.9757000003, 1802737.9063000008], [-986646.7222000007, 1802175.0631000008], [-985606.4774999991, 1801072.1533000004], [-985108.1699999999, 1799530.8081], [-985680.5863000005, 1798297.5944999997], [-986948.0912999995, 1797188.2273999993], [-987923.0441999994, 1795967.2607000005], [-989730.3146000002, 1793329.6031999998], [-990386.1379000004, 1791959.5244999994], [-989774.9149999991, 1790739.7749000005], [-987962.2740000002, 1788192.5177999996], [-986156.8892000001, 1785682.1872000005], [-986540.5450999998, 1784330.5660999995], [-987109.4711000007, 1782895.0955999997], [-986689.4282000009, 1781336.7495000008], [-985611.4733000007, 1780399.0746999998], [-984162.8407000005, 1779887.8379999995], [-982084.0588000007, 1779305.2952999994], [-980772.2699999996, 1778406.3753999993], [-980083.0905000009, 1777146.4090999998], [-980120.5440999996, 1775547.6667999998], [-981060.9190999996, 1774405.6371], [-982168.8882999998, 1773278.8090000004], [-982852.9199999999, 1771771.0703999996], [-982769.8209000006, 1770410.521400001], [-981570.3101000004, 1769353.5267999992], [-980186.8528000005, 1768504.2053999994], [-978839.2872000001, 1767731.4735000003], [-978813.7430000007, 1766362.6568], [-979927.1197999995, 1765278.480799999], [-986643.9312999994, 1761424.1863000002], [-988059.3638000004, 1760915.6307999995], [-989653.7080000006, 1760944.5544000007], [-991119.8484000005, 1760542.9642999992], [-992449.1093000006, 1759637.145300001], [-993357.0505999997, 1758435.1874000002], [-993809.4068999998, 1756927.7287000008], [-994027.5052000005, 1755393.3508000001], [-994110.0940000005, 1753857.0056999996], [-994748.0798000004, 1752431.8672000002], [-995732.6601, 1751214.4743000008], [-997097.4134, 1750570.2618000004], [-998667.6261, 1750246.7802000009], [-1000239.3299000002, 1750137.3772999998], [-1001674.6719000004, 1749695.4696999993], [-1005678.2129999995, 1747187.2084999997], [-1005863.5081999991, 1745803.6734999996], [-1005536.3386000004, 1744189.0978999995], [-1005118.4848999996, 1742541.7379], [-1004310.591, 1741549.8417000007], [-1002998.0968999993, 1742296.2568999995], [-1001521.9246999994, 1743192.8321000002], [-1000124.1349999998, 1743358.7437999994], [-1000076.2620999999, 1741752.0598000009], [-1000806.7890000008, 1740356.6093000006], [-1002004.9626000002, 1739393.3429000005], [-1003456.1653000005, 1738754.0886000004], [-1005023.9078000002, 1738674.3011000007], [-1006453.4441, 1738365.666099999], [-1007507.9307000004, 1737191.9147999994], [-1008691.2763999999, 1736150.2010999992], [-1010115.5977999996, 1735447.6340999994], [-1011582.8614000008, 1735628.6051000003], [-1013081.9885000009, 1736034.5024999995], [-1014610.9971999992, 1735740.2097999994], [-1016048.5409999993, 1735095.327299999], [-1017339.9749999996, 1733957.7825000007], [-1018531.3252000008, 1733700.2706000004], [-1022406.5008000005, 1736140.3027999997], [-1025730.7559999991, 1738988.4094999991], [-1025928.7930999994, 1740290.2504999992], [-1025507.0427999999, 1741967.4705999997], [-1026204.6187999994, 1742932.3597999997], [-1029383.3712000009, 1745990.0570999999], [-1030256.8849999998, 1745118.7328999992], [-1031241.6435000002, 1743614.1724999994], [-1032279.4927999992, 1742367.4379999992], [-1033522.6175999995, 1741576.1745999996], [-1036914.1349999998, 1739821.2456], [-1037730.1515999995, 1738535.4789000005], [-1041162.9741999991, 1735432.5084000006], [-1042810.8398000002, 1734991.1865999997], [-1043714.2283999994, 1734103.8304999992], [-1043490.5033999998, 1732513.6941999998], [-1043609.3048, 1730968.2376000006], [-1044241.4857000001, 1729541.4725000001], [-1045082.2105, 1728200.1852000002], [-1045966.2796999998, 1726925.7543000001], [-1045635.8688999992, 1725511.3005999997], [-1045193.5899, 1724019.1235000007], [-1045254.9464999996, 1722362.3444999997], [-1046047.2601999994, 1721289.7745999992], [-1051092.7193999998, 1717935.8391999993], [-1052532.2018999998, 1717368.3123000003], [-1054047.4123999998, 1716980.5405000001], [-1055587.055400001, 1716722.0905000009], [-1057112.9032000005, 1716682.3085999992], [-1061733.5932, 1717019.5759999994], [-1063214.8858000003, 1717339.5043000001], [-1067613.0990999993, 1718789.1053], [-1068786.9223999996, 1719675.9279999994], [-1069739.9649, 1720895.4080999997], [-1070828.0889999997, 1722003.9177], [-1072036.2629000004, 1722932.5196000002], [-1073518.5946999993, 1723072.9513000008], [-1075107.0054000001, 1722935.0844], [-1076467.0832000002, 1723525.4725000001], [-1077684.3534999993, 1724504.4410999995], [-1078805.6489000004, 1725531.0058999993], [-1079822.8115999997, 1726663.8960999995], [-1084488.1709000003, 1732639.6818000004], [-1085320.6619000006, 1733901.8726000004], [-1086040.1966999993, 1735241.8800000008], [-1086734.326199999, 1736607.8242000006], [-1087459.7698, 1737944.3895999994], [-1088582.0642000008, 1738927.2204], [-1089949.8997000009, 1739657.8433999997], [-1091389.3586, 1740194.8160999995], [-1092797.204500001, 1740775.5681999996], [-1094022.1016000006, 1741679.4286000002], [-1095108.5767, 1742754.7358], [-1095984.1053, 1744105.5991999991], [-1097116.2052999996, 1744897.2163999993], [-1098735.696799999, 1744790.9110000003], [-1100197.301000001, 1744140.328400001], [-1101544.5198, 1743078.2875999995], [-1101997.3587999996, 1741874.7676999997], [-1101202.3263000008, 1740521.6852000002], [-1100317.2508000005, 1739159.1001999993], [-1099451.414999999, 1737827.0385999996], [-1099219.0044999998, 1736447.1482999995], [-1099833.7694000006, 1734993.8411999997], [-1100594.9933000002, 1733584.5471], [-1101407.6415999997, 1732202.758199999], [-1102590.8000000007, 1731325.9529999997], [-1104159.5774000008, 1730975.4463999998], [-1105687.7741999999, 1731055.0593999997], [-1107171.3710999992, 1731551.0505999997], [-1108679.6800999995, 1731623.0558000002], [-1110213.3267, 1731282.1885000002], [-1111772.069599999, 1731141.9821000006], [-1113319.0841000006, 1731216.7017], [-1114748.954, 1731788.5884000007], [-1115919.1138000004, 1732770.5954999998], [-1116352.7005000003, 1734190.4474999998], [-1116598.3112000003, 1735735.6594999991], [-1116883.3728, 1737243.5216000006], [-1117686.7059000004, 1738558.5914999992], [-1118548.132099999, 1739760.7305999994], [-1117870.8600999992, 1741100.5188999996], [-1117181.466, 1742500.5916000009], [-1117525.2612999994, 1743958.9726999998], [-1118093.4765000008, 1745422.5273000002], [-1118713.0178999994, 1746844.1223000009], [-1119022.4278999995, 1748291.8674999997], [-1118606.2807, 1749816.1535999998], [-1118463.6322000008, 1751296.6621000003], [-1119122.9363000002, 1752690.6543000005], [-1120101.0254999995, 1753849.7861000001], [-1121310.9448000006, 1754794.2621999998], [-1122545.0855, 1755692.9192999993], [-1123769.3187000006, 1756595.0188999996], [-1126868.4584, 1759932.4064000007], [-1127874.6730000004, 1761046.9923999999], [-1128441.7003000006, 1762503.8245], [-1129204.9492000006, 1763768.5636], [-1130813.3643999994, 1764473.9283000007], [-1130983.1537999995, 1763473.4254], [-1130631.5201999992, 1761733.3757000007], [-1131574.9565999992, 1760374.2832999993], [-1132778.6828000005, 1760327.103599999], [-1133582.9034000002, 1761828.7967000008], [-1133278.9145999998, 1763407.1228999998], [-1132986.2567999996, 1764825.8059], [-1134250.1799999997, 1765452.9828999992], [-1135912.2488000002, 1765713.0755000003], [-1137462.5744000003, 1765693.9033000004], [-1138999.2239999995, 1765807.7938], [-1140517.4989999998, 1766068.3013000004], [-1142044.4690000005, 1766358.4100000001], [-1143545.6378000006, 1766727.2777999993], [-1144693.9636000004, 1767756.8475000001], [-1145727.2445999999, 1768704.320699999], [-1147337.8430000003, 1768397.0963000003], [-1148908.4218000006, 1767662.6908], [-1149514.4592000004, 1766667.9576999992], [-1148641.237400001, 1765174.0319999997], [-1148586.4792999998, 1763762.5758999996], [-1149598.0479000006, 1762490.1722], [-1150716.7568999995, 1761367.6019000001], [-1151935.2139999997, 1760384.6078999992], [-1153222.2537999991, 1759475.6703999992], [-1154516.7729000002, 1758588.4761999995], [-1155428.7268000003, 1757358.2994999997], [-1155991.1637999993, 1755882.1033999994], [-1156050.8476, 1754386.9442999996], [-1156109.5458000004, 1749797.3320000004], [-1155911.5756, 1748286.7051999997], [-1155653.5490000006, 1746787.5804999992], [-1155937.7854999993, 1745284.8372000009], [-1156465.8166000005, 1743819.9295000006], [-1157166.8016, 1742427.8366999999], [-1157683.0341999996, 1740986.2416999992], [-1157895.4291999992, 1739459.4682999998], [-1157913.8997000009, 1737831.8045000006], [-1157876.7563000005, 1736238.1673000008], [-1158984.319599999, 1735941.1338], [-1160709.3296000008, 1736258.982999999], [-1162293.9956, 1735910.8215999994], [-1163408.0349000003, 1734981.3280999996], [-1163615.8095999993, 1733361.455600001], [-1164408.6390000004, 1732144.853599999], [-1165853.9792, 1731388.2989000008], [-1167369.0209999997, 1731221.5625], [-1168945.2288000006, 1731573.4309], [-1170279.2148000002, 1731104.887], [-1171378.4979999997, 1729896.8939999994], [-1172323.7178000007, 1728606.8101000004], [-1173244.3263000008, 1727353.7342000008], [-1174721.6784000006, 1726766.9382000007], [-1176109.9155000001, 1727102.8578999992], [-1176741.802100001, 1728536.2684000004], [-1177673.8281999994, 1729725.1185999997], [-1178994.5292000007, 1730526.613], [-1180102.4211, 1731541.4542999994], [-1182858.6915000007, 1735190.8959], [-1183500.4658000004, 1736539.3719999995], [-1183837.0252, 1738039.6350999996], [-1184007.5547000002, 1739555.0254999995], [-1184018.8033000007, 1741089.2062], [-1183987.9166, 1742648.4902999997], [-1183964.135399999, 1744206.6285999995], [-1184617.4035999998, 1745505.9090999998], [-1185863.2561000008, 1746481.8252000008], [-1187304.9624000005, 1746825.0064000003], [-1190516.5263, 1747028.4137999993], [-1191886.1471999995, 1746728.1100999992], [-1192639.2074999996, 1745237.0636999998], [-1193712.4614000004, 1744389.9726999998], [-1199964.1116000004, 1744607.5366999991], [-1203655.4674999993, 1744627.9843000006], [-1206192.4370000008, 1743139.6547999997], [-1207559.6195999999, 1742342.827299999], [-1209038.2436999995, 1741569.798800001], [-1209694.759299999, 1740423.9046999998], [-1210348.0881999992, 1735958.4397999998], [-1210432.2854999993, 1734495.7084999997], [-1212019.4803999998, 1731621.3279999997], [-1213226.2890000008, 1730457.0951000005], [-1212749.1971000005, 1729244.4686999992], [-1211577.2124000005, 1728083.9396000002], [-1210405.0417999998, 1727104.3609999996], [-1209106.5723, 1726299.1712999996], [-1207646.1701999996, 1725834.5165], [-1206161.5702999998, 1725441.3182999995], [-1205012.2936000004, 1724499.7310000006], [-1200474.3556999993, 1720452.2617000006], [-1200159.5228000004, 1719142.4004999995], [-1200667.4054000005, 1717562.9239000008], [-1201784.3277000003, 1716562.9046], [-1203131.8605000004, 1715681.4868], [-1204139.2807999998, 1714502.1937000006], [-1205003.7927, 1713200.7430000007], [-1205647.9723000005, 1711705.7237], [-1206456.296599999, 1710479.6220999993], [-1207917.6526999995, 1710128.4405000005], [-1209533.5690000001, 1710016.9178999998], [-1211080.2796, 1709879.1380000003], [-1212620.2631, 1709720.1322000008], [-1214113.4769000001, 1709358.7128999997], [-1215543.4668000005, 1708726.7346], [-1217008.1184, 1708158.3299000002], [-1218509.5984000005, 1707667.4741999991], [-1219986.6460999995, 1707855.6681999993], [-1221414.4551999997, 1708502.7221000008], [-1222757.6651000008, 1707885.3763999995], [-1223844.7487000003, 1706667.4374000002], [-1224405.9035, 1705223.2504999992], [-1224554.0798000004, 1703680.5624000002], [-1224222.1685000006, 1702197.4408999998], [-1223877.9984000009, 1700694.6531000007], [-1223622.7393999994, 1699082.2172999997], [-1224048.7339999992, 1697777.3026], [-1225447.2675, 1696920.7843999993], [-1226952.6776, 1696592.9847999997], [-1228523.9063000008, 1696639.5252999999], [-1230041.9231000002, 1696331.0211999994], [-1231505.0406, 1695770.6162], [-1232859.4471000005, 1694953.7127], [-1234026.2161999997, 1693884.8048999999], [-1234498.4471000005, 1692508.6563000008], [-1236193.4520999994, 1686580.0150000006], [-1236500.5376999993, 1685067.6292000003], [-1236495.6949000005, 1683525.4547000006], [-1236183.5494999997, 1682019.6955999993], [-1235328.6070000008, 1680827.2679999992], [-1229518.0965, 1675898.9295000006], [-1225558.5435000006, 1673404.5250000004], [-1225069.9708999991, 1672477.4192999993], [-1226129.3248999994, 1670990.8204999994], [-1225681.2090000007, 1669884.716], [-1221819.5176999997, 1667143.7138], [-1213113.6777, 1664473.8978000004], [-1211626.3224, 1664101.8905999996], [-1210118.8681000005, 1663801.0459000003], [-1208590.8889000006, 1663598.7503999993], [-1207071.2769000009, 1663743.9225999992], [-1196357.0500000007, 1665056.1708000004], [-1194865.6752000004, 1665443.1285999995], [-1193427.7797999997, 1666057.240700001], [-1192100.6289000008, 1666931.680400001], [-1190740.5877999999, 1667575.7635999992], [-1186038.9443999995, 1667499.6490000002], [-1184654.6303000003, 1667311.0727999993], [-1183114.4022000004, 1664630.0712000001], [-1182387.9806999993, 1663302.7895], [-1181808.1469, 1661891.6188999992], [-1181424.8840999994, 1660422.8860999998], [-1181237.1357000005, 1658897.5358000007], [-1181338.3970999997, 1657377.6656999998], [-1181716.9688000008, 1655862.8451000005], [-1181665.5483, 1654369.9493000004], [-1180972.1976999994, 1649854.6965999994], [-1180685.4869999997, 1648340.4346999992], [-1180161.2970000003, 1646806.3823000006], [-1179775.3313999996, 1645353.1327999998], [-1180521.8551000003, 1644362.2623999994], [-1181185.9444999993, 1643369.0118000004], [-1180582.6393, 1641863.292199999], [-1177310.0866, 1636860.3353000004], [-1176201.7980000004, 1636028.3234], [-1174502.1508000009, 1635817.013699999], [-1174342.7761000004, 1634759.2651000004], [-1175235.1729000006, 1633228.8379999995], [-1176188.194599999, 1631971.9494000003], [-1176962.9814, 1630662.3929999992], [-1177162.113500001, 1629152.1976999994], [-1177528.6813999992, 1626079.4126999993], [-1177659.0031000003, 1624561.2466000002], [-1177505.9360000007, 1623042.0662999991], [-1177233.3924000002, 1621535.9192999993], [-1176934.8973999992, 1620010.8257], [-1176376.5841000006, 1618635.452299999], [-1175012.2105, 1618005.8487999998], [-1170462.5088999998, 1617577.6352999993], [-1168933.1823999994, 1617519.2854999993], [-1167380.6319999993, 1617679.5911999997], [-1166001.7906, 1617144.3330000006], [-1164691.4888000004, 1616318.0339000002], [-1163194.3856000006, 1616116.3677999992], [-1161640.0869999994, 1616072.7401], [-1160122.2825000007, 1615764.0369000006], [-1158700.546, 1615230.2156000007], [-1157539.325099999, 1614275.3464000002], [-1156421.5615999997, 1613227.3068000004], [-1155175.7312000003, 1612343.6050000004], [-1153850.8144000005, 1611605.1696000006], [-1152277.2751000002, 1611341.7288000006], [-1151843.9919000007, 1609920.8518000003], [-1152131.2195999995, 1608396.3285000008], [-1153274.2446999997, 1607372.4286000002], [-1154687.2755999994, 1606569.7979000006], [-1156274.9715999998, 1606084.6472999994], [-1157390.4286000002, 1605272.0262000002], [-1157549.9388999995, 1603712.2420000006], [-1157528.6424000002, 1602117.2601999994], [-1157421.9930000007, 1600558.4646000005], [-1156762.1906000003, 1599240.6161000002], [-1155562.0448000003, 1598203.7671000008], [-1154135.7869000006, 1598004.2462000009], [-1152564.1053999998, 1598214.2235000003], [-1151122.1526999995, 1597551.3129999992], [-1150437.7524999995, 1596230.9982999992], [-1150514.7794000003, 1594674.4732000008], [-1151702.8379999995, 1593706.2403999995], [-1152854.5448000003, 1592678.6636999995], [-1153075.5296, 1591147.4404000007], [-1152922.4997000005, 1589588.3726000004], [-1152809.1454000007, 1588105.6739000008], [-1153851.9919000007, 1586794.5535000004], [-1154317.5007000007, 1585539.1798999999], [-1153453.9967999998, 1584294.1885000002], [-1152340.8106999993, 1583130.5985000003], [-1150118.2226999998, 1581055.3653999995], [-1148951.4023000002, 1580100.6227000002], [-1147357.460000001, 1579656.0785000008], [-1146706.8708999995, 1578571.5776000004], [-1146945.1677, 1576927.0886000004], [-1147630.9739999995, 1575556.6206999999], [-1151213.9921000004, 1570584.6663000006], [-1152376.7771000005, 1569611.3120000008], [-1153725.4488999993, 1568796.216], [-1156449.7500999998, 1567156.3008999992], [-1157873.9546000008, 1566914.1994000003], [-1159359.6662000008, 1567426.6358000003], [-1160880.3221000005, 1567544.7217999995], [-1162425.6699, 1567308.5329], [-1163958.9510999992, 1566950.9795999993], [-1165180.5877, 1567727.2240999993], [-1166367.3046000004, 1568692.142000001], [-1167921.4136999995, 1568587.8531999998], [-1169457.3763999995, 1568434.673800001], [-1170980.4419, 1568120.1997999996], [-1172457.8287000004, 1567659.9717999995], [-1176389.4679000005, 1564997.5625], [-1176597.4179999996, 1563747.4392000008], [-1176032.9145999998, 1562188.7511999998], [-1175724.3639000002, 1560595.9458000008], [-1175725.2155000009, 1559083.7777999993], [-1176793.5185000002, 1558195.0688000005], [-1178348.4526000004, 1557571.7788999993], [-1179765.1502, 1556838.0514000002], [-1179970.1437999997, 1555310.6494999994], [-1180327.9820000008, 1553928.3431000002], [-1181615.8819999993, 1553212.1125000007], [-1183173.9436000008, 1552706.2293999996], [-1184729.8649000004, 1552303.1253999993], [-1185929.9743000008, 1551680.4704], [-1186458.7464000005, 1550168.4659000002], [-1187044.710000001, 1548669.7839000002], [-1187807.3660000004, 1547373.2864999995], [-1189235.5815999992, 1546855.3429000005], [-1190818.8271999992, 1546832.5592], [-1192359.1722999997, 1547116.364600001], [-1195739.985200001, 1548030.2391], [-1198720.3424999993, 1547364.2346], [-1200224.9934, 1547049.5175], [-1201753.3965000007, 1547423.0623000003], [-1203138.4964000005, 1547438.4980999995], [-1204291.3450000007, 1546341.8341000006], [-1205256.953400001, 1545089.9368999992], [-1206070.1099999994, 1543760.4859999996], [-1207095.0216000006, 1542616.7093000002], [-1208318.0840000007, 1541646.8268], [-1210273.3453000002, 1543884.0749999993], [-1211315.5681999996, 1544977.7624999993], [-1212577.7338999994, 1546080.0998999998], [-1213886.327299999, 1546697.7541000005], [-1214313.7905000001, 1545463.6062000003], [-1214675.2617000006, 1543795.9976000004], [-1216163.7686, 1543350.208900001], [-1220725.7431000005, 1543911.2753999997], [-1221796.1829000004, 1544121.3685999997], [-1221880.4025999997, 1545676.2939], [-1223304.7112000007, 1546094.0610000007], [-1224782.7348999996, 1545553.7532000002], [-1226296.1181000005, 1545110.8517000005], [-1227834.9592000004, 1544828.3397000004], [-1232195.2588999998, 1545882.5437000003], [-1236166.7726000007, 1545947.3778000008], [-1237251.4605, 1546205.6172000002], [-1238574.9587999992, 1547161.7946000006], [-1239982.3439000007, 1547712.1769999992], [-1241523.4228000008, 1547785.1900999993], [-1243029.4046, 1548052.210000001], [-1244402.5090999994, 1548706.7459999993], [-1245569.9213999994, 1549774.2095999997], [-1246142.9750999995, 1551078.2259999998], [-1245760.8115999997, 1552604.8080000002], [-1245189.4353999998, 1554228.7793000005], [-1244967.5559999999, 1555533.1438999996], [-1246507.7711999994, 1555295.7314], [-1247881.3951999992, 1555607.4048999995], [-1248550.1190000009, 1557081.269200001], [-1249131.3471000008, 1558495.0688000005], [-1249348.8293999992, 1560000.4390999991], [-1249257.1422000006, 1561539.5363999996], [-1250330.4974000007, 1562774.947899999], [-1251606.1875999998, 1562653.3434999995], [-1252792.5013999995, 1561385.3089000005], [-1254009.5249000005, 1560593.2981000002], [-1258828.3243000004, 1560398.7596000005], [-1260863.6317999996, 1562804.5887000002], [-1262929.5022, 1565124.3027999997], [-1264224.1679999996, 1565033.7731999997], [-1267243.1596000008, 1564215.8124000002], [-1268664.7129999995, 1563494.1448], [-1273062.0193000007, 1563949.6161000002], [-1274462.3466999996, 1564287.1959000006], [-1275724.7564000003, 1565197.333900001], [-1277147.2147000004, 1565713.4801000003], [-1278639.1371999998, 1566072.1597000007], [-1280154.8465, 1566388.2164999992], [-1281583.8366999999, 1566853.4958999995], [-1282648.9641999993, 1568031.7849000003], [-1283880.2125000004, 1568689.1810999997], [-1285450.6403, 1568491.6798], [-1287056.8663999997, 1568153.2559999991], [-1288421.3749000002, 1568281.3924000002], [-1289052.1250999998, 1569769.4713000003], [-1289362.637, 1571320.3607], [-1289941.4633000009, 1572643.6010999996], [-1291323.3893999998, 1573613.0167999994], [-1292627.6424000002, 1573672.1709000003], [-1293585.5890999995, 1572384.861300001], [-1294388.2882000003, 1570961.5954], [-1295045.1616999991, 1569557.2803000007], [-1295650.8866000008, 1568118.7580999993], [-1296306.9006999992, 1566723.6104000006], [-1297422.5753000006, 1565674.7778999992], [-1298718.4575999994, 1564777.9846], [-1300040.1093000006, 1563938.6099999994], [-1301361.5697000008, 1563106.7545999996], [-1302494.923800001, 1562060.7863999996], [-1303213.3124000002, 1560557.9989999998], [-1304423.3603000008, 1560716.1011999995], [-1305845.9452, 1561614.7981000002], [-1307185.4199, 1562410.7539000008], [-1308592.1093000006, 1562794.4298999999], [-1310121.4586999994, 1562399.3268], [-1311624.0918000005, 1562379.2210000008], [-1313083.3352000006, 1562863.261], [-1314540.8467999995, 1563469.3005], [-1315931.5578000005, 1563524.1001999993], [-1319731.2934000008, 1563510.9569000006], [-1326923.6744, 1563181.4031000007], [-1328407.7447999995, 1562931.6870000008], [-1329903.7653, 1562487.8482000008], [-1331389.8279999997, 1561958.7986999992], [-1332845.331700001, 1561418.4768000003], [-1334248.2869000006, 1560745.3614000008], [-1335625.1889999993, 1559933.3329000007], [-1336515.4167, 1558775.6810999997], [-1336542.8419000003, 1557227.0697000008], [-1336606.2315999996, 1555671.5976], [-1336969.6357000005, 1552553.4869], [-1337582.1184999999, 1551263.1107], [-1339010.8989000004, 1550597.2848000005], [-1340555.3126999997, 1550060.0243999995], [-1342079.7906, 1549781.3728999998], [-1343025.1786000002, 1550766.1284999996], [-1343827.3890000004, 1552177.0493], [-1344966.0467000008, 1553233.638699999], [-1346292.6125000007, 1553875.7314], [-1347852.6778999995, 1553624.2544999998], [-1351134.5515, 1553606.5457000006], [-1352415.0537999999, 1554351.3901000004], [-1356544.5925999992, 1555755.7149999999], [-1357730.6253999993, 1555832.9223999996], [-1358998.4495, 1554996.671599999], [-1361525.6734999996, 1553151.9949999992], [-1362994.2573000006, 1552672.6205000002], [-1364364.0096000005, 1553126.9575999994], [-1364590.5218000002, 1554735.2454000004], [-1365268.913899999, 1555900.6618000008], [-1366808.614, 1556188.3372000009], [-1368390.4822000004, 1556327.9220000003], [-1372811.6378000006, 1557290.4140000008], [-1374448.2290000003, 1557784.5175], [-1375591.3080000002, 1557447.2990000006], [-1375903.5097000003, 1555845.237400001], [-1376058.1494999994, 1554117.1930999998], [-1376205.0456000008, 1552489.0117000006], [-1377254.6381, 1552395.4123999998], [-1378741.1745999996, 1553085.2627000008], [-1380310.4447000008, 1553719.1920999996], [-1381801.1515999995, 1553348.4624000005], [-1383191.8353000004, 1552904.3454], [-1384222.8269999996, 1553993.5500000007], [-1385393.3980999999, 1555021.5025999993], [-1386892.125, 1555474.1272999998], [-1388141.989600001, 1554741.8325999994], [-1389307.6283999998, 1553634.2754999995], [-1390468.6416999996, 1552592.9652999993], [-1391745.4302999992, 1551723.4990999997], [-1393155.5340999998, 1551057.8783999998], [-1394632.568, 1550643.4506], [-1396161.9536000006, 1550413.1083000004], [-1397692.2278000005, 1550181.3916999996], [-1399214.0782999992, 1549924.1674000006], [-1400615.0179999992, 1549317.0256999992], [-1401938.927100001, 1548480.8019999992], [-1403343.2260999996, 1547829.2113000005], [-1404799.7478999998, 1547300.4155000001], [-1406298.0004999992, 1546826.487400001], [-1407816.2880000006, 1546499.8927999996], [-1409261.2481999993, 1546787.3290999997], [-1410608.9137999993, 1547573.0274], [-1411638.6195, 1548684.4713000003], [-1412647.8128999993, 1549777.2958000004], [-1414188.2668999992, 1550127.0944999997], [-1417883.9199, 1548716.9935999997], [-1422033.6725999992, 1547416.5270000007], [-1423550.9499999993, 1547102.6755999997], [-1425834.0097000003, 1548600.3450000007], [-1426562.8812000006, 1550007.5545000006], [-1426551.4313999992, 1551448.0901999995], [-1425656.0374999996, 1552814.2974999994], [-1425310.5865000002, 1554258.0413000006], [-1425688.804300001, 1555793.5504], [-1426587.1974999998, 1556938.6042], [-1427878.7565000001, 1557806.4322999995], [-1428989.9738999996, 1558959.5134999994], [-1429482.5055, 1560272.9499999993], [-1428840.9246999994, 1561787.5232999995], [-1427685.7947000004, 1562694.8066000007], [-1426039.9996000007, 1562560.2929999996], [-1424776.0011, 1563108.4778000005], [-1424012.1889999993, 1564550.3728], [-1423128.5668000001, 1565845.3989000004], [-1422151.7654, 1567052.3143000007], [-1420802.8358999994, 1568038.4754000008], [-1419646.8659000006, 1569003.4105999991], [-1419868.0507999994, 1570354.0055], [-1420915.8692000005, 1571596.0651999991], [-1422364.2221000008, 1572290.4245999996], [-1423416.3923000004, 1573199.6855999995], [-1423410.4437000006, 1574735.9283000007], [-1423506.2540000007, 1576297.5512000006], [-1423962.4817999993, 1577761.0503000002], [-1424646.4740999993, 1579108.6721], [-1425557.6225000005, 1580353.9992999993], [-1426737.6023999993, 1581236.4408999998], [-1428269.4703000002, 1581609.8626000006], [-1429511.8445999995, 1582371.9997000005], [-1430354.2776999995, 1583685.6209999993], [-1431754.2785, 1589382.7515999991], [-1431051.6072000004, 1590789.6096], [-1429892.668299999, 1591883.7424999997], [-1428500.2210000008, 1592582.7506000008], [-1426991.1593999993, 1593048.5042000003], [-1422636.0592, 1594119.4814], [-1421150.8695, 1594214.2495000008], [-1419754.8144000005, 1593834.1081000008], [-1419793.5675000008, 1595313.7346], [-1420326.4219000004, 1596811.6662000008], [-1420986.1581999995, 1598198.0343999993], [-1421179.7375000007, 1599703.5142], [-1420780.0241, 1601218.5785000008], [-1419609.3413999993, 1602202.3797999993], [-1418276.7388000004, 1603091.5336000007], [-1417668.9481000006, 1604438.6939000003], [-1417526.0593999997, 1606031.2149], [-1417618.3893, 1607547.8896999992], [-1418021.6377000008, 1610612.2805000003], [-1418388.4945, 1612051.0525000002], [-1421877.6884000003, 1616948.5549999997], [-1423161.4814, 1617727.8444999997], [-1428581.4902, 1620492.8835000005], [-1429980.6004000008, 1621121.2722999994], [-1431428.2305999994, 1621668.8446999993], [-1432258.206700001, 1622838.1898999996], [-1432557.668299999, 1624385.1371], [-1432475.4111000001, 1625934.3458999991], [-1432645.5251000002, 1628903.4966000002], [-1433154.9586999994, 1634576.4938999992], [-1433406.2454000004, 1636115.9606999997], [-1433897.6207999997, 1637520.6736999992], [-1434972.9913999997, 1638580.3014000002], [-1437350.4158999994, 1640562.1224000007], [-1438722.8147, 1640649.7124000005], [-1440151.4793999996, 1640935.1958000008], [-1441480.6096, 1641742.0574999992], [-1442537.6528999992, 1642795.795499999], [-1442260.6253999993, 1644305.4701000005], [-1442128.2796, 1645807.7633999996], [-1443155.0700000003, 1646959.7244000006], [-1444496.2727000006, 1647668.9645000007], [-1445765.6512000002, 1648486.1279000007], [-1448134.2433000002, 1650367.5423000008], [-1449333.2495000008, 1651354.0552999992], [-1449865.706700001, 1652637.8236999996], [-1449005.861300001, 1654000.4765000008], [-1448618.3734000009, 1655435.385399999], [-1449238.3197000008, 1660042.2166000009], [-1449974.4140000008, 1661257.1733], [-1451213.3767000008, 1662215.1864999998], [-1451596.4280999992, 1663622.4782999996], [-1451649.7666999996, 1665200.2476000004], [-1451738.3413999993, 1666733.1074], [-1452111.2335, 1668259.3411999997], [-1452820.1587000005, 1669870.1180000007], [-1453126.6964999996, 1671148.5395999998], [-1451943.5248000007, 1671235.2722999994], [-1450263.3436999992, 1671243.9832000006], [-1449097.1352999993, 1672338.0998999998], [-1448241.7587000001, 1673633.9080999997], [-1445983.3507000003, 1677762.1915000007], [-1445797.479699999, 1679219.2683000006], [-1446093.4026999995, 1680753.670499999], [-1447464.7479999997, 1681409.7660000008], [-1448789.0046999995, 1682149.4919000007], [-1449911.7920999993, 1683148.1755], [-1450504.1399000008, 1684603.0330999997], [-1451395.7007999998, 1685694.2629000004], [-1455255.9024, 1687947.8838999998], [-1456616.8685999997, 1688543.7298000008], [-1458182.8675999995, 1688630.1959000006], [-1459640.2665, 1688172.4894999992], [-1461007.0669, 1687358.4956999999], [-1462300.5193000007, 1686096.4674999993], [-1463327.295, 1685726.7767999992], [-1463817.9017999992, 1687353.8564], [-1464899.1645999998, 1688155.1414], [-1469550.4448000006, 1688650.2381999996], [-1471089.020300001, 1688715.1744], [-1472624.6576000005, 1688550.9346999992], [-1474071.7046000008, 1688021.4328000005], [-1475446.5809000004, 1687262.1895000003], [-1476709.5891999993, 1686311.2720999997], [-1478043.4155000001, 1685570.2759000007], [-1479572.3993999995, 1685335.7844999991], [-1481120.4790000003, 1685226.2525999993], [-1482659.2268000003, 1685182.4102999996], [-1484248.3829999994, 1685179.3868000004], [-1485740.5135999992, 1685393.3458999991], [-1486390.7249999996, 1686873.8808999993], [-1487362.7449999992, 1687350.2080000006], [-1488794.4026999995, 1686345.4617999997], [-1489260.5500000007, 1684872.3432], [-1489450.8839999996, 1683231.3648000006], [-1490334.4713000003, 1682407.2508000005], [-1493637.5989999995, 1682103.1142999995], [-1494972.7016000003, 1682285.0830000006], [-1495805.3202999998, 1683646.6699], [-1496018.2917999998, 1685135.9428000003], [-1495785.0255999994, 1689765.9450000003], [-1495600.6834999993, 1691296.1228999998], [-1495207.4583, 1692809.8660000004], [-1494539.4714000002, 1694319.0837999992], [-1494837.607999999, 1695590.2383999992], [-1496124.6627999991, 1696582.7786999997], [-1497545.5259000007, 1697067.6020999998], [-1500457.080600001, 1697977.1305999998], [-1501947.0897000004, 1698312.4019000009], [-1507449.7489, 1699314.697899999], [-1509061.2820999995, 1699066.4729999993], [-1509371.091, 1697762.9991999995], [-1509326.4331, 1696184.4713000003], [-1510508.9057999998, 1695087.7244000006], [-1512005.2771000005, 1694846.0006000008], [-1513436.9749999996, 1695394.0879999995], [-1514439.4969999995, 1696533.5518999994], [-1515254.606899999, 1697846.8049999997], [-1515925.4975000005, 1699260.1843999997], [-1517078.735200001, 1700098.8001000006], [-1518666.5069999993, 1700112.956700001], [-1520000.5962000005, 1699261.1861000005], [-1520831.9331999999, 1697973.3183999993], [-1520843.9213999994, 1696362.2415999994], [-1521399.0051000006, 1695035.0603999998], [-1524079.5494, 1693090.866800001], [-1525380.0779999997, 1692502.5303000007], [-1526284.8582000006, 1693639.6541000009], [-1527946.8352000006, 1699460.9255999997], [-1527810.7989000008, 1701077.2996999994], [-1527967.3628000002, 1702499.017000001], [-1529132.3369999994, 1703396.7149], [-1530565.7192000002, 1704098.7598], [-1531937.8225999996, 1704743.0813999996], [-1536110.5798000004, 1706439.7534999996], [-1539494.0453999992, 1706768.7580999993], [-1540803.2182, 1707384.7084999997], [-1541544.323999999, 1708728.207800001], [-1541921.8517000005, 1710234.5724999998], [-1541749.2119999994, 1711773.6631000005], [-1541251.8697999995, 1713388.3816], [-1540798.2781000007, 1714934.3147999998], [-1540757.0059999991, 1716255.2813000008], [-1542062.2979000006, 1716977.176000001], [-1543680.2427999992, 1716915.6941], [-1545013.7642, 1716002.0298999995], [-1546469.2225000001, 1715471.0233999994], [-1548040.3983999994, 1715657.8445999995], [-1548874.1117000002, 1716785.5154], [-1549507.9980999995, 1718244.2386000007], [-1550612.5629999992, 1719307.0714999996], [-1551968.7025000006, 1719911.4635000005], [-1556591.0833, 1720087.6061000004], [-1557672.1642000005, 1719068.3398000002], [-1558455.8565999996, 1717653.0833], [-1558985.4054000005, 1716187.053200001], [-1559191.1914000008, 1714668.7868000008], [-1559311.913899999, 1713130.2598], [-1559560.8791000005, 1711609.7662000004], [-1559940.5612000003, 1709536.2820999995], [-1558716.7693000007, 1708586.4880999997], [-1558042.3871999998, 1707276.077299999], [-1557863.1688, 1705715.6991000008], [-1559654.1893000007, 1699791.6527999993], [-1560180.9569000006, 1698569.4055000003], [-1561621.3808999993, 1698720.0118000004], [-1563259.2953999992, 1699062.5813999996], [-1564879.4641999993, 1699183.5535000004], [-1566169.3768000007, 1698568.3337999992], [-1567205.3680000007, 1697293.510399999], [-1567810.6645999998, 1695885.0790999997], [-1567830.0316000003, 1691325.1267000008], [-1567481.8699999992, 1689930.5692999996], [-1566477.6012999993, 1688740.7519000005], [-1565174.5163000003, 1687867.6151], [-1564280.0318, 1686741.6075], [-1564185.0304000005, 1685120.6051000003], [-1565148.3969, 1683985.6778999995], [-1566565.5461999997, 1683025.0025999993], [-1567837.6732, 1682061.9747000001], [-1568229.8815000001, 1680904.4585999995], [-1567238.2710999995, 1679516.5486999992], [-1566108.6383999996, 1678483.3048999999], [-1564957.0149000008, 1677507.9374000002], [-1564269.1059000008, 1676079.2018], [-1564168.4044000003, 1674612.2167000007], [-1565363.6282000002, 1673596.388699999], [-1566865.9571000002, 1673129.4721000008], [-1568427.0212999992, 1673073.8567999993], [-1569886.2124000005, 1673537.0036999993], [-1571323.7654, 1673899.7336], [-1572785.2639000006, 1673330.764799999], [-1574262.3903, 1672966.3780000005], [-1575766.6828000005, 1673258.3000000007], [-1577228.8743999992, 1673798.4283000007], [-1578605.0989999995, 1674121.5822], [-1579918.0699000005, 1673087.7422000002], [-1581254.7212000005, 1672972.9329000004], [-1585410.2291, 1675086.8982999995], [-1586161.5534000006, 1676371.5961000007], [-1586109.9585999995, 1677881.9287999999], [-1585241.6290000007, 1679244.8131000008], [-1585036.4768000003, 1680714.1717000008], [-1585421.6108, 1683948.6415], [-1586128.3911000006, 1684900.9651999995], [-1587733.3895999994, 1684650.7266000006], [-1589318.6605999991, 1684328.6570999995], [-1590843.8610999994, 1684050.0360000003], [-1592353.6608000007, 1684471.8619], [-1593807.2134000007, 1685145.0920000002], [-1594831.4258999992, 1684633.9822000004], [-1597556.0599000007, 1678757.0732000005], [-1597728.8197000008, 1677353.7791000009], [-1596817.5437000003, 1675936.4504000004], [-1598791.3329000007, 1671270.1042], [-1599866.6394999996, 1669981.8157000002], [-1605311.6513999999, 1668815.9598999992], [-1606830.6689, 1668490.8587999996], [-1608416.8220000006, 1668427.679300001], [-1610078.6635999996, 1668632.6821999997], [-1610774.4112, 1667830.0222999994], [-1610667.163899999, 1666097.2598], [-1611612.0022999998, 1664974.6065999996], [-1612866.9386, 1664007.0493], [-1614171.9472000003, 1663056.0932], [-1615352.9613000005, 1662028.0584999993], [-1616467.3599999994, 1660936.0548999999], [-1619626.5409999993, 1657359.4003999997], [-1620470.3759000003, 1656147.9061999992], [-1620148.7719, 1654737.2003000006], [-1619368.5307, 1653330.5563999992], [-1618299.3781000003, 1652079.3245], [-1617900.7018999998, 1650843.6469999999], [-1618849.8633999992, 1649529.2438999992], [-1620135.8857000005, 1648612.2575000003], [-1623054.8761999998, 1647477.6368000004], [-1624520.9078000002, 1646922.7343000006], [-1626141.5785000008, 1646455.8673999999], [-1627338.6527999993, 1646935.2073], [-1628189.2729000002, 1648150.9239000008], [-1629369.8754999992, 1650320.1528999992], [-1630825.1585000008, 1649774.7773000002], [-1632317.4014999997, 1649398.0779999997], [-1633872.8285000008, 1649289.3027], [-1635294.9476999994, 1648748.6009], [-1636346.0088999998, 1647587.5346000008], [-1637028.4892999995, 1646124.5161000006], [-1637062.8052999992, 1644677.4055000003], [-1636345.3171999995, 1643294.955600001], [-1635677.2545999996, 1641767.8626000006], [-1635297.6532000005, 1640350.6316999998], [-1636827.3669000007, 1640304.2895], [-1637417.6094000004, 1639629.3609999996], [-1636705.6674000006, 1638105.7676999997], [-1636282.6226000004, 1636595.3454999998], [-1637243.2916, 1635295.7657999992], [-1638554.7569999993, 1634804.8889000006], [-1639534.2442000005, 1635978.5353999995], [-1642028.8154000007, 1633638.9316000007], [-1642367.2427999992, 1632826.4915999994], [-1638101.2060000002, 1630709.1086], [-1636560.7739000004, 1630777.3103], [-1635069.5177999996, 1630972.2076999992], [-1634248.1075999998, 1629755.9595999997], [-1634095.0888999999, 1628206.9214999992], [-1634554.7097999994, 1626690.1071000006], [-1635353.5373999998, 1625258.7173999995], [-1634816.0446000006, 1624033.2412999999], [-1634062.8791000005, 1622797.0440999996], [-1634445.2744999994, 1621083.3738000002], [-1635177.9858, 1619662.2469999995], [-1636126.4153000005, 1619833.1777999997], [-1637400.0516999997, 1621097.5639999993], [-1639070.4324999992, 1620940.1637999993], [-1639488.5425000004, 1619923.0511000007], [-1638634.0036999993, 1618470.5065000001], [-1638372.6158000007, 1616904.5361000001], [-1638680.7767999992, 1615394.7825000007], [-1640052.8002000004, 1614848.6275999993], [-1641778.6980000008, 1614818.2024000008], [-1640755.1099999994, 1609120.3652999997], [-1639969.0050000008, 1607785.5348000005], [-1639073.739, 1606494.0565000009], [-1638593.9415000007, 1605175.1900999993], [-1639367.6703999992, 1603723.2214000002], [-1640801.4069999997, 1603253.0041000005], [-1642200.9125999995, 1602834.4849999994], [-1642849.7254000008, 1601407.4112999998], [-1643279.8235999998, 1599766.7621999998], [-1642841.7424999997, 1598745.9744000006], [-1641174.6469999999, 1599130.2002000008], [-1639981.3265000004, 1598446.0190999992], [-1638092.1129, 1596003.1357000005], [-1637325.5436000004, 1594630.013699999], [-1636584.7434, 1593429.7423999999], [-1635104.0678000003, 1593949.0934999995], [-1633849.4923999999, 1594879.8699999992], [-1632674.2141999993, 1595940.2675], [-1631462.0924999993, 1597148.4134], [-1630361.0429999996, 1596991.8708999995], [-1625014.6696000006, 1595188.6465000007], [-1624481.4662999995, 1593703.7027000003], [-1624281.7342000008, 1592135.611300001], [-1623427.7649000008, 1586190.2172999997], [-1622757.6313000005, 1581543.9634000007], [-1622354.6612, 1580561.1479000002], [-1616192.4616999999, 1582001.6818000004], [-1610310.262, 1583455.4721000008], [-1608706.0774000008, 1583535.2404999994], [-1607509.1888999995, 1582852.3531], [-1606693.5492000002, 1581494.0357000008], [-1605407.4072999991, 1580398.9925999995], [-1604102.5931000002, 1579801.2895999998], [-1604030.4730999991, 1580997.7451000009], [-1604141.5648999996, 1582760.6767999995], [-1603845.304300001, 1584357.1034999993], [-1602567.9429000001, 1584543.4700000007], [-1601028.9752999991, 1584749.3170999996], [-1599798.0894000009, 1585777.3417000007], [-1599524.6668999996, 1587356.461100001], [-1599231.2543000001, 1588737.0030000005], [-1597764.5689000003, 1588960.0342999995], [-1596164.4543999992, 1588646.8296000008], [-1594857.6268000007, 1587835.4496], [-1593450.6637999993, 1587403.9911000002], [-1591904.0289999992, 1587504.5285999998], [-1590322.6743, 1587537.4758000001], [-1588718.819599999, 1587482.3460000008], [-1587746.1776, 1586642.5925999992], [-1587407.1515999995, 1585038.2611999996], [-1587255.534, 1583498.3758000005], [-1587022.9005999994, 1582009.4011000004], [-1586224.8319000006, 1580705.0688000005], [-1584828.104699999, 1579952.6503999997], [-1583784.6180000007, 1579117.0073000006], [-1584199.7758000009, 1577590.4337000009], [-1584408.9113999996, 1576020.1346000005], [-1584504.7819999997, 1574430.7919999994], [-1584443.3015, 1572900.5994000006], [-1583959.642000001, 1571526.9908000007], [-1582639.1962000001, 1570619.8746000007], [-1581312.9234999996, 1571210.1278000008], [-1579905.8366999999, 1571745.0003999993], [-1578444.3494000006, 1571266.3743999992], [-1577036.0456000008, 1570643.5084000006], [-1575700.455, 1569924.8571000006], [-1574552.4761999995, 1568964.3819999993], [-1570633.0885000005, 1564405.6250999998], [-1570092.0352999996, 1563032.3007999994], [-1570025.298800001, 1561477.1527999993], [-1570359.4627999999, 1559914.3891000003], [-1570075.261499999, 1558487.428200001], [-1569084.4563999996, 1557141.5183000006], [-1568191.3428000007, 1555874.9999000002], [-1568360.2964999992, 1554790.6677], [-1569809.4507, 1551157.5150000006], [-1570867.9074000008, 1550174.5251000002], [-1572403.4383000005, 1549479.0404000003], [-1573897.7357, 1549305.4683999997], [-1575447.0961000007, 1549331.0536000002], [-1576890.8705000002, 1548729.3209000006], [-1578152.7716000006, 1547603.9853000008], [-1575196.9371000007, 1542767.1971000005], [-1573782.9543999992, 1541833.4836], [-1573345.022500001, 1540735.9317000005], [-1574080.2430000007, 1539331.3298000004], [-1575150.7740000002, 1538034.8734000009], [-1576478.3794, 1537218.9516000003], [-1577738.0464999992, 1536351.0251000002], [-1578414.3000000007, 1534953.8175000008], [-1579034.0785000008, 1533441.3246999998], [-1579890.0852000006, 1532297.5338000003], [-1581423.8917999994, 1532296.6450999994], [-1582941.0505, 1532782.3780000005], [-1585758.8059999999, 1531628.3466999996], [-1586945.8904, 1530386.0844999999], [-1588173.6620000005, 1529919.4714000002], [-1589211.3610999994, 1531120.8022000007], [-1589873.2262999993, 1532636.5814999994], [-1590483.8715000004, 1533927.6369000003], [-1591876.010399999, 1533566.9028999992], [-1593188.9342, 1532561.8639000002], [-1594199.1032999996, 1531332.3878000006], [-1595633.1665000003, 1530672.3134000003], [-1597168.7190000005, 1530635.2047000006], [-1598260.5716999993, 1531505.9184000008], [-1599203.6118, 1532763.0999999996], [-1600154.1214000005, 1534000.6468000002], [-1601112.9492000006, 1535175.4057999998], [-1602272.7217999995, 1536122.0556000005], [-1603658.5362, 1536727.9067000002], [-1605158.6787999999, 1537009.5713999998], [-1606679.6272, 1537032.4088000003], [-1609721.7419000007, 1536610.6864], [-1611205.0547000002, 1536211.5777000003], [-1615664.772500001, 1536268.0118000004], [-1617225.3098000009, 1536320.1096], [-1618701.638699999, 1535826.7093000002], [-1619873.2239999995, 1534770.2880000006], [-1619729.1253999993, 1533382.6724999994], [-1618019.8106999993, 1524317.8293999992], [-1617584.5847999994, 1522874.3890000004], [-1617002.9250000007, 1521478.4942000005], [-1615870.2331000008, 1518971.5895000007], [-1613877.8625000007, 1520218.9152000006], [-1612544.1953999996, 1520648.7343000006], [-1611323.8539000005, 1519793.6219999995], [-1610558.0900999997, 1518435.014799999], [-1610338.3483000007, 1516890.3388999999], [-1609757.2684000004, 1515507.9032000005], [-1608784.830600001, 1514333.0530999992], [-1607557.0328000002, 1513403.0673999991], [-1606163.8386000004, 1512887.1002999991], [-1604622.6269000005, 1513535.466], [-1603706.0568000004, 1512920.2431000005], [-1603118.3836000003, 1511401.0491000004], [-1602336.304300001, 1510095.3925], [-1601260.1272999998, 1509064.0340999998], [-1599922.5727999993, 1508283.9825], [-1599220.9853000008, 1507055.5165999997], [-1598612.4168999996, 1504014.0441999994], [-1598345.1861000005, 1502523.3715000004], [-1598369.4092999995, 1500986.4461000003], [-1599645.7287000008, 1492609.0780999996], [-1600202.769200001, 1491164.7795000002], [-1601710.1866999995, 1485350.3572000004], [-1600957.2383999992, 1484089.6425], [-1599936.3675999995, 1482866.5440999996], [-1598810.5858999994, 1481760.2780000009], [-1598096.0534000006, 1480598.3785999995], [-1598835.1958000008, 1479149.1032999996], [-1599789.3421999998, 1477809.7440000009], [-1600155.9876000006, 1476468.1085], [-1599383.5095000006, 1475096.0678000003], [-1598294.5132, 1474036.5382000003], [-1597163.1928000003, 1473049.1802999992], [-1596600.6424000002, 1471662.9546000008], [-1596241.5335000008, 1470149.8445999995], [-1596070.5018000007, 1468472.1557], [-1595164.0749999993, 1467688.8937999997], [-1593456.0046999995, 1467865.5056999996], [-1592127.5589000005, 1467593.572899999], [-1591854.9593000002, 1466046.8487], [-1591744.6170000006, 1464458.1576000005], [-1591806.2706000004, 1462928.7981000002], [-1592232.6272, 1461429.6359], [-1592937.4944000002, 1460061.4388999995], [-1594189.293299999, 1459125.1780999992], [-1595155.0710000005, 1457916.1148000006], [-1595886.2404999994, 1456545.2690999992], [-1596499.9464999996, 1455051.4412999991], [-1596660.607999999, 1453590.3971999995], [-1595942.2816000003, 1452270.5934999995], [-1593471.034, 1448556.0131], [-1592607.617900001, 1447366.5361000001], [-1591430.4050999992, 1446423.0307999998], [-1591465.9931000005, 1444824.5492000002], [-1592311.2358999997, 1443673.4773999993], [-1594158.072899999, 1443832.1885000002], [-1594913.7915000003, 1443315.4847], [-1594426.5963000003, 1441926.9002], [-1593621.0980999991, 1440354.0437000003], [-1592822.1766999997, 1438963.4135999996], [-1592380.8802000005, 1437636.9936999995], [-1593316.5045999996, 1436378.6225000005], [-1594118.7627000008, 1435001.0790999997], [-1594615.7877999991, 1433524.0802999996], [-1594371.8990000002, 1432084.5496999994], [-1593725.7993, 1430666.8493000008], [-1593038.2508000005, 1429296.9257999994], [-1592774.2003000006, 1427810.3047000002], [-1593048.0730000008, 1426163.6721], [-1592300.9584999997, 1425239.9351000004], [-1590663.3092999998, 1424966.5957999993], [-1589102.1870000008, 1424894.5844999999], [-1587573.0256999992, 1424889.4934], [-1586326.3402999993, 1424134.7235000003], [-1585353.3006999996, 1422921.0984000005], [-1584522.5269000009, 1421569.1267000008], [-1584754.9406000003, 1420272.4111000001], [-1585718.2566, 1418958.5043000001], [-1586220.3721999992, 1417494.2026000004], [-1586577.0945999995, 1415989.6593999993], [-1586788.1250999998, 1414455.9101], [-1586515.3238999993, 1412969.5299999993], [-1586007.6531000007, 1411516.7975999992], [-1586307.8358999994, 1410074.3626000006], [-1587188.4799000006, 1408691.6830000002], [-1588074.5560999997, 1407431.2015000004], [-1586955.3297000006, 1406614.4560000002], [-1585672.8061999995, 1405721.6207999997], [-1585531.1483999994, 1404200.8869000003], [-1585993.1928000003, 1402690.9421999995], [-1587064.3464000002, 1401393.2972999997], [-1587078.6008000001, 1400070.0262000002], [-1586400.3553, 1398736.0767], [-1585552.8849, 1397386.9993999992], [-1584891.1191000007, 1395999.8511999995], [-1584887.5177999996, 1394453.6676000003], [-1584755.3933000006, 1392974.9820000008], [-1583300.6356000006, 1388842.8423999995], [-1582467.8761999998, 1387989.070699999], [-1579289.4218000006, 1387439.9685999993], [-1577817.1850000005, 1387381.1852000002], [-1576638.0563999992, 1388543.6687000003], [-1575355.671599999, 1388359.8178000003], [-1571399.9173000008, 1385963.5193000007], [-1570139.2794000003, 1385126.8585], [-1569053.8855000008, 1384102.6991000008], [-1568155.2547999993, 1382886.6094000004], [-1567297.5322999991, 1381643.2325], [-1566486.5540999994, 1380369.5233999994], [-1565806.807, 1379023.8244000003], [-1565200.9352000002, 1377635.7300000004], [-1564648.6997999996, 1376224.1121999994], [-1564229.2514999993, 1374755.9379999992], [-1563831.9679000005, 1373292.2677999996], [-1562958.3461000007, 1372088.0333999991], [-1561822.8554999996, 1371059.9861999992], [-1560609.8830999993, 1370054.4241000004], [-1559255.788899999, 1369944.0658], [-1557778.42, 1370606.797700001], [-1556229.331700001, 1371018.5371000003], [-1554841.0884000007, 1370825.8921000008], [-1553850.1558999997, 1369636.6521000005], [-1552706.8966000006, 1368641.9843000006], [-1551438.7482999992, 1367825.7719], [-1549877.3736000005, 1367334.3198000006], [-1548572.6422000006, 1366770.9346999992], [-1548892.5921999998, 1365223.5420999993], [-1549043.1127000004, 1363883.043299999], [-1547775.7996999994, 1363546.0615999997], [-1544444.351399999, 1363479.6623], [-1542788.9119000006, 1363551.6306999996], [-1541860.3652, 1362697.7207999993], [-1539285.4175000004, 1361859.0372000001], [-1537799.5925999992, 1362291.5980999991], [-1536285.6111999992, 1362447.6528999992], [-1534703.5154999997, 1362190.8183999993], [-1533873.7524999995, 1361130.9111000001], [-1533578.071799999, 1359546.8928999994], [-1533350.2344000004, 1357878.6908], [-1532576.9719999991, 1356892.0760999992], [-1531118.8266000003, 1356704.8102000002], [-1529480.329, 1356786.4129000008], [-1527925.1996, 1357003.5473999996], [-1526419.3928999994, 1357570.1517999992], [-1525114.7079000007, 1357219.1984], [-1523975.0964000002, 1356129.2036000006], [-1522880.4089000002, 1355064.3399], [-1519016.2833999991, 1352637.1429999992], [-1517744.762, 1351932.990700001], [-1517507.8435999993, 1350567.8731999993], [-1517343.0121999998, 1349119.2512999997], [-1515921.0653000008, 1348400.2761000004], [-1514499.9696999993, 1348740.7204999998], [-1513039.3966000006, 1349365.1586000007], [-1511556.6432000007, 1349807.1849000007], [-1510059.6718000006, 1350001.1521000005], [-1505521.2427999992, 1350531.3336999994], [-1504440.2656999994, 1349981.293299999], [-1503702.0050000008, 1348498.6714999992], [-1502314.9952000007, 1347871.0244999994], [-1500892.5326000005, 1347405.6217999998], [-1499359.8133000005, 1347284.5603999998], [-1497862.1922999993, 1347515.0436000004], [-1496500.4034000002, 1348341.3498], [-1495004.8314999994, 1348606.6739000008], [-1493554.0935999993, 1348090.7843999993], [-1493300.6467000004, 1346711.0551999994], [-1493557.164999999, 1345082.8752999995], [-1494154.6411000006, 1343564.2653], [-1493810.8102000002, 1342286.5144999996], [-1492138.3081999999, 1338263.5272000004], [-1490306.5766000003, 1334132.1824999992], [-1489187.7864999995, 1333069.9729999993], [-1488314.7167000007, 1331923.197899999], [-1488346.5836999994, 1330372.6239999998], [-1488680.5340999998, 1328860.2252999991], [-1489230.5911999997, 1327413.2129999995], [-1489931.6011999995, 1326040.3519000001], [-1490668.4880999997, 1324681.4745000005], [-1491375.822899999, 1323309.7949], [-1492060.7226, 1321927.3644999992], [-1492724.6904000007, 1320534.6629000008], [-1493355.2502999995, 1319127.4371000007], [-1493936.4455999993, 1317698.7358999997], [-1494534.2716000006, 1316072.5244999994], [-1494728.6423000004, 1314754.4163000006], [-1491888.5505999997, 1313306.0593999997], [-1491145.3860999998, 1312013.4889000002], [-1487956.7205999997, 1308759.2279000003], [-1486423.9707999993, 1308411.9853000008], [-1484906.9242000002, 1308264.6623], [-1485019.8968000002, 1306963.9454999994], [-1485240.8618, 1305476.701199999], [-1483867.135399999, 1304823.7442000005], [-1482613.7414999995, 1303953.2618000004], [-1481786.5776000004, 1302678.2313], [-1480967.9195000008, 1301380.5627999995], [-1480108.7149, 1300126.6742000002], [-1478807.3626000006, 1299495.9548000004], [-1477272.6432000007, 1299226.521400001], [-1475567.9203999992, 1299159.2882000003], [-1474416.8198000006, 1298678.9525000006], [-1474533.3504000008, 1297158.0672999993], [-1474961.7108999994, 1295535.8555999994], [-1475530.6087999996, 1293993.5101999994], [-1474880.8765999991, 1293129.0052000005], [-1473217.8408000004, 1293099.0172000006], [-1471731.8564, 1292963.3298000004], [-1470729.5538999997, 1291956.7568999995], [-1469902.6406999994, 1290641.8746000007], [-1469106.4547000006, 1289304.4685999993], [-1468389.1893000007, 1287956.5143999998], [-1467546.2653, 1286729.8793000001], [-1466324.8166000005, 1285794.6127000004], [-1464902.8900000006, 1285461.0867999997], [-1461801.8787999991, 1285338.2573000006], [-1460511.8938999996, 1286053.1367000006], [-1459525.6319999993, 1287288.5771999992], [-1459142.4996000007, 1288859.3978000004], [-1458783.9331, 1290364.2510000002], [-1457594.354699999, 1291097.1031], [-1455961.9801000003, 1291039.6986999996], [-1454969.770300001, 1289951.8080000002], [-1454293.0149000008, 1288564.5778], [-1453786.9506, 1287128.1915000007], [-1453599.0347000007, 1285630.9338000007], [-1453390.299900001, 1282570.5359000005], [-1453557.3738000002, 1281074.0327000003], [-1454693.8982999995, 1276602.3088000007], [-1455185.7471999992, 1275143.9038999993], [-1457324.8275000006, 1269348.9312999994], [-1457883.3483000007, 1268021.0634000003], [-1459303.0616999995, 1267320.5119000003], [-1460380.9367999993, 1266326.6062000003], [-1462881.7649000008, 1260634.8410999998], [-1463355.5924999993, 1259185.4515000004], [-1463364.1973, 1257673.7336999997], [-1462883.9004999995, 1256222.3281999994], [-1461970.8991999999, 1255006.1985], [-1460836.9025999997, 1253886.0088], [-1459561.7851, 1253464.3456999995], [-1458196.4362000003, 1254333.0632000007], [-1456963.8354000002, 1255262.9713000003], [-1455760.2156000007, 1256232.9778000005], [-1454525.2226, 1257308.1687000003], [-1453201.6333000008, 1257480.1122999992], [-1451804.6469, 1256709.329500001], [-1450322.0653000008, 1255892.636499999], [-1449735.2306999993, 1254881.7387000006], [-1450855.9434999991, 1253599.5868999995], [-1452277.5175, 1253326.5483999997], [-1453831.1856999993, 1253563.3444999997], [-1455125.1774000004, 1252660.9635000005], [-1459521.6436, 1248178.9342999998], [-1458937.0879999995, 1247030.3374000005], [-1453959.4491000008, 1241144.1390000004], [-1452637.3414999992, 1240379.5199999996], [-1451140.0359000005, 1240376.5579000004], [-1450123.7091000006, 1241522.6500000004], [-1448985.5344999991, 1242575.4746000003], [-1447504.5878999997, 1243036.0606999993], [-1446000.697899999, 1243120.5523000006], [-1442967.4461000003, 1242812.0644000005], [-1441663.3844000008, 1241897.1166999992], [-1440475.5978999995, 1241125.4622000009], [-1439337.581700001, 1242143.7682000007], [-1439183.9307000004, 1243706.9498999994], [-1439218.3959999997, 1245122.6227000002], [-1437785.7804000005, 1245604.7320000008], [-1433217.0855, 1246213.3774999995], [-1431699.1698000003, 1246301.5971000008], [-1430217.5458000004, 1246186.7864999995], [-1429227.2160999998, 1247466.9330000002], [-1430222.6905000005, 1248713.7097999994], [-1430998.0318, 1249732.1314000003], [-1429947.1018000003, 1250394.9886000007], [-1428335.9770999998, 1250926.7239999995], [-1426681.1854999997, 1251403.3894999996], [-1425170.1348, 1251675.1076999996], [-1423701.2758000009, 1252174.0102999993], [-1422396.2397000007, 1253006.2271999996], [-1421886.4121000003, 1254523.5219999999], [-1421587.7595000006, 1256088.0712000001], [-1420473.0561999995, 1256106.0152000003], [-1418916.5497999992, 1255425.4407000002], [-1417680.4188, 1256221.7555], [-1416400.867900001, 1257263.4586999994], [-1415051.3464000002, 1257898.3491999991], [-1414100.3468999993, 1256679.8307000007], [-1412997.075099999, 1256055.3773999996], [-1409830.0066, 1254917.9361000005], [-1408331.9948999994, 1254868.3352000006], [-1407639.3835000005, 1252558.8209000006], [-1407546.3506000005, 1251088.2036000006], [-1406341.7226999998, 1250125.8685999997], [-1404847.4250000007, 1249739.125], [-1403286.5329, 1250095.6087999996], [-1401881.8346999995, 1249755.3684], [-1400754.7565000001, 1248682.9847999997], [-1400421.1689999998, 1247226.3643999994], [-1400022.6755999997, 1245769.5801], [-1399042.0700000003, 1244590.7145000007], [-1397666.0544000007, 1243660.9693], [-1396200.9639999997, 1243082.7236000001], [-1395867.9466999993, 1243965.5200999994], [-1396078.761, 1245765.2136000004], [-1395509.5501000006, 1247413.8637000006], [-1394603.9960999992, 1248367.8869000003], [-1393469.9286000002, 1247552.8334], [-1392318.1040000003, 1246310.0161000006], [-1391307.4902, 1245192.6086999997], [-1390287.7146000005, 1244082.0810000002], [-1389238.6075, 1242994.8464000002], [-1388051.8110000007, 1242076.7853999995], [-1386709.6897999998, 1241351.1254999992], [-1385718.867900001, 1240176.3871], [-1384965.6750000007, 1238645.0812999997], [-1384096.9463999998, 1237762.7459999993], [-1382903.6327, 1238664.1789999995], [-1381557.6874000002, 1239500.2490999997], [-1377225.8073999994, 1241399.9043000005], [-1375892.7718000002, 1241182.2153999992], [-1374711.8182999995, 1240127.1147000007], [-1373750.0568000004, 1238856.0669999998], [-1372952.3155000005, 1237487.0204000007], [-1371785.5922999997, 1237553.2844999991], [-1370465.2482999992, 1238652.2228999995], [-1367031.4923, 1241764.4966000002], [-1366107.9557000007, 1242982.3790000007], [-1365551.4460000005, 1244462.7172999997], [-1365932.4581000004, 1245949.1992000006], [-1366563.9371000007, 1247325.4546000008], [-1365631.0013999995, 1248219.9803999998], [-1362874.1107, 1249505.930400001], [-1361565.5776000004, 1248746.3570000008], [-1360506.2353000008, 1247688.8028999995], [-1359544.6218999997, 1246516.9781999998], [-1358634.1153999995, 1245279.1108], [-1357207.4978, 1244631.1929000001], [-1355736.5110999998, 1244597.9000000004], [-1354925.6170000006, 1245936.7281999998], [-1353948.0855, 1246928.8105999995], [-1350856.048800001, 1246707.6549999993], [-1349354.3638000004, 1246599.1206999999], [-1347903.4526000004, 1246150.8979000002], [-1346368.1334000006, 1245444.484099999], [-1345949.1319999993, 1244382.4853000008], [-1346886.8150999993, 1242997.2612999994], [-1347218.2035000008, 1241529.9754000008], [-1347748.0284000002, 1236955.7084], [-1347063.9804999996, 1235678.6954999994], [-1345808.2106999997, 1234710.1678], [-1344348.6063, 1234931.2569999993], [-1339966.7809999995, 1233707.6963], [-1338754.5813999996, 1232806.0778], [-1337632.2435999997, 1231754.2985999994], [-1336232.3693000004, 1231389.8388999999], [-1334671.6136000007, 1231691.5270000007], [-1333529.446799999, 1232682.8598999996], [-1332303.8162999991, 1233564.7929999996], [-1330835.9008000009, 1233992.742900001], [-1329115.4401999991, 1234411.3531], [-1329328.9103999995, 1232885.4938999992], [-1329724.1401000004, 1226939.1325000003], [-1329697.2079000007, 1225232.8571000006], [-1329429.1667999998, 1223686.5544000007], [-1328618.6230999995, 1223032.4088000003], [-1326945.5892999992, 1223668.609099999], [-1325588.3058000002, 1223235.6972000003], [-1324479.6572999991, 1222100.1513], [-1323745.4341000002, 1220783.3652], [-1323348.4454999994, 1219291.6341999993], [-1323327.2874999996, 1217683.1514999997], [-1323925.3040999994, 1216393.4955000002], [-1325594.6272999998, 1216152.4317000005], [-1328725.7398000006, 1212141.8117999993], [-1327902.0570999999, 1210847.8173999991], [-1326710.6451999992, 1209868.0669999998], [-1325448.9674999993, 1208966.455600001], [-1324133.4039999992, 1208286.6813999992], [-1322517.3081999999, 1208609.3598999996], [-1321721.8608, 1208154.1029000003], [-1321757.6143999994, 1203379.3171999995], [-1321808.6341999993, 1201845.0478000008], [-1322126.9801000003, 1200358.7186999992], [-1322700.3355, 1198925.9192999993], [-1323502.4287999999, 1197556.4803], [-1324207.6097999997, 1196213.5905000009], [-1323990.3490999993, 1194785.5167999994], [-1323396.4562, 1193334.647500001], [-1322712.9655000009, 1191946.6577000003], [-1321915.8882, 1190583.4454999994], [-1320776.9382000007, 1189757.5881999992], [-1319161.146400001, 1189766.0451999996], [-1317929.2103000004, 1189157.4766000006], [-1313159.9986000005, 1186363.1985999998], [-1311911.6153999995, 1185482.7643], [-1310701.3203999996, 1184524.8783999998], [-1309351.1438999996, 1183974.8215999994], [-1307843.0790999997, 1183892.4798000008], [-1306295.9375999998, 1183906.6798], [-1304791.4558000006, 1183724.5163000003], [-1303330.1772000007, 1183302.0547000002], [-1301899.2536999993, 1182676.9723000005], [-1300894.8164000008, 1181684.0754000004], [-1301373.8330000006, 1178580.1218999997], [-1301631.9563999996, 1177093.6905000005], [-1302595.0924999993, 1175925.2857000008], [-1303897.2677999996, 1175065.6883000005], [-1305386.6912999991, 1174668.9054000005], [-1306969.2752999999, 1174798.7862], [-1308031.2983999997, 1173851.2160999998], [-1308887.3804000001, 1172488.336100001], [-1309460.4198000003, 1171041.2083], [-1309522.3780000005, 1169415.4717999995], [-1308335.8526000008, 1165422.2653], [-1307192.4233999997, 1164551.9278999995], [-1305617.3403999992, 1164205.823999999], [-1304074.8523999993, 1164442.1379000004], [-1302919.8552, 1165419.1940000001], [-1301829.9688000008, 1166528.4044000003], [-1300262.4316000007, 1166993.4360000007], [-1298868.1451999992, 1166761.8902000003], [-1298290.5625, 1165393.7618000004], [-1298146.5908000004, 1163786.8822000008], [-1298346.5581999999, 1162258.0451999996], [-1298810.0886000004, 1160799.7188000008], [-1299521.1820999999, 1159427.2328999992], [-1299927.7491999995, 1157915.8715000004], [-1299939.1753000002, 1156422.3438000008], [-1299153.4799000006, 1155106.9255999997], [-1298526.9717999995, 1153760.0527], [-1298731.6000999995, 1152180.697899999], [-1299783.0724999998, 1151144.6656999998], [-1301161.2522, 1150368.4562], [-1301543.3244000003, 1148944.8169], [-1301114.1602999996, 1147652.6389000006], [-1300132.8363000005, 1146650.3804000001], [-1299043.0814999994, 1145905.1473999992], [-1298344.7511, 1145710.3059], [-1297906.6149000004, 1144641.8680000007], [-1297497.5242999997, 1144022.0899], [-1296423.2776999995, 1142921.7860000003], [-1294051.9427000005, 1141652.9070999995], [-1293474.4564999994, 1141066.5760999992], [-1293508.2952999994, 1139803.2782000005], [-1293980.428200001, 1138463.729699999], [-1295301.2369, 1135809.956700001], [-1295386.8435999993, 1135250.0905000009], [-1295265.0819000006, 1134920.237400001], [-1294691.1807000004, 1134449.0752000008], [-1292928.5679000001, 1133633.4716999996], [-1291633.5024999995, 1132448.4257999994], [-1289880.0390000008, 1131895.9746000003], [-1289236.8376000002, 1131411.3291999996], [-1288512.8551000003, 1130076.0939000007], [-1287058.0039000008, 1126146.9920000006], [-1287016.2310000006, 1122383.2218999993], [-1287152.8566999994, 1121370.1115000006], [-1287804.9750999995, 1120453.7189000007], [-1288716.7613999993, 1119877.4823000003], [-1289472.2815000005, 1119625.5143], [-1290145.4148999993, 1119628.5738999993], [-1291095.3927999996, 1119952.7391], [-1293919.8796999995, 1121880.9079999998], [-1297635.5863000005, 1124056.5329], [-1298345.3926, 1124242.2616000008], [-1298993.7047000006, 1124179.3888000008], [-1299405.3965000007, 1123930.0348000005], [-1299602.9420999996, 1123516.3040999994], [-1299389.2986999992, 1121975.8471000008], [-1298393.3644999992, 1118494.7414999995], [-1298351.7609, 1117475.0474999994], [-1298707.2748000007, 1116583.0492000002], [-1300334.4625000004, 1114753.7591999993], [-1300592.4964000005, 1114006.2468999997], [-1300527.640900001, 1113249.9379999992], [-1299984.2557999995, 1112414.0339000002], [-1299387.5021000002, 1112026.4191999994], [-1297725.0587000009, 1111875.9320999999], [-1297256.145300001, 1111663.7566999998], [-1296454.711100001, 1110799.5326000005], [-1295510.6863000002, 1109376.6981000006], [-1295238.1827000007, 1108425.2032999992], [-1295253.5449, 1106425.4627], [-1294909.5738999993, 1101561.7523999996], [-1294507.3447999991, 1099775.863], [-1293671.0032000002, 1097292.9871999994], [-1290926.5365999993, 1094096.7609], [-1289490.5127000008, 1093196.2644999996], [-1287746.831700001, 1092711.5004999992], [-1287144.9781, 1092821.758199999], [-1286298.4876000006, 1093439.0929000005], [-1285794.3882999998, 1093426.9058999997], [-1283373.2030999996, 1091817.1130999997], [-1281217.4879, 1090892.3337999992], [-1277710.489600001, 1088931.5567000005], [-1277058.0851000007, 1088738.0163000003], [-1274781.8683000002, 1088665.7391], [-1273600.7961999997, 1087939.9110000003], [-1272654.0228000004, 1086529.7119999994], [-1272197.1532000005, 1085176.9285000004], [-1272092.0012999997, 1084073.3092], [-1272283.2610999998, 1082195.2886999995], [-1272060.491800001, 1080514.5834], [-1272043.0627999995, 1078723.6959000006], [-1270787.6866999995, 1074931.7544], [-1270015.2081000004, 1071605.9275000002], [-1269618.7632999998, 1066960.7258000001], [-1269095.5237000007, 1066769.2583000008], [-1267611.3366999999, 1066966.7260999996], [-1263352.1007000003, 1065302.7796], [-1261748.8157000002, 1063064.0786000006], [-1259759.1985999998, 1061600.3110000007], [-1259050.7523999996, 1060870.5552999992], [-1258244.92, 1059597.3135000002], [-1257639.0847999994, 1058015.3819999993], [-1257313.9156999998, 1057687.9836999997], [-1256910.1554000005, 1057598.6510000005], [-1256397.3091000002, 1057802.6643000003], [-1255817.9813, 1058246.046599999], [-1255398.6294, 1058853.9109000005], [-1255060.3321000002, 1061275.1458], [-1253405.9364, 1064175.1653000005], [-1253171.9811000004, 1064832.8129999992], [-1253080.8995999992, 1065529.8456999995], [-1253206.9867000002, 1066934.7064999994], [-1252933.6897, 1067694.2069000006], [-1252243.2759000007, 1068167.4849999994], [-1250813.9673999995, 1068279.6690999996], [-1249318.1082000006, 1067705.7462000009], [-1248305.5678000003, 1066872.7712999992], [-1246991.6184, 1064870.4472000003], [-1245217.7684000004, 1062926.1699], [-1243090.554300001, 1060018.4557000007], [-1241267.9451000001, 1057157.9341000002], [-1240252.8104999997, 1054178.6356000006], [-1238887.4799000006, 1051692.3023000006], [-1238809.8759000003, 1050991.6734999996], [-1238981.5289999992, 1050433.9401999991], [-1241577.7392999995, 1046777.1994000003], [-1242233.5667000003, 1045408.7513999995], [-1242421.2167000007, 1044659.2335000001], [-1242293.6535, 1044234.3814000003], [-1242040.7788999993, 1044063.8639000002], [-1240313.5549999997, 1044199.7980000004], [-1239375.6429999992, 1043891.2174999993], [-1237803.4279999994, 1042335.8160999995], [-1236406.330600001, 1041562.9622000009], [-1235897.4806999993, 1040603.0851000007], [-1235896.2295999993, 1038005.7883000001], [-1236221.1519000009, 1037170.0176999997], [-1237253.7196999993, 1035654.7360999994], [-1237492.1787999999, 1034640.6798], [-1237290.9363000002, 1032993.6870000008], [-1236347.8246, 1030815.7918999996], [-1236109.7716000006, 1029878.7292], [-1236571.4469000008, 1025462.6974999998], [-1236378.1676000003, 1024468.0734000001], [-1235771.2600999996, 1024113.5263999999], [-1235026.7194999997, 1024123.6378000006], [-1232806.6987999994, 1024954.3521999996], [-1231895.4923999999, 1025067.5177999996], [-1229396.8016, 1024535.2402999997], [-1228608.8575999998, 1024142.3855000008], [-1227774.6504999995, 1023386.2451000009], [-1227209.697899999, 1022413.4587999992], [-1226997.4214999992, 1021590.2817000002], [-1227026.3737000003, 1019911.1164999995], [-1226690.1601999998, 1018900.0306000002], [-1226157.2771000005, 1018267.1708000004], [-1224596.1685000006, 1017249.2443000004], [-1224130.6513, 1016714.8798999991], [-1224181.3835000005, 1016211.0120999999], [-1224855.8100000005, 1014427.9242000002], [-1226609.9887000006, 1011555.7704000007], [-1226909.9638999999, 1010429.4579000007], [-1226935.0054000001, 1009469.3180999998], [-1226774.0065000001, 1008753.1235000007], [-1226302.2663000003, 1007828.4898000006], [-1224191.0699000005, 1005210.6339999996], [-1223491.0818000007, 1004040.6272], [-1223443.0987, 1001283.0025999993], [-1222232.5309999995, 998459.2938999999], [-1222024.58, 996962.2891000006], [-1222353.8600999992, 995974.8727000002], [-1223025.0851000007, 995105.2971999999], [-1224991.3230000008, 994072.9494000003], [-1226446.788899999, 992983.9317000005], [-1227071.9285000004, 991830.0320999995], [-1227187.4200999998, 990766.7741], [-1226472.8773999996, 987140.4377999995], [-1224666.7597000003, 984937.7780000009], [-1224365.9302999992, 984268.9006999992], [-1224368.1842999998, 983582.8717999998], [-1224863.2379, 981935.5524000004], [-1224989.2202000003, 980883.0360000003], [-1224909.4953000005, 980434.5080999993], [-1224430.5420999993, 978239.9499999993], [-1223608.2587000001, 976600.2630000003], [-1221750.9769000001, 974683.5972000007], [-1221526.1075999998, 974001.4882999994], [-1221624.0131, 973561.5387999993], [-1222018.9350000005, 973046.6210999992], [-1224382.7926000003, 971301.3445999995], [-1224840.142000001, 970817.0793999992], [-1225121.3319000006, 970205.0272000004], [-1225553.1577000003, 966509.4505000003], [-1224920.0656000003, 963372.7839000002], [-1224399.6237000003, 962861.4052000009], [-1223789.5539999995, 962707.7411000002], [-1223108.5955999997, 962825.4758000001], [-1221624.8527000006, 963479.7266000006], [-1218909.2153999992, 964311.1109999996], [-1217683.4770999998, 964275.4627999999], [-1214522.6241999995, 963808.9777000006], [-1213628.9012000002, 963912.4794999994], [-1212801.5087000001, 964775.0366999991], [-1212202.8121000007, 965815.2956000008], [-1211985.7850000001, 966689.9499999993], [-1211983.6886999998, 968050.9060999993], [-1211797.1359, 968545.0232999995], [-1210259.8672000002, 969547.3456999995], [-1208280.3136, 971651.0690000001], [-1207627.5715999994, 971989.2148000002], [-1207209.5124999993, 971913.7032999992], [-1206649.3549000006, 970919.8527000006], [-1206066.4423999991, 969133.2414999995], [-1205336.9343999997, 967642.0021000002], [-1202656.6519000009, 964115.8613000009], [-1201013.9225999992, 962625.0820000004], [-1199965.8782000002, 961918.3857000005], [-1194368.5878999997, 959324.7367000002], [-1193163.6237000003, 957855.1236000005], [-1192573.4244999997, 956406.0156999994], [-1192415.3720999993, 953719.2816000003], [-1192913.3607, 952860.4625000004], [-1195739.8209000006, 950273.3136], [-1197751.7537999991, 949251.3944000006], [-1199692.1537999995, 947922.5118000004], [-1201457.7798999995, 947030.0830000006], [-1202347.7164999992, 946238.9480000008], [-1202730.1925000008, 945655.0162000004], [-1202939.454500001, 944471.1215000004], [-1202826.3848, 943260.9565999992], [-1202289.6860000007, 940664.2728000004], [-1201652.4681000002, 939603.8978000004], [-1197822.9212999996, 935439.5844], [-1196519.3615000006, 934967.1715999991], [-1194304.0417999998, 934784.1351999994], [-1193431.5321999993, 934211.6068999991], [-1191915.6862000003, 931916.4327000007], [-1190742.9459000006, 928348.0530999992], [-1189781.5315000005, 927124.4962000009], [-1189045.6262999997, 926622.5662999991], [-1187983.9020000007, 926560.3939999994], [-1185092.6223000009, 927535.4031000007], [-1184335.6538999993, 927571.6130999997], [-1181745.3565999996, 926354.0833999999], [-1178117.4877000004, 925080.2828000002], [-1174790.0669999998, 924308.7281], [-1173901.6191000007, 924482.6884000003], [-1173402.5560999997, 924850.4256999996], [-1173028.9367999993, 925262.0561999995], [-1172578.0881999992, 926046.3146000002], [-1172318.857999999, 926926.1940000001], [-1172011.3605000004, 927389.5305000003], [-1171543.9291999992, 927511.4191999994], [-1170804.8786999993, 927366.9419999998], [-1170293.4025999997, 926588.4041000009], [-1170408.0072000008, 924458.9598999992], [-1170999.5232999995, 922810.5602000002], [-1171731.0505999997, 920424.6724999994], [-1172252.4185000006, 916400.9701000005], [-1172155.1851000004, 915387.0303000007], [-1170853.6627999991, 912696.0175000001], [-1169315.7851999998, 910948.6557999998], [-1168939.9316000007, 910286.6040000003], [-1168847.3094999995, 909632.0971000008], [-1169102.3510999996, 908338.7739000004], [-1169056.0507999994, 907711.1894000005], [-1168720.4732000008, 906606.1997999996], [-1167789.3169999998, 904743.9365999997], [-1166863.7144000009, 903730.3252000008], [-1164681.9059999995, 902132.9232999999], [-1162927.8414999992, 900142.0241999999], [-1159151.1259000003, 892951.6170000006], [-1158929.2951999996, 891607.7338999994], [-1159606.703400001, 889613.2333000004], [-1159785.0417, 888455.3757000007], [-1159425.5385999996, 887035.5706999991], [-1158299.4266999997, 885421.4220000003], [-1158041.6417999994, 884598.2821999993], [-1158039.7007999998, 882864.1447000001], [-1157732.9031000007, 880390.1164999995], [-1158215.3746000007, 877687.6329999994], [-1158205.5481000002, 876595.6306999996], [-1157810.4464999996, 875172.7451000009], [-1156208.3827999998, 871281.4115999993], [-1155373.2839000002, 870347.0976], [-1154098.9447000008, 869753.2568999995], [-1151176.9505000003, 869167.1187999994], [-1149763.0747999996, 869244.1668999996], [-1149263.2200000007, 869529.7738000005], [-1148821.841, 870063.1328999996], [-1148369.2511, 872110.5336000007], [-1147592.2420000006, 873487.6066999994], [-1146503.9706999995, 874690.1217999998], [-1143114.4572, 877802.4214999992], [-1142375.0940000005, 878180.9617999997], [-1141676.3357999995, 878288.5558000002], [-1138456.4959999993, 878037.4527000003], [-1137712.3246, 877785.9118000008], [-1137068.1977999993, 877176.0215000007], [-1136754.0469000004, 876528.3134000003], [-1136526.9630999994, 875427.9080999997], [-1136781.9946999997, 872705.0748999994], [-1136641.1473999992, 871366.1469999999], [-1136062.0693999995, 869208.4277999997], [-1134789.6801999994, 867138.3709999993], [-1134392.2797999997, 865855.4112999998], [-1134416.9002, 864718.5968999993], [-1135224.702299999, 861189.7141999993], [-1135050.0493, 860283.1838000007], [-1133849.0062000006, 858470.7596000005], [-1133264.1215000004, 857897.5677000005], [-1130831.3022000007, 855513.1568], [-1130310.6019000001, 854782.2729000002], [-1129360.2814000007, 852593.8918999992], [-1129308.5076000001, 850141.4777000006], [-1128952.4734000005, 848733.5337000005], [-1128336.1543000005, 847870.7241999991], [-1126249.9506, 845940.0382000003], [-1125585.4697999991, 845013.0153000001], [-1125375.2193, 843833.9777000006], [-1125781.0404000003, 841785.4065000005], [-1125809.0176999997, 840656.1579], [-1125518.4798000008, 839204.9770999998], [-1124875.2868000008, 837775.6016000006], [-1123899.9803999998, 836568.3593000006], [-1121186.2602999993, 834694.0168999992], [-1120637.5818000007, 833899.2295999993], [-1120596.6517999992, 832543.8684999999], [-1121279.9025999997, 829611.7837000005], [-1122689.2646999992, 826714.1105000004], [-1122917.6630000006, 825778.1938000005], [-1122569.1272, 823351.2036000006], [-1122728.8454, 820713.6535999998], [-1122175.5884000007, 818575.9853000008], [-1121362.6878999993, 817349.6406999994], [-1119874.4263000004, 816112.5540999994], [-1118966.6150000002, 815638.7434999999], [-1117303.8913000003, 815231.8797999993], [-1116125.3352000006, 814507.1558999997], [-1115710.7423999999, 813808.1552000009], [-1115285.6308999993, 811950.3279999997], [-1114765.772500001, 811130.4093999993], [-1113418.4409999996, 809938.0513000004], [-1110555.3464000002, 807935.5362], [-1109137.8609999996, 806033.6701999996], [-1107365.6853999998, 804143.5930000003], [-1107151.6818000004, 803269.1765000001], [-1107325.4453999996, 802086.3175000008], [-1108900.4087000005, 799733.6834999993], [-1109236.8763999995, 798717.6483999994], [-1108898.670499999, 795436.3092999998], [-1108438.5362, 794261.3894999996], [-1106760.2690999992, 792607.2160999998], [-1105228.7186999992, 790183.6001999993], [-1104035.1729000006, 788766.7819999997], [-1101060.9165000003, 787776.9600000009], [-1098783.9607999995, 786750.8918999992], [-1097111.9692000002, 786346.5239000004], [-1095771.1928000003, 785381.5983000007], [-1094000.9123, 784474.0118000004], [-1093918.9658000004, 784180.6076999996], [-1094373.2445, 782143.0886000004], [-1094256.3734000009, 781455.2098999992], [-1093869.5313000008, 780686.2938000001], [-1092358.3979000002, 779010.7842999995], [-1090565.1762000006, 778300.5369000006], [-1090139.5395, 777951.7492999993], [-1087882.0720000006, 774899.1903000008], [-1086852.6174999997, 772803.7178000007], [-1086192.5790999997, 770328.1567000002], [-1085768.8621999994, 766407.7263999991], [-1084818.8866000008, 764235.0755000003], [-1084743.2814000007, 763297.0271000005], [-1085227.6809, 762751.5044], [-1088602.1166999992, 761804.5768999998], [-1089944.8453000002, 761035.7317999993], [-1090278.6690999996, 760511.4481000006], [-1090455.6709000003, 759697.0239000004], [-1090447.0545000006, 759023.4938999992], [-1090213.9057, 758254.2712999992], [-1089478.491800001, 757611.6783000007], [-1087483.1019000001, 757063.6066999994], [-1086426.9505000003, 756151.2854999993], [-1086015.602499999, 755304.3116999995], [-1085580.2441000007, 753180.8702000007], [-1085110.5968999993, 752084.2017000001], [-1083971.4996000007, 750504.7073999997], [-1082450.2151999995, 749103.5473999996], [-1081033.0134999994, 746658.2263999991], [-1079202.4361000005, 745356.5741000008], [-1078586.708900001, 744659.3399999999], [-1077964.3720999993, 743240.1359000001], [-1077520.7508000005, 741133.8673999999], [-1077155.3287000004, 740638.3965000007], [-1076458.0669999998, 740191.9337000009], [-1075924.0505999997, 740091.6235000007], [-1073865.5572999995, 740571.6467000004], [-1072499.466, 740595.6437999997], [-1071582.6204000004, 740292.6597000007], [-1071153.9214999992, 739762.4361000005], [-1070569.0683999993, 737416.909], [-1070374.7060000002, 732997.8571000006], [-1070776.6469, 731795.6220999993], [-1072077.6947000008, 730566.3804000001], [-1072214.1075999998, 729736.7602999993], [-1071531.6713999994, 727738.8986000009], [-1069561.4880999997, 724967.8504000008], [-1069157.1696000006, 724166.318], [-1068753.0242999997, 720094.7122000009], [-1068504.4309999999, 719377.0759999994], [-1068090.9374000002, 718791.1175999995], [-1067525.5336000007, 718568.3200000003], [-1066898.5066, 718784.3812000006], [-1064792.6838000007, 720890.0895000007], [-1063799.7723999992, 721397.5760999992], [-1062780.2673000004, 721577.0973000005], [-1057474.2444000002, 721745.0900999997], [-1055975.2221000008, 721206.6307999995], [-1054474.4682, 720879.0274999999], [-1053965.0052000005, 720542.8870999999], [-1053594.9658000004, 719930.6294], [-1049709.579500001, 707494.0212999992], [-1048637.2995999996, 705016.3968000002], [-1047267.8825000003, 703028.3177000005], [-1046838.2907999996, 702045.9010000005], [-1046419.8399999999, 699021.7908999994], [-1045950.3734000009, 698387.3110000007], [-1044632.4795999993, 697170.5766000003], [-1043533.4692000002, 695131.0088999998], [-1042142.3924000002, 693492.9605999999], [-1041969.8254000004, 693086.5686000008], [-1042100.4456999991, 692235.4536000006], [-1042924.0616999995, 690977.5022999998], [-1043257.1944999993, 690004.0672999993], [-1042975.2120999992, 688009.6002999991], [-1042158.6674000006, 686299.7807], [-1042029.7660000008, 685361.5216000006], [-1042230.6715999991, 684151.3244000003], [-1042967.7094999999, 682359.1119999997], [-1043262.4185000006, 681012.8013000004], [-1043203.9228000008, 679880.8176000006], [-1042471.4732000008, 676448.2068000007], [-1042228.9529999997, 674195.3530000001], [-1042710.6575000007, 671155.2418000009], [-1043395.9888000004, 666827.9554999992], [-1043005.2072000001, 664824.3812000006], [-1041701.5118000004, 661031.0724], [-1040964.9353999998, 659386.7464000005], [-1040853.0181000009, 655743.4098000005], [-1041262.0164000001, 651421.9478999991], [-1041526.1488000005, 650359.7993999999], [-1042042.4101999998, 649531.5636], [-1043257.2774999999, 648606.8624000009], [-1044093.6631000005, 647437.1798999999], [-1044704.0689000003, 645929.6777999997], [-1045166.5194000006, 643554.7072999999], [-1045309.0037999991, 641298.2325999998], [-1044146.0250000004, 635079.3817999996], [-1043967.3312999997, 633377.1762000006], [-1044466.5835999995, 629329.9534000009], [-1045562.2520000003, 626348.5197999999], [-1045554.3797999993, 623364.2602999993], [-1045681.0534000006, 622681.2982000001], [-1046180.2532000002, 621674.3180999998], [-1048224.3691000007, 619283.0735999998], [-1048541.8648000006, 618000.1437999997], [-1048708.0366999991, 615286.1857999992], [-1049258.0721000005, 613868.8232000005], [-1049958.7912000008, 613422.0223999992], [-1052901.6404999997, 612809.227], [-1054345.3156000003, 612143.7414999995], [-1055098.6723999996, 611623.4311999995], [-1055538.6812999994, 610927.2993000001], [-1055655.1560999993, 610204.4353999998], [-1055430.663899999, 608165.1787], [-1055182.2049000002, 607190.7096999995], [-1054682.6685000006, 606171.4195000008], [-1053920.8787999991, 604978.9988000002], [-1053217.9837999996, 604367.9302999992], [-1049912.5527999997, 602848.4320999999], [-1048226.341, 602849.3728], [-1046128.9700000007, 603249.2641000003], [-1045402.8278000001, 603000.8980999999], [-1045051.8435999993, 602548.2914000005], [-1044912.2980000004, 601740.0763000008], [-1045153.5545000006, 600386.7609999999], [-1047298.818, 596272.6566000003], [-1048644.4163000006, 591812.0374999996], [-1050439.7487000003, 591700.7808999997], [-1051921.4719999991, 591526.6601999998], [-1053385.4109000005, 590979.0033], [-1054741.6651000008, 590897.7707000002], [-1055888.0659999996, 591953.3004000001], [-1057097.6742000002, 592833.0763000008], [-1062662.1110999994, 594970.7210000008], [-1064150.3907999992, 595459.3610999994], [-1065523.5347000007, 595354.2011999991], [-1066605.3915, 594203.5645000003], [-1068904.3144000005, 590556.7606000006], [-1071033.1289000008, 584980.4493000004], [-1070876.1499000005, 583490.4024999999], [-1070051.1137000006, 582256.1001999993], [-1068640.5984000005, 581721.7175999992], [-1067139.5040000007, 581434.0519999992], [-1065640.9748999998, 581267.7497000005], [-1060642.6566000003, 578204.4394000005], [-1060039.5684999991, 576821.7733999994], [-1060056.1374999993, 575304.8103999998], [-1060548.9030000009, 573833.4350000005], [-1061583.7149999999, 572785.4788000006], [-1062868.4864000008, 571938.7127999999], [-1064256.2940999996, 567671.7405999992], [-1064589.0025999993, 566394.1563000008], [-1063666.2624999993, 565158.6776], [-1063015.6725999992, 563793.2304999996], [-1062917.9737999998, 562262.8563000001], [-1063482.8026, 560912.3597999997], [-1065317.6456000004, 558473.9522999991], [-1066021.3172999993, 557107.9181999993], [-1065945.2336999997, 555684.8396000005], [-1065240.5701000001, 554331.3092], [-1064613.4175000004, 552889.5854000002], [-1064160.1908, 551406.9609999992], [-1064916.1259000003, 550415.7795000002], [-1067949.9666000009, 549017.8507000003], [-1068698.4839999992, 548030.7912000008], [-1068398.7301000003, 546664.0749999993], [-1067308.6815000009, 544035.2293999996], [-1045772.9976000004, 540057.8681000005], [-1031669.8797999993, 537435.8710999992], [-1020349.4600000009, 535323.5891999993], [-1019659.4853000008, 533633.8429000005], [-1019800.8875999991, 532489.5682999995], [-1019250.5530999992, 530976.1486000009], [-1018425.0515000001, 530425.8142000008], [-1019181.7612999994, 528981.1863000002], [-1019525.7204, 528155.6846999992], [-1018493.8432999998, 526711.0568000004], [-1018081.0924999993, 525610.3879000004], [-1018562.6350999996, 524234.55179999955], [-1019388.1368000004, 523546.63379999995], [-1021039.1401000004, 523340.25840000063], [-1021107.9319000002, 522583.54849999957], [-1020007.2630000003, 521138.92060000077], [-1018837.8023000006, 519763.0844999999], [-1018012.3006999996, 519006.3747000005], [-1017599.5497999992, 518249.66479999945], [-1017874.7171, 517080.20419999957], [-1019112.9694999997, 516185.9107000008], [-1018218.6761000007, 515773.1599000003], [-1016980.4235999994, 514947.6581999995], [-1015915.3125, 513721.53130000085], [-1015907.2316999994, 513718.1615999993], [-1014228.7513999995, 513434.2385000009], [-1013128.0825999994, 514190.9484000001], [-1012336.8125, 515650.875], [-1011085.125, 515068.8125], [-1009799.8125, 514163.0625], [-1008248.5, 515680.78130000085], [-1007349.5710000005, 516667.45329999924], [-1006455.2775999997, 516323.49430000037], [-1005560.9840999991, 515497.99269999936], [-1005423.4004999995, 514672.4910000004], [-1003703.6053999998, 514259.7401999999], [-1003566.0218000002, 513503.0303000007], [-1003428.4382000007, 512333.5697000008], [-1001994.625, 510820.5], [-1002384.8125, 510428.84380000085], [-1003212.6875, 508706.84380000085], [-1002946.8955000006, 506830.2252999991], [-1001777.4349000007, 505110.43019999936], [-1001158.3085999992, 504491.30399999954], [-1000401.5987999998, 502771.5088999998], [-999576.0971000008, 500638.9629999995], [-999507.3052999992, 498987.9595999997], [-999920.0561999995, 498368.8333999999], [-1000975.8566999994, 498008.3161999993], [-1001983.8103, 496786.6218999997], [-1002465.3529000003, 495754.7447999995], [-1002465.3529000003, 494585.28419999965], [-1003634.8136, 493347.03170000017], [-1004047.5644000005, 491696.0284000002], [-1004529.1070000008, 490320.1922999993], [-1004597.8988000005, 489081.9397999998], [-1004460.3151999991, 488256.4382000007], [-1003703.6053999998, 487499.7282999996], [-1002878.1037000008, 486536.6431000009], [-1001983.8103, 486192.6841000002], [-1001433.4758000001, 485573.55780000053], [-1000539.1823999994, 485435.9741999991], [-999507.3052999992, 484541.6808000002], [-998501.875, 484899.875], [-997512.3430000003, 485367.18239999935], [-996618.0494999997, 485160.80700000003], [-995448.5888999999, 483647.3872999996], [-993935.1691999994, 483303.4283000007], [-991596.2478, 482546.71839999966], [-990564.3707999997, 481858.80040000007], [-989953.4064000007, 481485.4332999997], [-989170.0625, 480295.03130000085], [-989168.9375, 480293.34380000085], [-989168.0, 480291.75], [-988187.625, 478664.9375], [-986436.8625000007, 478488.0020000003], [-986505.6543000005, 477387.3331000004], [-986505.6543000005, 476011.4969999995], [-986780.8214999996, 474773.24459999986], [-986849.6132999994, 473741.3674999997], [-986643.2379000001, 472434.32320000045], [-987193.5724, 471540.02979999967], [-987399.9477999993, 470920.9035], [-987468.7396000009, 469613.85920000076], [-988294.2412, 468788.35759999976], [-988363.0329999998, 467894.06409999914], [-988156.6576000005, 466862.1871000007], [-986918.4050999992, 466380.6444000006], [-986436.8625000007, 465761.51820000075], [-985129.8181999996, 464729.6411000006], [-984304.3166000005, 463353.8049999997], [-982997.2722999994, 462734.6787999999], [-981621.4362000003, 462803.47059999965], [-980589.5592, 462803.47059999965], [-980108.0164999999, 462253.1361999996], [-979832.8493000008, 461083.6754999999], [-979764.0574999992, 459983.00659999996], [-979557.6820999999, 458607.17060000077], [-979948.1220999993, 457240.63069999963], [-981002.3100000005, 456337.04099999927], [-982584.5215000007, 455442.74760000035], [-983876.625, 454237.59380000085], [-984353.5625, 454083.6875], [-984370.5, 454078.15630000085], [-983553.375, 451908.0], [-982639.6875, 450190.34380000085], [-981346.2689999994, 448769.9425000008], [-979488.8903000001, 447256.5229000002], [-978663.3885999992, 446499.81299999915], [-978113.0541999992, 445330.35229999945], [-977425.1361999996, 444023.3081], [-975636.5493000001, 442578.68019999936], [-974604.6721999999, 441134.05230000056], [-974406.0569000002, 439569.9567000009], [-975524.6875, 437916.625], [-975723.1875, 436013.625], [-975498.9656000007, 434598.8309000004], [-974948.6312000006, 433360.57840000093], [-973847.9623000007, 433085.4112], [-972747.2935000006, 433429.3702000007], [-971921.7917999998, 433635.7456], [-970889.9147999994, 432122.3258999996], [-969376.4951000009, 429714.61280000024], [-968550.9934, 428889.1110999994], [-967656.6999999993, 428545.15210000053], [-966074.4885000009, 428613.9439000003], [-964561.0688000005, 429508.2374000009], [-963666.7752999999, 428338.77669999935], [-963460.3999000005, 426825.3570000008], [-962978.8573000003, 426343.8144000005], [-961534.2293999996, 426550.1897999998], [-959814.4342999998, 426275.0226000007], [-959126.5162000004, 425999.85529999994], [-958713.7653999999, 425449.5208999999], [-958851.3489999995, 424417.6437999997], [-959539.2671000008, 422835.4322999995], [-959470.4752999991, 420565.3027999997], [-959195.3080000002, 419808.59300000034], [-958438.5982000008, 419602.21749999933], [-957475.5129000004, 419258.25850000046], [-956443.6359000001, 418570.34050000086], [-956650.0112999994, 416988.12900000066], [-957337.9293000009, 416025.0437000003], [-957460.5974000003, 415452.5928000007], [-957544.3047000002, 414855.5831000004], [-957200.3456999995, 414580.4157999996], [-956030.8849999998, 414442.83220000006], [-955067.7997999992, 414030.08139999956], [-954379.8816999998, 413479.7469999995], [-954035.9227000009, 412723.0371000003], [-954586.2572000008, 411278.40919999965], [-954242.2981000002, 409696.19769999944], [-953554.3801000006, 408389.1535], [-954655.0490000006, 407907.6107999999], [-956168.4685999993, 407013.3173999991], [-956787.5949000008, 406394.1910999995], [-957131.375, 405538.5], [-957237.5625, 405212.09380000085], [-957274.6875, 405095.84380000085], [-957788.375, 405079.15630000085], [-958358.8125, 405060.65630000085], [-960946.625, 405655.0], [-964049.0, 405254.8125], [-966117.5625, 404429.0625], [-968534.25, 404620.6875], [-970344.0, 403320.3125], [-970322.25, 401478.96880000085], [-969686.8278000001, 400346.66899999976], [-969445.2869000006, 398414.3418000005], [-969582.8705000002, 396006.6286999993], [-970270.7884999998, 394080.4582000002], [-970614.7475000005, 391603.9531999994], [-971440.2491999995, 388783.4891999997], [-972334.5426000003, 387545.2368000001], [-972816.0853000004, 386513.3596999999], [-973641.5868999995, 385343.8990000002], [-974811.0475999992, 385068.73179999925], [-977613.2880000006, 385419.0119000003], [-978775.0625, 384676.9375], [-979530.4935999997, 383545.4653999992], [-979557.6820999999, 382729.8104999997], [-979420.0985000003, 379221.42840000056], [-979420.0985000003, 377845.5923999995], [-979282.5149000008, 377157.6743000001], [-978732.1804000009, 376057.00549999997], [-978594.5967999995, 374612.3775999993], [-979488.8903000001, 372892.58249999955], [-980383.1837000009, 371585.5382000003], [-980520.7674000002, 369796.9513000008], [-979951.3125, 368614.65630000085], [-979351.3067000005, 367045.27910000086], [-979351.3067000005, 364775.1495999992], [-979970.4329000004, 363192.93810000084], [-980451.9755000006, 362023.4773999993], [-980314.3918999992, 360854.01669999957], [-980314.3918999992, 359271.80519999936], [-980114.3125, 357589.46880000085], [-978552.8125, 356476.03130000085], [-976686.125, 356085.90630000085], [-974948.6312000006, 356520.13299999945], [-973572.7950999998, 356451.3411999997], [-973366.4197000004, 355763.4232000001], [-973504.0033, 354593.9625000004], [-973228.8361000009, 353424.5019000005], [-972472.1262999997, 352461.4166000001], [-971577.8328000009, 351360.7477000002], [-971577.8328000009, 349778.5362], [-971453.2118999995, 348407.7062999997], [-971276.625, 348143.5625], [-969329.0625, 346427.25], [-968413.4098000005, 344894.3180999998], [-967519.1162999999, 343312.1065999996], [-967587.9081999995, 341729.8950999994], [-967931.8672000002, 340698.0181000009], [-969472.5, 339124.40630000085], [-969469.4220000003, 339119.38010000065], [-968138.2425999995, 338015.1377000008], [-966899.9901, 337052.0524000004], [-965936.9048999995, 336088.96719999984], [-964423.4852000009, 334988.2982999999], [-962634.8981999997, 334437.96389999986], [-962487.6841000002, 333959.5181000009], [-962079.875, 333759.5], [-961402.2611999996, 332879.7065999992], [-960089.6015000008, 332305.4179999996], [-956718.8030999992, 330860.7901000008], [-955824.5096000005, 330310.4556000009], [-955480.5505999997, 329760.12120000087], [-955480.5505999997, 328659.4522999991], [-955618.1341999993, 327627.5753000006], [-956237.2605000008, 326870.86539999954], [-956581.2194999997, 326251.7391999997], [-956581.2194999997, 325426.23750000075], [-955962.0932, 324600.73589999974], [-953788.5625, 324075.25], [-952480.8125, 322965.625], [-951676.75, 322641.3125], [-949333.3125, 322310.84380000085], [-947707.0767000001, 321917.8554999996], [-946950.3669000007, 321436.3128999993], [-947431.9094999991, 320954.7701999992], [-947638.2849000003, 319372.5588000007], [-947225.5340999998, 318203.09809999913], [-946056.0734000001, 317033.6373999994], [-944886.6128000002, 315795.38489999995], [-943510.7766999993, 314901.09149999917], [-941997.3570000008, 314763.5078999996], [-939658.4355999995, 314488.3407000005], [-937801.0569000002, 313938.00620000064], [-935943.6782000009, 313318.8800000008], [-935118.1765000001, 310979.95859999955], [-935530.9274000004, 309879.28979999945], [-935806.0945999995, 308778.6208999995], [-935599.7192000002, 307953.11920000054], [-934292.6749000009, 306095.7404999994], [-932848.0470000003, 303825.61099999957], [-931197.0437000003, 302518.5667000003], [-930027.5830000006, 301211.5223999992], [-929614.8322000001, 299973.26999999955], [-929339.6649999991, 298459.8502999991], [-929146.875, 295942.1875], [-929148.2193999998, 295944.15729999915], [-929148.6875, 295942.5], [-929339.6649999991, 295501.8026999999], [-930232.8118999992, 295022.5530999992], [-930440.3339000009, 294607.5091999993], [-930853.0846999995, 293162.8813000005], [-932256.625, 292090.40630000085], [-935049.3847000003, 290755.16819999926], [-936700.3880000003, 290136.0418999996], [-938488.9749999996, 289516.9156999998], [-939278.625, 289677.3125], [-939661.25, 289808.78130000085], [-940055.125, 289890.84380000085], [-940620.875, 289642.03130000085], [-940949.4375, 289292.3125], [-941159.625, 289022.15630000085], [-941271.25, 288731.375], [-941296.375, 288370.59380000085], [-941405.75, 288079.875], [-941731.6875, 287258.71880000085], [-943166.8176000006, 286834.03529999964], [-944198.6947000008, 286490.0763000008], [-944570.125, 285704.0625], [-944494.4375, 285322.25], [-945327.375, 284031.46880000085], [-944982.875, 282966.875], [-945094.6875, 282676.5625], [-944899.6875, 282374.96880000085], [-944696.0625, 282123.71880000085], [-944434.0, 281650.9375], [-944429.3125, 281179.53130000085], [-944176.3125, 280917.9375], [-943923.5274999999, 279886.06310000084], [-943992.3192999996, 279129.3532999996], [-944611.4454999994, 278441.4352000002], [-945533.7632999998, 278505.0432999991], [-946743.9914999995, 278166.2679999992], [-947500.7013000008, 277271.9746000003], [-948119.8276000004, 275277.01219999976], [-948361.0, 274104.53130000085], [-948837.5625, 273785.25], [-949201.0625, 273024.3125], [-949164.875, 272702.9375], [-949670.8125, 271501.5], [-950252.3735000007, 271149.50400000066], [-949207.25, 269524.28130000085], [-948953.125, 269262.8125], [-948769.0625, 268911.21880000085], [-948451.9375, 267957.25], [-948810.4375, 267718.3125], [-949138.0, 267631.0], [-949419.9375, 267008.65630000085], [-949454.875, 266597.15630000085], [-949189.125, 266386.09380000085], [-948431.6875, 266072.5], [-947094.0, 265586.28130000085], [-945955.375, 264880.21880000085], [-945585.25, 264437.21880000085], [-945148.25, 264556.25], [-943929.375, 264982.96880000085], [-943574.6875, 264961.375], [-943151.75, 264769.84380000085], [-942886.9375, 264558.28130000085], [-942199.1875, 264154.40630000085], [-940346.3537000008, 263582.40550000034], [-938626.5585999992, 263444.8219000008], [-937044.3471000008, 263857.57269999944], [-936012.4700000007, 264132.7399000004], [-935324.5519999992, 263857.57269999944], [-934911.8011000007, 262619.32019999996], [-934499.0503000002, 261243.48420000076], [-934567.8421, 260074.0234999992], [-935393.3438000008, 259110.93820000067], [-936012.4700000007, 257735.10209999979], [-935943.6782000009, 256015.30700000003], [-935599.7192000002, 254020.34469999932], [-935393.3438000008, 252094.17420000024], [-934911.8011000007, 250993.5053000003], [-934774.2174999993, 250305.5873000007], [-934980.5929000005, 249411.2938000001], [-936494.0125999991, 247416.3314999994], [-937073.125, 246175.17190000042], [-936977.5625, 245893.89059999958], [-936881.875, 245613.46880000085], [-936609.8125, 243939.0625], [-936385.9375, 242535.15630000085], [-936428.9375, 242074.35940000042], [-936767.25, 240683.01559999958], [-936948.5, 240302.5625], [-937169.25, 239982.90630000085], [-937802.8125, 238652.35940000042], [-937875.75, 238302.07809999958], [-937918.6875, 237841.6875], [-938126.1875, 236579.45309999958], [-938199.1875, 235237.84380000085], [-938132.5625, 233815.21880000085], [-938194.125, 233514.84380000085], [-938422.875, 233144.76559999958], [-938782.8125, 232905.625], [-939326.8125, 232757.45309999958], [-939617.875, 232347.57809999958], [-939759.6875, 231907.67190000042], [-939771.6875, 231596.5625], [-939576.75, 231295.17190000042], [-939636.5625, 230033.71880000085], [-939637.625, 230011.20309999958], [-939637.875, 230005.17190000042], [-939638.5625, 230002.35940000042], [-939638.1875, 229999.9375], [-938145.0159000009, 229736.83779999986], [-934361.1875, 229646.20309999958], [-932896.75, 228768.4375], [-932712.0625, 228417.26559999958], [-932635.8125, 228036.29690000042], [-932490.1875, 227745.375], [-931561.875, 226510.59380000085], [-931485.5, 226129.64059999958], [-931783.0625, 224939.03130000085], [-931379.125, 224646.71880000085], [-930139.8125, 223921.90630000085], [-930096.3748000003, 222857.65740000084], [-930577.9175000004, 221894.57210000046], [-930577.9175000004, 221137.86229999922], [-930853.0846999995, 219899.60979999974], [-930853.0846999995, 219280.48359999992], [-930751.9288999997, 218989.66059999913], [-930509.1257000007, 218454.98189999908], [-929270.8731999993, 217491.8967000004], [-928307.7879000008, 217491.8967000004], [-926450.4091999996, 217560.68850000016], [-924386.6550999992, 217491.8967000004], [-923423.5698000006, 217285.52119999938], [-922322.9010000005, 216322.4360000007], [-921015.8566999994, 216116.0605999995], [-918401.7681000009, 215978.47699999996], [-915978.875, 215475.51559999958], [-914951.125, 215472.70309999958], [-913655.375, 215518.85940000042], [-913064.25, 215136.8125], [-911836.4375, 214101.625], [-911553.0625, 213731.04690000042], [-911045.1875, 212687.85940000042], [-910490.7105999999, 211919.7605000008], [-910421.9188000001, 211575.80150000006], [-909321.25, 211025.4671], [-908220.5811000001, 209649.63099999912], [-907119.9122000001, 208892.92109999992], [-905881.6597000007, 207035.54240000062], [-905675.2842999995, 205315.74730000086], [-906019.2433000002, 204559.03749999963], [-906363.2024000008, 203595.95219999924], [-906294.4105999991, 202013.7407000009], [-905744.0760999992, 200225.1537999995], [-905124.9498999994, 198780.5259000007], [-904368.2400000002, 196854.35539999977], [-903680.3220000006, 195684.89470000006], [-903611.5302000009, 194859.39310000092], [-903817.9056000002, 194171.47499999963], [-904437.0318999998, 193002.01429999992], [-904562.875, 192070.29690000042], [-904349.875, 191349.21880000085], [-903963.9375, 189967.17190000042], [-904305.625, 189047.39059999958], [-904615.5625, 188537.75], [-905623.8125, 187129.29690000042], [-906236.0, 185900.46880000085], [-907601.4548000004, 183577.53720000014], [-907876.6220999993, 182339.28470000066], [-907807.8302999996, 180619.4896000009], [-907739.0384999998, 179243.65350000001], [-907532.6630000006, 177111.10759999976], [-906569.5778000001, 175666.4796999991], [-904299.4482000005, 176216.81409999914], [-900533.625, 176761.4375], [-898293.1875, 177396.14059999958], [-895938.5625, 178174.29690000042], [-894958.1875, 177702.79690000042], [-894048.625, 176929.39059999958], [-892386.8125, 176823.60940000042], [-891403.4375, 176403.04690000042], [-889690.3125, 175527.4375], [-888941.5, 174610.65630000085], [-888703.8125, 174390.28130000085], [-887860.5625, 174899.75], [-887125.75, 175313.375], [-886292.0625, 174902.45309999958], [-885970.1875, 173655.5625], [-886265.8125, 173009.5], [-887195.0625, 171943.6875], [-887721.75, 170852.84380000085], [-887755.125, 170343.79690000042], [-886708.0, 169357.32809999958], [-886045.6875, 168650.8125], [-885696.25, 167810.78130000085], [-884762.5757999998, 167411.46319999918], [-883180.3642999995, 167136.29590000026], [-881116.6102000009, 168374.54839999974], [-879259.2314999998, 168649.7156000007], [-878265.375, 168515.89059999958], [-876705.2261999995, 167688.43319999985], [-875693.125, 168403.9375], [-874623.25, 169307.6875], [-872893.5, 169454.23440000042], [-870660.2559999991, 170094.3434999995], [-868734.0854000002, 171332.59600000083], [-867427.0412000008, 172983.59930000082], [-866739.1230999995, 174497.0189999994], [-865569.6624999996, 175597.68789999932], [-865541.7325999998, 176379.72259999998], [-864884.125, 176717.90630000085], [-863368.3246999998, 177455.0666000005], [-862198.8640000001, 177386.2748000007], [-861235.7787999995, 176767.1484999992], [-859447.1919, 176491.9813000001], [-857039.4787000008, 177042.31579999998], [-854906.9328000005, 177730.23379999958], [-853875.0557000004, 177455.0666000005], [-853049.5540999994, 176148.02229999937], [-852499.2195999995, 174772.18620000035], [-852292.8442000002, 173671.5173000004], [-851054.5918000005, 173189.97470000014], [-849609.9638999999, 172020.51400000043], [-849140.125, 169953.42190000042], [-848395.0, 168169.375], [-848440.5032000002, 166379.5861000009], [-847683.7932999991, 164659.79099999927], [-846384.0625, 163292.07809999958], [-846445.5408999994, 162320.86959999986], [-846376.7490999997, 161013.82540000044], [-845963.9981999993, 158399.73680000007], [-845138.4966000002, 156748.7335000001], [-844519.3703000005, 155579.27280000038], [-844519.3703000005, 154272.2285999991], [-844725.7457999997, 152758.80890000053], [-844175.4112999998, 150832.63829999976], [-843556.2851, 149388.0103999991], [-843005.9506999999, 149181.63499999978], [-841286.1556000002, 149456.80230000056], [-839497.5686000008, 149388.0103999991], [-838121.7325999998, 148356.13340000063], [-836264.3538000006, 146429.9628999997], [-834682.1423000004, 144847.75139999948], [-833306.3062999994, 143815.87429999933], [-832687.1799999997, 142371.24640000053], [-832549.5964000002, 141270.5775000006], [-832633.2050999999, 140532.0343999993], [-832635.375, 140164.73440000042], [-832546.7640000004, 139245.67080000043], [-832068.0537999999, 138656.48900000006], [-831242.5521000009, 138518.9054000005], [-831208.9375, 137114.42190000042], [-830612.0, 136158.40630000085], [-830394.875, 135582.8125], [-830730.1875, 135093.39059999958], [-832380.5, 133817.32809999958], [-833721.375, 132623.89059999958], [-835167.1875, 131386.4375], [-835871.1875, 130663.82029999979], [-836041.875, 130368.125], [-836388.2113000005, 130126.20460000075], [-836608.3128999993, 129438.38719999976], [-835782.8112000003, 127649.80030000024], [-835576.4357999992, 126480.33960000053], [-836401.9374000002, 125517.25439999998], [-836333.1456000004, 124279.0019000005], [-835714.0194000006, 122971.95759999938], [-835714.0194000006, 121871.28869999945], [-836284.875, 120939.75], [-836935.375, 120265.1875], [-837923.0625, 119866.67190000042], [-838542.6875, 120467.11720000021], [-839033.625, 121518.41410000063], [-839726.5, 121765.30470000021], [-841104.125, 121595.82029999979], [-841630.1146000009, 121320.9542999994], [-842249.2408000007, 120701.82809999958], [-842455.6162, 119876.3264000006], [-842201.6404999997, 118923.91750000045], [-842341.8125, 118048.82029999979], [-842585.875, 117400.65630000085], [-843418.7015000004, 116505.52800000086], [-843556.2851, 115542.44280000031], [-844175.4112999998, 113616.27219999954], [-845413.6637999993, 111346.14269999973], [-846651.9163000006, 110589.43290000036], [-846789.4999000002, 109901.51479999907], [-847064.6670999993, 107837.76070000045], [-847133.4589000009, 106049.17380000092], [-847477.4178999998, 104604.54590000026], [-848096.5441999994, 103916.62780000083], [-849904.8125, 102596.89059999958], [-852430.4277999997, 100270.66220000014], [-853875.0557000004, 99032.40970000066], [-854287.8066000007, 98619.65890000015], [-857039.4787000008, 97725.36549999937], [-858828.0656000003, 96968.65560000017], [-859172.0247000009, 96418.32120000012], [-859722.3590999991, 95042.48509999923], [-860479.0689000003, 95042.48509999923], [-861717.3213999998, 95524.02769999951], [-862542.8231000006, 94973.69329999946], [-863024.3657000009, 93666.64900000021], [-864685.5625, 91580.875], [-864950.5362, 88851.22269999981], [-865776.0379000008, 86443.50960000046], [-866255.4370000008, 85980.09039999917], [-866726.0187999997, 85180.10139999911], [-866726.0187999997, 84055.61989999935], [-866395.2890000008, 82534.26270000078], [-866593.7269000001, 81475.92730000056], [-867122.8946000002, 81145.19749999978], [-867585.9164000005, 80086.86199999973], [-867453.6243999992, 78830.0887000002], [-866593.7269000001, 77176.43950000033], [-866490.3485000003, 76487.25060000084], [-866948.6875, 75808.36720000021], [-867653.1875, 75087.86720000021], [-867628.875, 73045.6875], [-867715.1875, 72490.21089999937], [-867333.8125, 71293.96880000085], [-866857.875, 70804.92970000021], [-866385.125, 70266.14839999937], [-866013.4375, 69732.79690000042], [-865612.5, 68840.9375], [-865508.8998000007, 68499.31990000047], [-865535.3914000001, 67519.12849999964], [-865204.6615999993, 66791.52290000021], [-864543.2018999998, 66593.0850000009], [-863842.5625, 67149.27339999937], [-862426.5309999995, 68445.17210000008], [-861103.6117000002, 69238.9235999994], [-860045.2763, 69305.06959999911], [-858920.7949000001, 68577.46399999969], [-857796.3134000003, 67386.83660000004], [-856142.6643000003, 66460.79309999943], [-855830.8750999998, 66128.21800000034], [-855546.375, 65256.324200000614], [-855397.4375, 64380.050799999386], [-854380.6875, 62787.058599999174], [-854112.5, 62209.550799999386], [-853989.6875, 61743.63279999979], [-854617.125, 60609.66019999981], [-854953.1875, 60121.21480000019], [-855242.625, 59527.33980000019], [-855148.5, 58604.08980000019], [-854983.1033999994, 57446.58080000058], [-854422.8692000005, 56208.16840000078], [-853700.5, 55813.32809999958], [-853430.6797000002, 55261.60400000028], [-853430.6797000002, 53562.329800000414], [-853496.8256999999, 51511.80489999987], [-853761.4094999991, 51048.78309999965], [-854647.1875, 50366.2070000004], [-855084.3288000003, 49659.71780000068], [-854952.0369000006, 48799.82029999979], [-853430.6797000002, 44897.20830000006], [-853695.2635999992, 42846.683399999514], [-853099.9498999994, 41920.63979999907], [-854393.1293000001, 41461.76970000006], [-854638.75, 40682.58980000019], [-854541.9319000002, 40326.52209999971], [-854502.2444000002, 39691.52080000006], [-854502.2444000002, 39089.59249999933], [-854316.1875, 37707.52730000019], [-854040.375, 36416.23440000042], [-853566.6875, 35062.61720000021], [-853177.875, 33968.511700000614], [-853041.4375, 32889.65230000019], [-852804.375, 31804.957000000402], [-852386.5625, 31167.734400000423], [-851612.4375, 30559.746099999174], [-850458.5625, 29520.30470000021], [-850003.5625, 28677.13869999908], [-849816.5, 28410.933599999174], [-848916.25, 28202.484400000423], [-847797.125, 28235.00589999929], [-847231.875, 28353.09180000052], [-846455.3125, 28610.607400000095], [-846132.25, 28896.322300000116], [-845852.1875, 29337.894500000402], [-845728.875, 29686.365199999884], [-845408.4375, 30787.769500000402], [-845186.625, 31079.322300000116], [-844763.3125, 31358.947300000116], [-842979.6171000004, 33520.102199999616], [-840730.6543000005, 35504.48120000027], [-840125.8213, 37587.794900000095], [-840011.9375, 37689.246099999174], [-839648.375, 37819.67970000021], [-838700.4375, 37556.8125], [-837224.9180999994, 36562.816600000486], [-836761.8964000009, 35702.91909999959], [-836850.0, 34640.585899999365], [-836933.3125, 34136.648399999365], [-837423.3125, 32739.832000000402], [-837561.5, 32137.25779999979], [-837543.3125, 31625.71480000019], [-836410.5625, 30232.32029999979], [-836275.4375, 29969.169900000095], [-835731.375, 29732.11720000021], [-835374.8125, 29761.302699999884], [-834700.6875, 29974.52150000073], [-834225.0, 30301.877000000328], [-833789.0, 30784.5625], [-832952.75, 31191.34180000052], [-832396.75, 31157.09569999948], [-831299.8125, 30834.74410000071], [-830853.6875, 30654.75779999979], [-830611.4375, 30486.990199999884], [-830494.0625, 29919.38279999979], [-830099.9375, 28876.41599999927], [-829619.3125, 28439.503900000826], [-829341.3125, 28015.02930000052], [-829169.625, 27495.230499999598], [-829090.625, 27133.767599999905], [-829279.625, 26534.377000000328], [-829567.5418999996, 26068.31240000017], [-830623.4258999992, 25012.428400000557], [-831655.3029999994, 24324.510299999267], [-832283.625, 23051.574200000614], [-834116.0577000007, 19827.887299999595], [-835306.6851000004, 16851.318900000304], [-836563.4584999997, 14139.33430000022], [-838018.6697000004, 12948.706900000572], [-838547.8374000005, 11427.349700000137], [-838084.8157000002, 8583.07320000045], [-836365.0206000004, 6863.278100000694], [-835108.2471999992, 5804.94260000065], [-834711.3714000005, 3952.855599999428], [-836365.0206000004, 2034.6226000003517], [-838980.5, 598.5259000007063], [-839967.1875, 252.05550000071526], [-840957.625, -196.27649999968708], [-841191.25, -691.0447000004351], [-840900.0, -913.0886000003666], [-840552.3125, -1035.4188000001013], [-840378.1875, -1504.7256000004709], [-840497.125, -1803.294399999082], [-840917.4375, -2031.574300000444], [-840466.0703999996, -3587.7844999991357], [-840333.7785, -5241.433700000867], [-841325.9680000003, -6762.79089999944], [-842715.0332999993, -8218.002100000158], [-842979.6171000004, -9276.337600000203], [-842582.7412999999, -10533.110899999738], [-841820.0, -11902.900399999693], [-841254.0, -12599.338899999857], [-840309.0, -13777.002900000662], [-839524.4375, -15097.957000000402], [-838217.1075999998, -17412.291300000623], [-836497.3125, -19396.670299999416], [-834777.5174000002, -19991.98399999924], [-832660.8465, -19661.254200000316], [-831205.6352999993, -19198.232400000095], [-830213.4458000008, -19528.962200000882], [-829088.9644000009, -20719.58960000053], [-828162.9208000004, -20653.443600000814], [-827303.0232999995, -19793.54609999992], [-826509.2717000004, -19595.1082000006], [-825450.9362000003, -20058.13000000082], [-824657.1846999992, -20785.735600000247], [-823466.5572999995, -22307.092800000682], [-822077.4920000006, -23894.596000000834], [-821746.7621999998, -24886.78539999947], [-821879.0540999994, -25812.82899999991], [-822614.25, -26971.78319999948], [-823368.0, -27688.925799999386], [-824069.0625, -29223.601600000635], [-824723.3306000009, -31699.819900000468], [-825120.2063999996, -32956.59329999983], [-824987.9145, -33948.78270000033], [-824458.7467999998, -34345.658500000834], [-822672.8057000004, -34477.95050000027], [-821349.8863999993, -34742.534299999475], [-820489.9888000004, -35271.70199999958], [-819491.125, -36777.24220000021], [-816190.5011, -38645.14629999921], [-814139.9760999996, -39571.18979999982], [-812750.9108000007, -40364.941400000826], [-812155.5972000007, -41754.006699999794], [-812354.0351, -43473.80179999955], [-812552.4729999993, -45127.45089999959], [-813213.9326000009, -46781.10009999946], [-814272.2681000009, -48236.311300000176], [-814338.4140000008, -49294.64680000022], [-814139.9760999996, -50022.25239999965], [-813280.0786000006, -50419.12820000015], [-811957.1592999995, -51014.441899999976], [-810898.8237999994, -51940.48540000059], [-810501.9480000008, -52668.091000000015], [-810634.2399000004, -54454.03209999949], [-810303.5100999996, -56173.82719999924], [-809642.0504999999, -57761.330399999395], [-808649.8609999996, -59481.12549999915], [-808517.5690000001, -60142.585100000724], [-808186.8391999993, -61002.482699999586], [-807459.2335999999, -61465.504399999976], [-805342.5626999997, -61597.79639999941], [-803688.9135999996, -61597.79639999941], [-802432.1402000003, -61002.482699999586], [-801175.3669000007, -61333.21250000037], [-799852.4475999996, -63317.591499999166], [-799058.6960000005, -65434.262399999425], [-798000.3605000004, -66558.74379999936], [-796942.0251000002, -66823.32770000026], [-796015.9814999998, -66558.74379999936], [-794626.9163000006, -66558.74379999936], [-793568.5808000006, -67286.34940000065], [-792311.8074999992, -68476.9768000003], [-790988.8881999999, -68873.8526000008], [-789094.0, -68616.75], [-788372.75, -68456.72660000063], [-787502.9957999997, -68510.04979999922], [-787678.125, -69616.58589999937], [-787998.8125, -69902.29690000042], [-788274.375, -70241.48440000042], [-788254.8125, -70802.51559999958], [-787870.5, -71181.25779999979], [-787280.5625, -71520.86720000021], [-786830.375, -71649.875], [-786603.875, -72121.0], [-786681.6875, -72573.38279999979], [-787008.5, -72960.72660000063], [-787787.1875, -74082.70309999958], [-787580.8125, -74909.57029999979], [-787134.875, -75138.74220000021], [-786861.75, -75663.47660000063], [-786420.9375, -75944.07029999979], [-785496.6875, -76710.04690000042], [-785831.0, -77199.49220000021], [-786048.6875, -77440.53910000063], [-786586.5, -77916.82809999958], [-786506.375, -78327.80470000021], [-786234.75, -78902.78119999915], [-786154.4375, -79263.57809999958], [-786183.25, -79769.86720000021], [-786353.4375, -80065.05470000021], [-787333.9375, -80311.16410000063], [-788272.3125, -80712.10940000042], [-788541.5, -80950.21869999915], [-788920.4375, -81334.55470000021], [-788796.8125, -81849.6875], [-788673.7794000003, -82433.77549999952], [-789732.1148000006, -82698.35940000042], [-790459.7204, -83756.69490000047], [-790988.8881999999, -84881.1763000004], [-792245.6614999995, -84682.73839999922], [-794626.9163000006, -84484.3004999999], [-796545.1492999997, -85079.61419999972], [-797669.6306999996, -85410.3440000005], [-799455.5717999991, -84881.1763000004], [-800513.9071999993, -84484.3004999999], [-802101.4103999995, -84418.15450000018], [-803292.0377999991, -85013.4682], [-804322.125, -86457.03910000063], [-804846.5625, -87594.22660000063], [-805585.5625, -88058.0625], [-806729.5625, -88497.04690000042], [-807048.8400999997, -88703.70949999988], [-807765.4112, -89686.91169999912], [-807792.625, -90160.85940000042], [-807459.125, -90536.95309999958], [-805541.0006000008, -92554.10830000043], [-804681.1030000001, -94472.3412999995], [-804218.0812999997, -95993.69849999994], [-804218.0812999997, -96919.74200000055], [-804614.9571000002, -97647.34759999998], [-805805.5844999999, -98639.5371000003], [-806400.8980999999, -99764.01850000024], [-806533.1900999993, -101351.52170000039], [-805743.5625, -103039.14839999937], [-805715.0, -103396.8125], [-805743.5, -103902.82809999958], [-805963.8125, -104194.46869999915], [-806390.25, -104524.71869999915], [-806703.0625, -104657.97660000063], [-807763.4375, -105407.32809999958], [-808094.375, -105844.46089999937], [-808018.6875, -106306.0625], [-807735.5625, -106678.75], [-807556.8125, -107096.21869999915], [-806905.375, -108151.80470000021], [-806565.0, -108426.17970000021], [-806071.125, -108658.76559999958], [-804649.6875, -109607.89839999937], [-803174.5, -110509.375], [-801804.5, -111455.25779999979], [-801428.0625, -111985.92190000042], [-800340.75, -113422.28119999915], [-800050.8853999991, -114249.9849999994], [-800050.8853999991, -116565.09380000085], [-800646.1991000008, -118880.20260000043], [-800050.8853999991, -120533.85170000046], [-798860.2580999993, -120996.87350000069], [-797537.3388, -120732.28959999979], [-796834.625, -119677.08589999937], [-796563.5, -119388.35940000042], [-794747.25, -120563.70309999958], [-793382.9375, -121610.61720000021], [-791856.3125, -122514.69529999979], [-790546.25, -123608.21089999937], [-790196.8125, -123730.64839999937], [-789039.5625, -123952.69529999979], [-788573.375, -123828.10160000063], [-788275.625, -123947.60160000063], [-788150.5, -124462.64059999958], [-788014.4375, -124724.33589999937], [-787826.1875, -124989.75779999979], [-787390.375, -125371.13279999979], [-786442.125, -126595.78910000063], [-786464.125, -127000.99220000021], [-786470.625, -128879.38279999979], [-786593.0, -129227.51559999958], [-786934.625, -129867.17970000021], [-787205.5625, -130155.89059999958], [-787760.75, -130072.15619999915], [-788318.125, -130038.125], [-788586.75, -130629.35940000042], [-788610.5625, -130681.21089999937], [-788611.375, -130683.03910000063], [-790128.9905999992, -131514.0820000004], [-792840.9751999993, -131514.0820000004], [-795883.6896000002, -131447.93610000052], [-797603.4846999999, -130720.3303999994], [-800050.8853999991, -128008.34589999914], [-803424.3297000006, -125428.65320000052], [-806070.1682999991, -123378.12829999998], [-808342.0, -122440.70309999958], [-810263.375, -122223.71089999937], [-810826.625, -122291.47660000063], [-812222.625, -122664.3125], [-812697.0, -122941.28910000063], [-812965.25, -123178.86720000021], [-813140.8125, -123574.47660000063], [-813294.5625, -124479.82809999958], [-813312.5625, -124782.89839999937], [-813284.5625, -125191.5], [-813478.5164999999, -127082.30230000056], [-814470.7060000002, -128868.24340000004], [-815330.6034999993, -129926.57890000008], [-816322.7929999996, -130323.45470000058], [-817182.6905000005, -130125.0167999994], [-819167.0694999993, -129794.28690000065], [-820754.5726999994, -130257.30870000087], [-821812.9080999997, -130984.9143000003], [-823731.1411000006, -131447.93610000052], [-825841.875, -132001.46869999915], [-827410.5625, -132718.89059999958], [-827673.5625, -132854.67190000042], [-827668.4375, -133668.40619999915], [-827236.8772999998, -136607.32139999978], [-826707.7095999997, -138260.97049999982], [-825450.9362000003, -138988.57609999925], [-823433.8125, -139662.95309999958], [-822077.4920000006, -140113.05760000087], [-821085.3025000002, -141303.6849000007], [-820489.9888000004, -142560.45830000006], [-820291.5508999992, -143949.5236000009], [-820886.8646000009, -145338.58880000003], [-821283.7403999995, -146396.92430000007], [-822540.5138000008, -147124.5298999995], [-823268.1194000002, -148844.32499999925], [-823863.4331, -150828.7039999999], [-824169.6875, -154241.26559999958], [-824783.6524, -155654.16139999963], [-825054.0604999997, -156186.52720000036], [-826443.1257000007, -157840.17640000023], [-828361.3586999997, -158898.51180000044], [-830478.0296, -159956.8473000005], [-833388.4520999994, -162139.66410000063], [-837820.2317999993, -163528.7293999996], [-842913.4712000005, -164057.8970999997], [-845691.6017000005, -164256.3350000009], [-847742.1267000008, -164256.3350000009], [-848866.6081000008, -164983.94060000032], [-849991.0895000007, -166769.8816999998], [-851115.5709000006, -168291.23890000023], [-852901.5120000001, -169481.86629999988], [-854836.6095000003, -170403.72670000046], [-856421.5008000005, -170448.37150000036], [-856744.4375, -169019.75], [-856671.8320000004, -168291.23890000023], [-856737.9780000001, -166836.0276999995], [-857862.4594, -166703.73570000008], [-858824.9375, -166253.59369999915], [-859254.375, -165770.48440000042], [-859912.5625, -165679.5625], [-860320.3125, -165705.01559999958], [-861799.4375, -166630.10940000042], [-862114.5, -166761.45309999958], [-862460.1875, -168366.73440000042], [-862478.0, -168670.45309999958], [-862703.3125, -169063.0625], [-862622.6875, -169422.5625], [-862488.5625, -169735.48440000042], [-861785.375, -170793.90619999915], [-861352.25, -171226.1875], [-860428.0376999993, -172744.5097000003], [-860309.8600999992, -173847.5], [-860508.2980000004, -175038.12739999965], [-861103.6117000002, -176096.4628999997], [-861103.6117000002, -177220.94429999962], [-860508.2980000004, -178279.27969999984], [-860574.4440000001, -180395.9506000001], [-860508.2980000004, -182248.0376999993], [-859846.8384000007, -184232.4166000001], [-859648.4004999995, -186150.6495999992], [-860175.875, -187997.29690000042], [-860745.6259000003, -188975.5708000008], [-861368.1955999993, -189127.21810000017], [-862757.2609000001, -188730.34229999967], [-864080.1801999994, -188201.17459999956], [-865138.5155999996, -188399.61250000075], [-865469.2455000002, -189391.8019999992], [-865403.0995000005, -192566.80829999968], [-865336.9535000008, -195874.1065999996], [-865932.2672000006, -197792.33960000053], [-866527.5809000004, -199578.2807], [-866461.4349000007, -201033.49190000072], [-865601.5373999998, -202422.5571999997], [-864865.625, -204102.53119999915], [-865101.3125, -204645.96869999915], [-865169.1875, -204946.53119999915], [-865389.625, -205237.39059999958], [-866380.5, -206496.26559999958], [-866700.75, -206781.29690000042], [-867035.5, -207268.03119999915], [-866843.5, -208395.9375], [-866710.875, -208759.1875], [-866593.5, -209375.40619999915], [-866882.875, -210879.54690000042], [-867002.4375, -211176.73440000042], [-867335.5, -211663.6875], [-867616.0, -212103.53119999915], [-867259.25, -212987.25], [-866830.125, -213521.29690000042], [-866436.0, -214661.0], [-866267.125, -215280.07809999958], [-866251.0, -215889.45309999958], [-866405.1875, -216793.6875], [-866580.0, -217188.67190000042], [-866901.1875, -217473.25], [-868400.8125, -217838.35940000042], [-868711.6875, -217920.8125], [-869006.9375, -218664.48440000042], [-869506.5, -218481.54690000042], [-869798.375, -218210.53119999915], [-870093.6875, -218040.20309999958], [-870641.625, -217803.67190000042], [-871100.0, -217826.57809999958], [-871694.25, -218399.09369999915], [-871965.1875, -218687.04690000042], [-872328.8125, -218818.09369999915], [-872768.75, -218486.14059999958], [-873005.9375, -218166.875], [-873185.875, -217750.125], [-875060.5429999996, -214490.18569999933], [-876079.9375, -212196.39059999958], [-876150.875, -211635.39059999958], [-876818.0, -210831.51559999958], [-878276.5, -209624.29690000042], [-878331.6634, -210582.85270000063], [-878545.9470000006, -212246.74120000005], [-878687.1875, -212340.4375], [-879525.6875, -212746.125], [-880987.6875, -213366.75], [-881351.6875, -213496.64059999958], [-881617.875, -213682.73440000042], [-881634.75, -213986.73440000042], [-881652.6875, -214290.03119999915], [-881568.25, -214599.64059999958], [-881534.4375, -214906.39059999958], [-882880.8125, -215280.5625], [-883809.1875, -215477.04690000042], [-884753.3125, -216840.04690000042], [-885398.625, -218322.65619999915], [-885624.0, -218714.85940000042], [-886811.125, -219859.59369999915], [-888189.75, -220789.40619999915], [-888708.9375, -220960.8125], [-889563.3125, -220756.23440000042], [-890107.6875, -220469.20309999958], [-890338.6875, -220048.84369999915], [-890797.75, -219157.875], [-890927.4375, -218744.21869999915], [-891025.6875, -216911.57809999958], [-891189.75, -215328.625], [-891364.125, -214810.29690000042], [-891708.0, -214586.90619999915], [-893357.6875, -214028.8125], [-895422.1875, -213597.29690000042], [-895874.5625, -213466.84369999915], [-896273.7412, -214100.00730000064], [-896670.6170000006, -215885.9484000001], [-897861.2443000004, -217010.42980000004], [-899382.6015000008, -217341.15960000083], [-900970.1046999991, -216150.53229999915], [-902226.8781000003, -215555.21859999932], [-904078.9650999997, -215753.6565000005], [-905592.1875, -217199.125], [-906478.4375, -217744.15619999915], [-908214.375, -217602.53119999915], [-909360.8125, -217631.0625], [-912168.4298, -217532.9001000002], [-914483.5385999996, -217466.75420000032], [-916864.7932999991, -217665.19209999964], [-917950.7480999995, -218066.81130000018], [-917957.8125, -218066.23440000042], [-918101.25, -217945.96869999915], [-918267.5, -217806.60940000042], [-918505.1021999996, -216678.97020000033], [-918438.9561999999, -215289.90499999933], [-917579.0587000009, -214099.27759999968], [-916653.0151000004, -212313.3365000002], [-916388.4312999994, -209667.49789999984], [-916057.7014000006, -208741.45439999923], [-915528.5337000005, -206624.78350000083], [-915859.2634999994, -205235.7182], [-916653.0151000004, -204441.96660000086], [-918449.8125, -204293.26559999958], [-919364.9997000005, -206823.22140000015], [-920489.4811000004, -208741.45439999923], [-921812.4004999995, -208344.5786000006], [-923399.9035999998, -207749.26490000077], [-925119.6986999996, -206690.92940000072], [-926838.25, -203951.375], [-928860.6875, -201065.28119999915], [-930742.1057999991, -198422.68370000087], [-932263.4629999995, -196306.0128000006], [-933057.2146000005, -193395.59029999934], [-935173.8855000008, -186847.13969999924], [-936232.2210000008, -184069.00919999927], [-937687.4321999997, -182547.6520000007], [-940200.9789000005, -181555.46250000037], [-942251.5037999991, -180034.10529999994], [-943722.0625, -177666.71869999915], [-944151.0625, -176959.60940000042], [-945258.375, -176529.45309999958], [-946755.1875, -176227.59369999915], [-946945.5, -175103.70309999958], [-946876.5625, -174755.84369999915], [-947017.75, -174417.65619999915], [-947346.875, -173989.625], [-947597.3125, -173421.73440000042], [-948006.0625, -173132.53119999915], [-948295.25, -173022.92190000042], [-948873.5625, -173061.0], [-949171.625, -173258.90619999915], [-949537.8125, -174580.60940000042], [-949405.8125, -175744.03119999915], [-949414.375, -176052.45309999958], [-949948.9375, -176149.25], [-950680.375, -176417.21869999915], [-951815.25, -177170.14059999958], [-953634.5625, -179283.04690000042], [-953832.125, -180276.42190000042], [-953819.75, -182036.54690000042], [-952669.4375, -183818.39059999958], [-951370.1875, -185372.71869999915], [-950829.875, -186567.15619999915], [-950576.5, -187909.95309999958], [-950813.0, -189618.90619999915], [-951300.5625, -190243.96869999915], [-952265.9375, -190669.40619999915], [-955025.8125, -191507.28119999915], [-955801.375, -192539.28119999915], [-956973.875, -193748.64059999958], [-957501.0, -194314.8125], [-958998.25, -193753.57809999958], [-960342.5, -193999.1875], [-961964.5625, -195376.54690000042], [-963327.8125, -196495.8125], [-964600.7128999997, -197452.47619999945], [-966659.3651, -197628.93209999986], [-968709.8901000004, -197827.36999999918], [-969900.5175000001, -198488.82970000058], [-970495.8311999999, -199414.87319999933], [-970958.8529000003, -201266.96020000055], [-971686.4584999997, -202986.75540000014], [-973273.9616999999, -204441.96660000086], [-974464.5890999995, -205698.7399000004], [-975059.9027999993, -206690.92940000072], [-975655.2164999992, -208212.2865999993], [-976052.0922999997, -210659.68740000017], [-976250.5302000009, -213371.67200000025], [-977176.5736999996, -215422.1969000008], [-978168.7631999999, -217009.70009999909], [-979557.8284000009, -218001.8895999994], [-980748.4558000006, -218861.7871000003], [-981872.9372000005, -220383.14430000074], [-983063.5646000002, -221441.4798000008], [-985114.0896000005, -222235.23139999993], [-987363.0524000004, -222301.37729999982], [-988752.1176999994, -222830.54499999993], [-989479.7233000007, -223624.29659999907], [-989876.5990999993, -225013.3618999999], [-990207.3289000001, -227196.17879999988], [-990868.7885999996, -228783.6819000002], [-991530.2481999993, -229775.87140000053], [-992443.4375, -229768.5625], [-993117.7513999995, -227923.7843999993], [-994176.0867999997, -226931.59490000084], [-995895.8819999993, -224748.77800000086], [-997152.6553000007, -221706.0636], [-998740.1585000008, -220184.70639999956], [-999864.6399000008, -220118.56049999967], [-1002245.8947000001, -220383.14430000074], [-1003899.5438000001, -220978.45800000057], [-1005817.7767999992, -221573.7717000004], [-1007405.2799999993, -221639.9177000001], [-1008662.0533000007, -220515.43620000035], [-1008794.3453000002, -219523.24679999985], [-1008265.1775000002, -218332.6194000002], [-1005883.9228000008, -215686.78079999983], [-1004627.1493999995, -211982.60669999942], [-1004494.8574999999, -208675.3083999995], [-1004561.0034999996, -207550.82699999958], [-1005222.4630999994, -207220.09720000066], [-1006876.1121999994, -207021.65929999948], [-1008132.8856000006, -206823.22140000015], [-1010183.7085999995, -206222.02280000038], [-1010924.5434000008, -204846.1866999995], [-1011771.2116999999, -202094.5145999994], [-1012617.25, -197883.09369999915], [-1013018.125, -196509.76559999958], [-1013138.6875, -196071.76559999958], [-1012969.25, -195485.96869999915], [-1015052.0515999999, -195109.50060000084], [-1016110.3870999999, -195427.00119999982], [-1016979.6010999996, -196103.0566000007], [-1017194.8828999996, -196372.15880000032], [-1017988.6345000006, -198488.82970000058], [-1019576.1375999991, -202920.60940000042], [-1021229.7868000008, -206624.78350000083], [-1022684.9979999997, -210395.10349999927], [-1023677.1875, -213239.38000000082], [-1024795.3523999993, -213636.98560000025], [-1026978.1691999994, -213240.10979999974], [-1030219.3215999994, -211388.02270000055], [-1032269.8465, -209866.66550000012], [-1033665.2282999996, -207947.7028000001], [-1033069.9145999998, -204904.98839999922], [-1033202.2065999992, -202391.44170000032], [-1033797.5203000009, -201134.6682999991], [-1035517.3154000007, -200737.79250000045], [-1037510.875, -200470.57809999958], [-1037561.5237000007, -202392.1713999994], [-1038295.4459000006, -203912.79890000075], [-1039486.0733000003, -207616.97289999947], [-1040015.2410000004, -210196.66559999995], [-1041338.1602999996, -212114.8986000009], [-1042991.8094999995, -212908.65020000003], [-1045466.8125, -213322.875], [-1046572.6875, -213924.39059999958], [-1047129.375, -214896.45309999958], [-1048153.125, -216910.21869999915], [-1049375.5, -219658.51559999958], [-1050885.875, -222038.53119999915], [-1052120.125, -223802.15619999915], [-1052728.5, -223471.64059999958], [-1055362.25, -222366.70309999958], [-1056798.125, -221763.59369999915], [-1057198.5, -221165.21869999915], [-1058485.125, -221109.65619999915], [-1059212.75, -221373.79690000042], [-1059678.5, -221900.09369999915], [-1061301.0, -223791.53119999915], [-1061680.375, -224127.9375], [-1063016.25, -224320.46869999915], [-1064729.125, -224590.90619999915], [-1066502.625, -224642.71869999915], [-1067535.3572000004, -224432.13599999994], [-1070640.8231000006, -227063.88680000044], [-1073683.5374999996, -229445.14159999974], [-1074940.3109000009, -230305.03920000046], [-1076064.7923000008, -230768.06090000086], [-1076726.2519000005, -231561.8125], [-1076726.2519000005, -232884.73179999925], [-1076329.3761999998, -233943.0672999993], [-1075866.3543999996, -234802.9648000002], [-1075800.2084, -235795.15430000052], [-1076263.2302, -237250.36549999937], [-1077056.9817999993, -238242.5549999997], [-1078181.4631999992, -238705.57679999992], [-1078776.7769000009, -238904.01469999924], [-1079041.3607, -239433.18239999935], [-1078909.0688000005, -240756.10170000046], [-1079438.2365000006, -241814.4372000005], [-1080761.1558999997, -243335.79439999908], [-1082811.6808000002, -245452.46529999934], [-1085064.25, -247487.84369999915], [-1086349.625, -248206.51559999958], [-1087046.125, -249097.875], [-1087850.625, -250793.85940000042], [-1088638.25, -252131.375], [-1089701.625, -253050.98440000042], [-1090130.875, -253634.59369999915], [-1091983.625, -253824.75], [-1093000.375, -253978.78119999915], [-1094355.625, -254269.75], [-1095582.5, -254432.85940000042], [-1096629.25, -254477.53119999915], [-1097047.125, -254495.40619999915], [-1098125.625, -253912.98440000042], [-1099092.625, -253560.42190000042], [-1099512.5, -253319.5625], [-1100608.75, -253353.71869999915], [-1101654.75, -253656.40619999915], [-1102043.625, -253783.5625], [-1102453.5, -253751.53119999915], [-1103469.625, -253905.4375], [-1104576.5, -253988.95309999958], [-1104690.6531000007, -254006.27280000038], [-1105758.0143, -254250.6085000001], [-1107345.5175, -254581.33830000088], [-1109197.6044999994, -254449.0463999994], [-1110123.648, -254779.7762000002], [-1111711.1512000002, -255308.9439000003], [-1113827.8221000005, -255838.1116000004], [-1115519.625, -256038.09369999915], [-1116128.625, -255965.03119999915], [-1117096.375, -255611.85940000042], [-1117434.75, -255490.84369999915], [-1118452.625, -254868.92190000042], [-1119550.25, -254385.25], [-1119729.5385999996, -254348.5371000003], [-1121176.3408000004, -254448.3166000005], [-1123094.5738999993, -254316.02470000088], [-1124417.4932000004, -254448.3166000005], [-1125541.9746000003, -255308.21419999935], [-1126335.7261999995, -256631.13350000046], [-1126997.1857999992, -259343.11810000055], [-1127724.7914000005, -262253.54059999995], [-1128187.8132000007, -264039.4815999996], [-1129510.7325, -265230.10899999924], [-1131098.2357, -265693.13079999946], [-1132288.8630999997, -265693.13079999946], [-1133479.4904999994, -263444.16789999977], [-1134140.950099999, -261790.51879999973], [-1134537.8258999996, -259343.11810000055], [-1134471.6798999999, -256961.8632999994], [-1134670.1177999992, -255837.38189999945], [-1135662.3072999995, -254382.17060000077], [-1137117.5186, -252993.10539999977], [-1138771.1677, -252000.91589999944], [-1140226.3789000008, -250942.5803999994], [-1141127.875, -249906.46869999915], [-1144393.5747999996, -251405.60219999962], [-1146047.2238999996, -252530.08359999955], [-1147899.3110000007, -254051.44079999998], [-1148891.5003999993, -256035.81980000064], [-1149949.8358999994, -257689.46890000068], [-1150611.4956999999, -258053.38179999962], [-1153654.0099999998, -257755.6149000004], [-1154910.7832999993, -257887.9068], [-1156762.8704000004, -258549.36649999954], [-1158284.2276000008, -259078.53419999965], [-1159607.1469, -260666.0373999998], [-1160321.625, -263121.25], [-1160938.625, -264389.875], [-1161523.875, -266285.53119999915], [-1162648.5, -268018.15619999915], [-1163614.0, -268181.28119999915], [-1163934.375, -267701.71869999915], [-1164414.625, -266465.6875], [-1165223.625, -265317.28119999915], [-1168404.5603, -264039.4815999996], [-1171934.75, -263573.3125], [-1173109.25, -263744.96869999915], [-1173568.5, -264218.9375], [-1174404.375, -265028.90619999915], [-1174992.625, -265631.375], [-1176177.25, -266369.84369999915], [-1176865.375, -265917.59369999915], [-1177057.0, -264533.96869999915], [-1177256.625, -263458.0625], [-1177865.375, -263384.96869999915], [-1178702.375, -263161.4375], [-1179063.25, -261329.0625], [-1179194.25, -259647.78119999915], [-1179593.0, -258273.03119999915], [-1179953.0, -257216.64059999958], [-1180432.375, -256238.46869999915], [-1180991.0, -255399.15619999915], [-1181429.875, -254998.5], [-1182615.75, -254443.1875], [-1183961.25, -253648.71869999915], [-1184769.125, -252240.75], [-1185088.375, -250985.28119999915], [-1185936.875, -250034.90619999915], [-1186922.875, -249003.625], [-1187561.5, -248044.53119999915], [-1188159.75, -246628.23440000042], [-1188469.875, -245322.98440000042], [-1188848.125, -245140.79690000042], [-1189498.8068000004, -244791.7354000006], [-1190160.2664, -245056.3191999998], [-1191152.4559000004, -245850.0708000008], [-1192664.75, -247352.29690000042], [-1192584.0, -247989.10940000042], [-1192204.75, -248688.34369999915], [-1192055.75, -249236.48440000042], [-1192194.125, -250190.53119999915], [-1193042.25, -251049.4375], [-1193479.75, -251941.67190000042], [-1193927.375, -253659.20309999958], [-1194384.75, -255425.96869999915], [-1195270.875, -256742.29690000042], [-1195877.75, -257186.0], [-1196904.25, -257904.51559999958], [-1197401.75, -258577.5], [-1197512.25, -258864.64059999958], [-1198238.375, -259904.20309999958], [-1199674.75, -258779.75], [-1200820.5, -258542.1875], [-1203528.0680999998, -261195.2050999999], [-1206041.6147000007, -262848.85419999994], [-1206901.5122999996, -263576.4598999992], [-1208025.9936999995, -265693.13079999946], [-1210010.3727000002, -270058.7644999996], [-1211465.583900001, -272770.74909999967], [-1212583.7488000002, -274689.7117999997], [-1214898.8575999998, -279386.07540000044], [-1215692.6092000008, -279915.24310000055], [-1216883.2365000006, -279386.07540000044], [-1218140.0099, -279253.78350000083], [-1219822.125, -279588.0625], [-1221835.5, -279274.75], [-1223320.125, -280208.8125], [-1225182.25, -280701.875], [-1226230.0, -281001.90619999915], [-1227425.875, -282047.0625], [-1229180.0, -281994.3125], [-1230634.25, -282261.9375], [-1232467.125, -282864.65619999915], [-1234150.875, -283756.75], [-1235854.125, -283713.9375], [-1237112.25, -282470.875], [-1238079.375, -281080.90619999915], [-1239156.625, -279719.625], [-1240640.625, -279619.0625], [-1241748.375, -280216.59369999915], [-1241555.6817000005, -279386.07540000044], [-1241621.8277000003, -278526.1777999997], [-1242084.8495000005, -277666.2803000007], [-1242415.5792999994, -276740.2368000001], [-1242288.625, -275398.5625], [-1242447.875, -273606.84369999915], [-1243137.625, -272119.4375], [-1243526.5335000008, -270038.9207000006], [-1244002.7843999993, -268213.29209999926], [-1245431.5373, -265911.4124999996], [-1247574.6666, -265514.5366999991], [-1248924.0442999993, -265117.6609000005], [-1249797.171, -263927.03350000083], [-1250194.0468000006, -262101.40479999967], [-1251146.5486999992, -260355.15130000003], [-1252734.0518999994, -259085.14880000055], [-1253130.9277, -256227.64310000092], [-1254586.4370000008, -253456.85689999908], [-1256769.2537999991, -251737.06179999933], [-1260208.8440000005, -250877.16420000046], [-1261333.3254000004, -250678.72629999928], [-1263053.1206, -250281.85050000064], [-1263846.8720999993, -249355.80700000003], [-1264111.4560000002, -248760.4933000002], [-1263699.0, -247874.3125], [-1263275.4915999994, -247075.5929000005], [-1263648.4342, -244527.1514999997], [-1263345.625, -243031.8125], [-1262580.75, -242054.28119999915], [-1262578.875, -242051.84369999915], [-1262986.9746000003, -241550.5831000004], [-1264177.602, -241021.41530000046], [-1265295.375, -240088.59369999915], [-1266426.5647999998, -239566.20409999974], [-1267226.0, -239117.53119999915], [-1268012.0, -238384.35940000042], [-1268330.25, -238163.20309999958], [-1268968.25, -237977.92190000042], [-1269295.875, -238065.70309999958], [-1269655.625, -238300.35940000042], [-1270054.125, -238735.20309999958], [-1270164.0, -239022.39059999958], [-1271387.2141999993, -241225.73809999973], [-1271704.7148000002, -244162.61900000088], [-1271863.4650999997, -246305.74819999933], [-1272419.0912999995, -249401.37939999998], [-1272498.4663999993, -252735.13609999977], [-1273212.8428000007, -258212.0220999997], [-1273371.5932, -262101.40479999967], [-1272577.8416000009, -264085.7838000003], [-1270696.5781999994, -264293.2268000003], [-1270196.5867999997, -265514.5366999991], [-1270196.5867999997, -268213.29209999926], [-1271069.7136000004, -270038.9207000006], [-1271863.4650999997, -273134.5518999994], [-1272768.875, -274960.875], [-1273087.0, -275256.53119999915], [-1274053.625, -276193.0625], [-1274641.875, -277053.46869999915], [-1275000.0, -277806.5], [-1275468.125, -278847.53119999915], [-1275975.875, -279569.375], [-1276484.75, -279776.3125], [-1277001.5, -279511.0], [-1278028.125, -279193.9375], [-1278556.625, -279756.53119999915], [-1278844.875, -279644.625], [-1279463.375, -278325.625], [-1279721.9038999993, -276740.2368000001], [-1281177.1151, -273829.81430000067], [-1283293.7860000003, -268604.2829999998], [-1284550.5593999997, -265429.27669999935], [-1285398.75, -264723.5], [-1285986.875, -264031.25], [-1285986.75, -263255.5], [-1285378.25, -261258.9375], [-1286543.125, -260862.375], [-1287997.875, -260870.8125], [-1288932.875, -259587.84369999915], [-1289180.7770000007, -258417.8043000009], [-1288651.6093000006, -256830.30110000074], [-1288585.4633000009, -255507.38179999962], [-1288916.1930999998, -254713.63020000048], [-1289379.2149, -253919.87859999947], [-1289486.625, -253054.25], [-1289885.0, -252970.96869999915], [-1293294.7579999994, -252576.38580000028], [-1296072.8885999992, -253211.38709999993], [-1297912.044399999, -255110.50599999912], [-1298904.2338999994, -257888.63660000078], [-1299499.5475999992, -259939.16149999946], [-1299499.5475999992, -261129.7888999991], [-1299697.9855000004, -262717.29209999926], [-1300293.2992000002, -263444.89770000055], [-1301682.3644999992, -263775.6274999995], [-1303216.6527999993, -263609.53280000016], [-1304262.0570999999, -262849.58400000073], [-1305188.1007000003, -261129.7888999991], [-1305812.6506999992, -260107.79800000042], [-1306153.5337000005, -259085.14880000055], [-1307264.7859000005, -256465.76860000007], [-1309487.2904000003, -254243.26410000026], [-1311947.9202999994, -252417.6355000008], [-1314408.5502000004, -250988.88260000013], [-1318014.125, -249675.51559999958], [-1318897.625, -248661.32809999958], [-1319287.625, -248787.23440000042], [-1320482.625, -249313.29690000042], [-1321569.375, -251105.21869999915], [-1321460.008199999, -252332.37549999915], [-1321195.4243, -253523.00280000083], [-1320203.2348999996, -254779.7762000002], [-1319541.7752, -255705.8197000008], [-1319541.7752, -256102.69549999945], [-1319872.5050000008, -256896.44710000046], [-1320599.8125999998, -257973.89660000056], [-1322187.3158, -259164.5240000002], [-1323457.3182999995, -261069.52779999934], [-1323457.3182999995, -262242.0843000002], [-1323378.2412, -262518.85419999994], [-1322716.7815000005, -263180.31379999965], [-1322518.3436999992, -263775.6274999995], [-1322424.6328999996, -264692.79399999976], [-1322742.9419, -266784.53920000046], [-1322514.25, -269439.84369999915], [-1322187.3158, -271626.42390000075], [-1322425.4412999991, -273848.9283000007], [-1323457.3182999995, -275674.55700000003], [-1324886.0712000001, -277976.43659999967], [-1327505.4514000006, -279325.81430000067], [-1327822.9520999994, -280833.9422999993], [-1327267.3258999996, -282183.3200000003], [-1327029.2005000003, -284167.6989999991], [-1327140.625, -286792.4375], [-1327041.125, -287331.40619999915], [-1327320.204, -287617.03309999965], [-1327743.8749000002, -288514.21869999915], [-1328934.5022999998, -289241.82430000044], [-1330125.1296999995, -289307.97020000033], [-1331646.4869, -288977.24039999954], [-1333101.6982000005, -288249.6348000001], [-1334424.6174999997, -288117.3429000005], [-1336902.125, -288630.4375], [-1339034.0, -289166.84369999915], [-1340467.5, -289850.28119999915], [-1341514.125, -291960.03119999915], [-1342471.5, -293622.4375], [-1343496.625, -294339.09369999915], [-1344932.125, -296056.1875], [-1346626.875, -296737.09369999915], [-1347984.5404000003, -296517.88049999997], [-1348778.2919999994, -295856.42080000043], [-1350588.625, -294508.875], [-1351753.125, -293332.59369999915], [-1352938.25, -291997.1875], [-1353586.0, -290567.0], [-1353540.5034999996, -288850.83330000006], [-1353143.6276999991, -287183.9550000001], [-1353381.7532000002, -284643.9498999994], [-1352746.7519000005, -282342.0702999998], [-1352984.8773999996, -281072.0678000003], [-1354254.8798999991, -280278.3161999993], [-1354572.3805999998, -278214.5621000007], [-1354572.3805999998, -275515.80670000054], [-1353778.6290000007, -273293.30220000073], [-1351951.0681999996, -270421.4210999999], [-1351998.25, -270297.625], [-1354334.2551000006, -267498.91559999995], [-1355286.7569999993, -266546.41369999945], [-1357191.7608000003, -266070.1627999991], [-1359017.3893999998, -265355.7862999998], [-1360525.5175, -264165.159], [-1361478.0194000006, -263212.6570999995], [-1363224.2729000002, -262577.65579999983], [-1365367.4021000005, -261942.65450000018], [-1368066.1575000007, -261625.15389999934], [-1370209.2868000008, -260593.27679999918], [-1371170.4440000001, -260401.04539999925], [-1372326.2557999995, -260865.20500000007], [-1372893.5857999995, -262202.4829999991], [-1373622.4187000003, -262974.53160000034], [-1374733.6709000003, -263053.90670000017], [-1375853.5289999992, -262794.43840000033], [-1375855.0, -262792.96869999915], [-1376010.375, -261517.59369999915], [-1376182.8982999995, -261154.58290000074], [-1377908.6772000007, -259243.89910000004], [-1378623.0537, -257418.27050000057], [-1377802.75, -254976.60940000042], [-1377670.5, -253294.59369999915], [-1378902.625, -251947.09369999915], [-1379627.625, -250913.78119999915], [-1380212.0, -249443.54690000042], [-1379759.75, -247725.54690000042], [-1379517.375, -245755.95309999958], [-1379822.25, -244189.10940000042], [-1380237.625, -242650.57809999958], [-1380811.75, -241389.65619999915], [-1380488.5, -239021.32809999958], [-1381442.875, -238873.32809999958], [-1382446.125, -237936.09369999915], [-1382660.875, -235921.375], [-1382895.25, -234006.51559999958], [-1383977.375, -233207.71869999915], [-1385674.625, -231346.6875], [-1386231.125, -231021.25], [-1387803.625, -231103.65619999915], [-1388510.75, -231783.5], [-1388907.875, -231440.29690000042], [-1390356.75, -229890.125], [-1391262.625, -229750.29690000042], [-1393202.625, -230117.8125], [-1393969.375, -230318.25], [-1395554.5, -231485.85940000042], [-1396232.125, -231499.6875], [-1397719.75, -229887.60940000042], [-1398454.75, -229161.34369999915], [-1399390.375, -229430.07809999958], [-1401131.875, -229839.57809999958], [-1403190.625, -229507.125], [-1404852.875, -229517.82809999958], [-1406234.375, -229174.34369999915], [-1406849.25, -228628.875], [-1408097.125, -226602.32809999958], [-1408987.875, -225117.21869999915], [-1409757.875, -223554.3125], [-1410222.875, -222522.1875], [-1410189.5, -221337.03119999915], [-1410862.25, -220312.6875], [-1411253.0, -217895.84369999915], [-1412464.625, -217484.34369999915], [-1414132.75, -216508.35940000042], [-1415562.125, -215634.46869999915], [-1416789.375, -213767.40619999915], [-1417648.125, -211873.60940000042], [-1419134.875, -210520.60940000042], [-1419514.9440000001, -210099.29309999943], [-1420612.512599999, -209475.67459999956], [-1421247.5139000006, -208602.54780000076], [-1421247.5139000006, -207015.04470000044], [-1422041.2654999997, -202887.53639999963], [-1421644.3896999992, -201379.40839999914], [-1421047.4723000005, -200384.54609999992], [-1420882.5, -199259.51559999958], [-1420882.25, -199257.64059999958], [-1420882.5, -199256.26559999958], [-1420925.625, -199096.53119999915], [-1421235.0, -197937.67190000042], [-1421021.5, -196893.57809999958], [-1420890.0, -196247.375], [-1420718.25, -195661.29690000042], [-1420954.0, -195040.8125], [-1421430.0, -194576.35940000042], [-1421186.0, -193383.17190000042], [-1420892.875, -192200.57809999958], [-1420722.125, -191873.32809999958], [-1420509.125, -190829.54690000042], [-1420498.125, -190261.0625], [-1420741.125, -189171.8125], [-1421114.5, -188210.46869999915], [-1421466.875, -186890.29690000042], [-1421788.625, -185420.96869999915], [-1421527.625, -184904.9375], [-1421974.375, -184810.65619999915], [-1422708.375, -184343.17190000042], [-1424246.25, -183756.9375], [-1426202.375, -183184.5], [-1428913.25, -181237.57809999958], [-1430395.875, -179364.84369999915], [-1430391.625, -178587.34369999915], [-1430256.75, -177422.5], [-1431970.375, -176174.96869999915], [-1435047.8314999994, -171982.50170000084], [-1437349.711100001, -169521.87179999985], [-1438302.2129999995, -165632.48900000006], [-1438699.0888, -162060.60689999908], [-1438413.875, -157826.79690000042], [-1438438.625, -155173.29690000042], [-1438812.125, -154470.48440000042], [-1439648.5, -152993.90619999915], [-1440317.625, -151967.98440000042], [-1441227.75, -151099.73440000042], [-1440958.0, -149287.14059999958], [-1440131.6161000002, -146527.93740000017], [-1439284.9476999994, -143670.43170000054], [-1439602.4483000003, -141871.2614999991], [-1440872.4508999996, -141024.59310000017], [-1442925.75, -140973.48440000042], [-1445323.625, -141551.15619999915], [-1446389.125, -141945.60940000042], [-1446963.5, -141719.17190000042], [-1448182.875, -141354.42190000042], [-1449970.625, -141231.48440000042], [-1453383.4932000004, -141661.19109999947], [-1454970.9963000007, -140470.56369999982], [-1455592.950099999, -137913.64279999956], [-1460339.0, -139270.65619999915], [-1461418.0, -138727.51559999958], [-1461934.75, -137213.84369999915], [-1462186.625, -136172.78119999915], [-1463045.0, -135313.34369999915], [-1463677.75, -134995.90619999915], [-1464310.375, -134678.48440000042], [-1464310.2623999994, -134677.75290000066], [-1463203.3289, -133087.07719999924], [-1462674.1611000001, -130970.40630000085], [-1462779.9946999997, -129065.40249999985], [-1464049.9971999992, -126737.06450000033], [-1465002.4990999997, -122397.88920000009], [-1464790.8320000004, -116259.54360000044], [-1463944.1636999995, -110332.86510000005], [-1462779.9946999997, -105676.18909999914], [-1462779.9946999997, -102289.51559999958], [-1463819.2946000006, -100290.86199999973], [-1464960.75, -99770.15619999915], [-1466137.25, -97957.53119999915], [-1466389.375, -95928.1875], [-1466390.25, -94939.57029999979], [-1467307.875, -94118.53119999915], [-1469122.375, -92635.91410000063], [-1470253.375, -91352.8125], [-1471423.125, -90008.875], [-1473151.6820999999, -89060.32249999978], [-1474950.8523999993, -89377.82310000062], [-1476750.0226000007, -90012.82440000027], [-1477596.6909999996, -91071.15990000032], [-1478337.5258000009, -89377.82310000062], [-1477808.3581000008, -86837.8180999998], [-1474950.8523999993, -85144.4813000001], [-1472199.1801999994, -84721.14719999954], [-1470717.5106000006, -83345.31110000052], [-1470400.0099, -81546.14079999924], [-1469976.6756999996, -80064.4712000005], [-1469130.0074000005, -79111.9693], [-1468706.6732, -77418.63260000013], [-1468177.5055, -76254.46360000037], [-1466914.6916000005, -75833.52559999935], [-1466385.144200001, -75853.89279999956], [-1464956.3913000003, -76250.76860000007], [-1464329.448999999, -75937.29739999957], [-1464126.25, -74834.13279999979], [-1464201.75, -73205.86720000021], [-1464607.375, -70933.375], [-1464641.5, -70094.20309999958], [-1464287.5, -68401.51559999958], [-1463794.625, -66530.89059999958], [-1463593.125, -65065.4570000004], [-1463411.125, -64688.683599999174], [-1463016.5, -62796.503900000826], [-1463241.25, -61395.625], [-1462733.625, -61192.98440000042], [-1460943.125, -60798.66019999981], [-1459961.125, -60801.625], [-1458973.375, -60286.378900000826], [-1458453.375, -59773.914100000635], [-1456838.375, -58977.308599999174], [-1455850.75, -58462.35940000042], [-1455695.25, -57714.82809999958], [-1456321.25, -56747.773399999365], [-1457124.375, -55637.84369999915], [-1457382.4838999994, -52865.25009999983], [-1459604.9882999994, -50536.91210000031], [-1462823.625, -46760.01559999958], [-1463511.75, -47079.48440000042], [-1464417.125, -47457.183599999174], [-1464982.875, -47439.074200000614], [-1466034.375, -46275.52730000019], [-1469083.8995999992, -44580.080299999565], [-1471862.0300999992, -44024.45409999974], [-1473925.7842999995, -44738.83060000092], [-1475132.25, -46497.128900000826], [-1477973.9173000008, -48072.58720000088], [-1480071.0, -49333.14059999958], [-1480781.625, -50013.7304999996], [-1481160.125, -50088.363299999386], [-1481163.045, -50083.84300000034], [-1481704.5497999992, -47834.4617999997], [-1482657.0516999997, -45294.45670000091], [-1483530.1785000004, -42516.32609999925], [-1486228.9339000005, -40928.8228999991], [-1487737.0618999992, -40214.44649999961], [-1489483.3154000007, -38150.69239999913], [-1490594.5676000006, -35055.061200000346], [-1490038.9415000007, -32038.805199999362], [-1487975.1874000002, -29895.675899999216], [-1485355.8070999999, -29181.29949999973], [-1483609.5536000002, -29022.54910000041], [-1482260.1758999992, -27196.920499999076], [-1480910.7982, -23228.162499999627], [-1479640.7957000006, -19497.53009999916], [-1479561.420499999, -17116.275299999863], [-1480037.6714999992, -14655.645400000736], [-1481069.5484999996, -11877.514799999073], [-1481148.9236999992, -8226.257500000298], [-1480672.672700001, -4178.124399999157], [-1479720.1708000004, -1717.4945000000298], [-1477938.9173000008, 2343.763499999419], [-1476942.0403000005, 4156.267200000584], [-1475275.1620000005, 8680.651300000027], [-1475116.4115999993, 12411.283700000495], [-1475830.7881000005, 16618.167099999264], [-1477577.0416, 20348.799599999562], [-1481307.6740000006, 24079.43209999986], [-1485038.3065000009, 27254.438400000334], [-1486784.5600000005, 29715.06829999946], [-1487816.4370000008, 33286.95050000027], [-1488133.0, 35142.601600000635], [-1488693.0, 38341.191400000826], [-1488989.875, 39865.83980000019], [-1489671.75, 41526.7695000004], [-1491113.375, 42518.503900000826], [-1493010.5, 43557.7070000004], [-1494623.125, 44481.97269999981], [-1494206.5, 45226.14059999958], [-1493610.8235999998, 47971.35490000062], [-1493452.0733000003, 50670.11020000093], [-1492737.6969000008, 51940.112800000235], [-1491639.375, 53169.613299999386], [-1491388.3191999998, 56067.620999999344], [-1491652.875, 57972.558599999174], [-1491687.125, 58293.226600000635], [-1492081.125, 59839.898399999365], [-1492164.5, 60171.4179999996], [-1492196.5, 60752.273399999365], [-1492057.5, 62130.558599999174], [-1491934.75, 62469.50779999979], [-1491467.6942999996, 63767.01139999926], [-1489721.4408, 65275.13949999958], [-1486625.8096999992, 66862.6425999999], [-1485832.0581, 68132.64519999921], [-1484800.1809999999, 69799.5234999992], [-1483371.4280999992, 71625.15220000036], [-1482180.8007999994, 74323.9076000005], [-1480752.0479000006, 75752.66039999947], [-1477497.6664000005, 78213.29030000046], [-1474720.625, 79750.49220000021], [-1472834.1815000009, 82072.51979999989], [-1472516.6808000002, 84824.19189999998], [-1472410.8473000005, 87364.19700000063], [-1472201.75, 90594.25], [-1472203.125, 90595.53130000085], [-1473528.9085000008, 89563.93799999915], [-1475275.1620000005, 87023.9330000002], [-1476942.0403000005, 85753.93040000089], [-1479164.5447000004, 85118.92909999937], [-1483053.9275000002, 83293.3004999999], [-1485435.1822999995, 83055.17500000075], [-1487498.9364, 84245.8024000004], [-1491467.6942999996, 87341.43359999917], [-1495085.0, 91972.125], [-1496246.25, 93061.13279999979], [-1497387.625, 94720.61720000021], [-1498555.125, 96020.0625], [-1501230.8388999999, 99247.70739999972], [-1502977.0923999995, 100200.20930000022], [-1505596.4726, 100517.7098999992], [-1506866.4750999995, 99803.33349999972], [-1507898.3521999996, 97977.70490000024], [-1509962.1063, 96072.70109999925], [-1514010.2393999994, 94167.69720000029], [-1516708.9947999995, 93532.69600000046], [-1517899.6221999992, 92818.31949999928], [-1518931.4992999993, 91310.19150000066], [-1520280.8770000003, 89722.68840000033], [-1520439.6272999998, 88293.93549999967], [-1519566.5004999992, 86230.18139999919], [-1517582.1216000002, 82975.79990000091], [-1516629.6196999997, 79880.16870000027], [-1516153.3686999995, 75832.03559999913], [-1516391.4942000005, 69402.64770000055], [-1519963.3762999997, 64481.38790000044], [-1525995.8883999996, 61703.25730000064], [-1532028.4004999995, 61862.00760000013], [-1535578.2649000008, 64507.00459999964], [-1535910.9743000008, 65139.15259999968], [-1536122.6414, 66832.48929999955], [-1537075.1433000006, 68419.9924999997], [-1538768.4800000004, 69372.4944000002], [-1540881.7462000009, 70724.98469999991], [-1542155.1534000002, 71594.99880000018], [-1544695.1585000008, 71277.49819999933], [-1546811.8293999992, 71383.33170000091], [-1548716.8332000002, 71383.33170000091], [-1551362.6719000004, 71806.66589999944], [-1554114.3440000005, 71912.49939999916], [-1557395.1839000005, 71065.83110000007], [-1560252.6896000002, 68949.16019999981], [-1563427.6960000005, 65985.82090000063], [-1565015.1992000006, 62175.813300000504], [-1568931.0403000005, 57624.97089999914], [-1570604.7276000008, 55750.12040000036], [-1573700.3587999996, 48844.48159999959], [-1573823.1290000007, 48592.479699999094], [-1574434.3847000003, 44924.94549999945], [-1575069.3859, 41855.772700000554], [-1576795.9900000002, 39319.46250000037], [-1579177.2447999995, 37731.95940000005], [-1581399.7491999995, 34795.07850000076], [-1582987.2523999996, 30905.69569999911], [-1584475.125, 28186.843800000846], [-1585896.75, 27820.650399999693], [-1587981.078400001, 29049.91369999945], [-1588721.9132000003, 30954.917500000447], [-1590864.25, 32148.11910000071], [-1594496.6503999997, 34556.95299999975], [-1595925.4033000004, 36620.70710000023], [-1597116.0306000002, 38287.585500000045], [-1598386.0331999995, 38525.710999999195], [-1601845.2728000004, 38363.26569999941], [-1605126.1127000004, 37622.430900000036], [-1608724.4531999994, 37834.09789999947], [-1613275.2957000006, 38363.26569999941], [-1614545.2982, 40374.10300000012], [-1616132.8014000002, 42702.44099999964], [-1617594.8215999994, 44478.84789999947], [-1618229.822899999, 46225.10139999911], [-1619658.5757, 47653.85419999994], [-1622516.0813999996, 48765.10639999993], [-1626643.5897000004, 49638.2332000006], [-1631406.0991999991, 49558.857999999076], [-1634898.6062000003, 49796.98350000009], [-1636077.0, 50424.898399999365], [-1636529.125, 51204.0625], [-1636452.75, 51553.98440000042], [-1637311.0, 51899.066400000826], [-1640375.4922000002, 52733.86439999938], [-1641169.2436999995, 53448.24080000073], [-1641724.8698999994, 55670.74530000053], [-1642042.3705000002, 56464.49679999985], [-1643232.9978999998, 57099.4980999995], [-1645455.5022999998, 57496.373900000006], [-1648789.2589999996, 57496.373900000006], [-1651091.1385999992, 58766.376399999484], [-1653234.2678999994, 60512.62989999913], [-1656091.773600001, 61782.6325000003], [-1658869.9041000009, 62417.63370000012], [-1662362.4111000001, 62576.38409999944], [-1663789.2862, 63170.91540000029], [-1665239.5662999991, 65139.15259999968], [-1665662.9004999995, 66832.48929999955], [-1665451.2334000003, 68737.49310000055], [-1665874.5675000008, 69266.66080000065], [-1669325.875, 71806.61720000021], [-1671281.75, 72555.78130000085], [-1673197.625, 73242.71089999937], [-1675098.625, 74241.52339999937], [-1676804.375, 75667.20309999958], [-1678142.75, 77115.28910000063], [-1678752.375, 77879.57029999979], [-1679800.125, 77328.02339999937], [-1680879.375, 76156.25], [-1681702.625, 75450.03130000085], [-1681537.9321999997, 73182.50200000033], [-1682490.4341000002, 69689.99499999918], [-1684395.4378999993, 67361.65699999966], [-1684717.3818999995, 67022.76860000007], [-1684904.9562, 66703.89230000041], [-1686075.5453999992, 64305.713400000706], [-1688139.2995999996, 60654.45610000007], [-1692028.6823999994, 57638.200099999085], [-1695838.6899999995, 54701.319199999794], [-1699013.6963, 51843.813500000164], [-1700680.5746999998, 50494.43579999916], [-1702426.8280999996, 49541.93390000053], [-1704173.0815999992, 48906.93260000087], [-1705463.1223000009, 47971.35490000062], [-1706554.3364000004, 46208.17720000073], [-1707586.2135000005, 45096.925000000745], [-1708697.4657000005, 44858.79949999973], [-1709888.0931000002, 44858.79949999973], [-1711316.8458999991, 44779.42430000007], [-1711872.4719999991, 44461.92369999923], [-1712110.5975000001, 43271.29629999958], [-1712031.2224000003, 41842.54350000061], [-1712765.6369000003, 40668.84019999951], [-1714591.2655999996, 39636.96319999918], [-1716813.7699999996, 39954.46380000003], [-1719036.2744999994, 41383.21670000069], [-1722268.25, 37229.023399999365], [-1722857.625, 35687.9804999996], [-1723057.25, 35000.871099999174], [-1722719.5, 33461.289100000635], [-1721196.75, 32599.38089999929], [-1719875.125, 31781.91019999981], [-1719524.125, 30292.54880000092], [-1719177.0, 28542.765599999577], [-1718380.0, 27685.710899999365], [-1717509.375, 26446.46480000019], [-1717106.375, 24475.30470000021], [-1717020.75, 22470.5], [-1717607.5216000006, 20031.29900000058], [-1717727.0, 17245.95119999908], [-1717185.75, 15192.351600000635], [-1714988.1414, 11458.781799999997], [-1714015.6012999993, 8743.102299999446], [-1712904.3490999993, 4615.594000000507], [-1712413.6133999992, 1916.5473999995738], [-1713003.7623999994, -50.616200000047684], [-1713539.3504000008, -3401.2970000002533], [-1711126.0463999994, -3482.55169999972], [-1710543.1325000003, -3463.747999999672], [-1709590.6305999998, -3622.4982999991626], [-1709431.8803000003, -4892.500900000334], [-1708241.2529000007, -6956.25500000082], [-1703875.6192000005, -10448.762000000104], [-1700065.6115000006, -12036.265200000256], [-1694295.375, -14804.057600000873], [-1691997.5, -16148.80660000071], [-1689667.4657000005, -17433.776000000536], [-1689111.8396000005, -18941.903999999166], [-1688238.7128999997, -20132.531400000677], [-1686730.5848999992, -20688.15750000067], [-1683476.203400001, -22037.53519999981], [-1680533.5, -23487.560499999672], [-1679769.625, -24022.30660000071], [-1678389.25, -25318.976600000635], [-1677966.125, -26977.960899999365], [-1678798.25, -29194.08980000019], [-1679750.5, -32217.88279999979], [-1679415.125, -33075.19529999979], [-1679094.0, -33510.960899999365], [-1678342.875, -34355.48440000042], [-1678083.75, -36551.98440000042], [-1677991.625, -38554.44529999979], [-1677659.875, -40401.238299999386], [-1676808.875, -41267.94529999979], [-1675294.875, -42905.8945000004], [-1674976.875, -43601.933599999174], [-1673951.1842999998, -44580.080299999565], [-1673554.3084999993, -45532.58220000006], [-1673474.9333999995, -47437.585999999195], [-1674109.9345999993, -49580.71529999934], [-1676649.9397, -51247.59359999932], [-1678872.4441, -52279.47069999948], [-1679428.0702999998, -53231.97259999998], [-1679507.4453999996, -55454.476999999955], [-1680459.9473, -57041.98020000011], [-1682364.9510999992, -57597.6063000001], [-1683422.625, -58114.65619999915], [-1684067.25, -58233.308599999174], [-1685637.625, -58564.191400000826], [-1687127.4606999997, -59264.48460000008], [-1688556.2135000005, -60216.98650000058], [-1688635.5887000002, -61645.73939999938], [-1687841.8370999992, -62756.99159999937], [-1686454.7076999992, -62965.061000000685], [-1686306.0, -62953.98440000042], [-1684274.0, -62880.648399999365], [-1683323.25, -63768.63279999979], [-1682145.875, -64810.5195000004], [-1681818.375, -65456.433599999174], [-1681333.0741000008, -67916.3769000005], [-1681253.6988999993, -70297.6316999998], [-1680380.5722000003, -71885.13489999995], [-1679586.8205999993, -72520.13609999977], [-1679269.3199000005, -73710.76349999942], [-1679189.9448000006, -76012.64310000092], [-1678826.5, -78992.75], [-1678082.0, -80617.22660000063], [-1676391.7761000004, -80871.45199999958], [-1674169.2716000006, -80236.45069999993], [-1672740.5187999997, -80157.07550000027], [-1671917.7859000005, -80251.48750000075], [-1669204.0921, -80801.9645000007], [-1665914.2551000006, -81268.32780000009], [-1664406.1271000002, -81030.20229999907], [-1662659.8736000005, -80157.07550000027], [-1660939.1087999996, -78436.31069999933], [-1660060.5315000005, -77997.02209999971], [-1659028.6545000002, -78393.89790000021], [-1657282.4010000005, -80060.7762000002], [-1655933.0232999995, -80933.90300000086], [-1654742.3959, -81568.90420000069], [-1652281.7660000008, -82600.78130000085], [-1651249.8889000006, -83870.78380000032], [-1650297.387, -87680.79150000028], [-1650535.5124999993, -90062.04619999975], [-1650567.625, -92709.76559999958], [-1649886.25, -93900.95309999958], [-1648935.875, -94056.75], [-1648237.5, -95408.53910000063], [-1648153.25, -96000.64059999958], [-1646387.9660999998, -97460.86009999923], [-1646546.7163999993, -98333.9868999999], [-1648054.8443999998, -99603.98939999938], [-1649404.2221000008, -100397.74100000039], [-1650197.9737, -101588.36840000004], [-1650618.5577000007, -102663.1941999998], [-1650853.0131, -103952.69899999909], [-1650376.7621999998, -109032.70920000039], [-1649583.0106000006, -110937.71299999952], [-1648551.1335000005, -113080.84229999967], [-1648471.7583000008, -115144.59640000015], [-1649027.3845000006, -117208.35050000064], [-1649662.3857000005, -118875.22880000062], [-1650059.261499999, -121256.48359999992], [-1649900.5111999996, -122843.98680000007], [-1649344.8850999996, -124352.11480000056], [-1649503.635399999, -126653.9944000002], [-1649106.7596000005, -128717.74850000069], [-1648392.383199999, -130543.37719999999], [-1647480.625, -130852.98440000042], [-1647411.875, -130952.39059999958], [-1647411.25, -130953.99220000021], [-1648992.375, -131716.75], [-1651266.448999999, -133098.03720000014], [-1653052.3901000004, -134383.91469999962], [-1654409.7052999996, -134812.54059999995], [-1655124.081700001, -135812.66760000028], [-1655481.2699999996, -137169.98279999942], [-1655409.8323, -139098.79920000024], [-1655124.081700001, -141170.49080000073], [-1654222.375, -143169.57809999958], [-1653736.375, -144317.375], [-1653494.7530000005, -146175.23000000045], [-1653552.4536000006, -147242.69040000066], [-1654409.7052999996, -150028.75850000046], [-1655981.3334999997, -153172.01479999907], [-1657195.7733999994, -154600.76769999973], [-1658267.3379999995, -155315.14409999922], [-1659767.5285, -156743.89690000005], [-1661410.5943, -158244.08740000054], [-1662196.4083999991, -159458.52740000002], [-1662696.4718999993, -160887.28020000085], [-1663126.4505000003, -161356.34779999964], [-1663246.0, -161441.14059999958], [-1664301.5, -162043.46869999915], [-1664673.5, -162586.25], [-1665100.75, -163898.0625], [-1665196.7894000001, -165030.6634999998], [-1665196.7894000001, -168602.5457000006], [-1664911.0387999993, -169888.42320000008], [-1665339.6646999996, -171245.73839999922], [-1665625.4152000006, -172817.36659999937], [-1666125.4787000008, -174746.18290000036], [-1667839.9822000004, -177746.56389999948], [-1668125.7326999996, -179175.31680000015], [-1667911.4198000003, -180889.82019999996], [-1666982.7304999996, -183461.57540000044], [-1666554.1045999993, -185461.82939999923], [-1666554.1045999993, -187319.2081000004], [-1665911.1657999996, -189390.89970000088], [-1665768.2905000001, -191605.4667000007], [-1666411.2292999998, -193605.72069999948], [-1666696.9799000006, -195177.3487999998], [-1666839.8552, -197106.16520000063], [-1667054.1680999994, -198820.66860000044], [-1666625.542199999, -199963.67090000026], [-1666554.1045999993, -200963.7979000006], [-1667268.4810000006, -203106.92720000073], [-1667554.2315999996, -205321.4941000007], [-1667482.7939999998, -206464.49640000053], [-1667197.0434000008, -207607.49870000035], [-1666839.8552, -208536.18799999915], [-1667411.3563, -209322.00210000016], [-1667339.9187000003, -210607.87969999947], [-1666982.7304999996, -211608.0066999998], [-1665482.539999999, -212679.57129999995], [-1664982.4765000008, -213322.5100999996], [-1664482.4130000006, -214322.63709999993], [-1664553.8506000005, -216108.5781999994], [-1664746.625, -217862.4375], [-1665292.125, -219251.20309999958], [-1666303.25, -220902.65619999915], [-1666841.625, -221253.125], [-1667547.875, -221410.95309999958], [-1668682.5, -221892.28119999915], [-1669392.75, -222829.26559999958], [-1669296.875, -223369.6875], [-1668774.75, -224107.29690000042], [-1668587.875, -224459.25], [-1669258.75, -225197.5625], [-1669879.375, -226206.57809999958], [-1670293.0, -227207.64059999958], [-1671051.0, -227874.46869999915], [-1673697.8688999992, -229181.66679999977], [-1674483.6830000002, -230181.7938000001], [-1674912.3088000007, -231181.92080000043], [-1674983.7465000004, -232467.79839999974], [-1674840.8712000009, -233825.11360000074], [-1675269.4969999995, -234396.61470000073], [-1677412.6262999997, -233896.55120000057], [-1678984.2544999998, -232967.8618999999], [-1679770.0684999991, -231467.6713999994], [-1681180.125, -230294.35940000042], [-1682945.375, -230065.35940000042], [-1684596.375, -230536.98440000042], [-1686237.625, -231218.70309999958], [-1687024.75, -231775.14059999958], [-1688485.4609999992, -232324.92310000025], [-1688744.125, -230307.5625], [-1689985.6514999997, -227038.53749999963], [-1690914.3408000004, -224538.22000000067], [-1691628.7172999997, -222537.96600000001], [-1691628.7172999997, -221037.77549999952], [-1691342.9667000007, -219466.1473999992], [-1691771.5924999993, -218180.2697999999], [-1692343.0936999992, -218323.14509999938], [-1694057.5971000008, -219894.7731999997], [-1695843.5382000003, -220609.14970000088], [-1697772.3544999994, -221323.52610000037], [-1699915.4837999996, -221609.27669999935], [-1701415.6743, -221323.52610000037], [-1702415.8013000004, -221823.58960000053], [-1703630.2412999999, -222966.59190000035], [-1704416.0552999992, -224895.40819999948], [-1705273.307, -226609.91169999912], [-1705559.0576000009, -228467.2904000003], [-1705773.3705000002, -229038.79150000028], [-1706559.1845999993, -229395.9796999991], [-1709273.8149999995, -229896.04319999926], [-1712488.5089999996, -231753.42200000025], [-1713333.9684999995, -232473.62820000015], [-1714496.375, -232898.35940000042], [-1715803.25, -232456.53119999915], [-1715958.125, -230186.85940000042], [-1717371.75, -229252.57809999958], [-1718283.75, -229156.79690000042], [-1718932.0, -231303.82809999958], [-1719897.5, -231976.73440000042], [-1719925.875, -231922.1875], [-1720565.625, -230686.25], [-1720788.125, -229753.125], [-1721659.625, -229718.21869999915], [-1723437.625, -229796.98440000042], [-1724445.875, -230668.85940000042], [-1724743.75, -230627.21869999915], [-1724876.5, -231511.0625], [-1725734.75, -232154.95309999958], [-1726800.25, -232805.95309999958], [-1727807.875, -233677.73440000042], [-1728456.5, -234315.79690000042], [-1729190.375, -235871.8125], [-1729772.125, -236940.57809999958], [-1730029.25, -238445.20309999958], [-1729839.625, -240046.875], [-1730313.875, -241347.67190000042], [-1731530.0, -242225.21869999915], [-1732088.75, -242935.64059999958], [-1732971.875, -242689.875], [-1734861.625, -241807.71869999915], [-1735777.1805000007, -242469.0683999993], [-1736491.557, -244183.5717999991], [-1738848.9991999995, -245826.63759999909], [-1741777.9425000008, -247112.51520000026], [-1744063.9471000005, -248184.0798000004], [-1745138.4591000006, -249295.64389999956], [-1745778.4506, -249255.6445000004], [-1746492.8269999996, -248541.26799999923], [-1747064.75, -248288.71869999915], [-1749617.875, -248873.375], [-1751962.875, -247682.46869999915], [-1753492.625, -246306.70309999958], [-1754557.5, -245188.89059999958], [-1755329.75, -244915.125], [-1756239.5, -245808.48440000042], [-1755882.25, -247603.1875], [-1756685.875, -249507.875], [-1757050.125, -250520.34369999915], [-1756565.5346000008, -254113.4042000007], [-1756422.6592999995, -256327.97110000066], [-1755922.5957999993, -258042.47450000048], [-1754565.2806000002, -259471.22739999928], [-1754208.0923999995, -260328.4791000001], [-1754922.4688000008, -261114.29319999926], [-1757422.7862999998, -261614.35669999942], [-1759065.8520999998, -261614.35669999942], [-1760708.9178999998, -261757.23200000077], [-1762494.8589999992, -261757.23200000077], [-1763780.7366000004, -262971.6719000004], [-1764923.7388000004, -264043.2365000006], [-1766566.8046000004, -264686.17530000024], [-1768924.2467999998, -264829.0505999997], [-1770495.875, -265114.80120000057], [-1771567.4396000002, -265614.86470000073], [-1772424.6912999991, -266543.55399999954], [-1772781.8795999996, -268115.1821999997], [-1772640.375, -269520.3125], [-1772518.625, -270949.8125], [-1772518.625, -270951.78119999915], [-1772082.625, -270839.0625], [-1770944.125, -271608.78119999915], [-1769844.75, -272058.4375], [-1769360.375, -272476.8125], [-1767852.0, -274211.65619999915], [-1764352.2377000004, -274473.13240000047], [-1761137.5438, -275187.50879999995], [-1759780.228599999, -277044.88749999925], [-1758565.7885999996, -279616.64269999973], [-1757065.5980999991, -282474.14839999937], [-1755065.3441000003, -284688.71529999934], [-1752922.2148000002, -285545.9670000002], [-1751779.2126000002, -285974.5929000005], [-1751564.8995999992, -286474.6564000007], [-1751064.836100001, -287046.15750000067], [-1749921.8337999992, -287546.22100000083], [-1747993.125, -289323.28119999915], [-1747096.75, -291026.46869999915], [-1745849.5, -292027.15619999915], [-1745435.625, -292792.9375], [-1745867.875, -294153.875], [-1746231.75, -295686.25], [-1746671.0, -296317.6875], [-1746020.0, -297447.625], [-1745628.625, -298832.625], [-1745534.125, -300152.84369999915], [-1745052.125, -301349.0625], [-1744470.875, -302567.59369999915], [-1743918.25, -303157.34369999915], [-1743400.5, -302905.78119999915], [-1742038.875, -302579.375], [-1740478.875, -302296.0], [-1739590.125, -300982.40619999915], [-1738573.0, -299800.46869999915], [-1737135.0, -300115.25], [-1736272.375, -300719.0625], [-1735702.25, -301986.90619999915], [-1735289.125, -303012.78119999915], [-1734355.75, -303008.3125], [-1733121.875, -302029.8125], [-1732048.75, -302108.03119999915], [-1730583.0, -303050.9375], [-1730079.75, -303888.75], [-1729201.75, -305430.5], [-1728309.75, -305884.84369999915], [-1726347.4116999991, -306191.4458000008], [-1725061.5340999998, -307048.6975999996], [-1724704.3458999991, -308048.82459999993], [-1723989.9694999997, -310406.2667999994], [-1722204.0284000002, -311477.83139999956], [-1720846.7131999992, -313120.89719999954], [-1719203.6473999992, -315264.0264999997], [-1718775.0215000007, -317550.0310999993], [-1718203.5204000007, -319907.47330000065], [-1716631.8923000004, -322122.0402000006], [-1714917.3888000008, -324336.6071000006], [-1714203.0123999994, -326336.8610999994], [-1712845.6972000003, -327551.30110000074], [-1709887.5, -330048.0], [-1709183.5, -330408.375], [-1707496.375, -331293.90619999915], [-1705771.875, -332499.1875], [-1704767.875, -332405.90619999915], [-1703765.0, -332311.3125], [-1703262.625, -334445.71869999915], [-1702848.625, -335470.40619999915], [-1702004.25, -335912.8125], [-1701344.2367000002, -336838.1945999991], [-1700629.8603000008, -338695.5733000003], [-1700486.9849999994, -341053.0155999996], [-1700370.25, -343224.8125], [-1700712.125, -344396.0], [-1700701.2979000006, -344553.4601000007], [-1700558.4225999992, -344910.64829999954], [-1700201.2344000004, -345410.7117999997], [-1699558.2956000008, -346839.46460000053], [-1699272.545, -348768.2809999995], [-1698415.293299999, -351411.4737999998], [-1697200.8533999994, -352768.7890000008], [-1696629.3522999994, -353411.72780000046], [-1696486.477, -354554.7301000003], [-1695700.6629000008, -356340.6710999999], [-1695486.3499999996, -357055.04759999923], [-1695486.3499999996, -359126.7391999997], [-1696200.726399999, -360198.3038999997], [-1696700.7898999993, -361841.36959999986], [-1697700.9168999996, -362627.18370000087], [-1697915.2298000008, -363770.1860000007], [-1697772.3544999994, -365699.00239999965], [-1697502.6806000005, -366816.2229999993], [-1697435.625, -368049.0625], [-1698030.75, -369477.09369999915], [-1698878.125, -370850.6875], [-1698501.125, -371555.625], [-1698343.125, -372575.21869999915], [-1699516.625, -373256.03119999915], [-1700629.8603000008, -373628.58070000075], [-1701272.7990000006, -374414.3947999999], [-1701772.8625000007, -376057.4605999999], [-1702987.3025000002, -377057.5876000002], [-1703630.2412999999, -377843.4015999995], [-1704344.6176999994, -379343.5921], [-1703558.8036000002, -380343.71910000034], [-1704130.3048, -381701.0343999993], [-1704630.3683000002, -383486.9754000008], [-1704910.25, -385685.78119999915], [-1704622.875, -386578.15619999915], [-1704144.6021999996, -388347.43730000034], [-1703487.3660000004, -389630.6127000004], [-1703630.2412999999, -391916.61730000004], [-1703487.3660000004, -392916.74430000037], [-1702988.75, -393451.8125], [-1702994.375, -393466.40619999915], [-1702994.875, -393467.78119999915], [-1702996.0, -393469.3125], [-1703283.125, -393872.28119999915], [-1704456.125, -394812.0625], [-1706046.125, -395765.5], [-1707185.6210999992, -396294.7709999997], [-1710358.625, -396598.1875], [-1711959.375, -396563.53119999915], [-1713100.4876000006, -395845.22589999996], [-1713817.1634, -395871.7695000004], [-1715510.5000999998, -396189.2700999994], [-1717203.8368999995, -396824.2714000009], [-1718791.3399999999, -397776.77329999954], [-1720852.75, -398273.0], [-1721330.375, -398324.75], [-1722075.25, -398163.6875], [-1723167.125, -397408.1875], [-1724658.125, -396823.90619999915], [-1725136.0, -397137.90619999915], [-1725940.75, -397793.90619999915], [-1726577.375, -397864.0], [-1727797.625, -397495.84369999915], [-1729028.875, -396917.375], [-1730122.125, -395902.21869999915], [-1730866.625, -394962.78119999915], [-1731404.0, -394275.3125], [-1732180.0, -394003.375], [-1732746.625, -393984.5625], [-1733054.5843000002, -394063.8607999999], [-1733509.3883999996, -394419.7945000008], [-1733826.8891000003, -396245.42310000025], [-1734620.6406999994, -397912.30150000006], [-1735970.0184000004, -399182.30399999954], [-1736605.0196000002, -400134.80590000004], [-1736843.1450999994, -401881.0593999997], [-1735638.375, -404309.59369999915], [-1734476.125, -404716.71869999915], [-1733542.625, -405490.65619999915], [-1732896.875, -405370.15619999915], [-1732349.125, -404969.71869999915], [-1731615.125, -404661.46869999915], [-1730712.4703000002, -404480.1528999992], [-1730096.2566, -404738.5650999993], [-1730016.8814000003, -407040.4447000008], [-1730175.6317999996, -409818.5753000006], [-1729699.3807999995, -412041.0797000006], [-1729361.5062000006, -413612.5672999993], [-1729586.3616000004, -416085.97660000063], [-1729268.8609999996, -417673.4796999991], [-1728739.6932999995, -419366.81650000066], [-1728672.4557000007, -420173.6667999998], [-1728857.125, -420462.28119999915], [-1729204.5, -420905.9375], [-1729104.5, -422225.25], [-1728726.375, -422929.3125], [-1728040.375, -423648.21869999915], [-1727806.9431999996, -424035.3783999998], [-1727512.0241999999, -425409.91190000065], [-1727342.6905000005, -426404.74719999917], [-1727060.3084999993, -426853.2363000009], [-1726904.5, -427577.59369999915], [-1726248.125, -428445.65619999915], [-1726197.0, -429753.53119999915], [-1726742.625, -430673.0], [-1728122.5, -432139.0625], [-1728294.1218999997, -432548.7763], [-1728200.5381000005, -433016.69519999996], [-1727305.625, -434027.59369999915], [-1726430.5, -434578.75], [-1726508.375, -436014.625], [-1726885.125, -437385.71869999915], [-1726884.25, -438164.40619999915], [-1726604.5, -438587.5625], [-1727061.25, -440097.25], [-1726930.375, -441007.15619999915], [-1726619.5, -441801.125], [-1726478.673800001, -442492.0529999994], [-1727016.4495, -443127.60610000044], [-1728483.1104000006, -444398.7122000009], [-1728531.9990999997, -445083.15389999934], [-1727896.4460000005, -446305.3714000005], [-1726380.896400001, -447478.7000999991], [-1724971.375, -448379.6875], [-1725326.875, -449911.46869999915], [-1725670.5205000006, -450905.2128999997], [-1726429.7851, -453003.12289999984], [-1726478.673800001, -454029.7854999993], [-1725794.2320000008, -455398.66899999976], [-1725353.0198, -456302.7237], [-1723432.125, -458928.1875], [-1723300.9085000008, -459994.2064999994], [-1723740.9068, -461020.86920000054], [-1724669.7919999994, -462145.3092], [-1725305.3451000005, -463758.6361999996], [-1725449.5, -464404.84369999915], [-1725746.0, -465120.625], [-1725305.3451000005, -466398.6258000005], [-1725452.0111999996, -467180.84500000067], [-1725452.0111999996, -468305.28500000015], [-1725794.2320000008, -469478.6138000004], [-1726038.6755, -470211.9441999998], [-1725989.7868000008, -470798.6085999999], [-1725647.5659999996, -471385.2729000002], [-1724425.3485000003, -471727.49379999936], [-1723594.240700001, -472216.38079999946], [-1723105.3537000008, -473194.15469999984], [-1722567.5779999997, -475051.9252000004], [-1720465.3641, -475834.1444000006], [-1719047.5919000003, -476371.9199999999], [-1718509.8161999993, -477105.25049999915], [-1718412.0387999993, -478180.80179999955], [-1718558.7049000002, -479403.01930000074], [-1718949.8145000003, -480185.2383999992], [-1719176.375, -480949.53119999915], [-1719521.125, -482430.9375], [-1720037.0, -482682.65619999915], [-1719814.875, -483922.84369999915], [-1719992.875, -484299.03119999915], [-1720537.125, -484959.78119999915], [-1720963.375, -485542.1875], [-1720952.0, -486011.15619999915], [-1720473.5, -486736.0], [-1719864.875, -487333.6875], [-1719456.125, -487629.03119999915], [-1719285.75, -488598.71869999915], [-1719370.625, -489565.1875], [-1719160.875, -490077.21869999915], [-1718703.375, -490382.75], [-1717250.375, -491163.4375], [-1716864.0, -491019.375], [-1716633.25, -490931.25], [-1716633.375, -490933.40619999915], [-1716671.5, -491648.90619999915], [-1716657.375, -492895.84369999915], [-1716636.445699999, -493163.04729999974], [-1716798.7117999997, -494020.73970000073], [-1717140.9327000007, -495194.0683999993], [-1717580.125, -496274.75], [-1717394.25, -496422.21869999915], [-1717222.625, -496558.46869999915], [-1716514.625, -497176.96869999915], [-1715449.25, -497561.46869999915], [-1714941.625, -497617.71869999915], [-1714619.75, -498620.8125], [-1713832.25, -499360.0], [-1713070.7816000003, -500187.24430000037], [-1712740.9498999994, -501011.8233000003], [-1712643.1725999992, -502038.48599999957], [-1712789.8386000004, -502918.4824999999], [-1712838.7272999994, -503945.1451999992], [-1712398.7291, -504776.2530000005], [-1711860.953400001, -505069.58520000055], [-1710871.125, -504867.5], [-1710305.25, -504626.3125], [-1709329.375, -504939.125], [-1707994.75, -505536.25], [-1707509.8594000004, -505851.8043000009], [-1707314.3046000004, -506438.46869999915], [-1707216.5272000004, -507562.9087000005], [-1707314.3046000004, -508491.79399999976], [-1707118.7498000003, -509420.6791999992], [-1706923.375, -510895.71869999915], [-1706589.875, -511589.9375], [-1705862.25, -512108.6875], [-1705493.125, -512343.1875], [-1704576.5374999996, -513967.32799999975], [-1704332.0941000003, -515091.7681000009], [-1703940.9845000003, -515482.8775999993], [-1703158.7653, -515678.43239999935], [-1702718.7671000008, -516265.0967999995], [-1702474.3235999998, -517340.6480999999], [-1702669.8783999998, -518367.31079999916], [-1702695.2792000007, -519209.32379999943], [-1702692.625, -519212.8125], [-1703094.0, -520733.28119999915], [-1703001.875, -521323.125], [-1702910.75, -521653.46869999915], [-1702759.875, -521944.84369999915], [-1702242.0, -522210.96869999915], [-1701843.875, -522296.40619999915], [-1701553.875, -522410.25], [-1701075.0, -522875.625], [-1700924.625, -523166.78119999915], [-1700872.375, -523954.78119999915], [-1700980.25, -524243.0], [-1701038.125, -524541.1875], [-1701425.625, -524924.375], [-1701255.25, -525375.75], [-1700975.5, -525539.1875], [-1700617.125, -525563.9375], [-1699483.0, -525599.375], [-1698976.375, -525396.9375], [-1698777.0, -525180.625], [-1698332.625, -524757.75], [-1697785.625, -524874.8125], [-1697515.25, -525088.0625], [-1697315.0, -525648.75], [-1697119.625, -527037.1875], [-1697227.25, -527325.0625], [-1697226.0, -527843.375], [-1697233.5, -528411.75], [-1697644.75, -529722.6875], [-1697938.5, -530695.5], [-1697837.0, -531235.5625], [-1696996.8154000007, -533802.5732000005], [-1695659.9455999993, -535925.7058000006], [-1695600.5932, -536103.7630000003], [-1695454.3859, -536786.0636], [-1695442.2018999998, -537261.2372999992], [-1695308.1786000002, -537407.4445999991], [-1695141.0189999994, -538069.4557000007], [-1695434.3511999995, -538998.3409000002], [-1696314.3476999998, -540318.3356999997], [-1696796.75, -541299.9375], [-1697012.0, -542134.8125], [-1697330.5, -544035.125], [-1697666.0, -544688.625], [-1697742.5, -545346.1875], [-1697054.0, -545802.125], [-1697080.0, -546470.8125], [-1696629.5, -547085.1875], [-1696280.25, -547418.5625], [-1696216.75, -548157.375], [-1696012.75, -549236.75], [-1695513.625, -549602.3125], [-1695488.75, -550280.875], [-1695905.0, -550813.5625], [-1696501.375, -550945.3125], [-1697304.5, -551341.8125], [-1697383.0, -551740.875], [-1697732.625, -553271.75], [-1698245.0, -554302.3125], [-1697844.625, -554905.0], [-1697254.875, -555342.0625], [-1696645.0, -555938.3125], [-1696064.25, -556683.875], [-1695356.625, -556783.25], [-1695037.875, -556747.6875], [-1694757.5, -557170.125], [-1694713.375, -558008.0], [-1694872.375, -559890.375], [-1694600.875, -560362.8125], [-1693753.125, -561063.5], [-1692837.5, -560894.3125], [-1692623.25, -561923.875], [-1691034.3684999999, -563002.6910999995], [-1690496.5928000007, -563491.5780999996], [-1689958.8170999996, -563247.1346000005], [-1689469.9301999994, -562122.6945999991], [-1689022.375, -561811.5625], [-1688685.25, -561675.5625], [-1688435.125, -561988.4375], [-1688033.125, -562591.75], [-1687959.625, -563280.8125], [-1687883.5, -564487.9375], [-1687855.6862000003, -564809.0458000004], [-1687807.7145000007, -564909.3502999991], [-1686634.3857000005, -565447.1260000002], [-1686487.7196999993, -565936.0130000003], [-1686389.9422999993, -567451.5625999998], [-1685852.1666, -568233.7817000002], [-1684972.17, -568331.5591000002], [-1683945.5074000005, -568282.6703999992], [-1682625.512599999, -568282.6703999992], [-1682038.8482000008, -568673.7799999993], [-1681199.125, -569329.9375], [-1680696.75, -570213.6875], [-1680264.75, -570927.1875], [-1679527.375, -571135.875], [-1679044.5, -571860.0625], [-1678372.1959000006, -572584.8758000005], [-1677541.0880999994, -572584.8758000005], [-1676807.7576000001, -573367.0949000008], [-1676221.0932999998, -574540.4235999994], [-1675878.8724000007, -575371.5315000005], [-1675927.7610999998, -576251.5280000009], [-1675732.2062999997, -577131.5245999992], [-1675376.625, -578076.125], [-1675487.7628000006, -579282.6272], [-1675438.8740999997, -580749.2882000003], [-1675793.5, -581559.5625], [-1676652.375, -582774.1875], [-1676863.1791999992, -583008.0515000001], [-1677341.1886999998, -584221.4602000006], [-1677705.8056000005, -586328.1356000006], [-1677623.25, -586709.3125], [-1677535.625, -587866.8125], [-1677411.0, -588824.75], [-1676198.1864, -590222.2222000007], [-1674555.1206, -591936.7257000003], [-1673126.3676999994, -593436.9162000008], [-1671911.9277999997, -593936.9796999991], [-1670911.8007999994, -595151.4196000006], [-1670340.2996999994, -596008.6712999996], [-1670268.8619999997, -596794.4854000006], [-1670983.238500001, -597508.8618000001], [-1671769.0525000002, -599294.8028999995], [-1671840.4902, -600937.8686999995], [-1671197.5514000002, -601866.5580000002], [-1671911.9277999997, -603438.1862000003], [-1672197.6784000006, -604509.7508000005], [-1671983.3654999994, -606081.3790000007], [-1672483.4289999995, -607081.5059999991], [-1673626.4311999995, -607724.4447000008], [-1675626.6852000002, -608724.5716999993], [-1677198.3134000003, -610153.3245999999], [-1677978.1018000003, -611220.4035], [-1678982.25, -611419.375], [-1678962.75, -612665.375], [-1678947.25, -613393.5], [-1677990.625, -613545.0], [-1677210.375, -614073.0], [-1676249.25, -615001.3125], [-1675920.25, -615174.5625], [-1675223.875, -615063.6875], [-1674147.0, -613791.5625], [-1673475.125, -613261.625], [-1672435.625, -613792.625], [-1671486.75, -614252.5625], [-1670213.875, -614108.8125], [-1668895.0, -614802.625], [-1667440.375, -615059.5625], [-1666360.375, -615650.6875], [-1665779.5, -616135.8125], [-1665814.375, -616853.0], [-1665800.0811, -617019.8937999997], [-1664482.4130000006, -619368.7805000003], [-1663206.0, -621079.5625], [-1663003.625, -621381.1875], [-1662720.125, -622061.75], [-1662837.375, -622399.4375], [-1662982.625, -622885.8125], [-1663134.125, -623940.625], [-1663262.75, -625413.625], [-1663199.0, -625892.625], [-1662901.875, -627042.4375], [-1661740.375, -628012.5], [-1661519.625, -628214.5625], [-1661425.25, -628803.8125], [-1661624.75, -630106.625], [-1661764.375, -631370.5], [-1661726.875, -632257.3125], [-1661339.1567000002, -634227.8102000002], [-1660481.9049999993, -635227.9372000005], [-1659553.2156000007, -635799.4384000003], [-1659267.4649999999, -636656.6900999993], [-1658481.6510000005, -637442.5042000003], [-1656624.2721999995, -637728.2546999995], [-1654695.4559000004, -638585.5065000001], [-1653266.7029999997, -638871.2569999993], [-1652926.375, -639914.25], [-1652713.25, -640424.4375], [-1652730.125, -640783.25], [-1652850.5, -641947.625], [-1652767.625, -642327.0], [-1651909.3878000006, -643443.2662000004], [-1651178.375, -644318.1875], [-1651236.375, -644616.3125], [-1650881.875, -645208.5], [-1650601.875, -645371.3125], [-1649771.625, -645908.5], [-1649639.25, -646298.375], [-1649665.875, -646706.875], [-1650005.125, -647928.75], [-1649702.0, -648250.625], [-1649233.5, -648504.625], [-1646980.1905000005, -648658.2140999995], [-1645081.0, -648503.0625], [-1644080.875, -648972.4375], [-1643961.3347999994, -649077.2753999997], [-1643908.3717999998, -649158.2775999997], [-1643479.7459999993, -650444.1552000009], [-1643551.1835999992, -653158.7855999991], [-1643336.8706999999, -654373.2255000006], [-1644194.1224000007, -655516.2278000005], [-1645337.1247000005, -657016.4182999991], [-1645765.7504999992, -658302.2959000003], [-1645908.6258000005, -659230.9852000009], [-1645694.3128999993, -659945.3617000002], [-1645337.1247000005, -661302.6768999994], [-1645265.6870000008, -662231.3662999999], [-1646337.2517000008, -663160.0556000005], [-1647051.6281000003, -664088.7449999992], [-1647123.0657000002, -665660.3730999995], [-1646837.3151999991, -666874.8129999992], [-1646337.2517000008, -667446.3142000008], [-1644479.8729999997, -667946.3776999991], [-1642336.7436999995, -668089.2530000005], [-1641550.9296000004, -668232.1283], [-1641050.8661000002, -669017.9422999993], [-1640193.6143999994, -671232.5092999991], [-1639193.487400001, -673232.7632999998], [-1638621.9861999992, -675018.7042999994], [-1638621.9861999992, -677090.3959999997], [-1639407.8003000002, -677090.3959999997], [-1640336.4897000007, -677447.5842000004], [-1640550.8026, -678662.0241], [-1640479.3650000002, -679947.9016999993], [-1640836.553200001, -681590.9674999993], [-1640550.8026, -683091.1579999998], [-1640550.8026, -684234.1602999996], [-1640846.75, -686006.625], [-1640901.5, -686563.375], [-1640783.25, -687570.5], [-1640600.0, -687971.25], [-1640448.75, -688261.625], [-1639899.5, -689204.5625], [-1640018.0, -689541.375], [-1640417.375, -689457.5], [-1641131.5, -689668.75], [-1642193.8684, -690163.4846000001], [-1643051.1201000009, -691377.9244999997], [-1644051.2470999993, -692235.1763000004], [-1645408.5623000003, -692520.9267999995], [-1646480.1270000003, -692520.9267999995], [-1647694.5669, -692949.5526999999], [-1648694.6939000003, -693806.8044000007], [-1649337.6327, -693878.2420000006], [-1650052.0090999994, -693020.9902999997], [-1650766.3855000008, -690234.9222999997], [-1651623.6371999998, -689377.6704999991], [-1652980.9525000006, -688163.2305999994], [-1653266.7029999997, -687163.1035999991], [-1653123.8277000003, -685948.6636999995], [-1653409.5782999992, -684305.5978999995], [-1653669.5396999996, -682601.4063000008], [-1653856.875, -682384.9375], [-1654766.8935000002, -681233.7793000005], [-1656195.646400001, -680733.7158000004], [-1657838.7122000009, -680305.0899], [-1658326.9848999996, -679816.8171999995], [-1658461.75, -679603.5625], [-1658856.375, -678951.625], [-1658980.375, -678510.875], [-1659131.5, -678220.6875], [-1659894.75, -677594.1875], [-1660452.625, -677527.75], [-1661443.0, -678094.5625], [-1661760.375, -678132.0625], [-1662053.25, -677758.9375], [-1662784.625, -677242.5625], [-1663391.25, -677424.5625], [-1665696.8529000003, -677304.7089000009], [-1667482.7939999998, -677233.2712999992], [-1670697.4879, -677161.8335999995], [-1673840.7442000005, -677233.2712999992], [-1676412.4992999993, -677304.7089000009], [-1679412.8803000003, -677661.8970999997], [-1681055.9461000003, -677376.1465000007], [-1682198.9484, -677733.3347999994], [-1683227.9875000007, -678520.2469999995], [-1683830.0, -678483.8125], [-1684923.875, -678511.125], [-1685927.75, -678609.3125], [-1686835.875, -679555.25], [-1687874.625, -681456.0625], [-1688443.875, -682267.4375], [-1688459.4548000004, -682348.6082000006], [-1688485.4609999992, -682376.7815000005], [-1690199.9644000009, -682305.3439000007], [-1692628.8443, -682305.3439000007], [-1693628.9713000003, -681662.4050999992], [-1694557.6605999991, -681376.6545000002], [-1695129.1618000008, -682091.0309999995], [-1696129.2887999993, -682519.6568], [-1697486.6040000003, -682376.7815000005], [-1698558.1686000004, -682591.0944999997], [-1699701.1709000003, -683234.0332999993], [-1701629.9872999992, -683519.7838000003], [-1703844.5541999992, -683591.2215], [-1705632.125, -683439.4375], [-1706771.5, -682887.0625], [-1707845.625, -683073.4375], [-1708250.25, -684384.9375], [-1708345.1257000007, -685448.6001999993], [-1708559.4386, -687305.9789000005], [-1709359.625, -688289.4375], [-1710352.125, -688597.25], [-1711154.125, -687909.0], [-1711534.0, -687725.125], [-1712260.25, -687725.3125], [-1712739.125, -688608.0625], [-1713292.75, -690146.5], [-1714718.0, -691086.5], [-1715748.875, -691592.4375], [-1716918.5, -692017.3125], [-1718001.375, -692253.5625], [-1719222.75, -692408.3125], [-1720561.875, -691814.0625], [-1721754.125, -692078.3125], [-1723567.75, -691797.75], [-1724234.25, -691759.6875], [-1725633.0352999996, -692092.3010000009], [-1727490.4140000008, -693163.8655999992], [-1728561.978599999, -693306.7409000006], [-1730464.625, -692611.25], [-1731013.75, -692494.5], [-1732443.375, -692657.0], [-1733189.125, -692757.625], [-1733906.25, -692709.125], [-1734850.875, -692767.1875], [-1736920.1828000005, -693092.4279999994], [-1739206.1874000002, -694306.8679000009], [-1741992.2555, -696664.3101000004], [-1744564.0106000006, -697664.4371000007], [-1747921.5798000004, -698021.6252999995], [-1750993.3984999992, -697664.4371000007], [-1756779.8476, -697092.9360000007], [-1760566.0426000003, -696664.3101000004], [-1764352.2377000004, -696735.7478], [-1767281.1810999997, -697378.6864999998], [-1770924.5008000005, -698021.6252999995], [-1775639.3852999993, -698593.1264999993], [-1779211.2674000002, -698021.6252999995], [-1781854.4602000006, -697450.1241999995], [-1784354.7776999995, -697592.9995000008], [-1786212.1564000007, -697378.6864999998], [-1789498.2880000006, -696807.1853999998], [-1792355.7937000003, -694878.3690000009], [-1795567.6209999993, -692731.2489999998], [-1798356.5557000004, -693592.4914999995], [-1805571.7576000001, -694449.7432000004], [-1810572.3926, -695306.9948999994], [-1814215.7124000005, -696378.5594999995], [-1817644.7193, -698950.3147], [-1822431.0414000005, -702307.8838999998], [-1824645.6083000004, -705165.3895999994], [-1825931.4858999997, -706236.9542999994], [-1826645.8622999992, -707880.0199999996], [-1826052.75, -709483.4375], [-1825987.125, -710223.0], [-1826002.9234999996, -712166.2785999998], [-1826360.1117000002, -713380.7184999995], [-1827645.9892999995, -715166.6596000008], [-1828003.1775000002, -716738.2877999991], [-1828931.8669000007, -720381.6075999998], [-1829074.7421000004, -721881.7981000002], [-1828574.6786000002, -723096.2379999999], [-1827145.9257999994, -724596.4285000004], [-1827110.7750000004, -724719.4562999997], [-1826707.3170999996, -726077.8214999996], [-1826788.7376000006, -726668.1201000009], [-1827288.8011000007, -728454.0612000003], [-1827931.7399000004, -729739.9387999997], [-1829003.3045000006, -730668.6281000003], [-1829431.930400001, -731954.5056999996], [-1829693.5165, -733654.8155000005], [-1829885.625, -733794.4375], [-1829633.25, -734107.4375], [-1829329.125, -734690.5625], [-1828878.5, -735045.4375], [-1827880.125, -735517.875], [-1827495.375, -736221.875], [-1827263.375, -737463.0], [-1827328.875, -737811.375], [-1828194.625, -737730.1875], [-1828911.0, -737681.0], [-1829484.25, -737973.3125], [-1829936.25, -738446.5], [-1830462.375, -738489.75], [-1830792.0, -738315.75], [-1831224.125, -737860.9375], [-1831961.875, -737651.4375], [-1832706.375, -737751.5625], [-1833142.5, -737865.8125], [-1833507.5, -738150.5], [-1835030.875, -738809.625], [-1835711.75, -739388.625], [-1835475.625, -740061.625], [-1834863.0, -741487.75], [-1834917.125, -742046.0], [-1835291.625, -742380.9375], [-1836050.625, -742840.5625], [-1836167.25, -743178.1875], [-1836575.694599999, -744098.9049999993], [-1836361.3816999998, -745527.6578000002], [-1836147.0688000005, -746242.0342999995], [-1834718.3158999998, -747599.3495000005], [-1834432.5654000007, -748599.4765000008], [-1834932.6289000008, -749671.0410999991], [-1836718.5699000005, -751742.7327999994], [-1837718.6969000008, -753885.8620999996], [-1838433.0734, -756171.8665999994], [-1838290.1981000006, -756957.6807000004], [-1837353.1208999995, -757554.0024999995], [-1837311.625, -757752.375], [-1837373.875, -758360.75], [-1837339.375, -758730.5], [-1837297.125, -759050.8125], [-1836874.0, -759555.125], [-1836510.25, -760099.1875], [-1836653.875, -760586.75], [-1836498.25, -761137.8125], [-1835513.375, -762228.625], [-1834003.9395000003, -762815.5673999991], [-1833503.8760000002, -763529.9438000005], [-1833432.4384000003, -765387.3225999996], [-1833075.2500999998, -766030.2612999994], [-1832575.1865999997, -766387.4495999999], [-1832432.3114, -767816.2024000008], [-1831074.9960999992, -769316.3928999994], [-1829646.2433000002, -770816.5833999999], [-1827003.0505, -773388.3386000004], [-1825974.4015999995, -774471.1269000005], [-1825887.25, -774950.375], [-1824928.5, -776190.4375], [-1824635.75, -776563.625], [-1823853.75, -777092.5], [-1823359.7306999993, -778103.2229999993], [-1822573.9166, -779603.4134999998], [-1821288.0391000006, -780603.5405000001], [-1819644.9733000007, -781246.4792999998], [-1817073.2181000002, -781675.1051000003], [-1816144.5287999995, -782818.1074000001], [-1815573.0275999997, -784246.8603000008], [-1814930.0888999999, -785389.8626000006], [-1813215.5854000002, -786104.2390000001], [-1811929.7079000007, -786247.1142999995], [-1811072.4561, -786675.7401], [-1810786.705600001, -787747.3048], [-1810358.0797000006, -789961.8717], [-1809143.639799999, -791890.6881000008], [-1808429.2633999996, -794105.2550000008], [-1807000.5105000008, -797820.0123999994], [-1807143.3858000003, -799177.3276000004], [-1807357.6986999996, -801177.5815999992], [-1807357.6986999996, -803392.1486000009], [-1807214.8234, -805249.5273000002], [-1806132.0, -807754.1875], [-1806262.375, -808451.3125], [-1806673.375, -808985.25], [-1807386.625, -809196.4375], [-1807843.5, -809151.8125], [-1808585.25, -809512.375], [-1809569.0, -809510.4375], [-1810285.5, -810290.875], [-1810697.75, -811394.25], [-1810641.375, -812752.5625], [-1810252.0, -813715.0], [-1810320.7566999998, -815359.1548999995], [-1809929.4539, -816322.3618999999], [-1809929.4539, -817822.5524000004], [-1810643.8302999996, -818608.3664999995], [-1811715.3948999997, -819465.6182000004], [-1812162.625, -820610.5], [-1811772.5, -822971.125], [-1810725.5, -824021.3125], [-1809509.5, -825832.5], [-1809005.5, -827026.0625], [-1807680.125, -828808.8125], [-1807168.625, -829952.1875], [-1805679.75, -831975.625], [-1804320.125, -833298.625], [-1804022.25, -834759.5625], [-1803615.0, -838417.125], [-1803206.5, -839279.9375], [-1801757.25, -841243.5625], [-1800364.625, -842107.125], [-1799246.25, -843896.4375], [-1798489.625, -845402.5], [-1797752.25, -847007.5], [-1796419.375, -848479.125], [-1795001.375, -848934.0625], [-1793641.6712999996, -849540.8659000006], [-1791498.5419999994, -850612.4305000007], [-1791498.5419999994, -851898.3081], [-1791069.916099999, -853041.3103999998], [-1789069.6621000003, -854898.6890999991], [-1787297.0, -857391.6875], [-1786261.375, -859628.375], [-1786054.75, -860189.4375], [-1784417.5, -860586.5625], [-1784321.875, -861745.0], [-1784149.25, -863334.1875], [-1782916.5, -864783.9375], [-1782948.75, -866071.3125], [-1782099.875, -866249.1875], [-1781206.75, -868145.3125], [-1779961.875, -870374.25], [-1778926.625, -871213.125], [-1777853.9521999992, -873472.4761999995], [-1777282.4510999992, -876329.9818999991], [-1776210.8863999993, -878973.1746999994], [-1773710.5689000003, -882616.4945], [-1773663.4508999996, -882720.8932000007], [-1771896.25, -884747.125], [-1770572.875, -886836.0], [-1768601.75, -889630.125], [-1767290.625, -892078.375], [-1765995.3035000004, -894903.7690999992], [-1766066.7411000002, -896618.2725000009], [-1766566.8046000004, -898189.9006999992], [-1766781.1175999995, -899618.6535], [-1766638.2423, -905619.4155000001], [-1766138.1787999999, -906190.9167], [-1764137.9247999992, -907333.9189999998], [-1762066.2331000008, -909762.7988000009], [-1758922.9768000003, -912263.1162999999], [-1757459.75, -913796.375], [-1756909.0, -914739.5], [-1756810.2901000008, -914960.7214000002], [-1756624.625, -916299.0625], [-1756086.875, -918429.75], [-1754941.25, -918979.0], [-1754081.75, -920503.375], [-1753475.875, -922285.25], [-1752705.0, -923170.625], [-1750541.5, -924089.1875], [-1748069.625, -924451.1875], [-1746780.875, -924772.75], [-1746061.0, -925647.5], [-1742920.9448000006, -927265.0212999992], [-1741920.8178000003, -928836.6494999994], [-1741420.7543000001, -930051.0894000009], [-1740134.8768000007, -931265.5293000005], [-1739349.0626999997, -932765.7197999991], [-1738491.8110000007, -933480.0962000005], [-1737261.4959999993, -933514.4921000004], [-1738333.0606999993, -935014.6827000007], [-1739476.0628999993, -937014.9366999995], [-1739404.6252999995, -938300.8142000008], [-1738761.6864999998, -939658.1294], [-1738261.6229999997, -940729.6941], [-1738047.3101000004, -942229.8846000005], [-1738404.4982999992, -944301.5761999991], [-1738618.8112000003, -945658.8914000001], [-1739404.6252999995, -946730.4561000001], [-1740690.5029000007, -947730.5831000004], [-1742833.6322000008, -949659.3993999995], [-1744119.5097000003, -950873.8394000009], [-1745619.7002000008, -951231.0275999997], [-1746762.7025000006, -951445.3405000009], [-1748076.25, -951595.375], [-1748691.5188999996, -952159.7169000003], [-1750263.1469999999, -951302.4651999995], [-1752549.1515999995, -950159.4628999997], [-1754406.5303000007, -949445.0865000002], [-1756621.0972000007, -948587.8347999994], [-1759049.9770999998, -947087.6443000007], [-1760264.4169999994, -946659.0184000004], [-1761335.9816999994, -946873.3313999996], [-1761907.4827999994, -947516.2701999992], [-1763764.8615000006, -947373.3948999997], [-1764613.375, -946536.125], [-1765077.25, -946231.375], [-1766239.0, -947488.5625], [-1768200.625, -948577.875], [-1768537.125, -948714.6875], [-1768660.875, -950239.9375], [-1768410.375, -950861.375], [-1768625.625, -951747.4375], [-1769928.25, -952923.25], [-1770908.875, -953752.375], [-1771078.25, -954958.375], [-1770694.3128999993, -956946.0390000008], [-1770337.1247000005, -959160.6059000008], [-1769315.2153999992, -961086.5120000001], [-1769330.125, -961271.6875], [-1769168.5, -963788.1875], [-1769551.3105999995, -964375.5538999997], [-1769479.8729999997, -965875.7444000002], [-1769408.4353, -968947.5629999992], [-1769622.7481999993, -970804.9417000003], [-1769277.75, -973747.3125], [-1769390.875, -974654.5625], [-1769717.75, -975310.375], [-1770796.75, -975550.3125], [-1772529.5, -975395.1875], [-1774129.0770999994, -975629.3363000005], [-1775012.375, -974700.6875], [-1782543.75, -968478.25], [-1786860.1239999998, -966619.8739], [-1790307.6119999997, -965963.2519000005], [-1792607.3749000002, -965615.1256000008], [-1793821.0, -965880.4375], [-1799009.0, -965592.625], [-1802322.875, -963185.0], [-1803429.75, -962718.75], [-1806265.5, -962150.625], [-1807277.75, -962375.6875], [-1811380.875, -960847.25], [-1814957.25, -958051.0], [-1821039.0, -953766.75], [-1834243.3734000009, -949182.5624000002], [-1845234.75, -946980.8125], [-1856466.875, -945360.0625], [-1860123.25, -945031.6875], [-1860643.125, -945116.5], [-1861226.8739999998, -945617.8114999998], [-1862556.125, -944519.9375], [-1862917.0, -940496.375], [-1864335.25, -935988.5], [-1864955.5, -934858.0], [-1869585.75, -930558.0], [-1871543.0, -929851.25], [-1872548.125, -929942.9375], [-1873590.75, -929710.0], [-1874210.375, -928743.5625], [-1875053.25, -926811.4375], [-1875017.625, -926415.6875], [-1873281.5, -923159.0625], [-1869527.5001999997, -917346.6874000002], [-1867873.375, -913974.0625], [-1868420.5, -911090.875], [-1868861.25, -910133.9375], [-1869331.875, -909677.9375], [-1869677.375, -907140.125], [-1868962.5, -905784.875], [-1867828.0, -904140.25], [-1866256.625, -901045.5625], [-1865402.0, -898996.9375], [-1864927.0000999998, -896820.5607999992], [-1865094.375, -896063.6875], [-1867048.5, -891499.1875], [-1867426.5, -891182.3125], [-1868645.4962000009, -890998.7510000002], [-1869131.875, -890771.125], [-1867946.875, -888081.8125], [-1863545.625, -879570.625], [-1862044.125, -875708.5625], [-1861315.6228999998, -873261.0558000002], [-1860799.25, -870115.625], [-1860651.625, -868172.25], [-1860786.0, -866264.875], [-1861676.25, -864306.8125], [-1865093.875, -860940.0625], [-1865979.375, -860280.125], [-1868353.75, -859262.6875], [-1869291.0, -859205.1875], [-1869914.0, -859494.75], [-1872701.0, -858240.1875], [-1877056.875, -854173.75], [-1878044.75, -852946.9375], [-1880312.6247000005, -848977.625], [-1880616.75, -848238.0625], [-1879566.0, -845481.6875], [-1877274.25, -842634.5625], [-1876175.125, -840781.4375], [-1874536.2489, -836694.2453000005], [-1874078.0, -833457.8125], [-1874136.5, -831994.0625], [-1875051.75, -828021.8125], [-1876125.875, -826379.5625], [-1883795.875, -822785.8125], [-1884866.25, -821911.8125], [-1890934.875, -810761.5], [-1891953.25, -805489.875], [-1894140.5, -800638.75], [-1895038.375, -799436.0625], [-1899074.25, -796981.25], [-1900572.375, -796351.0], [-1903209.0, -794126.125], [-1905024.375, -787765.125], [-1905057.375, -785001.6875], [-1904685.375, -784031.8125], [-1904959.25, -781765.0625], [-1905376.875, -780294.8125], [-1906486.25, -778076.8125], [-1913755.375, -766401.625], [-1913615.5, -761870.4375], [-1913858.125, -755155.875], [-1914493.25, -752823.3125], [-1914956.5, -752128.25], [-1916510.1239999998, -750664.4993999992], [-1917897.375, -749758.0625], [-1919543.75, -749093.6875], [-1919832.375, -748714.5], [-1921495.0, -742611.0], [-1922654.625, -736798.3125], [-1923981.625, -733883.6875], [-1928373.25, -726103.875], [-1932323.25, -721774.5], [-1933274.125, -720995.9375], [-1935145.75, -720110.75], [-1936085.0, -718887.5], [-1939734.125, -710962.0], [-1940155.875, -709633.4375], [-1939315.6241999995, -707057.5626999997], [-1938762.75, -700650.5625], [-1938969.0, -692811.4978999998], [-1939457.625, -691488.4375], [-1939049.875, -686875.375], [-1938572.375, -685854.4375], [-1937564.375, -685866.375], [-1937149.0, -685575.5], [-1936781.875, -682348.5625], [-1936922.25, -681962.875], [-1937563.25, -681306.0625], [-1937948.875, -681165.6875], [-1939042.8749000002, -678352.1254999992], [-1935048.25, -673435.5625], [-1934701.875, -673521.0], [-1934120.875, -674002.125], [-1932414.25, -676301.375], [-1932056.125, -678034.625], [-1931753.25, -678466.3125], [-1931258.5, -678661.0625], [-1930786.75, -678639.375], [-1929013.375, -677921.4375], [-1927227.875, -676481.875], [-1925225.1256000008, -674319.3120000008], [-1923253.75, -671263.75], [-1921914.5, -668121.25], [-1920873.125, -664263.5625], [-1917865.625, -658330.4375], [-1919101.5, -650494.375], [-1920962.625, -643039.375], [-1922673.25, -639309.1875], [-1923379.6239, -638344.9370000008], [-1924622.375, -637170.6875], [-1925649.25, -636543.25], [-1926240.625, -636501.75], [-1930063.125, -637939.8125], [-1936625.375, -636975.3125], [-1938135.0, -636509.0625], [-1940984.875, -634759.5625], [-1943154.5, -632914.625], [-1948712.25, -624995.5625], [-1951205.5, -618481.75], [-1953523.5, -613429.5625], [-1957985.5, -604501.5], [-1958638.75, -603884.6875], [-1959424.75, -603904.0], [-1960040.125, -601740.6875], [-1959725.875, -596662.75], [-1958759.7261999995, -594556.7653999999], [-1957438.0, -591675.625], [-1955683.0, -586961.1875], [-1955199.25, -585212.0625], [-1955162.375, -584545.0625], [-1956017.1249000002, -578427.3712000009], [-1956034.0, -569998.75], [-1956799.0, -567891.875], [-1957998.75, -566877.9375], [-1958483.5, -566731.875], [-1959060.625, -566844.5625], [-1959537.125, -566240.25], [-1960052.875, -565261.5625], [-1960392.5, -564137.5], [-1960294.75, -562505.625], [-1958621.5, -556682.6875], [-1956875.625, -555790.5], [-1955773.0, -553466.75], [-1954874.625, -550509.25], [-1954360.875, -547941.375], [-1953503.125, -538788.625], [-1953089.375, -535979.0625], [-1952931.0, -535757.3125], [-1952127.625, -535388.8125], [-1948103.75, -534638.3125], [-1944076.625, -535231.125], [-1943148.0, -535854.875], [-1942192.5, -538192.8125], [-1942874.7489, -542638.0629999992], [-1943927.375, -546040.3125], [-1944625.375, -546912.5625], [-1946077.25, -553182.625], [-1945913.875, -558535.1875], [-1944741.875, -560400.6875], [-1940507.0, -563868.375], [-1938937.25, -564319.1875], [-1937954.875, -564326.6875], [-1937454.875, -564707.4375], [-1933748.375, -569382.75], [-1933276.5, -570814.875], [-1931400.6240999997, -574646.8125], [-1927949.25, -579683.875], [-1926310.875, -581562.4375], [-1923992.125, -582916.9375], [-1922647.25, -583079.9375], [-1921932.5, -582878.625], [-1921167.2500999998, -581923.5624000002], [-1921086.875, -581623.5625], [-1922290.25, -577677.5], [-1924921.875, -576193.875], [-1926113.9989, -573256.8756000008], [-1927510.125, -566098.6875], [-1926753.875, -561394.375], [-1926495.625, -558311.125], [-1926571.75, -556550.3125], [-1927970.5, -552285.0], [-1933397.75, -543863.125], [-1937890.875, -540197.0625], [-1936554.9992999993, -535831.5001999997], [-1935079.875, -535514.375], [-1934726.625, -535728.875], [-1934240.375, -535765.1874000002], [-1933780.7497000005, -535379.4985000007], [-1933473.5, -534143.0], [-1933332.5, -530685.3125], [-1933486.0, -527219.6875], [-1934126.625, -526407.5], [-1936007.625, -525761.6875], [-1936762.7501999997, -525792.5623000003], [-1937089.75, -526075.75], [-1937463.375, -525986.4375], [-1938249.25, -525091.0625], [-1939673.125, -522393.5625], [-1940871.125, -518375.875], [-1940833.1237000003, -518155.96910000034], [-1939680.75, -518598.5625], [-1939470.375, -518748.1875], [-1939151.375, -519567.84369999915], [-1938560.5, -519672.03119999915], [-1935556.625, -518237.21869999915], [-1927996.375, -515721.46869999915], [-1924985.625, -513553.5625], [-1924352.5, -512705.5625], [-1921939.8749000002, -512424.31340000033], [-1920277.5, -512615.03119999915], [-1920876.75, -511618.3125], [-1921176.125, -511317.0625], [-1922692.75, -510545.96839999966], [-1924461.875, -510446.53119999915], [-1926017.875, -506341.40619999915], [-1926725.875, -504993.65619999915], [-1929486.625, -501530.5], [-1932093.5, -499215.5625], [-1933038.0000999998, -498693.0306000002], [-1933543.25, -498737.21869999915], [-1934811.6249000002, -500126.87509999983], [-1937193.375, -501195.84369999915], [-1938407.5, -501136.5], [-1939279.0, -500879.96869999915], [-1941641.375, -500778.3125], [-1941905.25, -501092.71869999915], [-1942190.625, -502643.5625], [-1942007.0, -503152.125], [-1942369.3751999997, -504957.87490000017], [-1944764.75, -509020.125], [-1944949.875, -510389.90619999915], [-1944819.375, -510982.8125], [-1943972.25, -512100.78119999915], [-1942447.125, -513471.21869999915], [-1941878.625, -514657.65619999915], [-1941917.9992999993, -515298.4068], [-1942285.0, -515755.40619999915], [-1944218.1217, -515556.3435999993], [-1946285.75, -516180.78119999915], [-1948008.375, -519846.15619999915], [-1947894.125, -520561.28119999915], [-1946198.375, -523761.9375], [-1945229.625, -525016.75], [-1944515.375, -525297.9375], [-1943917.7496000007, -526800.6256000008], [-1946155.375, -528434.0], [-1946330.2490999997, -528340.8116999995], [-1946832.4499999993, -527173.875], [-1946757.625, -526090.5625], [-1946942.0, -525499.5625], [-1947747.125, -524382.875], [-1948603.125, -524263.5], [-1948961.75, -524622.125], [-1949405.5, -526426.4375], [-1948458.625, -528575.8125], [-1948033.3743999992, -531011.5628999993], [-1948790.4990999997, -532076.2487000003], [-1951042.5, -531990.5612000003], [-1953080.125, -531493.875], [-1953548.125, -530791.0], [-1954898.375, -527816.125], [-1957433.3745000008, -524307.1862000003], [-1960856.875, -519990.75], [-1961878.125, -519189.71869999915], [-1963342.0, -518580.21869999915], [-1964379.875, -518767.96869999915], [-1965572.875, -519358.4375], [-1967310.375, -517832.78119999915], [-1967457.0, -515459.34369999915], [-1968012.25, -514570.71869999915], [-1968781.375, -513746.40619999915], [-1970786.875, -510422.28119999915], [-1971436.375, -507946.09369999915], [-1972782.0, -505413.09369999915], [-1973950.0, -503763.25], [-1975737.8742999993, -501826.40479999967], [-1980436.0, -498719.78119999915], [-1981022.25, -498518.875], [-1983892.125, -498867.53119999915], [-1984755.25, -499255.15619999915], [-1985890.0, -500395.5], [-1988399.125, -500068.8125], [-1986281.625, -497306.84369999915], [-1982014.3748000003, -490973.84380000085], [-1979452.125, -486707.03119999915], [-1979020.0, -485662.53119999915], [-1978764.125, -483728.09369999915], [-1979117.75, -480260.21869999915], [-1980380.875, -475150.21869999915], [-1980362.125, -474851.5], [-1980196.75, -474790.65619999915], [-1979380.75, -475710.625], [-1976236.625, -482103.90619999915], [-1975456.875, -486289.0625], [-1974528.75, -488778.9375], [-1972123.625, -493883.84369999915], [-1971274.75, -495166.40619999915], [-1970330.25, -495085.84369999915], [-1971407.375, -490484.59369999915], [-1975321.75, -479382.09369999915], [-1976887.375, -476321.78119999915], [-1978206.75, -475513.9375], [-1977834.875, -474626.09369999915], [-1977781.375, -473870.96869999915], [-1978079.625, -472275.4375], [-1979229.625, -468793.125], [-1980917.8750999998, -466390.1554000005], [-1983214.4934999999, -466633.66259999946], [-1984432.7916, -464517.67449999973], [-1983727.4609999992, -462594.04959999956], [-1983022.1327999998, -460991.03270000033], [-1983278.6152999997, -458810.92149999924], [-1983677.75, -456492.40619999915], [-1985590.25, -448785.78119999915], [-1989461.875, -443532.15619999915], [-1990619.5, -442332.625], [-1993904.625, -439602.65619999915], [-1996759.375, -434563.71869999915], [-1997158.0, -433607.0625], [-1999311.0, -430191.3125], [-2001054.125, -426222.75], [-2002576.25, -419785.84369999915], [-2004136.5, -414392.90619999915], [-2005390.375, -411959.21869999915], [-2007457.5, -409095.875], [-2012362.75, -400258.125], [-2013878.375, -398139.1875], [-2016619.5, -393503.875], [-2017024.75, -390522.1875], [-2019923.0, -385253.21869999915], [-2021126.375, -383629.8125], [-2021005.25, -380095.0625], [-2020588.25, -379580.90619999915], [-2020050.375, -379560.5], [-2019460.875, -379180.0625], [-2018223.125, -377979.53119999915], [-2016733.4934, -376105.33589999937], [-2015090.5, -373544.875], [-2014634.3748000003, -372342.06259999983], [-2014290.625, -370424.5625], [-2014215.875, -360708.8125], [-2014844.625, -357030.125], [-2015201.75, -356141.90619999915], [-2016193.875, -352202.28119999915], [-2015871.875, -344407.5], [-2015415.0, -339062.46869999915], [-2016333.5, -334815.75], [-2012729.625, -325186.75], [-2009527.625, -320153.5], [-2008889.25, -319540.09369999915], [-2006871.75, -316859.65619999915], [-2005435.75, -314193.8125], [-2005183.25, -313279.96869999915], [-2004864.75, -307199.59369999915], [-2004014.125, -303748.8125], [-2003572.7499000002, -299134.84410000034], [-2004004.125, -296514.96869999915], [-2005225.5, -294651.96869999915], [-2005369.375, -293888.03119999915], [-2004209.0, -287724.84369999915], [-2003749.75, -282704.5], [-2003955.875, -281726.21869999915], [-2005363.3740999997, -280404.0321999993], [-2006225.0, -279303.75], [-2007291.375, -277478.65619999915], [-2007695.75, -274022.15619999915], [-2007763.25, -271822.9375], [-2009422.0, -269521.40619999915], [-2009856.375, -266897.90619999915], [-2010107.375, -265960.875], [-2010548.375, -264314.6875], [-2013557.25, -257516.48440000042], [-2014380.75, -256476.625], [-2016503.2489999998, -246438.26479999907], [-2017897.25, -244791.82809999958], [-2019259.625, -243856.07809999958], [-2021809.1250999998, -241635.62329999916], [-2023252.5, -237493.48440000042], [-2024338.625, -235757.67190000042], [-2026257.0, -233342.40619999915], [-2028318.0, -230120.28119999915], [-2031134.5, -225235.10940000042], [-2031967.1238000002, -223092.73489999957], [-2031338.7474000007, -221316.13629999943], [-2029248.75, -218023.14059999958], [-2028979.5, -217298.21869999915], [-2028473.625, -209260.53119999915], [-2029177.25, -207579.51559999958], [-2029495.625, -207200.15619999915], [-2029895.0, -205477.375], [-2030169.75, -203057.125], [-2025087.4986000005, -194729.00009999983], [-2018226.375, -186016.96869999915], [-2011231.75, -178046.32809999958], [-2006160.375, -173110.78119999915], [-2005972.8745000008, -173424.20299999975], [-2005877.125, -174543.5], [-2008486.875, -177764.20309999958], [-2008558.0, -179116.4375], [-2006992.25, -180539.82809999958], [-2005213.0000999998, -179045.26539999992], [-2005070.75, -176910.17190000042], [-2001341.4250000007, -172454.93439999968], [-1998167.25, -170220.20309999958], [-1995506.75, -170147.39059999958], [-1992561.1249000002, -168993.65660000034], [-1991865.625, -167896.70309999958], [-1991964.0, -165650.48440000042], [-1995088.25, -163767.17190000042], [-1996245.625, -164455.45309999958], [-1997028.5, -166092.35940000042], [-2002510.625, -171102.0719000008], [-2004938.7496000007, -172992.60950000025], [-2005235.125, -172917.1875], [-2005646.125, -172480.84369999915], [-2003278.75, -169382.59369999915], [-2001067.3743999992, -167218.64169999957], [-1996538.75, -162166.35940000042], [-1993646.9946999997, -157787.1928000003], [-1990449.2475000005, -152134.04099999927], [-1989418.75, -150068.01559999958], [-1988170.5, -146387.8125], [-1988717.5, -143817.79690000042], [-1989427.1249000002, -142952.24950000085], [-1990550.125, -142796.64059999958], [-1988980.25, -135175.125], [-1987601.125, -133587.8125], [-1987024.75, -133495.48440000042], [-1986268.8701000009, -132601.77329999954], [-1981571.8721999992, -125187.78390000015], [-1979954.6237000003, -122122.04279999994], [-1975350.875, -112955.67190000042], [-1973353.375, -108539.35940000042], [-1971400.5, -103186.77339999937], [-1970616.125, -99838.48440000042], [-1969596.875, -87071.72660000063], [-1969335.75, -70780.19529999979], [-1970150.3737000003, -68411.55480000004], [-1971425.0, -67113.11720000021], [-1972015.875, -67008.92970000021], [-1973454.125, -65844.66410000063], [-1975007.5, -63288.863299999386], [-1974762.0, -61270.96480000019], [-1973259.75, -59689.64059999958], [-1970721.5, -55763.14059999958], [-1968012.5, -50363.2070000004], [-1965583.25, -42489.238299999386], [-1965295.4989999998, -41100.96710000001], [-1965163.5, -39360.183599999174], [-1965301.125, -38649.00779999979], [-1967979.75, -33589.16019999981], [-1968486.125, -33096.40230000019], [-1969717.125, -32587.683599999174], [-1970268.875, -31688.148399999365], [-1972839.5, -24772.95119999908], [-1972710.375, -23412.871099999174], [-1971915.25, -21637.002000000328], [-1971054.875, -16273.57909999974], [-1971113.25, -11690.958000000566], [-1971662.5, -5453.377000000328], [-1971149.375, 2105.7102000005543], [-1970256.0, 4258.110799999908], [-1969388.5, 7272.814899999648], [-1968543.25, 10788.862299999222], [-1968566.875, 12726.952099999413], [-1966671.0, 16434.517599999905], [-1965157.375, 19394.502000000328], [-1962824.0, 22606.210899999365], [-1960926.25, 25802.75], [-1960050.75, 31622.384800000116], [-1959783.0, 35682.011700000614], [-1959852.625, 36430.566400000826], [-1961610.0, 38490.20309999958], [-1962017.875, 45465.9570000004], [-1962881.875, 46936.84769999981], [-1963224.25, 47168.29690000042], [-1964031.875, 47177.550799999386], [-1964524.75, 59366.746099999174], [-1963167.0, 60544.97269999981], [-1957810.0, 66362.19529999979], [-1956218.75, 68340.48440000042], [-1954426.625, 70773.21880000085], [-1949119.0, 79112.71089999937], [-1944820.25, 87847.82029999979], [-1941571.25, 92838.55470000021], [-1937540.5, 101293.22660000063], [-1937351.75, 103605.45309999958], [-1937500.25, 105007.54690000042], [-1937813.75, 105531.0625], [-1937725.375, 105862.74220000021], [-1935937.5, 107721.6875], [-1934322.25, 108528.15630000085], [-1933122.75, 108560.88279999979], [-1932168.6241999995, 108400.96880000085], [-1932703.75, 107270.71880000085], [-1933145.25, 104265.63279999979], [-1933291.5, 101861.50779999979], [-1932257.625, 100809.28910000063], [-1931434.875, 100729.71089999937], [-1930781.75, 100958.6875], [-1930045.625, 103813.01559999958], [-1930251.375, 105405.08589999937], [-1929309.3749000002, 107569.12490000017], [-1924144.8707999997, 110872.13419999927], [-1921340.5, 111171.49220000021], [-1921635.25, 109218.30470000021], [-1920600.75, 106813.80470000021], [-1919714.625, 105761.65630000085], [-1918238.0, 105009.97660000063], [-1917500.5, 105760.91410000063], [-1917206.375, 107563.79690000042], [-1917947.0, 115677.80470000021], [-1916766.5, 116879.19529999979], [-1916616.75, 117906.85940000042], [-1917356.875, 118382.22660000063], [-1919401.8753999993, 119069.90660000034], [-1920751.125, 117331.80470000021], [-1921597.3743999992, 115426.65560000017], [-1922964.8749000002, 114327.74210000038], [-1928129.75, 111174.89839999937], [-1929756.875, 110453.97660000063], [-1930335.875, 110407.90630000085], [-1930304.375, 110960.74220000021], [-1924375.5, 117519.74220000021], [-1921709.7499000002, 121344.85239999928], [-1918454.1181000005, 126142.25219999999], [-1914867.375, 132177.42190000042], [-1911594.25, 138432.82809999958], [-1905540.2492999993, 141970.6710000001], [-1904802.0, 142271.09380000085], [-1904342.25, 142181.6875], [-1897575.5, 137610.07809999958], [-1893297.625, 134454.07809999958], [-1890494.0, 133402.0], [-1892115.625, 137008.1875], [-1898458.375, 140916.29690000042], [-1899917.75, 142375.8125], [-1902142.25, 146027.17190000042], [-1903394.6249000002, 146690.34369999915], [-1906088.9989999998, 146625.93769999966], [-1907549.5, 142129.54690000042], [-1910316.625, 141403.09380000085], [-1906543.0008000005, 148223.75049999915], [-1898874.0, 164938.82809999958], [-1887916.0, 192438.15630000085], [-1885556.625, 199964.39059999958], [-1884702.3735000007, 203418.5186999999], [-1882999.625, 207523.26559999958], [-1881628.125, 209402.09380000085], [-1877907.7488000002, 217345.3604000006], [-1876122.75, 222246.64059999958], [-1874338.375, 227830.03130000085], [-1868153.125, 242635.90630000085], [-1865390.375, 251001.35940000042], [-1865074.25, 254778.32809999958], [-1865125.125, 256328.92190000042], [-1862904.25, 261530.71880000085], [-1862645.875, 261904.10940000042], [-1861399.875, 262768.625], [-1859227.75, 266176.25], [-1855354.75, 274052.59380000085], [-1852477.625, 280810.25], [-1845069.375, 295113.65630000085], [-1839573.5, 311002.90630000085], [-1839371.25, 313467.8125], [-1838167.0000999998, 317120.46880000085], [-1835242.625, 323831.375], [-1835043.75, 325409.5625], [-1835360.375, 327057.75], [-1835359.0, 327840.65630000085], [-1834989.25, 330204.40630000085], [-1832613.4999000002, 332136.99990000017], [-1831516.5, 331440.375], [-1829723.0, 327659.0], [-1829405.0, 327267.65630000085], [-1829000.75, 327196.40630000085], [-1827951.5000999998, 327667.5940000005], [-1826742.25, 328843.0625], [-1827764.875, 336096.8125], [-1830566.0, 339141.875], [-1826219.625, 347738.84380000085], [-1824858.125, 352427.5], [-1824340.875, 355746.6875], [-1824506.875, 361504.4375], [-1822566.8728, 365828.75280000083], [-1820069.125, 374117.65630000085], [-1820091.625, 376114.3125], [-1820378.5, 377701.84380000085], [-1820898.75, 378895.6875], [-1820632.0, 379887.0625], [-1817861.1235000007, 381904.28130000085], [-1815518.7493999992, 382012.0636999998], [-1813447.75, 385815.5625], [-1812439.75, 390388.34380000085], [-1811528.25, 396958.84380000085], [-1811791.875, 402145.96880000085], [-1812940.25, 410271.5625], [-1812779.7616000008, 410916.3463000003], [-1812779.7338999994, 410916.34029999934], [-1812603.4999000002, 410973.0946999993], [-1812079.5, 410706.15630000085], [-1811272.75, 409806.1875], [-1809095.75, 406995.34380000085], [-1807610.25, 404764.75], [-1806697.5, 401674.625], [-1803942.25, 399257.03130000085], [-1802761.625, 399512.71880000085], [-1802243.125, 400170.46880000085], [-1802243.125, 400770.46880000085], [-1803358.625, 402454.625], [-1803254.0, 402836.15630000085], [-1801979.25, 403166.875], [-1795761.5, 401830.3125], [-1795242.875, 399837.75], [-1793965.25, 398221.4375], [-1791988.25, 397473.40630000085], [-1788586.375, 396524.34380000085], [-1784136.75, 396766.1875], [-1782416.5, 398222.34380000085], [-1778676.6251999997, 400851.34410000034], [-1778163.5, 400886.90630000085], [-1775915.5, 400223.40630000085], [-1775358.9988000002, 399921.18649999984], [-1774323.625, 398737.46880000085], [-1772367.25, 395369.78130000085], [-1772447.75, 391923.125], [-1770493.375, 388419.90630000085], [-1769646.875, 387516.4375], [-1767809.125, 386532.71880000085], [-1761437.125, 383661.9375], [-1759770.375, 383565.5625], [-1758526.1250999998, 383807.46949999966], [-1755819.75, 386383.9375], [-1755819.75, 386794.375], [-1756083.625, 387108.78130000085], [-1757845.1246000007, 387169.0931000002], [-1760490.875, 386109.875], [-1761398.0, 386009.3125], [-1762206.875, 386116.96880000085], [-1764818.375, 387937.0625], [-1765219.5, 388421.875], [-1769611.125, 396208.40630000085], [-1769948.25, 397807.28130000085], [-1769750.875, 398928.28130000085], [-1771157.75, 402434.46880000085], [-1772298.25, 403408.875], [-1772971.0, 403761.9375], [-1773900.875, 403960.2190000005], [-1779062.125, 404181.90630000085], [-1780523.8741999995, 404513.0636], [-1782607.0, 405059.53130000085], [-1786447.5, 406953.0625], [-1786832.75, 407357.25], [-1787066.5, 407933.21880000085], [-1787048.875, 408362.1875], [-1786478.25, 409778.15630000085], [-1786811.125, 411505.4375], [-1787075.0, 411819.84380000085], [-1788232.5001999997, 412263.90699999966], [-1791215.625, 411276.09380000085], [-1794652.875, 411466.46880000085], [-1795318.375, 411916.03130000085], [-1795762.375, 411977.4375], [-1800050.375, 410240.90630000085], [-1802082.5, 409113.15630000085], [-1803816.5, 409739.78130000085], [-1804723.5, 410443.0625], [-1805176.875, 411006.5], [-1806749.5, 414059.625], [-1807508.625, 416612.625], [-1807310.7491999995, 417651.18740000017], [-1808039.9993999992, 418765.34259999916], [-1808762.125, 419451.3125], [-1810068.7486000005, 420166.09249999933], [-1810378.2499000002, 420193.15579999983], [-1812293.125, 419556.125], [-1813355.2489, 418553.75090000033], [-1813477.875, 417840.5], [-1814607.25, 417122.25], [-1816640.25, 416377.34380000085], [-1816781.7485000007, 417371.37490000017], [-1815020.1240999997, 419346.90750000067], [-1813756.75, 420513.53130000085], [-1812481.3735000007, 423127.25430000015], [-1809304.375, 432566.8125], [-1807480.1256000008, 438892.00019999966], [-1803445.875, 455067.5625], [-1803121.6241999995, 455665.59339999966], [-1802259.125, 456176.75], [-1801608.5, 456106.1875], [-1800664.5, 455209.09380000085], [-1800620.3739, 454615.1560999993], [-1802287.0, 447521.75], [-1803903.1209999993, 442904.7905000001], [-1804692.5, 441143.09380000085], [-1805603.7473000009, 437980.72660000063], [-1807824.125, 427324.59380000085], [-1807563.5, 426694.875], [-1806701.0, 426236.6875], [-1803839.75, 425678.3125], [-1803292.375, 426077.1875], [-1800058.75, 429775.0], [-1799389.0, 434575.0], [-1799539.75, 435887.375], [-1799210.4989, 437125.62549999915], [-1797120.375, 438248.59380000085], [-1795590.9999000002, 438513.81189999916], [-1794653.875, 439970.125], [-1793761.375, 441984.84380000085], [-1793723.5, 442354.15630000085], [-1794811.25, 447597.25], [-1794708.5, 451525.0], [-1791711.375, 456306.90630000085], [-1790953.7481999993, 456879.06340000033], [-1785260.8749000002, 458058.87439999916], [-1784821.125, 457984.84380000085], [-1784465.7495000008, 458190.03050000034], [-1784325.3741999995, 458575.7185999993], [-1784677.625, 460225.34380000085], [-1786928.375, 463719.09380000085], [-1787242.75, 463982.90630000085], [-1792073.0, 463576.84380000085], [-1793745.25, 461249.9375], [-1795412.0, 461744.5], [-1798721.0, 463660.65630000085], [-1802103.375, 466392.1875], [-1801992.25, 467592.875], [-1801334.75, 468699.15630000085], [-1800521.8736000005, 471505.4377999995], [-1799421.25, 477410.4375], [-1799079.25, 483964.3125], [-1796123.75, 484845.09380000085], [-1792432.75, 483145.09380000085], [-1785587.6250999998, 484080.18840000033], [-1779022.6243999992, 484324.0329], [-1776366.7498000003, 484962.1241999995], [-1776066.75, 485481.75], [-1776610.5, 486429.6875], [-1777704.0, 487051.6875], [-1783013.3739, 489606.2190000005], [-1786470.75, 491055.28130000085], [-1787301.125, 491596.6875], [-1787889.25, 492884.09380000085], [-1786922.5, 493520.65630000085], [-1786717.25, 493876.09380000085], [-1786823.3747000005, 495438.00540000014], [-1787155.2489999998, 496998.53199999966], [-1789358.75, 499113.90630000085], [-1792598.125, 500397.25], [-1794444.5000999998, 500469.2815000005], [-1795472.0, 500017.90630000085], [-1796129.7492999993, 499088.46869999915], [-1796946.7501999997, 490988.9378999993], [-1799667.75, 489296.3125], [-1800963.3730999995, 489341.1257000007], [-1800599.625, 490834.0625], [-1799407.7501999997, 493136.1564000007], [-1797434.75, 499048.65630000085], [-1796944.25, 501072.03130000085], [-1795780.875, 505870.90630000085], [-1795020.625, 510069.15630000085], [-1793798.875, 519422.75], [-1793454.875, 526664.5625], [-1793451.125, 530000.3125], [-1795740.0, 537408.375], [-1796902.5, 538327.625], [-1796868.25, 539751.9375], [-1795575.2492999993, 548670.8124000002], [-1795194.75, 549104.375], [-1794255.0, 553330.0625], [-1792751.4989, 561404.3805], [-1791687.125, 572655.1875], [-1791166.875, 581430.125], [-1791407.75, 583173.625], [-1792381.4990999997, 585332.3118999992], [-1793153.75, 589578.8125], [-1793064.0, 591865.5], [-1798277.25, 600656.1875], [-1799296.375, 601172.0625], [-1799978.75, 602191.125], [-1800499.25, 604756.25], [-1800500.125, 611693.125], [-1799024.875, 622552.6875], [-1798641.0, 624074.4375], [-1798006.3714000005, 625474.1927000005], [-1797385.375, 626290.25], [-1797230.625, 628136.9375], [-1797824.625, 633143.5], [-1795927.75, 635896.4375], [-1795286.125, 636292.4375], [-1794272.875, 637603.1875], [-1788652.9993999992, 647739.9373000003], [-1787395.125, 650486.375], [-1787328.75, 651063.375], [-1787467.25, 651688.8125], [-1787936.625, 652030.6875], [-1788816.5, 651957.625], [-1790746.375, 656409.6875], [-1790538.375, 657693.0], [-1790231.2502999995, 657992.2503999993], [-1788863.9998000003, 658292.3741999995], [-1784735.625, 656982.3125], [-1783669.625, 656497.0625], [-1779309.25, 652389.3125], [-1770826.125, 641512.125], [-1770038.875, 640150.1875], [-1763106.875, 634143.5], [-1762193.375, 633725.7499000002], [-1761138.125, 633970.4375], [-1757173.125, 630543.125], [-1752160.75, 625908.9375], [-1752854.125, 624536.9375], [-1752854.125, 624126.5625], [-1749724.375, 620428.75], [-1745379.875, 617646.25], [-1737930.625, 614240.0], [-1731733.25, 612264.8125], [-1729986.5, 612400.9375], [-1725600.5, 611590.9375], [-1723409.375, 610298.0625], [-1722089.5, 608862.6875], [-1721995.0, 608464.8125], [-1718249.125, 606080.75], [-1709858.875, 602396.5], [-1708764.375, 601317.8125], [-1706485.625, 599739.5625], [-1705580.9999000002, 599324.0011], [-1695779.125, 596465.5625], [-1694954.0, 596527.625], [-1693058.875, 597155.75], [-1691400.375, 597922.75], [-1688367.2490999997, 600059.5616999995], [-1686658.2499000002, 600915.6251999997], [-1684792.625, 600716.375], [-1686198.125, 597724.9375], [-1682679.75, 593246.0], [-1682040.75, 590603.0], [-1681987.125, 588968.6875], [-1681847.0, 588600.3125], [-1681491.625, 588395.125], [-1680491.25, 588371.5], [-1679423.4997000005, 588768.6865999997], [-1677770.125, 588810.1259000003], [-1675009.75, 588320.6875], [-1672963.625, 587337.625], [-1674576.375, 584840.125], [-1674696.75, 584354.0625], [-1674567.625, 583684.8125], [-1674319.25, 583332.125], [-1673032.625, 582451.4375], [-1671817.125, 581269.3625000007], [-1671439.375, 580090.8125], [-1671463.375, 577972.0625], [-1671880.5, 576887.125], [-1672718.25, 576004.625], [-1672718.25, 575594.25], [-1672454.375, 575279.8125], [-1671975.3749000002, 575153.6876999997], [-1671315.125, 575319.125], [-1670104.5, 576342.25], [-1669010.875, 578406.375], [-1668401.875, 580036.625], [-1668483.375, 580456.4375], [-1668981.875, 580935.1875], [-1671021.375, 584411.0], [-1670473.25, 587735.5000999998], [-1666829.75, 589479.625], [-1665402.75, 589772.875], [-1662142.9996000007, 589609.4374000002], [-1660148.75, 589115.125], [-1660475.0, 586046.625], [-1663869.625, 585117.125], [-1664804.75, 584236.5625], [-1664945.125, 583850.875], [-1664095.75, 579109.0625], [-1662376.75, 571517.1875], [-1661702.375, 564156.3125], [-1660310.0, 559837.1875], [-1659962.3751999997, 559479.4376999997], [-1661779.6215000004, 556829.7545999996], [-1669186.0, 552570.375], [-1675646.125, 544068.1875], [-1676140.875, 542219.5], [-1675721.375, 540792.5625], [-1676598.875, 540440.3125], [-1679085.375, 540526.25], [-1679962.75, 541668.8125], [-1679974.0, 542005.0], [-1679068.0, 543727.25], [-1678136.625, 544107.5], [-1677835.625, 544410.5], [-1674107.7458999995, 550992.0702], [-1673274.3749000002, 553019.75], [-1673219.875, 555252.5], [-1673777.375, 556823.9375], [-1674218.625, 557164.8125], [-1678252.25, 556166.1875], [-1678831.375, 555417.375], [-1681204.75, 547461.125], [-1686340.125, 539918.9375], [-1689191.8717999998, 538350.1264999993], [-1692207.0, 536962.5625], [-1695330.0, 534654.4375], [-1699072.5, 531399.0], [-1702509.125, 525938.375], [-1707826.125, 522713.25], [-1710112.5, 520643.5625], [-1713563.875, 515182.8125], [-1713968.125, 513587.46880000085], [-1713770.75, 511802.5], [-1712678.875, 510191.09380000085], [-1712295.375, 510024.84380000085], [-1705087.8745000008, 508975.90750000067], [-1704334.375, 509019.65630000085], [-1703788.0000999998, 509388.97000000067], [-1703775.1236000005, 510312.49870000035], [-1705528.5, 510266.0625], [-1710486.875, 513579.8125], [-1710269.2501999997, 515595.0625], [-1708901.25, 517342.15630000085], [-1704645.25, 521882.78130000085], [-1702467.1224000007, 522732.1274999995], [-1701254.875, 523810.25], [-1700101.3758000005, 526814.1877999995], [-1696440.0, 530428.0], [-1690625.875, 534475.0625], [-1686785.625, 536159.875], [-1683730.8715000004, 536860.6245000008], [-1681400.1247000005, 536937.8746000007], [-1680836.25, 536543.0625], [-1675219.125, 537740.875], [-1674741.25, 538236.0], [-1673566.0, 540777.375], [-1673642.625, 541951.4375], [-1673290.625, 543235.0], [-1669543.4993999992, 547531.8745000008], [-1659608.625, 554572.6875], [-1656853.0, 554456.625], [-1656393.375, 554670.9375], [-1655865.25, 556133.5625], [-1655756.0, 560615.4375], [-1655472.375, 561587.75], [-1652814.625, 560556.9375], [-1651304.5, 559292.75], [-1651604.875, 555203.125], [-1652475.625, 549950.75], [-1652448.25, 546433.375], [-1652049.6251999997, 542579.5625999998], [-1652633.5, 540439.6875], [-1653730.1249000002, 540246.3133000005], [-1658551.125, 540740.75], [-1659369.25, 539843.25], [-1662623.375, 537091.1875], [-1662932.875, 537041.0], [-1663180.5, 537200.6875], [-1663950.5, 538100.875], [-1664260.0, 538127.9375], [-1664615.375, 537922.75], [-1664899.125, 537311.6875], [-1665767.625, 533222.25], [-1665743.375, 532570.3125], [-1664704.6258000005, 531016.3126999997], [-1665962.875, 526792.0625], [-1666780.875, 525478.5], [-1668262.25, 525622.0625], [-1668461.6740000006, 525447.8758000005], [-1669462.6999999993, 526839.9124999996], [-1670084.375, 528103.5875000004], [-1670813.0, 530473.6875], [-1670864.75, 533108.75], [-1671113.875, 533950.625], [-1671568.25, 534103.0], [-1671882.75, 533962.5625], [-1673488.8736000005, 531614.1239999998], [-1673873.875, 530701.8125], [-1673389.875, 526318.5625], [-1672752.2486000005, 525259.9992999993], [-1672515.375, 525303.375], [-1672310.375, 525372.3125], [-1672843.25, 526461.0], [-1672803.125, 526871.5625], [-1672195.3499999996, 526698.4625000004], [-1671495.9000000004, 525995.5625], [-1670344.1999999993, 524156.1500000004], [-1670947.3745000008, 523045.4386], [-1671947.25, 523046.46880000085], [-1672510.375, 521743.75], [-1669051.5, 521694.46880000085], [-1664852.875, 524956.6875], [-1663596.6239, 525206.4388999995], [-1663160.375, 524930.1875], [-1663894.25, 519961.9375], [-1662174.375, 516588.71880000085], [-1661834.1250999998, 515378.0939000007], [-1664261.25, 513260.125], [-1665659.625, 511755.71880000085], [-1669687.0, 504213.96880000085], [-1669689.125, 503253.5], [-1669148.125, 501581.71880000085], [-1672382.875, 498058.53130000085], [-1672864.875, 492073.46880000085], [-1678797.3707999997, 486025.6599000003], [-1679561.25, 486603.34380000085], [-1680025.25, 487368.65630000085], [-1681524.0, 494489.65630000085], [-1682964.75, 494467.40630000085], [-1683305.375, 494718.21880000085], [-1683402.75, 495116.1875], [-1682224.125, 497713.9375], [-1680173.75, 499973.15630000085], [-1678218.2500999998, 501830.56259999983], [-1675716.25, 503185.53130000085], [-1675416.375, 503723.75], [-1675716.375, 504237.46880000085], [-1676120.625, 504308.71880000085], [-1679933.625, 503714.5], [-1683892.375, 501629.46880000085], [-1687213.25, 497247.15630000085], [-1687839.5, 495761.71880000085], [-1687455.625, 492528.125], [-1687250.375, 492172.6875], [-1686864.75, 492032.3125], [-1687320.8748000003, 489281.9060999993], [-1691165.375, 484445.0], [-1692286.6129, 484108.81460000016], [-1692286.625, 484108.8125], [-1693656.375, 489327.5], [-1694251.625, 492497.90630000085], [-1694331.125, 493898.5625], [-1692892.125, 496171.125], [-1691143.25, 497462.71880000085], [-1689557.3742999993, 499764.81200000085], [-1687773.25, 504669.40630000085], [-1687817.4999000002, 505174.62409999967], [-1689152.75, 506866.03130000085], [-1689508.1249000002, 507071.21839999966], [-1689817.625, 507044.15630000085], [-1690072.0, 506866.03130000085], [-1690510.625, 506070.84380000085], [-1691058.25, 504868.90630000085], [-1691057.0, 504449.59380000085], [-1691823.5, 503097.0], [-1693269.25, 501591.125], [-1697184.875, 500453.34380000085], [-1697932.75, 500644.4375], [-1700303.75, 500306.40630000085], [-1701209.25, 499690.21880000085], [-1703768.7492999993, 493618.5303000007], [-1705396.9420999996, 493553.9933000002], [-1708756.75, 494453.65630000085], [-1709327.5, 494939.78130000085], [-1709694.125, 496525.25], [-1710216.5, 497050.0], [-1711546.625, 497366.65630000085], [-1715517.5, 496438.25], [-1715985.0, 496049.28130000085], [-1715537.25, 495209.59380000085], [-1713911.0, 494213.96880000085], [-1709090.5, 492226.09380000085], [-1706142.6999999993, 491694.375], [-1706764.8499999996, 490181.55629999936], [-1707537.8000000007, 489442.99379999936], [-1716600.25, 484611.4375], [-1717288.875, 483535.59380000085], [-1717234.25, 482230.40630000085], [-1713419.75, 482704.625], [-1708452.25, 485318.75], [-1705709.4000000004, 487887.07499999925], [-1705532.3237999994, 487749.3379999995], [-1704527.7500999998, 488011.9378999993], [-1704539.5, 487244.03130000085], [-1708947.5, 482168.5625], [-1713080.0, 480471.96880000085], [-1713693.625, 479396.03130000085], [-1713030.75, 478783.125], [-1712063.625, 478554.78130000085], [-1708455.0, 480173.46880000085], [-1707491.125, 479714.875], [-1707704.625, 475415.65630000085], [-1706974.75, 474265.6875], [-1706079.75, 474190.78130000085], [-1705174.625, 474806.59380000085], [-1703403.625, 483893.71880000085], [-1700452.125, 485120.46880000085], [-1699420.625, 485104.90630000085], [-1698977.375, 484798.75], [-1698909.625, 484338.15630000085], [-1700664.0, 481877.9375], [-1700604.125, 480879.96880000085], [-1699310.0, 477505.25], [-1698916.75, 477202.59380000085], [-1698410.6247000005, 477737.5013999995], [-1696522.625, 484189.875], [-1696115.125, 484502.15630000085], [-1695547.375, 484499.09380000085], [-1694066.625, 479310.375], [-1691434.0, 476074.75], [-1690438.375, 475514.5625], [-1688979.25, 475029.0625], [-1688349.5, 475208.9375], [-1683313.8661000002, 478564.28800000064], [-1678577.375, 482731.0], [-1677819.375, 484405.8125], [-1675469.1249000002, 487579.4366999995], [-1671599.8754999992, 491700.37549999915], [-1671334.6254999992, 492695.00009999983], [-1671345.375, 493725.375], [-1671833.125, 495839.3125], [-1671215.625, 495827.65630000085], [-1669052.375, 492945.21880000085], [-1667514.125, 490073.71880000085], [-1665692.8741999995, 488159.93769999966], [-1665307.25, 488019.5625], [-1664330.7499000002, 488248.99939999916], [-1663486.3753999993, 488871.87549999915], [-1662767.375, 489695.4375], [-1662775.0, 490166.0625], [-1663164.75, 490784.5], [-1663942.125, 491049.71880000085], [-1664919.75, 491790.71880000085], [-1664601.75, 492394.5], [-1663239.875, 493415.625], [-1659694.25, 493558.40630000085], [-1655270.125, 494137.90630000085], [-1654931.6249000002, 494293.8747000005], [-1654740.625, 494587.4375], [-1653546.625, 498907.5625], [-1653417.3754999992, 500041.31259999983], [-1654173.5, 503095.125], [-1654827.25, 514119.90630000085], [-1654052.25, 520068.875], [-1653747.8738000002, 520996.0304000005], [-1651642.75, 522249.625], [-1651247.5, 522196.28130000085], [-1650535.2493999992, 519651.3127999995], [-1649971.5, 518899.78130000085], [-1649380.625, 518795.5940000005], [-1648873.625, 519261.0], [-1647932.875, 522306.46880000085], [-1649716.875, 525393.0625], [-1651341.125, 526684.8125], [-1652158.625, 527884.0625], [-1652644.0, 529900.875], [-1652453.0001999997, 530546.9375999998], [-1652146.6258000005, 530595.5612000003], [-1651116.25, 530913.75], [-1650501.4988000002, 531256.9364999998], [-1647445.75, 534344.625], [-1646508.6247000005, 536093.1873000003], [-1646225.5, 540279.4375], [-1646492.875, 542285.3125], [-1645377.375, 545142.125], [-1641652.5, 547834.125], [-1640432.75, 548288.4375], [-1639824.0, 548866.6875], [-1638862.625, 550768.1875], [-1638699.75, 551936.4375], [-1637843.75, 553744.125], [-1634607.75, 558799.75], [-1632183.125, 559001.0], [-1630041.5, 558860.875], [-1628571.25, 559579.875], [-1627813.0, 560315.8125], [-1624684.875, 565992.4375], [-1625057.625, 566710.75], [-1625443.25, 566851.125], [-1625922.125, 566659.375], [-1626235.125, 566072.0625], [-1626726.4998000003, 565943.4382000007], [-1627037.0, 566075.5625], [-1627851.625, 566967.0625], [-1629586.375, 569057.125], [-1632472.25, 575323.125], [-1633020.625, 578686.4375], [-1633013.375, 580277.4375], [-1632168.5, 583338.75], [-1631636.0, 584185.25], [-1631198.375, 584488.0625], [-1630758.25, 585135.9375], [-1630476.8750999998, 588283.6923999991], [-1630615.0, 589293.75], [-1630858.0, 589805.0], [-1634447.875, 592226.0], [-1634747.8734000009, 592306.3745000008], [-1635680.0, 592067.625], [-1639155.375, 587959.625], [-1639489.25, 586787.0], [-1639536.625, 585621.25], [-1638315.75, 580818.0], [-1637389.625, 579956.4375], [-1635289.25, 575222.8125], [-1634661.375, 571696.9375], [-1635002.125, 571336.125], [-1636050.125, 571832.875], [-1636715.75, 572746.8125], [-1636650.25, 574452.1875], [-1637044.0, 575531.9375], [-1640164.25, 581426.0625], [-1640794.75, 581660.9375], [-1642123.5, 580921.75], [-1643146.625, 582645.875], [-1643345.875, 583249.125], [-1643470.375, 588774.8125], [-1642916.375, 591174.9375], [-1641689.5, 594515.8125], [-1640763.0, 595822.125], [-1635473.125, 596694.3125], [-1632186.125, 593446.6875], [-1631696.25, 593315.4375], [-1631340.875, 593520.625], [-1628963.125, 596294.0], [-1628780.25, 598630.125], [-1629498.625, 600801.75], [-1634231.625, 606919.125], [-1636397.625, 609122.9375], [-1636883.125, 609820.9375], [-1636749.75, 611241.625], [-1637185.5, 613965.9375], [-1638075.75, 615793.75], [-1638535.375, 616008.0625], [-1640838.375, 615899.6875], [-1641503.625, 615067.875], [-1643636.0, 615157.75], [-1644530.25, 615464.0625], [-1645259.875, 617483.1875], [-1645248.6239, 618288.6292000003], [-1644954.4998000003, 619524.8124000002], [-1644814.875, 619661.375], [-1644245.875, 619455.5], [-1643707.375, 619741.625], [-1642921.25, 620689.3125], [-1642612.75, 622140.875], [-1642956.75, 623835.3125], [-1643374.625, 624565.0], [-1643865.25, 624780.3125], [-1645114.375, 625278.25], [-1644935.875, 625925.5625], [-1643347.25, 626879.875], [-1637123.5, 626809.5], [-1636766.625, 626512.0], [-1634563.0, 623218.5], [-1634336.5, 619980.375], [-1633777.125, 618475.75], [-1631974.0, 617544.0625], [-1630760.7487000003, 617195.0633000005], [-1630026.9998000003, 617514.5617999993], [-1629385.0, 618612.625], [-1628682.75, 624516.0625], [-1627102.25, 627723.375], [-1626610.4968999997, 627709.9375], [-1625728.75, 627984.6875], [-1623685.7498000003, 629089.8743999992], [-1622421.875, 630964.75], [-1622976.375, 632902.3125], [-1623539.375, 634102.8125], [-1624540.875, 635587.4375], [-1626122.875, 638805.125], [-1626445.0, 640067.5625], [-1625284.0008000005, 643841.8126999997], [-1624225.25, 646048.125], [-1623869.875, 646253.3125], [-1622146.5, 648486.3125], [-1622331.0, 649423.125], [-1624585.25, 652504.5], [-1626361.5000999998, 653433.4382000007], [-1628807.625, 653055.0625], [-1632545.5, 650141.0], [-1634239.375, 648215.3125], [-1634427.875, 648265.0625], [-1635275.625, 650588.9375], [-1634206.0, 652261.3125], [-1632194.875, 654418.6875], [-1631918.0000999998, 655229.0625], [-1633304.375, 657947.125], [-1637303.125, 670538.0625], [-1634625.0, 671676.5], [-1634123.25, 672616.6875], [-1634046.5, 673731.25], [-1634430.25, 674602.5], [-1634841.0, 675051.875], [-1635346.25, 675096.0625], [-1636460.25, 674584.0625], [-1637216.375, 674661.5], [-1638069.4992999993, 675389.6874000002], [-1638695.75, 676273.125], [-1638304.25, 677275.0], [-1637825.375, 677891.25], [-1635358.4999000002, 679910.8749000002], [-1633751.875, 680706.5625], [-1633591.25, 680558.5], [-1633790.875, 680025.9375], [-1634603.625, 679817.0625], [-1635158.3739999998, 679363.2499000002], [-1635249.375, 679023.9375], [-1635138.25, 678628.1875], [-1633825.875, 677169.3125], [-1633102.125, 676589.5625], [-1632697.875, 676518.3125], [-1631868.25, 676838.0], [-1631549.625, 677778.75], [-1632492.3691000007, 681451.1283], [-1635565.6141999997, 684380.3745000008], [-1639551.4974000007, 685859.3746000007], [-1639790.4908000007, 686166.8859000001], [-1639908.6194000002, 686625.6379000004], [-1639881.4875000007, 689147.0044], [-1639701.492900001, 689590.1916000005], [-1639139.2432000004, 689748.9362000003], [-1638536.2464000005, 689248.1264999993], [-1637945.3739, 689352.3123000003], [-1636750.9966000002, 691693.3892999999], [-1637028.3614000008, 692494.0099], [-1638514.6195999999, 693471.6922999993], [-1639276.6229999997, 693185.2017000001], [-1642460.2471999992, 692813.7599999998], [-1646271.2475000005, 692579.9439000003], [-1648379.9993999992, 693018.8221000005], [-1648911.3652999997, 692936.3123000003], [-1651108.6235000007, 691967.6247000005], [-1651447.2480999995, 691607.0620000008], [-1652527.1174999997, 689397.4502000008], [-1652461.3684999999, 688811.3782000002], [-1651672.3641999997, 687214.3805], [-1651415.4958999995, 684338.2512999997], [-1652015.3632999994, 684020.5655000005], [-1655306.4992999993, 684934.7599], [-1655617.3693000004, 686467.1391000003], [-1655603.4920000006, 690452.8256000001], [-1655009.9979999997, 691546.818], [-1654899.6190000009, 692213.9418000001], [-1655256.8720999993, 693084.5711000003], [-1656089.9985000007, 693745.1249000002], [-1657462.9941000007, 695242.9500999991], [-1657885.4882999994, 696133.1256000008], [-1656220.8739, 696407.1316999998], [-1652412.6097, 697788.7616000008], [-1650615.8747000005, 698868.4507999998], [-1649428.9254, 699875.5702], [-1648306.4844000004, 700827.8134000003], [-1646669.7545999996, 701140.1218999997], [-1643382.4861999992, 701766.9442999996], [-1642194.2366000004, 701698.1315000001], [-1641023.1247000005, 701373.9412999991], [-1640227.2391, 701489.2518000007], [-1638124.4837999996, 702732.4370000008], [-1636736.9882999994, 704458.5077999998], [-1634717.7427999992, 705774.0615999997], [-1635898.9958999995, 706928.8872999996], [-1641782.8671000004, 704915.1298999991], [-1642657.8709999993, 705423.5745000001], [-1643470.3699999992, 706826.9461000003], [-1645396.735200001, 708732.3889000006], [-1648249.1239999998, 709795.2517000008], [-1650224.2479999997, 710121.1294999998], [-1651489.8628000002, 710089.6886], [-1652519.6136000007, 710479.5131000001], [-1655730.1239999998, 713758.0661999993], [-1657993.3230000008, 717313.1501000002], [-1658626.3728, 718307.5098000001], [-1658734.9987000003, 719736.2600999996], [-1658213.8728, 720431.6953999996], [-1657557.3144000005, 720674.9433999993], [-1656937.985200001, 720904.3738000002], [-1656125.6173, 720620.6357000005], [-1655253.6117000002, 720008.8735000007], [-1649345.8690000009, 717597.0668000001], [-1647195.4854000006, 718641.4484999999], [-1641989.616800001, 716662.5725999996], [-1630735.6109999996, 713673.4428000003], [-1630462.1129, 713961.7521000002], [-1633225.8643999994, 716992.0712000001], [-1633617.2453000005, 717774.9478999991], [-1633510.4871999994, 718486.6360999998], [-1630877.2343000006, 720515.0079999994], [-1628177.1184, 723185.5017000008], [-1626645.3618, 725184.1367000006], [-1625746.1096, 727382.9515000004], [-1625239.614600001, 729783.3221000005], [-1625390.8717, 732520.4987000003], [-1625783.8747000005, 733278.7501999997], [-1626301.7402, 733259.4989999998], [-1627474.6216000002, 727175.3169999998], [-1628445.1115000006, 724741.6377000008], [-1630695.6176999994, 722121.4428000003], [-1636218.6150000002, 717623.3794999998], [-1649094.9971999992, 723933.1363999993], [-1655328.6176999994, 727460.5625], [-1656469.8616000004, 728585.8156000003], [-1657174.4882999994, 730117.2608000003], [-1657266.2387000006, 732116.0105000008], [-1655203.7388000004, 732521.8257999998], [-1652850.6195999999, 734644.0125999991], [-1651883.8652999997, 736080.2013000008], [-1650768.1149000004, 740901.3243000004], [-1650417.8740999997, 745173.9439000003], [-1650601.8663999997, 746353.6246000007], [-1650518.6193000004, 747144.5622000005], [-1649822.4958999995, 748474.5007000007], [-1643411.4858999997, 757023.4425000008], [-1640763.4486999996, 760191.7248999998], [-1640050.9964000005, 761043.9450000003], [-1638047.7411000002, 762278.2008999996], [-1637612.238, 762756.0730000008], [-1637540.9839999992, 763160.2499000002], [-1637948.7489999998, 764414.8874999993], [-1638304.117900001, 764620.0643000007], [-1638888.6171000004, 764597.2577999998], [-1645163.4924999997, 762487.5065000001], [-1645916.9926999994, 761019.5000999998], [-1646064.7435999997, 759631.7588999998], [-1645838.1201000009, 758842.6890999991], [-1646470.7391, 756784.4981999993], [-1647225.2387000006, 755845.5639999993], [-1648436.2456999999, 754741.2496000007], [-1648966.1206, 754487.0681999996], [-1650683.2456999999, 754751.1291000005], [-1651764.114600001, 755099.2564000003], [-1658068.3664999995, 754030.1348000001], [-1663740.1141, 752840.5745000001], [-1664772.8631999996, 752436.2501999997], [-1665866.4952000007, 751450.6870000008], [-1666676.487400001, 750045.0709000006], [-1667189.3720999993, 746691.5119000003], [-1666881.1235000007, 744794.3757000007], [-1666638.8696999997, 744198.6370999999], [-1666842.1131999996, 743597.4426000006], [-1667606.9838999994, 742486.2632999998], [-1670840.6119999997, 738919.3846000005], [-1671935.9970999993, 738297.5626999997], [-1672601.9902999997, 738234.943], [-1673626.4982999992, 738594.9486999996], [-1676709.1151, 741498.1934999991], [-1681813.7468999997, 746880.9437000006], [-1684198.8641, 748141.3812000006], [-1684794.488, 750209.5662999991], [-1684687.9920000006, 751730.4438000005], [-1684902.3603000008, 752190.0642000008], [-1686940.742900001, 752769.3204999994], [-1688391.4968999997, 752775.3826000001], [-1693558.9941000007, 754622.3837000001], [-1694597.3629, 755472.6314000003], [-1698024.6172000002, 761952.6999999993], [-1699144.3652999997, 766633.4449000005], [-1698943.7432000004, 772569.1878999993], [-1699650.3686999995, 773161.7643999998], [-1700627.363, 772947.1995999999], [-1701117.2445999999, 773078.4517999999], [-1701574.7350999992, 774199.5760999992], [-1700971.984099999, 777964.1933999993], [-1700505.3677999992, 779744.0691999998], [-1698719.1185999997, 782666.2539000008], [-1697211.759299999, 784399.0256999992], [-1694536.8731999993, 787473.0081999991], [-1693157.2421000004, 788412.6962000001], [-1691256.148600001, 788815.8201000001], [-1690857.862400001, 788900.2511999998], [-1689542.3746000007, 788721.3215999994], [-1688577.2423, 788048.2013000008], [-1687808.1118, 788406.8143000007], [-1683366.8682000004, 792525.3750999998], [-1680790.8609999996, 795273.5616999995], [-1679210.2474000007, 798666.5078999996], [-1679307.1096, 801908.6885000002], [-1680802.8705000002, 803319.6950000003], [-1682083.4931000005, 804219.7007999998], [-1683507.6230999995, 807070.2546999995], [-1683855.4881999996, 809561.2617000006], [-1683615.1184999999, 810408.5766000003], [-1682825.4916999992, 812006.8193999995], [-1682072.3683000002, 812770.8216999993], [-1680942.3639000002, 813350.8153000008], [-1674610.9145, 814581.0079999994], [-1669801.489600001, 814763.4438000005], [-1668119.491800001, 815401.6334000006], [-1666439.4655000009, 816687.909], [-1663845.741800001, 818673.1905000005], [-1663714.4894999992, 818954.7004000004], [-1663818.6098999996, 819487.6883000005], [-1666299.9993999992, 825066.6861000005], [-1667717.625, 827557.5128000006], [-1674340.4966000002, 835431.0734000001], [-1674695.8654999994, 835636.2501999997], [-1675100.1243999992, 835565.0125999991], [-1675363.9887000006, 835250.5709000006], [-1675424.1180000007, 834425.6364999991], [-1675159.3688999992, 833721.0098000001], [-1673799.8737000003, 831478.6300000008], [-1671121.9909000006, 828041.3159999996], [-1669173.3597999997, 825894.1272], [-1667446.863, 820178.0609000009], [-1669825.1481999997, 818315.7175999992], [-1670558.3649000004, 817741.4487999994], [-1674340.4474, 816783.0504000001], [-1681004.6230999995, 815968.3886999991], [-1684292.6132999994, 814733.3792000003], [-1684497.8720999993, 814377.9447000008], [-1685068.4940000009, 810546.0711000003], [-1685080.1103000008, 809581.5122999996], [-1684706.3749000002, 807202.8176000006], [-1684788.114600001, 805369.0056999996], [-1684273.6242999993, 803642.9513000008], [-1681491.1131999996, 800714.5734000001], [-1681353.6185999997, 799201.8223000001], [-1681587.2211000007, 798894.4593000002], [-1683627.1116000004, 796210.0055999998], [-1684489.355799999, 795401.5241999999], [-1684853.617900001, 795059.9471000005], [-1685458.4988000002, 795791.0667000003], [-1685868.9999000002, 795791.0667000003], [-1686390.9941000007, 795479.9508999996], [-1687636.3747000005, 794078.4472000003], [-1687868.3721999992, 793017.9436000008], [-1688117.2451000009, 792935.4993999992], [-1689084.9989, 793304.1885000002], [-1690263.2379, 794167.8874999993], [-1690408.1216000002, 794717.8164000008], [-1690112.8654999994, 796020.9506000001], [-1689383.1220999993, 796895.7578999996], [-1689217.234099999, 797401.0732000005], [-1689072.4978999998, 799771.3137999997], [-1689262.6177999992, 800942.3764999993], [-1689570.9975000005, 801371.6864999998], [-1690122.8597, 801628.6368000004], [-1690212.1197999995, 801912.6862000003], [-1690058.6181000005, 802565.1953999996], [-1689551.2383999992, 803515.4509999994], [-1688920.3447999991, 804491.9550000001], [-1688150.6194000002, 805683.2016000003], [-1688281.8716000002, 806173.0669], [-1688914.3595000003, 806452.4467999991], [-1689373.9962000009, 806238.1276999991], [-1693036.3608999997, 802278.8193999995], [-1693036.3608999997, 801868.4494000003], [-1692721.9847, 801347.6348000001], [-1691989.7346, 798575.3145000003], [-1693570.4956999999, 798263.5106000006], [-1694046.1231999993, 798333.7488000002], [-1694190.7447999995, 798700.7503999993], [-1694630.1144999992, 798963.943], [-1695220.9870999996, 798859.7572000008], [-1696542.864600001, 797240.6903000008], [-1696846.8696999997, 795138.8851999994], [-1700021.4990999997, 794143.5080999993], [-1701783.2379, 794066.3230000008], [-1706411.7342000008, 795880.2611999996], [-1708692.239600001, 796464.5637999997], [-1709588.8704000004, 796490.0081999991], [-1709944.2392999995, 796284.8148999996], [-1710075.4915999994, 796003.3213999998], [-1710147.6139000002, 795071.3830999993], [-1709697.7421000004, 794658.3260999992], [-1709825.2423, 794043.0086000003], [-1710384.739600001, 792939.1366000008], [-1710790.2435999997, 793153.8161999993], [-1711125.4930000007, 793649.3829999994], [-1713196.3650000002, 797006.6940000001], [-1715836.1224000007, 798330.1934999991], [-1717455.3695, 798685.3822000008], [-1718384.375, 798441.8177000005], [-1718761.862400001, 798522.3778000008], [-1720547.9968999997, 799774.5742000006], [-1725579.3595000003, 805017.3231000006], [-1724784.2440000009, 809531.3116999995], [-1725505.6151, 812935.6939000003], [-1729314.1086999997, 818365.9414000008], [-1735539.7337999996, 827932.6245000008], [-1737366.3695, 833145.3252000008], [-1737816.3725000005, 837358.4379999992], [-1737231.3653999995, 839285.1963999998], [-1735859.3692000005, 839067.3874999993], [-1733878.2487000003, 839025.0677000005], [-1730359.6434000004, 839632.6213000007], [-1729567.1104000006, 839769.3763999995], [-1729188.4540999997, 839887.1798], [-1728183.9894999992, 840199.6366000008], [-1727805.6173999999, 840524.6295999996], [-1727526.4996000007, 841600.5669], [-1727597.7371999994, 842004.7601999994], [-1728083.7358, 842336.0611000005], [-1728305.4932000004, 842726.4426000006], [-1728235.8611999992, 843171.5140000004], [-1727688.6193000004, 843874.6988999993], [-1722515.8628000002, 845291.7018999998], [-1721786.8730999995, 845133.3178000003], [-1721090.4875000007, 845391.2511], [-1719009.8670000006, 847032.1906000003], [-1718217.1718000006, 847934.9836999997], [-1717874.2427999992, 848325.5108000003], [-1715483.1127000004, 853908.3751999997], [-1716279.1129, 859119.4375], [-1718313.2357, 862218.1925000008], [-1720362.8740999997, 863860.3772], [-1719144.2486000005, 865755.5636999998], [-1715192.3621999994, 870128.9448000006], [-1713699.8617000002, 871050.1351999994], [-1712916.6246000007, 871259.3752999995], [-1705212.6220999993, 868041.0660999995], [-1702179.2391, 869400.5449000001], [-1695795.8357999995, 870330.1370000001], [-1695654.1144999992, 870350.7513999995], [-1694336.7008999996, 871105.5524000004], [-1693456.8727000002, 871609.5669], [-1692228.6071000006, 872708.2917999998], [-1690793.9975000005, 873991.3745000008], [-1690689.7489, 874582.2476000004], [-1690992.4897000007, 875170.7603999991], [-1691246.8676999994, 875348.8871999998], [-1692368.9914999995, 875230.9387999997], [-1694002.9842000008, 873756.1985999998], [-1694150.7350999992, 873214.7565000001], [-1695563.4431999996, 872842.3024000004], [-1697048.360200001, 872450.6886999998], [-1698405.8983999994, 872196.6413000003], [-1705491.7399000004, 870869.0100999996], [-1710072.9847999997, 871866.3860999998], [-1712015.3736000005, 873280.6366000008], [-1712579.867900001, 874072.7537999991], [-1713786.7460999992, 874263.0047999993], [-1715787.6093000006, 872435.4516000003], [-1718405.6086999997, 869358.3889000006], [-1726618.1215000004, 865533.3803000003], [-1728127.4975000005, 865144.8827999998], [-1730335.6183000002, 865992.7547999993], [-1735275.984099999, 869468.7514999993], [-1735927.2480999995, 870028.9368999992], [-1736374.9901, 870712.6903000008], [-1736587.736300001, 871479.5107000005], [-1735850.2105999999, 872790.7550000008], [-1734754.8419000003, 873592.5059999991], [-1734401.1896000002, 874022.3931000009], [-1733691.7496000007, 874884.6956999991], [-1733386.2371999994, 880425.4367999993], [-1733840.7456999999, 881446.1272999998], [-1734226.3596, 881586.5054000001], [-1734526.3670000006, 881506.1254999992], [-1734817.2485000007, 881090.6928000003], [-1735378.613500001, 878051.8868000004], [-1735372.2401, 876149.1308999993], [-1737063.9373000003, 874342.4180999994], [-1737870.7643, 873662.4724000003], [-1738562.3687999994, 873079.5721000005], [-1742020.3594000004, 871313.9504000004], [-1743451.6164999995, 871142.6392999999], [-1744086.988, 871434.0122999996], [-1744418.7477000002, 871789.8892000001], [-1744680.7442000005, 872516.6997999996], [-1744732.3702000007, 875163.8135000002], [-1744609.359099999, 875579.1971000005], [-1744343.9875000007, 875832.8213999998], [-1743250.3718999997, 876259.2642000001], [-1742094.9013, 877891.8241000008], [-1740589.7412999999, 880017.9995000008], [-1740281.4926999994, 881954.1295999996], [-1737092.7403999995, 888384.8168000001], [-1736602.613, 888576.9355999995], [-1735553.6848000009, 888709.5392000005], [-1732662.8672000002, 889074.6978999991], [-1730842.3589999992, 888823.0068999995], [-1725934.4684999995, 891897.1720000003], [-1722413.8724000007, 894101.1289000008], [-1721271.7436999995, 895898.6338999998], [-1720348.1120999996, 898238.8261999991], [-1715976.3694000002, 907126.1304000001], [-1715023.4923, 907752.1958000008], [-1714469.3691000007, 908434.5730000008], [-1713684.6246000007, 910378.4363000002], [-1713730.7456, 911084.6359000001], [-1714600.8671000004, 914413.0617999993], [-1715265.7462000009, 915107.5632000007], [-1716257.2402999997, 915450.8736000005], [-1716630.6152999997, 915906.5616999995], [-1716915.3692000005, 917046.6260000002], [-1716474.3610999994, 919642.6380000003], [-1715979.9902999997, 919910.5656000003], [-1713176.1143999994, 920482.4982999992], [-1712431.8712000009, 920783.8818999995], [-1704955.6226000004, 926419.8795999996], [-1704815.2445, 926805.5754000004], [-1704849.4870999996, 928991.5122999996], [-1705502.2420000006, 930657.8142000008], [-1705951.9991999995, 931243.6241999995], [-1707050.1204000004, 931875.3256999999], [-1707650.1188999992, 931875.3256999999], [-1707913.9996000007, 931560.8838999998], [-1707932.742900001, 930521.6304000001], [-1708121.8633999992, 929851.6886999998], [-1708982.1217, 928841.3857000005], [-1711958.3013000004, 926036.5720000006], [-1713984.9924999997, 924125.9394000005], [-1715515.1106000002, 923167.5081999991], [-1716226.6185999997, 923277.3137999997], [-1717396.239600001, 923748.8780000005], [-1717705.7497000005, 923721.8116999995], [-1719735.1210999992, 922463.2583000008], [-1720602.8669000007, 921389.1887999997], [-1720683.1158000007, 920549.5088], [-1719240.7338999994, 915083.8227999993], [-1717746.365700001, 910799.2592999991], [-1719474.3697999995, 909540.3783], [-1721864.9920000006, 905855.6985999998], [-1721961.7394999992, 903363.5120000001], [-1721182.7457999997, 901776.1317999996], [-1721266.3697999995, 901360.568], [-1722704.491800001, 899259.5001999997], [-1724959.8641, 897391.6259000003], [-1726605.735200001, 897610.0737999994], [-1729452.3731999993, 896277.3827999998], [-1730002.2794000003, 895674.7216999996], [-1730530.2437999994, 895096.0636999998], [-1731180.4920000006, 893494.5112999994], [-1733409.8629, 892369.0123999994], [-1735785.9853000008, 891716.5032000002], [-1738367.6121999994, 891930.1341999993], [-1739806.3730999995, 891453.8840999994], [-1740132.5929000005, 890905.6173], [-1740773.8647000007, 889827.7556999996], [-1741344.9945999999, 887646.0131000001], [-1741147.9934, 886197.7493999992], [-1741303.4938999992, 885718.9433999993], [-1742185.6248000003, 884729.5136999991], [-1743455.3684999999, 884218.2509000003], [-1743812.3798999991, 884144.9899000004], [-1747775.2393999994, 883331.3194999993], [-1748325.8728999998, 883531.4499999993], [-1750347.7403999995, 887088.1379000004], [-1751219.991800001, 890230.0647999998], [-1749537.9940000009, 894110.3859000001], [-1749584.2459999993, 894866.3107999992], [-1749848.1104000006, 895180.7525999993], [-1750252.3692000005, 895252.0066], [-1750563.4848999996, 895098.7507000007], [-1753349.4858, 892875.4418000001], [-1754566.4893999994, 891325.8267000001], [-1754900.3625000007, 891296.3191999998], [-1755224.1104000006, 891470.8250999991], [-1756827.1208999995, 894413.7520000003], [-1756960.3719999995, 895798.6260000002], [-1756854.3674999997, 896945.1947000008], [-1757239.9977000002, 897404.8149999995], [-1757830.8703000005, 897300.6292000003], [-1760424.2445, 894649.8782000002], [-1761562.359099999, 894105.8147], [-1762382.2711999994, 893842.1810999997], [-1763728.9956, 893409.0687000006], [-1766448.8706999999, 893876.75], [-1767332.4925999995, 894836.4428000003], [-1768679.6177999992, 895926.9618999995], [-1770026.7431000005, 895991.1216000002], [-1773541.2422000002, 896764.8888000008], [-1774148.6133999992, 897261.5697000008], [-1774139.4875000007, 897710.9991999995], [-1771593.2336999997, 900400.4492000006], [-1770315.8715000004, 901320.0011999998], [-1766685.9963000007, 905049.6876999997], [-1766040.3684, 906212.7551000006], [-1765935.9859999996, 907289.0036999993], [-1766718.6169000007, 907971.2006999999], [-1767282.4886000007, 907766.0075000003], [-1767419.737400001, 907344.7585000005], [-1767697.2496000007, 906780.7556999996], [-1769256.9572, 905741.7478999998], [-1771438.0281000007, 904907.8187000006], [-1771566.3147999998, 903432.3903000001], [-1772536.4934, 901224.3841999993], [-1776725.8658000007, 897193.1993000004], [-1779914.8639000002, 896558.2537999991], [-1781898.7369, 896877.9384000003], [-1783041.2423999999, 897328.1379000004], [-1784384.4847, 900971.5134999994], [-1784839.4847, 903184.9428000003], [-1784906.3641999997, 908040.6360999998], [-1782105.1097999997, 908429.4448000006], [-1781899.8673999999, 908784.8793000001], [-1781971.1215000004, 909189.0725999996], [-1782914.9872999992, 910059.8822000008], [-1786413.2498000003, 910312.3760000002], [-1787985.1143999994, 909096.3882999998], [-1789058.25, 907988.2565000001], [-1794346.7431000005, 907160.1272], [-1797779.2402999997, 907626.3175000008], [-1803263.6204000004, 910292.5678000003], [-1809949.3738000002, 913895.7533999998], [-1814289.9869, 916976.7481999993], [-1817294.9926999994, 919540.5001999997], [-1817500.3662, 920916.1336000003], [-1816931.235200001, 921430.9516000003], [-1812684.6170000006, 920833.9514000006], [-1810850.8706, 920293.6235000007], [-1810446.6118, 920364.8774999995], [-1808237.2457999997, 924519.0079999994], [-1808264.2466000002, 924828.3870000001], [-1808528.1108999997, 925142.8124000002], [-1811923.4982999992, 926759.8804000001], [-1812750.8739, 927764.4980999995], [-1813236.2499000002, 928998.3115999997], [-1814216.7339999992, 932799.7600999996], [-1813977.7405999992, 932899.1291000005], [-1804921.7467999998, 931587.9503000006], [-1804790.6092000008, 931073.1977999993], [-1804476.2493999992, 930809.3826000001], [-1801211.2458999995, 930154.2520000003], [-1799771.3707999997, 930140.3747000005], [-1798989.1166999992, 930417.0022], [-1797864.6173, 930511.8164000008], [-1793646.7367000002, 930289.8132000007], [-1790168.1185999997, 928766.8875999991], [-1784945.8660000004, 926905.3867000006], [-1783553.111300001, 926863.2633999996], [-1782694.114600001, 927532.5661999993], [-1782312.7442000005, 927613.1919], [-1778909.3615000006, 926860.6911999993], [-1777845.7448999994, 925760.9478999991], [-1777147.9995000008, 925442.9508999996], [-1774185.6249000002, 925161.7522999998], [-1772790.8713000007, 925117.6956999991], [-1772250.4942000005, 925257.6970000006], [-1771863.2420000006, 925502.2609999999], [-1770057.4957999997, 927602.3128999993], [-1765554.3697999995, 930631.4360000007], [-1763995.7434999999, 931078.3750999998], [-1762069.6469999999, 933377.3076000009], [-1761469.1176999994, 934093.9485999998], [-1761325.6103000008, 934770.6241999995], [-1761715.7460999992, 936298.3830999993], [-1762287.9900000002, 937008.0724], [-1762938.4839999992, 938242.2628000006], [-1763044.488500001, 939297.9986000005], [-1762666.739, 941340.0020000003], [-1762242.6227000002, 941877.4463999998], [-1760287.6183000002, 942978.5658999998], [-1759581.6153999995, 943162.0667000003], [-1757588.125, 941976.8808999993], [-1756478.9936999995, 941032.8183999993], [-1755860.2355000004, 940946.8188000005], [-1755643.5359000005, 941066.4658000004], [-1754245.8708999995, 941838.0756000001], [-1751484.204, 945419.3093999997], [-1750119.1181000005, 947188.9426000006], [-1749732.7342000008, 948527.5645000003], [-1749668.7382999994, 949614.0040000007], [-1750096.491800001, 950831.9414000008], [-1749994.4849999994, 955503.2490999997], [-1749531.8663999997, 957818.3246999998], [-1748690.1219999995, 959536.0068999995], [-1748595.9958999995, 961010.9437000006], [-1748720.1210999992, 961429.0634000003], [-1750576.2480999995, 964494.5098000001], [-1752329.4999000002, 965923.5714999996], [-1752834.7497000005, 965967.7590999994], [-1753089.111300001, 965789.6323000006], [-1753794.8684999999, 963882.2561000008], [-1752335.1195999999, 961200.9489999991], [-1752114.9842000008, 960496.8794], [-1752060.1141999997, 959505.8112000003], [-1753042.1219999995, 953823.5614999998], [-1752821.4951000009, 950354.9375999998], [-1752253.4945, 949358.4463], [-1752323.9948999994, 948553.8116999995], [-1753679.9838999994, 946609.6863000002], [-1755139.8809999991, 945108.8870999999], [-1755420.2432000004, 944820.6353999991], [-1755783.8696999997, 944710.8134000003], [-1757134.8616000004, 945326.5733000003], [-1757779.8669000007, 946173.0690000001], [-1758965.9866000004, 946316.9368999992], [-1760110.8676999994, 946050.8115999997], [-1761185.6903000008, 945536.4385000002], [-1763984.3729999997, 944196.6998999994], [-1764286.8553, 943540.8446999993], [-1764980.8642999995, 942035.8796999995], [-1765775.7339999992, 939147.0691999998], [-1765462.2425999995, 937839.7569999993], [-1764756.6164999995, 937205.4996000007], [-1764363.613500001, 936608.1390000004], [-1764318.6229999997, 935913.1296999995], [-1764523.488500001, 934623.6270000003], [-1765145.9986000005, 933200.693], [-1766067.991800001, 933179.3117999993], [-1767064.4995000008, 933613.75], [-1767829.7469999995, 934168.3812000006], [-1768650.6181000005, 933932.6317999996], [-1771249.235200001, 930915.9441999998], [-1771698.861300001, 928599.5087000001], [-1772030.3587999996, 928341.8211000003], [-1772850.8203999996, 928167.4967], [-1773450.4912, 928040.0605999995], [-1775332.2426999994, 928574.4411999993], [-1781556.2457999997, 929862.6986999996], [-1783768.9869, 930024.8838999998], [-1785139.2464000005, 929780.3200000003], [-1789362.2388000004, 930570.7497000005], [-1790952.863, 931945.4982999992], [-1794137.9945999999, 933283.7598000001], [-1796603.3606000002, 932910.4504000004], [-1799144.9941000007, 932894.2630000003], [-1800774.1207999997, 933083.0722000003], [-1804747.3717999998, 934204.0655000005], [-1804909.4914999995, 936368.1297999993], [-1803953.4850999992, 939125.2620999999], [-1803544.8682000004, 939533.1908999998], [-1793964.7337999996, 942678.3126999997], [-1790467.8639000002, 942937.9498999994], [-1789753.9966000002, 943587.5755000003], [-1789798.2498000003, 944092.7598000001], [-1790213.6170000006, 944383.6249000002], [-1794029.860200001, 944412.5099], [-1796704.6465000007, 944066.2831999995], [-1797062.6205000002, 943746.7133000009], [-1798473.8727000002, 944316.9420999996], [-1801283.7451000009, 946282.6943999995], [-1801012.4915999994, 949761.4436000008], [-1800088.1882000007, 950840.6740000006], [-1799517.9594999999, 951007.6761000007], [-1798139.1148000006, 951858.6939000003], [-1797507.4952000007, 952448.9439000003], [-1796251.6125000007, 954979.4363000002], [-1796355.8639000002, 955570.3252000008], [-1796939.4946999997, 955968.6857999992], [-1797444.7445, 955924.4981999993], [-1798344.7339999992, 954761.8730999995], [-1798474.6099999994, 953917.6383999996], [-1798871.6107, 953314.6252999995], [-1800997.7950999998, 952883.8244000003], [-1803220.9892999995, 953306.3186000008], [-1803413.7469999995, 954683.6231999993], [-1803284.4935999997, 955039.0085000005], [-1804522.1246000007, 955782.5636], [-1807888.1191000007, 956830.2547999993], [-1811495.3680000007, 956139.3252000008], [-1815650.8473000005, 956094.3599999994], [-1816255.362400001, 956087.7482999992], [-1819575.3670000006, 957093.3162999991], [-1823495.8616000004, 960391.0058999993], [-1824297.4978999998, 961924.2533999998], [-1824089.7488000002, 962672.4452], [-1822318.7597000003, 964599.7074999996], [-1820559.2425999995, 966514.0017000008], [-1819564.9958999995, 967151.3228999991], [-1816180.5774000008, 968537.7155000009], [-1815675.6144999992, 968744.5030000005], [-1815249.1226000004, 968722.0733000003], [-1813784.9991999995, 968257.0134999994], [-1801779.4922000002, 962239.9403000008], [-1797530.2361999992, 959654.8236999996], [-1797040.2399000004, 959786.9441999998], [-1794851.8618, 962163.7546999995], [-1794356.4915999994, 963249.375], [-1794383.4923999999, 963558.7540000007], [-1794647.3730999995, 963873.1958000008], [-1795051.6154999994, 963944.4497999996], [-1796280.7432000004, 963579.0702], [-1797662.6188999992, 962636.9410999995], [-1798750.9916999992, 962534.0658999998], [-1799581.3655999992, 962667.6283], [-1808588.9938999992, 966999.5743000004], [-1812723.3652, 970061.0066], [-1813377.8731999993, 972380.8827], [-1813466.7400000002, 976453.5682999995], [-1813417.1129, 977632.7575000003], [-1813212.3620999996, 978270.9471000005], [-1812470.4945, 978838.8820999991], [-1812222.9978, 979333.7608000003], [-1812066.2357, 981950.1873000003], [-1812146.6155999992, 982250.1947000008], [-1812460.991800001, 982514.0099], [-1812871.492900001, 982514.0099], [-1813680.3709999993, 982010.7588999998], [-1816073.5, 978133.5017000008], [-1815952.1108999997, 974994.7533], [-1815466.9970999993, 972398.6265999991], [-1815806.2442000005, 970657.7609999999], [-1818307.1437999997, 969880.7278000005], [-1820043.3596, 969341.0609000009], [-1824036.0372000001, 967834.8454999998], [-1828607.3747000005, 966109.0711000003], [-1831771.3707999997, 968157.0711000003], [-1832955.9996000007, 969590.3761999998], [-1834760.7463000007, 972816.5659999996], [-1833197.9912999999, 975686.3219000008], [-1834314.6099999994, 978929.0759999994], [-1834578.490700001, 979243.5012999997], [-1835829.9989, 979831.818], [-1838577.6120999996, 979954.5669], [-1842056.9838999994, 976871.3765999991], [-1842597.2463000007, 975250.4419999998], [-1843699.6109999996, 973478.0044999998], [-1845185.8692000005, 972314.3145000003], [-1847130.1093000006, 971347.3800000008], [-1853726.4879, 969448.5070999991], [-1855975.1099999994, 970763.4377999995], [-1856437.6139000002, 972011.1285999995], [-1859555.3745000008, 976254.3224], [-1863559.6240999997, 980834.2566999998], [-1865584.8666999992, 984067.2621999998], [-1868399.4903999995, 985481.5127000008], [-1874295.7479999997, 990014.5067999996], [-1878262.2488000002, 998588.0081999991], [-1878951.7367000002, 1001072.1338999998], [-1878297.6218999997, 1003440.3264000006], [-1877606.8725000005, 1003779.1312000006], [-1875265.3695, 1006554.3841999993], [-1874974.3732999992, 1009674.3892999999], [-1875124.9913999997, 1010696.1938000005], [-1876681.6187999994, 1011872.6305999998], [-1878180.9842000008, 1011662.0142000001], [-1884204.234099999, 1013074.8230000008], [-1884842.2434999999, 1013961.8855000008], [-1884700.2433000002, 1015650.5023999996], [-1885127.865700001, 1019868.1864], [-1887284.4916999992, 1021585.5080999993], [-1889491.4984000009, 1023941.5109999999], [-1889440.8717999998, 1024752.6337000001], [-1886756.7466000002, 1030914.8853999991], [-1886206.6210999992, 1031534.3808999993], [-1885098.7500999998, 1032469.8125999998], [-1885098.7349999994, 1032469.8253000006], [-1878987.8633999992, 1032789.3789000008], [-1876368.9956999999, 1032728.1355000008], [-1872710.8745000008, 1031927.6952], [-1871765.8618, 1031417.8741999995], [-1872042.4891999997, 1030917.3758000005], [-1872684.8730999995, 1030312.6260000002], [-1872684.8730999995, 1029902.1904000007], [-1872420.9923999999, 1029587.8142000008], [-1864905.7499000002, 1027092.8258999996], [-1863471.4945, 1027100.1986999996], [-1863011.8741999995, 1027314.5013999995], [-1853266.7201000005, 1026174.6502], [-1842973.6195999999, 1025474.1359000001], [-1841497.863500001, 1025948.3870999999], [-1841251.9888000004, 1026193.6392000001], [-1841360.4836999997, 1028342.3189000003], [-1841643.4845000003, 1028606.6256000008], [-1843208.5682999995, 1028120.0217000004], [-1844307.1132999994, 1027778.3816], [-1846813.0953000002, 1027618.5721000005], [-1847072.1426999997, 1027391.8830999993], [-1849184.2805000003, 1027419.1652000006], [-1849642.9233999997, 1027425.0606999993], [-1852524.7215, 1027805.8739999998], [-1855865.3699999992, 1029010.8189000003], [-1859793.9910000004, 1031084.3779000007], [-1862999.8647000007, 1032198.3751999997], [-1864771.6141, 1033097.1359000001], [-1868590.4951000009, 1037545.8179000001], [-1878727.9967999998, 1039349.1392999999], [-1882925.9871999994, 1040396.3881999999], [-1882062.4848999996, 1044113.5081999991], [-1881515.9966000002, 1044941.8177000005], [-1876771.2392999995, 1047100.5079999994], [-1876036.3677999992, 1047300.3109000009], [-1874336.8717999998, 1046891.0057999995], [-1872643.6182000004, 1046141.0118000004], [-1872052.7456, 1045436.8111000005], [-1871183.9794999994, 1046119.2459999993], [-1869950.3671000004, 1047088.1381000001], [-1868833.8862999994, 1048145.5353999995], [-1867412.9934, 1049490.9990999997], [-1865089.7284999993, 1050981.4650999997], [-1860077.4998000003, 1054195.3861999996], [-1857034.4114999995, 1059197.9153000005], [-1856257.8651, 1060474.0134999994], [-1855281.8344999999, 1062322.3584000003], [-1854047.1228, 1064660.0108000003], [-1853235.3610999994, 1065562.3760000002], [-1852794.6152, 1065764.8823000006], [-1842389.2349999994, 1065808.136], [-1836241.9910000004, 1065017.3786999993], [-1835289.4908000007, 1065456.3879000004], [-1835025.6100999992, 1065770.7641000003], [-1834998.6092000008, 1066080.2578999996], [-1835203.8680000007, 1066435.6268000007], [-1839789.9954000004, 1070302.5130000003], [-1840089.9864000008, 1070382.8764999993], [-1841408.5570999999, 1070036.6797000002], [-1844295.3660000004, 1069278.3818999995], [-1849865.7621999998, 1068537.4811000004], [-1855021.8725000005, 1068683.5116000008], [-1859664.9998000003, 1063327.2544], [-1860273.7166000009, 1062824.0556000005], [-1861191.2348999996, 1062065.5061000008], [-1862690.739, 1061126.6194000002], [-1865670.9974000007, 1059260.0083000008], [-1867578.1114000008, 1058427.2587000001], [-1875428.6196999997, 1062793.8731999993], [-1875226.8671000004, 1063696.7627000008], [-1873585.485200001, 1068171.7574000005], [-1871115.3841999993, 1070000.4247999992], [-1868304.6107, 1069250.6273999996], [-1865909.1224000007, 1067926.5053000003], [-1865498.6213000007, 1067926.5053000003], [-1865139.9919000007, 1068285.1347000003], [-1865425.237400001, 1069650.7575000003], [-1866664.3593000006, 1071465.2526999991], [-1868722.1241999995, 1073651.8776999991], [-1870508.1111999992, 1073964.8776999991], [-1871027.7462000009, 1073664.8866000008], [-1871925.6220999993, 1073522.5097000003], [-1872180.6883000005, 1073236.0026999991], [-1872783.8487999998, 1073210.738500001], [-1874159.3675999995, 1076560.2507000007], [-1874816.2348999996, 1079782.8851999994], [-1873777.3746000007, 1085005.8750999998], [-1873062.6226000004, 1086423.6316999998], [-1871746.9094999991, 1087746.8469999991], [-1871479.8627000004, 1088015.386499999], [-1871014.2457999997, 1088772.7533], [-1869798.9953000005, 1095810.3858000003], [-1866940.8720999993, 1102132.6272999998], [-1865802.2496000007, 1103607.2529000007], [-1865264.625, 1104014.2642], [-1860761.1221999992, 1105439.7541000005], [-1859661.3626000006, 1105617.012599999], [-1855251.3631999996, 1105979.1317999996], [-1852345.2347999997, 1104227.7641000003], [-1850503.9845000003, 1104234.5143], [-1850118.3706999999, 1104374.8760000002], [-1845701.2443000004, 1109728.0040000007], [-1845261.1208999995, 1110509.1275999993], [-1845268.116800001, 1111096.7561000008], [-1846115.235200001, 1111599.2533999998], [-1846193.2393999994, 1112013.8833000008], [-1845008.7416999992, 1114010.5030000005], [-1839819.8633999992, 1120391.5140000004], [-1839094.2488000002, 1120763.3816], [-1832586.2455000002, 1122348.7630000003], [-1830572.9958999995, 1121507.2643999998], [-1829736.8713000007, 1120092.7518000007], [-1829828.6217, 1117900.6381], [-1830849.8691000007, 1115871.8893], [-1833592.485200001, 1114835.7324], [-1834627.265900001, 1114921.9122000001], [-1837076.0185000002, 1116370.9787000008], [-1837458.5194000006, 1116364.4579000007], [-1839181.1986999996, 1114677.6268000007], [-1840040.9046, 1114216.4392000008], [-1842012.6160000004, 1113158.5022999998], [-1842092.9958999995, 1112858.5111999996], [-1841952.6177999992, 1112472.8809999991], [-1841388.7460999992, 1112267.638699999], [-1835769.886, 1113287.8376000002], [-1833945.0689000003, 1112652.6626999993], [-1831942.4853000008, 1112724.5065000001], [-1830450.9843000006, 1113260.8859], [-1829384.4842000008, 1114031.9989], [-1828158.2401, 1115416.6271000002], [-1828338.1199999992, 1120289.261499999], [-1828231.5130000003, 1123591.5541999992], [-1828222.875, 1123858.7616000008], [-1827367.8595000003, 1124403.0053000003], [-1822056.3632999994, 1125676.7630000003], [-1819999.1228, 1125937.137599999], [-1818227.9959999993, 1125917.1327], [-1816864.9945999999, 1125083.0068999995], [-1814871.8647000007, 1124989.388699999], [-1808460.6087999996, 1127077.1362999994], [-1805867.6115000006, 1128775.5017000008], [-1804606.6169000007, 1130287.3845000006], [-1802282.235200001, 1130076.8827999998], [-1795454.6128000002, 1126510.3808999993], [-1793752.3642999995, 1124471.2610999998], [-1792676.7383999992, 1119122.7533999998], [-1792764.4911000002, 1116278.2616000008], [-1793564.6201000009, 1115011.8767000008], [-1793769.7478, 1114268.7640000004], [-1793757.4924999997, 1113162.5], [-1793487.1238000002, 1111625.2547999993], [-1792433.4850999992, 1109361.7559999991], [-1791317.8658000007, 1108115.6381], [-1790029.2478, 1105951.9999000002], [-1788599.2358999997, 1103026.6367000006], [-1787360.4908000007, 1098052.7491999995], [-1787165.7342000008, 1096113.1293000001], [-1786663.7447999995, 1093567.1377000008], [-1785493.1243999992, 1089455.7531000003], [-1784801.3592000008, 1088413.0098], [-1784228.3615000006, 1088617.4985000007], [-1783439.6194000002, 1090249.0008000005], [-1785554.2367000002, 1100236.8838], [-1787299.7389000002, 1105512.7611999996], [-1787581.1176999994, 1105919.6250999998], [-1789136.8605000004, 1107144.509299999], [-1791429.1130999997, 1111295.3793000001], [-1792045.2498000003, 1113127.8805999998], [-1791149.3727000002, 1125076.1256000008], [-1790780.1100999992, 1125501.1264999993], [-1787045.3608999997, 1127530.6290000007], [-1786704.6033999994, 1127667.7903000005], [-1784569.2469999995, 1128527.1367000006], [-1783482.1195, 1128710.883199999], [-1778904.1185999997, 1128277.133199999], [-1777308.4971999992, 1127547.7502999995], [-1776464.8686999995, 1127384.5000999998], [-1776164.8611999992, 1127464.8800000008], [-1775900.9968999997, 1127779.2562000006], [-1775762.8633999992, 1128441.3827999998], [-1775877.6169000007, 1128971.5034999996], [-1776298.9969999995, 1129788.9996000007], [-1776937.6126000006, 1130294.2493999992], [-1777873.6141, 1130584.0003999993], [-1779919.2383999992, 1130854.0087000001], [-1788708.3696999997, 1130616.3751999997], [-1789188.1096, 1130392.75], [-1790066.1118, 1129002.7642], [-1791270.6634999998, 1128319.0599000007], [-1791606.6666, 1128194.4103999995], [-1793316.8611999992, 1128314.3739999998], [-1799089.7473000009, 1130662.5124999993], [-1802523.1128000002, 1133111.0030000005], [-1802805.2453000005, 1138091.5097000003], [-1801778.4926999994, 1145075.1240999997], [-1799540.8642999995, 1154316.8797999993], [-1799067.7435999997, 1154733.885399999], [-1793401.4748, 1156997.3999000005], [-1789043.4388999995, 1158736.8734000009], [-1786944.9956, 1159230.9900000002], [-1782499.7347999997, 1160276.8874999993], [-1781096.2486000005, 1159656.7531000003], [-1780220.4659000002, 1159888.1810999997], [-1779799.6188999992, 1159999.3752999995], [-1774628.5395999998, 1165909.5834999997], [-1772457.375, 1168389.7528000008], [-1771230.3608999997, 1176185.7514999993], [-1771553.4833000004, 1177536.3712000009], [-1772593.6243999992, 1177990.1378000006], [-1773083.489600001, 1177858.8856000006], [-1775555.1142999995, 1174618.1304000001], [-1776139.2367000002, 1167496.1366000008], [-1778160.4979999997, 1166088.882099999], [-1789154.4405000005, 1160473.5119000003], [-1792833.6479000002, 1160044.8081], [-1797000.6234000009, 1158407.8827], [-1799242.8948999997, 1156635.1642000005], [-1800237.8724000007, 1155848.3741999995], [-1800919.3871, 1155075.9912999999], [-1801384.9981999993, 1154548.2545999996], [-1802809.3739999998, 1152304.8753999993], [-1803029.2473000009, 1149405.2514999993], [-1803189.990700001, 1149058.7627000008], [-1804770.1128000002, 1147974.387599999], [-1809948.9968999997, 1145496.6352999993], [-1810646.3654999994, 1145320.9988000002], [-1811352.3684999999, 1145476.761499999], [-1812448.2451000009, 1146159.138699999], [-1813810.3617000002, 1146631.5057999995], [-1817188.6114000008, 1146889.1278000008], [-1817780.1229999997, 1146751.6333000008], [-1818707.8670000006, 1146172.3770000003], [-1821525.489, 1143449.1268000007], [-1821663.4913999997, 1141842.6264999993], [-1822157.7475000005, 1140946.6347000003], [-1822541.4935999997, 1140635.7482999992], [-1823753.9914999995, 1140245.1372999996], [-1835622.3644999992, 1139668.5023999996], [-1836456.4902999997, 1139887.5074000005], [-1842836.2397000007, 1139553.1262999997], [-1848017.7453000005, 1137923.9996000007], [-1852144.2358999997, 1135201.8800000008], [-1852723.9836999997, 1135036.4999000002], [-1853128.734099999, 1135238.7602999993], [-1853331.8629, 1135921.6291000005], [-1853329.2414999995, 1138728.8800000008], [-1852799.1207999997, 1139769.0019000005], [-1851750.8724000007, 1149162.1293000001], [-1852210.4927999992, 1149547.7595000006], [-1852938.7452000007, 1149519.759299999], [-1853559.2401, 1149210.6260000002], [-1854746.8671000004, 1149594.7488000002], [-1857163.490700001, 1151215.7489999998], [-1857697.7401, 1151728.8794999998], [-1857808.3649000004, 1152488.6383999996], [-1857310.7336999997, 1157814.7490999997], [-1856652.8997000009, 1160884.5044999998], [-1856329.2501999997, 1162785.9496], [-1856468.2356000002, 1164009.8836000003], [-1855488.6853999998, 1165903.1531000007], [-1854556.1245000008, 1166812.2521000002], [-1851783.4930000007, 1168505.0142], [-1850607.6685000006, 1169393.1208999995], [-1849189.6108999997, 1170463.9999000002], [-1849189.6108999997, 1171063.9984000009], [-1850138.7359999996, 1172125.1245000008], [-1853494.7361999992, 1172940.3760000002], [-1854259.1153999995, 1172794.1324000005], [-1854464.3740999997, 1172438.7634999994], [-1854413.125, 1171491.2602999993], [-1855329.6895000003, 1170025.0256999992], [-1855925.7449999992, 1169071.3762999997], [-1871617.7339999992, 1154891.6305], [-1876175.3695999999, 1151237.1302000005], [-1877184.6239999998, 1151358.1260000002], [-1879916.8690000009, 1153226.3771000002], [-1880079.611300001, 1153783.4987000003], [-1879688.9838999994, 1156719.3804000001], [-1874939.8685999997, 1162929.1294], [-1869463.7458999995, 1165794.5108000003], [-1869182.3671000004, 1165663.2586000003], [-1868467.7462000009, 1165772.6381], [-1866114.4958999995, 1167411.7589999996], [-1862977.1237000003, 1173635.7621], [-1862981.9898000006, 1175895.5088999998], [-1862575.7485000007, 1178731.0058999993], [-1862198.9984000009, 1179881.7524999995], [-1860970.9847999997, 1181933.3734000009], [-1860309.7430000007, 1182689.6261], [-1859905.4842000008, 1182760.8801000006], [-1858662.7413999997, 1183708.8747000005], [-1854881.1175999995, 1186962.3767000008], [-1853857.3632999994, 1188765.1246000007], [-1850444.7400000002, 1193444.7554000001], [-1845476.1936000008, 1197696.4526000004], [-1844797.519200001, 1198052.8537000008], [-1841183.3726000004, 1197378.3736000005], [-1836020.8725000005, 1192595.9987000003], [-1835245.7455000002, 1192344.6352999993], [-1834400.3639000002, 1192771.7498000003], [-1834371.9868, 1193184.1350999996], [-1835081.1191000007, 1194444.6382], [-1840718.9189999998, 1201128.6547999997], [-1842458.4737999998, 1201431.8735000007], [-1842551.0107000005, 1201659.5782999992], [-1842404.3902000003, 1202203.4780000001], [-1842113.0500000007, 1208897.8493000008], [-1841361.9910000004, 1211874.0029000007], [-1840564.4998000003, 1212921.0061000008], [-1840033.7401, 1213252.5034999996], [-1838747.4978, 1213587.9987000003], [-1838370.2398000006, 1213528.9999000002], [-1837983.7412999999, 1213237.25], [-1837333.0144999996, 1213406.0977999996], [-1836319.1105000004, 1213669.1323000006], [-1836159.3664999995, 1214057.1381], [-1836385.3673999999, 1214373.1363999993], [-1838515.6151, 1215698.2578999996], [-1839528.7360999994, 1215671.257099999], [-1843867.8910000008, 1211385.3336999994], [-1844131.2147000004, 1210717.1613999996], [-1849606.239600001, 1206905.5057999995], [-1850586.7401, 1206555.7565000001], [-1852904.2404999994, 1206915.6311000008], [-1856426.8660000004, 1208658.3807999995], [-1859201.6602999996, 1211778.3366999999], [-1862118.3727000002, 1212909.1276999991], [-1861912.2292, 1215459.8378999997], [-1862074.0539999995, 1217765.8531999998], [-1862908.8680000007, 1221291.7555], [-1862791.2471999992, 1223058.1308999993], [-1861915.1128000002, 1225558.5096000005], [-1861463.4879, 1225640.1346000005], [-1861199.6235000007, 1225954.5108000003], [-1858718.1193000004, 1235167.8893999998], [-1857563.9976000004, 1248296.6344000008], [-1857923.8720999993, 1253216.0122999996], [-1858223.2405999992, 1254360.5001999997], [-1859326.6209999993, 1256424.9989], [-1859681.9900000002, 1256630.2577], [-1860156.8639000002, 1256515.1272999998], [-1860720.2441000007, 1256823.8838], [-1861945.8655999992, 1257813.0022999998], [-1862915.9949999992, 1258982.0007000007], [-1866570.1184999999, 1265838.3770000003], [-1868315.4897000007, 1271334.3734000009], [-1868770.7355000004, 1273708.136499999], [-1868699.4978999998, 1275244.8738000002], [-1867904.6117000002, 1277720.6272], [-1864390.8662999999, 1285472.3892], [-1861897.5, 1289858.5007000007], [-1864775.6118, 1290221.2588], [-1865722.1154999994, 1293089.5074000005], [-1866009.2451000009, 1294565.0012999997], [-1866126.1120999996, 1296575.0067999996], [-1864508.3495000005, 1299887.5797000006], [-1864294.2499000002, 1300325.8778000008], [-1862307.2475000005, 1300964.1328999996], [-1861163.9882999994, 1299628.8860999998], [-1858977.7402, 1298257.6272], [-1858153.9854000006, 1298194.1392], [-1856454.3748000003, 1298550.5076000001], [-1854764.7864999995, 1299702.7468999997], [-1854289.2456, 1300027.0009000003], [-1853594.8588999994, 1300364.3802000005], [-1853258.9869, 1300345.3748000003], [-1852812.4901, 1299325.8804000001], [-1852839.4909000006, 1294353.0087000001], [-1844852.7497000005, 1278994.3849], [-1843264.1242999993, 1276564.5066999998], [-1842878.4941000007, 1276424.1284999996], [-1836761.6697000004, 1277020.9177], [-1834171.9872999992, 1277273.0], [-1833117.0593999997, 1277522.5391000006], [-1830234.2402999997, 1278204.1355000008], [-1822202.4594999999, 1274946.1607000008], [-1817749.1243999992, 1272770.7587000001], [-1817138.2469999995, 1271735.1260000002], [-1815706.3673, 1272157.1286999993], [-1815383.1109999996, 1274404.6367000006], [-1815917.7372999992, 1275436.7632], [-1821845.0425000004, 1277529.8519000001], [-1823113.8194999993, 1278118.2178000007], [-1827237.6230999995, 1280648.8739999998], [-1828606.2442000005, 1282980.5138000008], [-1828920.6204000004, 1283244.3781000003], [-1829511.4930000007, 1283140.1268000007], [-1830226.5248000007, 1282500.7479999997], [-1830635.3697999995, 1282135.1322000008], [-1831682.2419000007, 1280598.2638000008], [-1832707.6783000007, 1279859.6215000004], [-1833606.1166999992, 1279212.3739999998], [-1834585.5297999997, 1278871.1912999991], [-1836327.7448999994, 1278264.1337000001], [-1842910.2462000009, 1279162.8780000005], [-1844226.7498000003, 1282800.1260000002], [-1844385.7401, 1285114.3824000005], [-1847036.6221999992, 1289912.8791000005], [-1847855.9859999996, 1290120.759299999], [-1848302.990700001, 1290495.0026999991], [-1850799.1095000003, 1296127.1337000001], [-1851082.7492999993, 1297809.8851999994], [-1851533.8663999997, 1304734.6319999993], [-1851028.8622999992, 1308860.7621999998], [-1850684.8639000002, 1309786.3762999997], [-1849783.2251999993, 1310609.7314999998], [-1849491.7481999993, 1310875.8794999998], [-1848300.7460999992, 1311176.5095000006], [-1846833.2476000004, 1312285.3785999995], [-1844734.2442000005, 1315841.3783999998], [-1844645.6230999995, 1316300.2613999993], [-1844938.2413999997, 1318249.3839999996], [-1844660.2377000004, 1320746.1253999993], [-1844097.3653999995, 1321535.8833000008], [-1843423.3111000005, 1321992.5958999991], [-1842167.4940000009, 1322843.3757000007], [-1840360.3716000002, 1323449.5018000007], [-1837456.6188999992, 1324071.6349999998], [-1836847.8713000007, 1323941.0054000001], [-1835743.4913999997, 1324243.5032000002], [-1833981.8247999996, 1325582.3169999998], [-1831546.2382999994, 1327432.7634999994], [-1831474.9843000006, 1327837.0058999993], [-1831660.7460999992, 1328575.3836000003], [-1831838.9876000006, 1328829.7616000008], [-1832224.6177999992, 1328970.1232999992], [-1830604.6171000004, 1333650.5078999996], [-1827750.0, 1336140.2533], [-1826627.4919000007, 1337579.9447000008], [-1825976.1206999999, 1338415.2535999995], [-1824094.9988000002, 1342250.5483999997], [-1823929.8738000002, 1342587.1279000007], [-1824025.6217999998, 1344981.3873999994], [-1824316.4869999997, 1345396.7544999998], [-1824616.4944000002, 1345477.1344000008], [-1825076.1148000006, 1345262.7498000003], [-1827062.363500001, 1342959.3888000008], [-1828478.2359999996, 1340389.7550000008], [-1829540.8082999997, 1338914.8318000007], [-1830336.6239999998, 1337810.0121999998], [-1832007.4653999992, 1336273.5771999992], [-1832522.1184999999, 1335800.2524999995], [-1833593.2389000002, 1336164.3869000003], [-1841243.1086999997, 1331695.0119000003], [-1845885.6133999992, 1327953.6272], [-1847321.5777000003, 1327416.5736999996], [-1850357.9867000002, 1326280.5095000006], [-1858542.990700001, 1324730.7632999998], [-1863585.3632999994, 1324018.5017000008], [-1864201.9580000006, 1323819.8779000007], [-1864830.1213000007, 1323617.5033], [-1866022.2376000006, 1322812.3772], [-1867813.7459999993, 1320521.6317999996], [-1869552.3582000006, 1319558.4152000006], [-1870477.9974000007, 1319045.4989999998], [-1875637.9908000007, 1317142.8741999995], [-1878683.366800001, 1313151.2566], [-1880837.8628000002, 1305454.25], [-1885021.7466000002, 1296068.6264999993], [-1885890.2459999993, 1295854.8807999995], [-1888819.2465000004, 1294613.7599999998], [-1889207.9897000007, 1294314.1294999998], [-1889495.6108, 1293658.3761999998], [-1889697.7402, 1291910.1379000004], [-1889656.6162999999, 1290679.8796999995], [-1890012.4932000004, 1290306.3737000003], [-1890749.8715000004, 1290529.5074000005], [-1892373.1162999999, 1292618.2544], [-1893715.1133999992, 1295590.6232999992], [-1895081.2441000007, 1298968.8893999998], [-1898624.8739, 1309221.259299999], [-1901318.8621999994, 1315255.7487000003], [-1903897.8676999994, 1322408.8883999996], [-1905345.9838999994, 1328329.5088999998], [-1905831.4910000004, 1333557.8891000003], [-1905042.4867000002, 1335276.1283], [-1905859.360200001, 1338900.1381], [-1908967.8637000006, 1347240.2493999992], [-1913881.8676999994, 1361830.2506000008], [-1914253.6206999999, 1365431.6339999996], [-1913889.2404999994, 1372131.7562000006], [-1912243.9920000006, 1375020.2554000001], [-1911041.2829, 1376613.238500001], [-1909061.4982999992, 1379234.7608000003], [-1908231.6159000006, 1383340.3782000002], [-1907875.4933000002, 1384151.1240999997], [-1905648.2358999997, 1387073.3742999993], [-1905169.3982999995, 1387608.6133999992], [-1904038.0, 1388873.1239999998], [-1902570.3705000002, 1390006.5035999995], [-1900576.617900001, 1390874.3804000001], [-1900071.990700001, 1390283.7535999995], [-1897754.2445, 1389267.0117000006], [-1895322.7354000006, 1390043.4779000003], [-1895176.6152999997, 1390090.1274999995], [-1893025.8713000007, 1392129.0015999991], [-1886917.1131999996, 1393290.0045999996], [-1885875.6151, 1392904.3743999992], [-1879439.3737000003, 1388140.0055], [-1876111.3737000003, 1383581.2557999995], [-1873674.1226000004, 1383121.5044], [-1873269.8638000004, 1383192.7584000006], [-1872900.4834000003, 1383394.5361000001], [-1871869.1137000006, 1383957.8748000003], [-1870732.9948999994, 1384774.1045999993], [-1870415.7381999996, 1385002.0108000003], [-1869450.2455000002, 1386162.7515999991], [-1869450.2467999998, 1386762.7511999998], [-1869764.6217, 1387026.6307999995], [-1870439.8718999997, 1387040.8849], [-1870930.4908000007, 1386734.7498000003], [-1871737.3699999992, 1385705.2611999996], [-1873925.109099999, 1385068.7591999993], [-1875791.0665000007, 1386343.7292999998], [-1876086.4864000008, 1387404.8389999997], [-1877294.9866000004, 1388963.2523999996], [-1883037.1198999994, 1394202.3804000001], [-1886326.1096, 1395767.3801000006], [-1905288.2467, 1393143.3841999993], [-1905784.2394999992, 1393334.8804000001], [-1907481.4909000006, 1397496.6294], [-1908644.9842000008, 1399450.2576000001], [-1911710.3651, 1402233.1291000005], [-1912178.6197999995, 1404401.5023999996], [-1912136.6111999992, 1405500.7541000005], [-1911882.8721999992, 1405801.0073000006], [-1908745.6148000006, 1407430.5107000005], [-1906041.8615000006, 1406818.5028000008], [-1905582.2412, 1407032.8873999994], [-1905450.989, 1407522.7526999991], [-1906074.8588999994, 1408181.012599999], [-1906317.489600001, 1408812.6322000008], [-1906225.9848999996, 1410789.6239999998], [-1905716.737400001, 1411872.3770000003], [-1904569.988500001, 1417930.2627000008], [-1906341.6231999993, 1417907.7511], [-1907647.8704000004, 1417455.7492999993], [-1907876.6853999998, 1417444.6099999994], [-1909699.8681000005, 1417355.7577], [-1911977.2441000007, 1417567.1276999991], [-1916814.8658000007, 1420799.0028000008], [-1915697.1165999994, 1428151.3882999998], [-1914537.3587999996, 1430477.6378000006], [-1913278.363, 1432423.6309999991], [-1910669.1508000009, 1435442.0657000002], [-1908012.4963000007, 1438514.1372999996], [-1905095.9967999998, 1443144.6325000003], [-1903904.9946999997, 1449309.1289000008], [-1903109.7480999995, 1450372.7618000004], [-1901651.359099999, 1450733.1279000007], [-1899813.7460999992, 1448203.0122999996], [-1899119.1136000007, 1444689.3816], [-1900317.1117000002, 1445246.0116000008], [-1900214.4987000003, 1444176.1363999993], [-1898318.8698999994, 1433710.3812000006], [-1897000.9901, 1428558.2522], [-1895469.4956999999, 1423618.8858000003], [-1894196.5735999998, 1418014.2634999994], [-1893893.4859999996, 1416171.8827], [-1893883.8193999995, 1415555.5985000003], [-1894134.6911999993, 1414989.2854999993], [-1893787.1209999993, 1412388.6368000004], [-1892828.1163999997, 1409603.8811000008], [-1891118.9866000004, 1406128.7528000008], [-1890587.2438999992, 1406157.9981999993], [-1890001.5632000007, 1406855.2073999997], [-1889382.2499000002, 1407592.3847000003], [-1889191.3598999996, 1408029.5098], [-1889219.7369999997, 1408748.1283999998], [-1889323.4968999997, 1408795.3798999991], [-1889745.8599999994, 1407543.6259000003], [-1891274.2413999997, 1409114.5074000005], [-1891857.1185999997, 1410248.2638000008], [-1892079.4986000005, 1411010.7588], [-1892018.615700001, 1418068.8549000006], [-1890225.6162999999, 1419999.8895999994], [-1888708.7667999994, 1422955.9520999994], [-1888221.6237000003, 1423905.0814999994], [-1887124.5183000006, 1424581.5112999994], [-1885030.069599999, 1424128.1333000008], [-1881689.9945999999, 1426508.6302000005], [-1881262.9947999995, 1426942.1344000008], [-1881234.2409000006, 1427542.2640000004], [-1887498.7452000007, 1426252.6302000005], [-1888800.896400001, 1424713.1732], [-1888927.7248999998, 1423478.1635999996], [-1889633.5475999992, 1422838.7347], [-1890082.3381999992, 1422432.1271000002], [-1890365.9944000002, 1422338.8366], [-1890754.7212000005, 1422561.5770999994], [-1893396.985200001, 1421875.1367000006], [-1895965.2427999992, 1430515.1243999992], [-1896395.1757999994, 1432941.1850000005], [-1899087.4924999997, 1448146.7496000007], [-1898837.7347999997, 1449883.3881], [-1895439.611300001, 1453837.6337000001], [-1893953.4842000008, 1454708.3778000008], [-1887024.625, 1453428.1319999993], [-1883798.4844000004, 1452578.2611999996], [-1881811.4984000009, 1451313.3836000003], [-1881722.6152, 1451123.1326000001], [-1881519.8631999996, 1450016.2622999996], [-1881519.8631999996, 1449502.5091999993], [-1881709.8684, 1449071.6263999995], [-1881201.1125000007, 1446819.1377000008], [-1879265.3592000008, 1441000.6385999992], [-1877019.2438999992, 1437559.507099999], [-1875287.3731999993, 1435712.8828999996], [-1874700.4982999992, 1435467.6307999995], [-1873190.7455000002, 1435757.7586000003], [-1872272.864600001, 1436139.6369000003], [-1871832.7412999999, 1436363.7536999993], [-1871805.9861999992, 1436811.3808999993], [-1873439.487400001, 1436772.8784999996], [-1873840.5344999991, 1436543.2378000002], [-1874671.4986000005, 1436067.3835000005], [-1874962.2490999997, 1436192.2622999996], [-1876242.4948999994, 1437748.0050000008], [-1878484.2357, 1442513.3734000009], [-1879061.1162999999, 1444078.5041000005], [-1878826.6120999996, 1447759.8741999995], [-1878983.4889000002, 1448584.7595000006], [-1881042.6136000007, 1452010.7522], [-1881788.6098999996, 1452934.4985000007], [-1883541.3703000005, 1454188.2512999997], [-1885037.9995000008, 1454631.1272], [-1881289.9956999999, 1458652.2523999996], [-1879817.6187999994, 1460626.5939000007], [-1877945.4969999995, 1463136.2583000008], [-1877281.9941000007, 1465707.5141000003], [-1877318.4977000002, 1466132.2529000007], [-1876032.3701000009, 1467475.3804000001], [-1874202.2548999991, 1468706.9269999992], [-1867354.863, 1473312.0001999997], [-1865501.1808000002, 1474334.0054000001], [-1864846.7347, 1474694.7607000005], [-1862193.8702000007, 1475756.7552000005], [-1861542.0, 1475729.0007000007], [-1860123.375, 1474974.0096000005], [-1858898.8675999995, 1472326.8794], [-1859832.362400001, 1471339.6287999991], [-1860203.9866000004, 1471181.7598], [-1862610.9904999994, 1470159.0141000003], [-1863048.361300001, 1469642.6231999993], [-1862951.6138000004, 1469028.7639000006], [-1862102.9881999996, 1468641.3805999998], [-1860390.6143999994, 1468679.260399999], [-1857980.1184, 1469827.2544999998], [-1857768.2404999994, 1469414.3776999991], [-1857382.6103000008, 1469273.9996000007], [-1855287.8666999992, 1469608.6263999995], [-1854840.7660000008, 1469811.6152999997], [-1853935.3674999997, 1470222.633199999], [-1848425.6249000002, 1469640.2639000006], [-1842641.8598999996, 1466889.0134999994], [-1841433.2449999992, 1466605.1279000007], [-1840792.1227000002, 1466850.7567999996], [-1840173.9871999994, 1468143.012], [-1840379.2458999995, 1468706.8838], [-1849230.9967999998, 1473680.6238000002], [-1852384.114, 1475038.3823000006], [-1854067.8649000004, 1475119.6305999998], [-1855727.2365000006, 1474821.5073000006], [-1856890.8608999997, 1475384.2485000007], [-1859498.7349999994, 1478025.0053000003], [-1859868.7347999997, 1478900.7628000006], [-1859769.4969999995, 1479849.6258000005], [-1856626.1119, 1483836.8851999994], [-1852511.1228, 1487535.2619000003], [-1847581.6195999999, 1490132.5028000008], [-1845719.9876000006, 1491242.2566], [-1844910.3616000004, 1491852.5490000006], [-1844163.1142999995, 1492415.7606000006], [-1842631.865700001, 1494915.1234000009], [-1842393.8717, 1495903.6357000005], [-1842034.3739999998, 1496389.5032000002], [-1840468.3117999993, 1497743.9008000009], [-1836867.9909000006, 1500856.5024999995], [-1836235.9945, 1501056.5020000003], [-1835119.7361999992, 1500843.0021000002], [-1833493.4931000005, 1500878.2605000008], [-1833190.3727000002, 1501028.6327999998], [-1832528.8406000007, 1501723.6570999995], [-1831347.9919000007, 1502964.1239], [-1830718.0497999992, 1503954.8301999997], [-1830200.3746000007, 1504768.887], [-1827462.6246000007, 1507773.0080999993], [-1825078.3594000004, 1508819.0118000004], [-1823366.4934999999, 1510844.6313000005], [-1822571.4926999994, 1512518.7484000009], [-1822871.4836999997, 1513038.3834000006], [-1823471.4986000005, 1513038.3834000006], [-1823731.8730999995, 1512860.7643999998], [-1824125.1218999997, 1512961.7554000001], [-1824357.1193000004, 1513434.6304000001], [-1824399.6194000002, 1514068.1340999994], [-1823071.3684999999, 1518908.6230999995], [-1823056.4919000007, 1520025.3893], [-1823699.613, 1522564.7619000003], [-1824114.9966000002, 1522855.6270000003], [-1824604.8618, 1522724.3748000003], [-1830820.8695, 1509956.7496000007], [-1836301.4977000002, 1502853.8760000002], [-1838863.3654999994, 1501244.9999000002], [-1841440.3720999993, 1499060.1280000005], [-1841538.9690000005, 1498965.1856999993], [-1844345.2389000002, 1496262.3797999993], [-1844888.6142999995, 1494860.7612999994], [-1845459.613, 1493915.1260000002], [-1846148.2489, 1493174.6347000003], [-1846933.6103000008, 1492595.0004999992], [-1847478.2365000006, 1492193.0037999991], [-1852082.9924999997, 1489709.5006000008], [-1856822.3594000004, 1486511.7533999998], [-1858057.0758999996, 1485151.7343000006], [-1858579.1173999999, 1484576.6392], [-1859986.4866000004, 1482190.3750999998], [-1862776.485200001, 1479940.3768000007], [-1864527.9839999992, 1479022.3813000005], [-1865615.8652, 1478726.0110999998], [-1866225.989, 1478871.1241999995], [-1866859.6238000002, 1479559.1374999993], [-1867107.3662999999, 1480280.8855000008], [-1867012.9944000002, 1482916.0061000008], [-1865699.2434, 1490513.6273999996], [-1865304.3726000004, 1491500.1243999992], [-1863380.8222000003, 1493690.8334999997], [-1860939.8716000002, 1496469.8830999993], [-1857618.4097000007, 1498969.4198000003], [-1856487.1099999994, 1499820.5094000008], [-1849188.9882999994, 1503950.2605000008], [-1846459.6746999994, 1505348.0262000002], [-1846318.364, 1505420.3804000001], [-1844074.6243999992, 1506128.7589999996], [-1843727.4966000002, 1506517.5022], [-1843965.8673999999, 1510230.5098], [-1844588.6231999993, 1511994.8863999993], [-1844755.7400000002, 1513497.3811000008], [-1843642.6109999996, 1517230.7540000007], [-1841492.1127000004, 1522201.6269000005], [-1840532.3186000008, 1524781.5623000003], [-1840399.8734000009, 1525137.5086000003], [-1840545.8712000009, 1526184.5118000004], [-1841017.7467999998, 1527418.0140000004], [-1841218.1230999995, 1531115.0143999998], [-1840694.3594000004, 1538538.2608000003], [-1838168.4872999992, 1543012.125], [-1835781.2332000006, 1546500.4400999993], [-1834981.3732999992, 1547668.8837000001], [-1833941.8739999998, 1549988.6287999991], [-1833867.490700001, 1550756.5141000003], [-1834287.4945, 1552044.1326000001], [-1834878.2359999996, 1552582.8877000008], [-1840937.75, 1543486.5], [-1842247.375, 1538857.375], [-1843169.25, 1531853.125], [-1843813.4992999993, 1522344.7498000003], [-1846152.25, 1515745.625], [-1846369.125, 1512247.75], [-1845846.125, 1508173.625], [-1846020.2502999995, 1507615.5004999992], [-1846942.0, 1506859.125], [-1850558.25, 1504803.5], [-1852899.625, 1503709.375], [-1854396.0, 1503357.375], [-1855485.5, 1502846.5], [-1865834.875, 1493949.375], [-1871357.5, 1487623.25], [-1874863.5, 1484667.75], [-1878538.25, 1481873.25], [-1884473.6253999993, 1478596.0009000003], [-1890522.875, 1475857.625], [-1891910.5, 1474904.375], [-1896313.375, 1473689.75], [-1897727.75, 1473185.625], [-1898085.875, 1473009.625], [-1898782.375, 1472581.375], [-1899252.375, 1472215.0], [-1899431.125, 1472179.125], [-1902365.375, 1471839.625], [-1903850.75, 1471881.5], [-1903960.0, 1471907.75], [-1904522.875, 1472139.375], [-1904581.5, 1472339.375], [-1904486.375, 1472523.625], [-1904427.75, 1472600.75], [-1903799.25, 1473195.0], [-1903613.875, 1473271.375], [-1903528.25, 1473331.375], [-1903394.2499000002, 1473490.9999000002], [-1903324.5, 1473678.625], [-1903225.5, 1474254.625], [-1903261.625, 1474459.875], [-1903305.875, 1474554.625], [-1903365.875, 1474640.25], [-1903525.5, 1474774.25], [-1903620.25, 1474818.5], [-1904326.5, 1475053.25], [-1904531.75, 1475089.375], [-1904636.0, 1475080.25], [-1904831.75, 1475009.0], [-1905539.5, 1474479.625], [-1905658.75, 1474367.875], [-1905760.75, 1474190.125], [-1905787.75, 1474089.125], [-1905787.75, 1473880.625], [-1906380.0, 1472575.375], [-1907747.3749000002, 1471472.1248000003], [-1908294.25, 1471287.625], [-1909485.75, 1471376.0], [-1910673.25, 1471463.375], [-1911813.375, 1472159.25], [-1911907.25, 1474817.75], [-1911840.875, 1475429.75], [-1911567.8249999993, 1475679.0749999993], [-1911341.25, 1475742.1243999992], [-1910846.25, 1475303.125], [-1910228.0, 1475411.0], [-1908318.0000999998, 1477210.5000999998], [-1907937.75, 1478294.625], [-1908787.5, 1479297.0], [-1909378.375, 1479401.25], [-1912418.625, 1478273.625], [-1914980.375, 1475993.875], [-1917009.625, 1475144.625], [-1918324.75, 1475027.375], [-1919250.375, 1475220.375], [-1919687.3747000005, 1475752.6259000003], [-1921345.375, 1478386.375], [-1921986.25, 1480560.5], [-1922085.875, 1484042.375], [-1917750.5, 1495116.5], [-1917175.5, 1495207.875], [-1915930.875, 1496502.75], [-1915934.25, 1497923.75], [-1917706.375, 1502749.125], [-1917735.4992999993, 1503843.25], [-1913641.1252999995, 1508307.8752999995], [-1905270.5, 1509818.0], [-1902817.375, 1508476.125], [-1902711.875, 1505473.625], [-1902653.7490999997, 1505141.9999000002], [-1902431.125, 1504993.0], [-1900843.875, 1504854.75], [-1898034.875, 1505236.75], [-1892401.6247000005, 1509381.8015], [-1891321.9250000007, 1510635.5749999993], [-1887016.6999999993, 1512450.1999999993], [-1882023.8754999992, 1515360.8758000005], [-1880687.875, 1516301.0], [-1877104.625, 1519842.75], [-1876825.7500999998, 1520436.6250999998], [-1876973.0, 1520890.5], [-1877369.0, 1520911.25], [-1879043.375, 1520021.0], [-1880171.0, 1519136.75], [-1893689.25, 1511495.0250000004], [-1900340.375, 1509670.0], [-1903587.0, 1512614.75], [-1907123.75, 1510834.625], [-1912275.0, 1511099.375], [-1913003.875, 1511531.875], [-1913995.625, 1512580.0], [-1915572.25, 1517196.5], [-1915536.25, 1518117.625], [-1913840.75, 1524603.75], [-1913569.25, 1524994.625], [-1912946.6249000002, 1525504.3749000002], [-1912390.0, 1525361.75], [-1905146.875, 1527911.75], [-1901571.875, 1530132.375], [-1897812.25, 1531075.375], [-1896835.125, 1530112.5], [-1895982.375, 1529780.375], [-1894934.5, 1529672.0], [-1894575.875, 1530030.6264999993], [-1894548.875, 1530340.125], [-1895009.25, 1531542.875], [-1895067.375, 1532259.625], [-1893499.75, 1537429.375], [-1889344.25, 1548846.5], [-1889220.6248000003, 1549075.6249000002], [-1887820.25, 1550061.0], [-1886362.625, 1551673.5], [-1884040.2496000007, 1555470.8748000003], [-1881509.375, 1564076.125], [-1878198.625, 1572618.625], [-1877726.75, 1573329.625], [-1879301.5, 1585192.0], [-1880013.75, 1595712.0], [-1880361.625, 1597170.0], [-1880997.875, 1598188.375], [-1882750.25, 1604948.75], [-1882146.0749999993, 1608699.9499999993], [-1881927.3000000007, 1608992.0], [-1880418.375, 1609537.0999999996], [-1879992.5988999996, 1609414.1015000008], [-1879149.25, 1610503.375], [-1878228.8748000003, 1610633.8741999995], [-1873995.875, 1611899.125], [-1870710.375, 1614818.875], [-1870606.125, 1615409.75], [-1871036.875, 1616031.875], [-1871526.7500999998, 1616163.1250999998], [-1873727.25, 1615376.375], [-1874833.5, 1614710.125], [-1875146.0, 1614350.875], [-1877538.75, 1613122.0], [-1882737.75, 1611967.4000000004], [-1890576.75, 1610836.5], [-1891072.25, 1610862.125], [-1893741.875, 1612394.5], [-1893720.875, 1614152.75], [-1893951.0, 1616316.75], [-1894156.25, 1616672.125], [-1894619.0, 1616828.0], [-1911947.75, 1614307.875], [-1917903.1242999993, 1612181.7512999997], [-1926734.375, 1614747.75], [-1925985.375, 1611223.375], [-1923308.125, 1609016.5], [-1922653.25, 1608290.625], [-1922184.375, 1606919.5], [-1922309.7500999998, 1605208.3750999998], [-1932957.25, 1592470.5], [-1938471.0, 1588787.0], [-1941812.0, 1592129.5], [-1942197.625, 1592269.875], [-1942657.25, 1592055.5], [-1943197.25, 1589360.875], [-1942895.5, 1588337.125], [-1942765.625, 1586935.5], [-1945081.5, 1581646.625], [-1945268.25, 1581488.75], [-1948724.625, 1578684.375], [-1949488.875, 1578839.125], [-1950400.75, 1581645.125], [-1951126.625, 1584579.125], [-1953264.375, 1587029.0], [-1954693.125, 1588160.5], [-1955855.8739999998, 1590139.7504999992], [-1956394.25, 1594030.25], [-1953124.8740999997, 1606456.2490999997], [-1950958.4992999993, 1609627.5020000003], [-1947345.1254999992, 1612972.3756000008], [-1939121.875, 1616513.125], [-1934026.5, 1620641.625], [-1933821.25, 1620997.0], [-1933493.875, 1623270.5], [-1933587.75, 1624890.125], [-1932979.125, 1626422.875], [-1932441.75, 1626999.875], [-1930203.6249000002, 1627796.9989999998], [-1928717.25, 1627429.875], [-1926426.5, 1626335.75], [-1926022.25, 1626407.0], [-1925616.625, 1626743.75], [-1923861.6241999995, 1629401.1239], [-1923337.125, 1630733.625], [-1922891.625, 1633069.75], [-1921446.375, 1637666.125], [-1916668.125, 1646127.125], [-1913007.75, 1647223.25], [-1910596.0, 1647565.25], [-1904862.6750000007, 1645416.4749999996], [-1900575.25, 1642324.125], [-1897757.875, 1641017.875], [-1896409.875, 1641115.5], [-1896051.2499000002, 1641474.1249000002], [-1896095.5, 1641979.375], [-1898539.625, 1644893.875], [-1901838.5, 1647654.0], [-1902325.875, 1647921.125], [-1904016.6999999993, 1648155.3249999993], [-1904470.1500000004, 1648083.7750000004], [-1906663.5, 1649239.375], [-1909330.0, 1651084.125], [-1910416.375, 1652576.875], [-1910720.25, 1653246.625], [-1910723.875, 1653816.875], [-1910240.875, 1660882.5], [-1909219.75, 1664153.875], [-1908266.75, 1665758.0], [-1908195.5, 1666162.25], [-1910793.25, 1670697.375], [-1911823.75, 1671511.625], [-1912464.125, 1671826.0001999997], [-1912868.5, 1671829.375], [-1914463.25, 1672987.25], [-1915836.5, 1674612.0], [-1916446.3739, 1675887.2499000002], [-1916350.125, 1678991.5], [-1914877.875, 1683269.25], [-1916027.375, 1686149.5], [-1918088.625, 1689342.875], [-1918087.5, 1689551.25], [-1918182.625, 1690425.5], [-1918209.625, 1690526.5], [-1918748.625, 1691497.625], [-1918882.625, 1691657.25], [-1919122.125, 1691835.5], [-1919631.25, 1693704.625], [-1919649.875, 1694804.75], [-1918030.0, 1698554.375], [-1917307.625, 1699837.5], [-1916453.0, 1700923.125], [-1914996.375, 1701744.75], [-1913101.75, 1702920.625], [-1912967.75, 1703080.25], [-1912419.0, 1704089.75], [-1912347.125, 1704288.125], [-1912347.125, 1704496.625], [-1912418.375, 1704692.375], [-1912552.3747000005, 1704852.0006000008], [-1912732.75, 1704956.25], [-1912938.0000999998, 1704992.3751999997], [-1916018.625, 1704591.875], [-1917227.5, 1704102.625], [-1917514.5, 1704030.625], [-1919070.25, 1703952.1249000002], [-1920430.5, 1704024.875], [-1921101.75, 1704192.625], [-1922167.125, 1704631.5], [-1925238.625, 1708180.125], [-1925953.125, 1709596.375], [-1925917.5, 1710275.625], [-1920578.75, 1715834.875], [-1915633.4749999996, 1718932.8249999993], [-1910962.0, 1721060.875], [-1910090.5, 1722327.75], [-1910012.625, 1722918.125], [-1910244.875, 1723711.5], [-1910764.5, 1724011.5], [-1914231.875, 1723566.375], [-1915659.25, 1723060.875], [-1916228.625, 1722345.0], [-1916521.0, 1721637.625], [-1917051.3499999996, 1721559.75], [-1917300.5749999993, 1721097.375], [-1917627.5749999993, 1720989.9000000004], [-1919158.5, 1722193.625], [-1922137.0, 1726486.125], [-1923297.625, 1728690.625], [-1926249.875, 1735335.75], [-1926623.5, 1742331.0], [-1927672.25, 1747596.125], [-1928477.3740999997, 1755460.1263999995], [-1928442.375, 1755730.875], [-1927678.7500999998, 1755787.6256000008], [-1924049.375, 1754860.125], [-1923777.625, 1754668.75], [-1923192.875, 1753723.5], [-1922925.0, 1751928.25], [-1922284.5, 1750007.125], [-1921109.125, 1749414.25], [-1920603.875, 1749458.5], [-1920247.5, 1749800.25], [-1919257.9991999995, 1751914.8751999997], [-1919585.25, 1754105.375], [-1919540.0, 1756074.625], [-1919167.8499999996, 1758857.0999999996], [-1918792.25, 1760061.75], [-1917178.375, 1760752.375], [-1916289.25, 1761890.0], [-1916245.0, 1762395.25], [-1916992.375, 1763147.0], [-1917396.625, 1763218.25], [-1920161.5, 1761881.375], [-1921156.3508000001, 1760426.7752], [-1921436.0250000004, 1759429.5], [-1922193.0, 1758201.375], [-1923032.125, 1757590.875], [-1924602.5, 1757819.75], [-1933138.25, 1769842.125], [-1930426.375, 1776511.125], [-1930453.375, 1776820.625], [-1931930.625, 1779591.375], [-1932232.625, 1779784.625], [-1932905.875, 1779854.125], [-1940936.25, 1775881.125], [-1942252.25, 1776156.125], [-1944341.125, 1778932.75], [-1944251.375, 1779758.5], [-1946259.5, 1782586.25], [-1947975.5, 1784192.625], [-1949603.75, 1788638.375], [-1945867.25, 1797078.0], [-1942445.0, 1799235.875], [-1941268.375, 1799407.625], [-1940152.5, 1798491.875], [-1939473.25, 1797562.5010000002], [-1938682.125, 1797030.25], [-1936171.625, 1795662.5], [-1930220.5, 1793358.625], [-1925281.75, 1793763.6248000003], [-1924967.375, 1794027.5], [-1924420.875, 1795320.5], [-1924420.875, 1795731.0], [-1924599.125, 1795985.375], [-1928384.375, 1797556.75], [-1932676.5, 1800220.5], [-1935066.875, 1802395.75], [-1935902.25, 1803432.25], [-1936755.75, 1804946.625], [-1937086.75, 1807118.25], [-1936706.25, 1808246.5], [-1936197.125, 1808894.75], [-1933972.875, 1813884.75], [-1934673.0, 1818457.875], [-1933273.625, 1821973.25], [-1930776.75, 1825730.625], [-1930251.125, 1825975.25], [-1929644.125, 1825561.75], [-1928633.8741999995, 1825745.7503999993], [-1925561.5, 1827603.625], [-1925273.5, 1828021.875], [-1925478.75, 1828585.75], [-1926647.7492999993, 1829240.9993999992], [-1929420.25, 1829494.875], [-1930907.125, 1829089.125], [-1932199.875, 1829187.125], [-1932855.625, 1829895.125], [-1933749.75, 1832351.25], [-1934325.0, 1836826.875], [-1934248.5, 1838524.5], [-1932859.75, 1841394.375], [-1928010.8749000002, 1846222.7499000002], [-1924855.375, 1844928.25], [-1917054.875, 1832516.25], [-1910469.5, 1821203.0], [-1909842.1500000004, 1815459.75], [-1908694.625, 1811193.875], [-1908199.75, 1810795.75], [-1906603.75, 1810457.875], [-1906173.5000999998, 1810511.2506000008], [-1905814.875, 1810869.875], [-1905919.125, 1811460.75], [-1906783.375, 1811841.125], [-1907833.75, 1813535.75], [-1908427.3000000007, 1815904.0500000007], [-1908652.4499999993, 1817618.3249999993], [-1908508.1500000004, 1818480.6750000007], [-1909241.75, 1823514.875], [-1911937.5, 1832113.25], [-1912393.25, 1832584.25], [-1913986.0, 1833033.875], [-1914210.0, 1833414.875], [-1915706.25, 1837164.75], [-1915944.0, 1839123.625], [-1917194.875, 1842813.0], [-1918598.25, 1844678.5], [-1920140.375, 1849311.625], [-1918786.75, 1856678.625], [-1916660.75, 1859397.75], [-1915543.625, 1861883.375], [-1914548.5008000005, 1865213.0001999997], [-1914575.5, 1865522.5], [-1915035.125, 1865908.125], [-1915838.125, 1865625.0], [-1919640.3741999995, 1862569.8747000005], [-1920730.5, 1859669.0], [-1920865.625, 1858955.25], [-1923236.1256000008, 1854496.8756000008], [-1923835.25, 1853921.125], [-1924782.0, 1853946.875], [-1926164.875, 1854595.0], [-1927150.5, 1855546.875], [-1927813.375, 1857522.125], [-1927115.375, 1860849.875], [-1927172.125, 1873393.5], [-1926568.0, 1875411.5], [-1926367.75, 1875676.875], [-1923128.875, 1876497.1999999993], [-1920982.8246, 1876671.8754999992], [-1919713.625, 1875615.75], [-1920369.25, 1874400.0], [-1920299.75, 1872062.75], [-1919514.0, 1870237.375], [-1919158.625, 1870032.125], [-1918668.75, 1870163.375], [-1918176.125, 1871085.375], [-1916354.9999000002, 1876189.2513999995], [-1916884.0, 1883273.25], [-1917093.0, 1884388.5], [-1917383.875, 1884803.875], [-1917889.125, 1884848.125], [-1919489.625, 1883331.625], [-1920620.375, 1881432.625], [-1920312.5, 1880322.875], [-1921637.1750000007, 1879648.0749999993], [-1921791.4499999993, 1879258.1500000004], [-1927066.125, 1878544.25], [-1927884.625, 1878726.0], [-1928825.375, 1880423.375], [-1930968.2493999992, 1891659.2542000003], [-1926986.625, 1903491.625], [-1926470.7434, 1904381.135399999], [-1924622.0, 1907195.5], [-1921029.375, 1911376.875], [-1919135.0, 1913343.0], [-1916523.5, 1913163.0], [-1913513.875, 1914763.875], [-1912916.25, 1918996.625], [-1911524.6252999995, 1922319.7500999998], [-1910083.375, 1924349.375], [-1909127.6243999992, 1924757.7513999995], [-1907121.5, 1924470.375], [-1906569.7498000003, 1924657.2491999995], [-1904194.6245000008, 1926482.3742999993], [-1903702.25, 1927764.3249999993], [-1903600.3998000007, 1929200.1260000002], [-1902681.7491999995, 1931192.7490999997], [-1900324.7467, 1931905.1249000002], [-1896683.25, 1931653.375], [-1895471.375, 1931308.75], [-1894915.25, 1930849.375], [-1893946.25, 1928786.875], [-1893429.875, 1928596.375], [-1892465.375, 1930522.125], [-1895063.0, 1932788.25], [-1895648.875, 1933064.125], [-1900602.625, 1933563.0], [-1901701.5000999998, 1933439.5000999998], [-1903937.375, 1932395.75], [-1904722.2507000007, 1931467.2502999995], [-1905385.3499999996, 1930134.3000000007], [-1905221.625, 1929275.0250000004], [-1905446.7750000004, 1928714.8499999996], [-1906690.0000999998, 1926837.1250999998], [-1907282.5, 1926442.875], [-1910526.625, 1926737.5], [-1914642.4945999999, 1922866.0063000005], [-1915745.875, 1920788.25], [-1916028.375, 1919905.5], [-1919338.125, 1918333.375], [-1922119.8742999993, 1917485.5007000007], [-1923057.0, 1916975.875], [-1924403.125, 1915757.625], [-1924726.0, 1914753.125], [-1923601.75, 1911816.0], [-1923599.3745000008, 1911071.2498000003], [-1924330.375, 1909929.75], [-1928864.375, 1908437.625], [-1931735.25, 1909801.375], [-1932104.25, 1910175.625], [-1932621.25, 1911357.125], [-1933029.75, 1915399.0], [-1939307.375, 1932370.625], [-1944834.25, 1938211.5], [-1949456.5, 1940012.5], [-1950493.5, 1942052.25], [-1950666.625, 1943173.375], [-1947966.125, 1947838.125], [-1945739.25, 1953585.875], [-1946520.4999000002, 1957027.6296999995], [-1946660.875, 1963790.625], [-1946189.0, 1976864.625], [-1946090.875, 1977054.625], [-1945332.5, 1976894.5], [-1945145.75, 1976224.625], [-1942020.375, 1976732.0], [-1938673.1254999992, 1983315.1251999997], [-1937646.1242999993, 1986194.7498000003], [-1937490.125, 1989062.125], [-1938733.5, 1990318.5], [-1939324.375, 1990422.75], [-1942610.875, 1987788.875], [-1943413.75, 1985652.25], [-1944365.625, 1984029.25], [-1944852.0, 1983673.875], [-1945071.375, 1986772.5], [-1944770.9999000002, 1993880.125], [-1943497.5, 1999183.875], [-1937510.375, 2014084.25], [-1934892.25, 2022399.875], [-1933575.0, 2027252.75], [-1931849.25, 2036608.125], [-1932723.5, 2042044.375], [-1932628.625, 2044721.875], [-1932342.5, 2046130.625], [-1926826.375, 2054438.125], [-1924289.738500001, 2057190.263699999], [-1920735.125, 2061972.5], [-1919468.875, 2066113.5], [-1920296.625, 2066564.0], [-1931424.8717, 2049563.3804000001], [-1932556.125, 2048421.25], [-1935765.875, 2051571.875], [-1936350.75, 2052329.125], [-1937186.25, 2054973.25], [-1937596.875, 2055795.75], [-1938239.75, 2056051.125], [-1938699.375, 2055665.5], [-1938720.375, 2054288.25], [-1938477.0, 2053291.375], [-1937537.0, 2051512.0], [-1935942.875, 2049195.125], [-1935551.375, 2048267.375], [-1935441.75, 2039310.125], [-1938253.375, 2026019.0], [-1938516.125, 2025663.0], [-1939445.375, 2025294.0], [-1940104.875, 2029363.5], [-1939339.25, 2032875.25], [-1938654.6239, 2037322.5004999992], [-1939317.375, 2043444.0], [-1940285.625, 2045742.375], [-1942128.125, 2049288.875], [-1943885.5, 2051286.875], [-1945529.375, 2052196.625], [-1944434.875, 2050475.625], [-1943069.25, 2047422.875], [-1942966.5, 2046300.5], [-1942628.8748000003, 2040241.5], [-1943841.125, 2031066.5], [-1945285.375, 2025054.75], [-1946277.375, 2023682.25], [-1948051.25, 2020680.25], [-1950221.75, 2015860.0], [-1951737.6253999993, 2006326.8750999998], [-1952723.125, 1997807.5], [-1952956.625, 1993710.875], [-1955669.9967999998, 1984052.5133999996], [-1956904.4991999995, 1975286.8761], [-1958667.625, 1971755.25], [-1959088.0999999996, 1971752.3499999996], [-1959154.625, 1973424.25], [-1958398.5, 1974435.75], [-1958279.5, 1976327.125], [-1959464.875, 1978534.5], [-1959779.25, 1978798.3749000002], [-1961172.0, 1978530.25], [-1961875.875, 1977932.875], [-1962328.625, 1976598.5], [-1962418.0, 1975169.875], [-1961713.7249999996, 1971631.5], [-1961587.3749000002, 1970179.5], [-1962262.125, 1965656.75], [-1965660.375, 1951879.75], [-1967807.4991999995, 1944241.8745000008], [-1969882.125, 1940442.125], [-1970429.25, 1941302.5], [-1970500.5, 1941706.75], [-1970826.875, 1942032.875], [-1971231.125, 1942104.125], [-1972202.7480999995, 1941829.7500999998], [-1974225.1239, 1939292.9989], [-1974754.5, 1937861.75], [-1974723.0, 1936465.5], [-1974914.375, 1936218.875], [-1979664.25, 1934375.375], [-1985240.0, 1940850.5], [-1985768.25, 1942092.0], [-1985463.875, 1952862.375], [-1985111.0, 1955078.875], [-1983960.75, 1958307.125], [-1983073.625, 1961477.25], [-1983083.875, 1962831.0], [-1983442.5, 1963189.625], [-1984033.375, 1963085.375], [-1986983.625, 1959752.625], [-1989165.875, 1965020.375], [-1991171.5, 1967909.375], [-1993421.375, 1968405.0], [-1998101.125, 1968558.5], [-2009153.75, 1972166.375], [-2008891.25, 1972867.5], [-2001688.75, 1981532.875], [-1997792.875, 1984602.625], [-1996300.375, 1986289.5], [-1994179.2491999995, 1992692.9998000003], [-1995265.375, 1995597.125], [-1994987.875, 2000092.625], [-1993127.25, 2007459.25], [-1992912.875, 2014520.875], [-1993230.625, 2019666.875], [-1992411.875, 2020016.25], [-1984609.3650000002, 2020179.3150999993], [-1977441.5, 2019873.875], [-1975519.25, 2019278.625], [-1974224.875, 2018428.5], [-1973828.75, 2019028.875], [-1974395.625, 2021252.875], [-1975241.125, 2022233.25], [-1976437.375, 2022979.125], [-1980638.0, 2024681.0], [-1981412.3756000008, 2024175.2500999998], [-1981688.5, 2022928.5009000003], [-1985978.7650000006, 2022771.7699999996], [-1987444.5999999996, 2022852.875], [-1988540.625, 2025091.125], [-1988117.375, 2025858.5], [-1986903.625, 2026640.625], [-1985690.75, 2028059.875], [-1985423.25, 2028586.625], [-1985051.5500000007, 2033086.8499999996], [-1983245.8756000008, 2039204.6251999997], [-1983775.125, 2043157.875], [-1984017.375, 2043420.0], [-1984990.625, 2043832.25], [-1985376.25, 2043691.875], [-1985554.5, 2043437.5], [-1986135.9992999993, 2039901.6248000003], [-1988535.375, 2029961.875], [-1991233.5, 2024444.875], [-1994427.6250999998, 2021114.1251999997], [-2000835.625, 2015864.5], [-2003310.0, 2016730.625], [-2004547.875, 2017365.5], [-2006736.125, 2022476.375], [-2011334.25, 2030960.625], [-2011851.75, 2032651.5], [-2011232.375, 2035630.75], [-2009441.75, 2040847.875], [-2008291.75, 2043018.75], [-2012113.5, 2044815.5], [-2012212.125, 2050857.25], [-2012452.875, 2054079.375], [-2012868.2489999998, 2054370.2491999995], [-2013358.125, 2054239.0], [-2013972.375, 2052504.875], [-2013744.875, 2050023.375], [-2013993.5, 2044137.25], [-2014502.875, 2042386.5], [-2015754.625, 2041444.125], [-2017793.875, 2043303.875], [-2017525.625, 2044340.5], [-2017573.625, 2044950.125], [-2018890.25, 2048022.125], [-2020534.375, 2051405.125], [-2021533.125, 2052857.0], [-2022750.875, 2053682.875], [-2023570.5, 2055259.0], [-2024536.5, 2060113.375], [-2024747.25, 2065386.125], [-2025410.25, 2069075.0], [-2025916.375, 2069935.125], [-2027396.5, 2069959.5], [-2027856.125, 2069573.875], [-2028591.375, 2067269.375], [-2027589.75, 2059445.5], [-2026894.875, 2058032.375], [-2026400.8740999997, 2055214.6248000003], [-2026681.1247000005, 2054063.3745000008], [-2028702.1999999993, 2052693.0749999993], [-2031221.625, 2054296.625], [-2033381.875, 2055004.625], [-2034302.25, 2054985.875], [-2035417.375, 2054580.75], [-2043492.8739, 2050201.1267000008], [-2044019.25, 2049592.25], [-2044019.25, 2049181.75], [-2043542.125, 2048680.875], [-2042069.5, 2048711.125], [-2036130.125, 2051211.375], [-2034528.875, 2052338.75], [-2034171.1243999992, 2052912.1246000007], [-2033873.2497000005, 2053046.4991999995], [-2022862.125, 2042970.75], [-2020460.25, 2039903.625], [-2020149.375, 2037867.125], [-2020454.75, 2036415.5], [-2021129.0, 2035060.375], [-2021868.625, 2032111.5], [-2020649.25, 2027047.75], [-2019084.25, 2024223.5], [-2018221.875, 2024214.5], [-2017707.125, 2024875.125], [-2017301.375, 2024939.0], [-2017209.375, 2024822.75], [-2013877.375, 2018632.75], [-2013160.25, 2014310.5], [-2014614.5500000007, 2013371.4749999996], [-2017430.875, 2012210.7750000004], [-2018151.4000000004, 2012291.4000000004], [-2026757.2506000008, 2010809.6258000005], [-2027172.6240999997, 2010518.7510000002], [-2027247.125, 2010063.875], [-2026988.75, 2008944.75], [-2024795.125, 2007539.625], [-2014495.625, 2010623.5], [-2012411.4999000002, 2011007.1248000003], [-2011340.625, 2008315.5], [-2010148.375, 2002958.625], [-2010192.375, 2002454.5], [-2010332.5, 2001468.375], [-2010848.375, 2000755.375], [-2013255.375, 1994332.625], [-2012781.9998000003, 1991561.2511], [-2011515.0, 1991132.375], [-2010470.625, 1989538.5], [-2013939.125, 1978866.25], [-2015588.625, 1975226.625], [-2019339.6138000004, 1973626.1293000001], [-2020302.5, 1973376.375], [-2030260.75, 1975096.5], [-2030741.375, 1975447.5], [-2031190.5, 1976196.75], [-2031196.625, 1977003.375], [-2030812.125, 1977839.125], [-2030337.125, 1978384.0], [-2029085.9993999992, 1982585.8748000003], [-2033938.8748000003, 1988388.3758000005], [-2034502.75, 1988593.625], [-2035472.125, 1988287.0], [-2035794.375, 1987405.125], [-2034648.5, 1985747.875], [-2033589.5, 1983226.0], [-2033223.0, 1980833.625], [-2033285.5006000008, 1979972.0002999995], [-2034078.5, 1978513.125], [-2036327.125, 1976354.625], [-2036855.0, 1976184.875], [-2037690.75, 1976343.25], [-2041769.875, 1979507.375], [-2042163.125, 1980007.875], [-2043186.0, 1984750.875], [-2044620.125, 1987909.0], [-2044975.5, 1988114.25], [-2048251.4989, 1988369.8747000005], [-2048711.125, 1988155.5], [-2048859.875, 1987737.125], [-2048132.625, 1979425.5], [-2048562.125, 1977675.125], [-2048840.75, 1977190.0], [-2049570.875, 1976545.5], [-2052251.1214000005, 1974647.3768000007], [-2052999.375, 1974431.625], [-2054497.875, 1974791.75], [-2056733.5, 1976360.5], [-2057746.5, 1977565.875], [-2057762.5, 1978433.25], [-2057267.6251999997, 1981532.25], [-2055750.375, 1983706.625], [-2057543.25, 1986492.5], [-2058216.375, 1987021.0], [-2058422.125, 1989554.375], [-2056596.3750999998, 1995224.7500999998], [-2058593.5, 2000596.875], [-2062625.75, 2004361.625], [-2065471.375, 2004939.5], [-2066036.25, 2005011.125], [-2066421.875, 2004870.75], [-2069082.875, 2009546.875], [-2075059.5, 2024086.75], [-2076773.625, 2030036.125], [-2079301.375, 2037780.625], [-2080361.0, 2039577.375], [-2078769.625, 2040958.875], [-2075420.9982999992, 2040991.1243999992], [-2069365.4999000002, 2040018.3751999997], [-2070319.75, 2044470.0], [-2070789.1250999998, 2044638.1250999998], [-2071292.0, 2044259.25], [-2077687.75, 2044377.375], [-2081001.75, 2046795.0], [-2080781.875, 2047692.625], [-2080807.625, 2048439.25], [-2081311.0, 2051929.0], [-2081977.375, 2055034.625], [-2082657.125, 2057816.125], [-2084059.25, 2061337.625], [-2085563.25, 2066596.5], [-2085729.375, 2067582.25], [-2085157.875, 2069034.875], [-2084627.125, 2069710.125], [-2083393.7499000002, 2070168.7498000003], [-2082175.25, 2071806.375], [-2080682.25, 2075299.0], [-2080814.75, 2078900.75], [-2081792.125, 2085048.125], [-2084140.25, 2096656.0], [-2085304.375, 2100039.5], [-2090151.375, 2109162.25], [-2092506.75, 2115755.0], [-2086830.125, 2121239.25], [-2087204.5, 2122351.0], [-2090503.375, 2123083.25], [-2096485.0, 2121511.75], [-2099030.75, 2120269.0], [-2099587.75, 2119606.25], [-2101554.0, 2127854.75], [-2102544.5, 2130926.75], [-2104090.0, 2134714.75], [-2107437.5, 2141698.5], [-2109319.75, 2145177.25], [-2111169.5, 2147507.5], [-2115681.0, 2154601.25], [-2115853.25, 2155210.0], [-2115253.75, 2159002.75], [-2119451.75, 2162151.25], [-2121969.75, 2166270.75], [-2123678.0, 2169783.25], [-2124517.25, 2172255.25], [-2124975.25, 2175866.25], [-2125719.75, 2179381.5], [-2127509.25, 2183590.25], [-2132856.5, 2193022.25], [-2132797.25, 2194532.0], [-2131225.25, 2195380.25], [-2130567.5, 2195487.9999], [-2120717.25, 2191479.25], [-2117211.75, 2192708.25], [-2115898.5, 2193629.25], [-2114940.0, 2194869.0], [-2112999.75, 2196565.5], [-2107158.25, 2199212.5], [-2105841.75, 2199336.5], [-2104061.0008000005, 2210864.7501], [-2101778.0, 2218216.5], [-2100985.5, 2219933.75], [-2099662.0, 2221799.0], [-2098870.75, 2222314.0], [-2096880.75, 2222012.0], [-2092884.625, 2222898.5], [-2088976.875, 2225817.5], [-2088778.75, 2226447.75], [-2088542.1240999997, 2226670.7501999997], [-2086724.75, 2226781.25], [-2086306.2491999995, 2226510.4990999997], [-2086127.25, 2226139.0], [-2086654.875, 2219115.75], [-2086709.125, 2210552.0], [-2086997.0, 2209132.0], [-2088793.375, 2207660.25], [-2090680.125, 2206673.5], [-2092472.8749000002, 2205233.251599999], [-2096782.875, 2198089.25], [-2098826.75, 2191919.5], [-2098923.5, 2188539.0], [-2100047.5, 2186329.5], [-2102489.0, 2185364.25], [-2104241.5, 2184879.0], [-2104435.0, 2184942.25], [-2104836.25, 2184700.0], [-2104997.75, 2183814.0], [-2104781.7487000003, 2181791.5007000007], [-2104143.25, 2180474.0], [-2103523.0, 2180285.75], [-2101939.9999, 2180597.499500001], [-2098374.5001999997, 2184312.2501999997], [-2094387.75, 2195107.5], [-2094387.75, 2195707.5], [-2095101.125, 2196229.25], [-2094810.375, 2197044.5], [-2093971.875, 2198363.5], [-2088679.0, 2205939.5], [-2087080.25, 2206348.0], [-2081889.6500000004, 2204598.25], [-2076203.8745000008, 2201173.2492999993], [-2074995.0, 2199917.75], [-2074560.75, 2197659.5], [-2073577.125, 2196370.0], [-2073598.875, 2199945.5], [-2074042.25, 2200910.75], [-2075149.5, 2202066.5], [-2078744.75, 2205124.5], [-2081154.4000000004, 2206931.0], [-2082170.7249999996, 2207208.8000000007], [-2082832.9000000004, 2207691.0500000007], [-2083965.0, 2210709.75], [-2084038.25, 2213586.5], [-2083827.0, 2223238.0], [-2083116.5245999992, 2224850.6579], [-2083667.4963000007, 2226827.6774000004], [-2085408.25, 2228095.5], [-2085936.2069000006, 2229323.2598], [-2085385.235200001, 2231365.0994000006], [-2084630.375, 2232504.25], [-2084559.75, 2233140.0], [-2084700.1248000003, 2233525.750499999], [-2085055.5, 2233731.0], [-2087007.75, 2233959.75], [-2092271.5, 2230623.0], [-2093414.125, 2228430.75], [-2095156.875, 2226262.25], [-2095568.625, 2226097.5], [-2099944.5001, 2227057.000600001], [-2101621.25, 2226749.25], [-2103254.2501999997, 2226144.7502999995], [-2106591.5, 2224392.25], [-2111940.0, 2220767.0], [-2113372.5, 2220367.0], [-2117842.25, 2220475.0], [-2130580.0, 2221659.5], [-2133575.75, 2222242.5], [-2137879.0, 2221129.25], [-2142009.75, 2221384.75], [-2144002.0, 2222010.0], [-2157541.75, 2232399.0], [-2165413.5, 2240231.75], [-2166569.0, 2241761.5], [-2168134.4987000003, 2245834.0008000005], [-2176879.0, 2261048.0], [-2180769.75, 2266939.75], [-2182119.5, 2268355.5], [-2184006.5, 2271100.5], [-2184623.5, 2272450.5], [-2184640.75, 2273578.0], [-2183848.0, 2276102.25], [-2182730.5001, 2276870.7501], [-2180956.0, 2276419.25], [-2180445.5, 2276093.75], [-2180594.0, 2274789.75], [-2180208.25, 2274330.25], [-2173262.5, 2273360.25], [-2172876.7489, 2273500.4991999995], [-2168044.75, 2277949.5], [-2164989.75, 2288025.25], [-2164878.75, 2294316.25], [-2165172.75, 2295346.25], [-2166072.0, 2296115.75], [-2168670.0, 2296591.25], [-2169775.0, 2296492.25], [-2170307.5, 2296148.75], [-2170802.75, 2295564.75], [-2172509.25, 2291234.0], [-2172383.5, 2290645.75], [-2171758.999399999, 2290158.750499999], [-2171272.5, 2289244.25], [-2170863.0, 2286886.75], [-2170836.25, 2284776.0], [-2171285.0, 2284216.0], [-2171813.2468, 2283986.7507000007], [-2173732.75, 2283665.5], [-2175281.0, 2283571.5], [-2182352.7459999993, 2284807.9987000003], [-2185490.75, 2284798.0], [-2190212.5, 2286300.5], [-2192274.0, 2287568.5], [-2193095.0, 2288371.75], [-2193584.0, 2290040.5], [-2193582.5, 2290738.25], [-2194478.5, 2293788.75], [-2196882.5, 2298560.5], [-2197512.75, 2299515.25], [-2200499.0, 2303080.0], [-2217061.0, 2320499.75], [-2219131.5, 2323057.25], [-2221621.75, 2325627.75], [-2225974.25, 2329592.25], [-2231657.0, 2333709.25], [-2233757.25, 2334835.25], [-2237438.0, 2336233.75], [-2239651.25, 2336704.75], [-2244880.75, 2338341.75], [-2248156.0, 2340101.5], [-2260043.25, 2347162.5], [-2274095.0, 2353520.25], [-2278646.0, 2355009.25], [-2280763.5, 2355486.75], [-2283058.25, 2355698.0], [-2286101.5, 2356382.75], [-2288901.25, 2360063.0], [-2289101.25, 2360758.25], [-2288817.75, 2361701.5], [-2288868.25, 2362207.5], [-2289166.25, 2363004.5], [-2289803.0, 2363899.0], [-2291017.5, 2365063.0], [-2293331.9990999997, 2366784.999], [-2296048.25, 2368161.5], [-2298654.0, 2370086.25], [-2299822.25, 2371215.75], [-2299523.0, 2371424.5], [-2298461.9999, 2371242.2501999997], [-2297344.25, 2370693.25], [-2289205.25, 2364618.25], [-2288629.5, 2364507.75], [-2287951.2480999995, 2364882.7501], [-2287568.9997000005, 2365626.7498000003], [-2288110.4992999993, 2373301.2501], [-2289545.75, 2380173.75], [-2287082.75, 2383615.5], [-2286951.5, 2384105.5], [-2287082.7486000005, 2384387.0008000005], [-2292760.75, 2387899.25], [-2296721.75, 2389287.25], [-2301032.75, 2394935.0], [-2304336.25, 2400994.25], [-2304026.75, 2401021.5], [-2303712.5, 2401285.25], [-2302827.2492999993, 2403249.7497000005], [-2302469.25, 2407464.0], [-2303693.7488, 2410963.75], [-2304178.5, 2411948.25], [-2304613.4999, 2412264.000600001], [-2305442.25, 2412321.25], [-2306795.25, 2412782.75], [-2310566.25, 2414967.0], [-2310814.75, 2415169.75], [-2311261.25, 2416699.0], [-2304782.498400001, 2423016.0002999995], [-2298936.75, 2425813.0], [-2295708.0, 2427542.25], [-2294925.5, 2429489.25], [-2296359.25, 2429925.75], [-2296390.25, 2431190.25], [-2295889.25, 2432274.25], [-2294000.75, 2434204.5], [-2292760.5, 2435202.75], [-2291896.0, 2435121.75], [-2291307.5, 2434457.0], [-2290802.25, 2434412.75], [-2287816.25, 2436609.25], [-2283251.75, 2441813.5], [-2283161.5001999997, 2442167.5001], [-2283407.25, 2443141.5], [-2283768.0, 2443564.5], [-2284520.5, 2444018.25], [-2285025.7488, 2444062.4998000003], [-2290131.5, 2439401.75], [-2291077.5, 2438738.25], [-2292991.0, 2439968.5], [-2297811.0, 2440668.0], [-2304184.4977, 2437377.0022], [-2306511.0, 2435745.5], [-2308843.5001999997, 2434656.5007000007], [-2316523.5, 2432695.25], [-2319726.999500001, 2432074.5008000005], [-2322363.5, 2432141.75], [-2324640.25, 2433476.0], [-2325880.5, 2436303.0], [-2326826.5, 2442480.5], [-2326241.9990999997, 2445447.4991999995], [-2325856.25, 2445907.0], [-2326789.0, 2450760.0], [-2329989.0, 2456345.25], [-2331447.5, 2458192.5], [-2332483.25, 2459022.0], [-2335746.25, 2459807.5], [-2338513.7457, 2459868.4992999993], [-2339496.25, 2460227.25], [-2340201.5, 2460688.5], [-2342471.5, 2463633.25], [-2342546.5, 2464023.0], [-2342329.4996000007, 2464951.2499], [-2342137.5, 2465193.25], [-2338603.25, 2466076.75], [-2338036.0, 2465667.0], [-2338241.25, 2465311.5], [-2338169.748299999, 2464907.250499999], [-2337650.25, 2464607.25], [-2335887.5, 2464653.0], [-2329534.75, 2465628.25], [-2324075.0, 2467707.25], [-2316867.0, 2471021.5], [-2316280.2485000007, 2473175.5011], [-2317219.0, 2473117.0], [-2326003.0, 2474623.0], [-2327283.75, 2475030.25], [-2329006.5, 2476246.25], [-2329093.5, 2476648.75], [-2328060.0, 2477063.9990999997], [-2325962.75, 2479204.25], [-2325918.5, 2479709.5], [-2326425.75, 2480680.75], [-2326915.7499, 2480811.9998000003], [-2327560.0, 2480599.75], [-2329297.75, 2479491.75], [-2329785.25, 2478880.5], [-2331098.0, 2479077.75], [-2333238.75, 2480031.0], [-2333297.0, 2480633.25], [-2332674.0, 2481267.75], [-2330417.0, 2482578.25], [-2331717.75, 2485544.5], [-2339806.0, 2486709.25], [-2343129.2498000003, 2488923.9996000007], [-2342923.0, 2489649.0], [-2342106.2492999993, 2491585.4989], [-2334970.2469999995, 2492400.7499], [-2328064.0, 2492636.25], [-2325284.0, 2493936.25], [-2323544.5, 2495758.75], [-2323420.0, 2496240.25], [-2323551.25, 2496521.75], [-2324115.25, 2496727.0], [-2328438.0, 2495125.9991999995], [-2331226.4000000004, 2495185.1999999993], [-2336433.75, 2496744.75], [-2338435.5, 2498104.5], [-2338866.75, 2498818.0], [-2338515.25, 2499655.5], [-2337480.5, 2500592.75], [-2337436.25, 2501098.0], [-2337794.75, 2501456.5], [-2338567.75, 2501588.0], [-2342548.25, 2500960.75], [-2344400.75, 2500448.0], [-2349386.25, 2502695.5], [-2354734.0, 2505922.0], [-2355369.0, 2506848.25], [-2355456.75, 2508043.75], [-2353991.0, 2512641.75], [-2353306.25, 2513698.5], [-2353031.75, 2513618.25], [-2347592.25, 2510327.5], [-2344831.0, 2509447.0], [-2342805.5, 2510326.0], [-2339990.5, 2508505.5], [-2336739.5, 2506969.0], [-2334496.75, 2506176.75], [-2330004.0, 2505562.5], [-2322804.25, 2504821.75], [-2322504.25, 2504902.25], [-2322213.25, 2505317.5], [-2322157.25, 2505991.0], [-2322536.75, 2509331.25], [-2324118.0, 2511295.0], [-2324522.25, 2511366.5], [-2326376.0, 2510856.25], [-2327906.0, 2509918.5], [-2329568.75, 2509281.75], [-2331441.0, 2509078.75], [-2333001.5, 2509240.0], [-2335662.25, 2510072.5], [-2342335.5, 2514990.0], [-2342117.25, 2516458.5], [-2341689.5, 2517083.75], [-2340696.25, 2517140.25], [-2340330.25, 2517466.75], [-2340152.5, 2519278.75], [-2340633.5, 2523948.5], [-2341060.75, 2524161.75], [-2342290.0, 2524159.75], [-2343396.5, 2523793.5], [-2343546.5, 2523862.5], [-2343681.25, 2524730.0], [-2343594.75, 2525406.75], [-2341866.25, 2530435.0], [-2340864.2491999995, 2532524.4996000007], [-2337298.5, 2535227.5], [-2328725.75, 2541031.75], [-2328093.5, 2541338.75], [-2326402.25, 2541636.0], [-2325083.25, 2541395.25], [-2322671.75, 2538800.5], [-2320634.2468999997, 2537110.9980999995], [-2313594.25, 2532306.25], [-2310663.5, 2530521.5], [-2310052.75, 2530390.0], [-2309667.0, 2530530.25], [-2309096.5, 2531739.25], [-2308871.25, 2533118.0], [-2308842.0, 2534607.75], [-2309132.75, 2536045.5], [-2313425.0, 2539867.25], [-2320749.9998000003, 2544314.749], [-2320890.25, 2544700.5], [-2321350.0, 2544914.75], [-2324873.4998000003, 2544677.7491999995], [-2327255.5, 2543676.5], [-2330330.0, 2541934.0], [-2332962.25, 2542159.0], [-2334331.25, 2542588.25], [-2334836.5, 2543132.75], [-2335240.75, 2543204.25], [-2341519.7496000007, 2540952.249399999], [-2342426.5, 2540303.5], [-2342919.25, 2539584.5], [-2345952.0, 2539057.0], [-2348217.5, 2538869.25], [-2350806.5, 2539396.25], [-2352161.5, 2541343.75], [-2352317.0, 2541779.0], [-2353202.2480999995, 2543026.9986000005], [-2350375.5, 2543297.0], [-2349408.75, 2543273.5], [-2348259.499399999, 2543018.2509000003], [-2346540.75, 2545070.75], [-2346568.0, 2545380.25], [-2347239.5, 2546606.75], [-2350404.0, 2549753.5], [-2350789.75, 2549893.75], [-2351916.7499, 2549811.2498000003], [-2354325.0, 2548947.5], [-2355447.5, 2547718.0], [-2356493.0, 2545947.25], [-2356838.499, 2545617.7511], [-2358546.25, 2545832.0], [-2359191.8499999996, 2548199.9000000004], [-2358744.25, 2550282.5], [-2358053.5001, 2550599.2501], [-2356555.9999, 2552041.2499], [-2356234.25, 2552790.25], [-2356439.5, 2553145.75], [-2356825.25, 2553286.0], [-2359991.0, 2553080.5], [-2360376.75, 2552904.0], [-2360911.5, 2552217.25], [-2361980.8002000004, 2548964.700200001], [-2362990.249399999, 2547665.7509000003], [-2370630.5, 2548229.25], [-2372393.1500000004, 2551349.75], [-2371488.75, 2553754.5], [-2369958.25, 2554621.0], [-2369596.7497000005, 2555808.2552000005], [-2369406.75, 2558330.5], [-2369584.75, 2558585.0], [-2370074.75, 2558716.25], [-2371077.75, 2558237.5], [-2373267.25, 2556156.0], [-2373447.25, 2555823.25], [-2373901.499, 2557529.0008000005], [-2366442.9499999993, 2565843.9000000004], [-2366116.3999000005, 2565970.1998999994], [-2363858.25, 2568073.25], [-2363030.7499, 2567899.5001999997], [-2361877.25, 2568910.25], [-2357060.5, 2575762.5], [-2356955.2497000005, 2576274.7499], [-2357246.25, 2576690.0], [-2358943.7501, 2577281.500600001], [-2359584.5, 2577163.25], [-2360372.0, 2576755.0], [-2360901.0, 2576071.5], [-2362214.25, 2573641.0], [-2362366.75, 2572811.0], [-2362981.5001999997, 2571862.0001999997], [-2369431.25, 2567393.25], [-2375398.0, 2562578.75], [-2377687.4968999997, 2557894.0041000005], [-2379844.2501, 2554476.7501999997], [-2382093.499, 2552756.7512], [-2382527.7499, 2552617.7509000003], [-2383628.0, 2552808.0], [-2385806.0, 2553794.25], [-2385005.25, 2560002.75], [-2384773.5, 2560540.0], [-2383164.0, 2562016.75], [-2380698.2497000005, 2563696.749500001], [-2380567.0, 2563978.25], [-2380681.5, 2564491.25], [-2380995.75, 2564755.0], [-2382243.5, 2564866.5], [-2384621.25, 2564128.5], [-2388348.5, 2560656.25], [-2388870.0, 2558858.75], [-2389128.5, 2555798.0], [-2392304.0, 2554441.0], [-2392626.0, 2554650.0], [-2394932.75, 2558428.5], [-2395391.5, 2559793.0], [-2394951.0, 2562455.5], [-2393591.0, 2564105.5], [-2392668.75, 2566345.25], [-2393274.0, 2568178.5], [-2393960.2496000007, 2565691.0012999997], [-2396932.0, 2560560.25], [-2397169.75, 2560162.5], [-2398499.0, 2559216.0], [-2404658.75, 2560187.0], [-2405373.5, 2560604.5], [-2407815.25, 2563122.75], [-2408634.0, 2564573.5], [-2408594.5, 2565461.5], [-2407228.994999999, 2566999.7555], [-2398671.25, 2574310.0], [-2396384.75, 2574499.25], [-2391212.25, 2575877.5], [-2383501.5, 2579393.5], [-2381662.0, 2580401.0], [-2380325.0, 2582447.0], [-2378634.2501999997, 2583410.000499999], [-2368394.0, 2585825.5], [-2362164.0, 2586793.75], [-2359648.5, 2588593.5], [-2355882.25, 2592502.5], [-2355698.25, 2593048.0], [-2356067.0, 2593541.5], [-2356762.5, 2593765.75], [-2360216.0, 2593335.25], [-2363645.5001999997, 2591870.5008000005], [-2376830.75, 2587637.0], [-2380991.5, 2585936.0], [-2382025.25, 2585206.75], [-2383740.25, 2583420.75], [-2390041.0, 2580993.75], [-2390717.5, 2581585.0], [-2390760.5, 2582171.5], [-2390063.5, 2583165.0], [-2389261.498400001, 2584854.2529000007], [-2386294.7507000007, 2592103.2501999997], [-2393063.75, 2594731.0], [-2398267.0, 2595720.75], [-2400590.75, 2595670.25], [-2402574.0, 2590903.25], [-2402546.75, 2590593.75], [-2402283.0, 2590279.5], [-2401497.7499, 2590150.2508000005], [-2398279.0, 2591738.25], [-2395498.75, 2591908.0], [-2389743.0, 2590199.25], [-2389387.75, 2590024.0], [-2389340.5, 2589741.5], [-2391835.0, 2587066.0], [-2395478.75, 2584061.75], [-2397733.7468999997, 2582504.0012], [-2401137.25, 2581651.0], [-2404666.75, 2580016.25], [-2410255.75, 2575507.25], [-2411626.0, 2574616.5], [-2416234.5, 2572762.25], [-2417529.75, 2576107.75], [-2417661.25, 2577823.75], [-2418656.75, 2579200.75], [-2426237.0, 2583072.0], [-2431985.750499999, 2583321.000600001], [-2432688.25, 2582869.0], [-2432688.25, 2582269.0], [-2431766.25, 2581321.0], [-2430610.5, 2580672.5], [-2429712.75, 2580407.0], [-2426770.749500001, 2580334.2508000005], [-2424765.5, 2579985.25], [-2420649.5, 2576344.0], [-2421123.2499, 2575382.4990999997], [-2424014.4499999993, 2575355.0999999996], [-2424920.1500000004, 2575842.5999999996], [-2425283.4499999993, 2576397.1500000004], [-2425643.4499999993, 2576605.9499999993], [-2430772.0, 2577000.5], [-2435914.75, 2575697.5], [-2440214.5, 2572099.0], [-2440313.75, 2571031.25], [-2440135.75, 2570776.75], [-2439750.0, 2570636.5], [-2434735.0, 2571746.5], [-2431785.0, 2573762.75], [-2430500.75, 2574347.5], [-2425945.9499999993, 2574357.8499999996], [-2420457.0, 2572151.75], [-2419936.75, 2571119.75], [-2420013.25, 2570182.5], [-2421779.2492999993, 2567514.0003999993], [-2426295.8499999996, 2563880.8000000007], [-2428490.5, 2562451.9999], [-2431473.25, 2562343.75], [-2431822.75, 2562204.5], [-2432037.0, 2561744.75], [-2431909.0, 2560153.0], [-2431777.75, 2559871.5], [-2431422.25, 2559666.25], [-2427138.6999999993, 2561199.5500000007], [-2418145.75, 2565797.75], [-2416818.75, 2566105.25], [-2415667.75, 2565535.0], [-2415370.25, 2564836.5], [-2416838.7499, 2564159.2498000003], [-2419431.25, 2561917.0], [-2420711.75, 2560408.25], [-2421935.7486000005, 2557029.2562000006], [-2422085.5, 2554264.5], [-2423923.75, 2551249.0], [-2424717.25, 2550217.0], [-2427186.0, 2550508.5], [-2435413.25, 2547904.0], [-2437197.1500000004, 2551089.8499999996], [-2437918.75, 2554392.75], [-2437627.0, 2554732.0], [-2437671.25, 2555237.25], [-2439249.5, 2556782.25], [-2441775.5, 2557339.5], [-2448399.0, 2556604.0], [-2456295.5, 2554690.75], [-2456861.75, 2554364.75], [-2457210.5, 2553930.75], [-2457490.25, 2552419.0], [-2457285.0, 2552063.5], [-2456591.75, 2551715.0], [-2453658.4992999993, 2552012.0002999995], [-2449358.5, 2552860.75], [-2441901.75, 2553139.25], [-2440074.3499999996, 2551578.5], [-2438395.75, 2545101.5], [-2438624.25, 2544842.25], [-2440805.0001, 2544458.7501], [-2441068.75, 2544144.5], [-2441068.75, 2543734.0], [-2440710.25, 2543375.5], [-2436207.9991999995, 2541971.9999], [-2435388.5, 2542191.5], [-2434560.2499, 2543091.2499], [-2433120.5, 2543814.0], [-2424859.0, 2546379.25], [-2421916.0, 2546366.25], [-2421188.5, 2545496.5], [-2421745.25, 2544651.75], [-2423240.0, 2540900.5], [-2423365.0, 2539631.0], [-2422102.25, 2537759.5], [-2422686.0, 2534125.75], [-2422991.75, 2533052.0], [-2426399.9998000003, 2526816.749399999], [-2427997.0, 2526116.0], [-2429369.75, 2525737.25], [-2433885.25, 2525826.75], [-2440098.75, 2526300.25], [-2445933.5, 2526389.5], [-2448047.25, 2523651.0001], [-2450447.25, 2523265.0], [-2455776.25, 2523657.25], [-2455332.75, 2526125.75], [-2455463.999399999, 2526615.751], [-2456423.0, 2527362.75], [-2457426.5, 2527363.0], [-2458143.5, 2527137.75], [-2458704.75, 2526751.0], [-2462749.25, 2520757.75], [-2462793.5, 2520252.5], [-2462005.9997000005, 2519267.249500001], [-2461650.5, 2519062.0], [-2456222.0, 2520327.0], [-2454754.25, 2520926.5], [-2451780.75, 2519842.75], [-2449921.5, 2515092.75], [-2449650.0, 2511762.75], [-2454615.0, 2508647.25], [-2463215.499399999, 2508085.250600001], [-2465742.75, 2509206.5], [-2465825.75, 2509492.25], [-2465799.0, 2509849.5], [-2465404.75, 2510533.5], [-2465080.25, 2510887.75], [-2464351.25, 2511205.75], [-2462918.25, 2512582.25], [-2462241.25, 2513528.75], [-2462241.25, 2513939.25], [-2462880.25, 2514967.75], [-2463884.25, 2515313.25], [-2467771.499500001, 2513412.9992999993], [-2469935.5, 2512070.0], [-2470345.25, 2511259.75], [-2470383.75, 2509725.75], [-2471541.5, 2508732.0], [-2474869.75, 2506857.25], [-2480882.25, 2501124.5], [-2484217.5, 2499926.5], [-2484648.9991999995, 2499817.0001], [-2484660.5, 2501314.25], [-2484243.250600001, 2503047.0001], [-2486367.0, 2505867.25], [-2488577.75, 2504401.0], [-2492601.75, 2503935.75], [-2493907.75, 2504073.25], [-2494768.0, 2504646.0], [-2495059.5, 2505346.75], [-2494642.0, 2508310.0], [-2495794.75, 2509729.75], [-2498558.0, 2512402.0], [-2503187.25, 2513882.75], [-2501968.5, 2517790.0], [-2501952.0, 2518472.0], [-2502403.5, 2519166.5], [-2503261.7479999997, 2519722.2489], [-2504703.25, 2519676.0], [-2506487.0, 2519310.5], [-2507329.5, 2519604.0], [-2507988.75, 2520181.25], [-2510334.25, 2523127.25], [-2510834.25, 2524919.0], [-2509456.5, 2526270.0], [-2504839.5, 2527716.5], [-2504349.5, 2527585.25], [-2502877.0, 2527941.5], [-2501626.5, 2528543.25], [-2501421.25, 2529107.25], [-2501823.0, 2530311.5], [-2502086.75, 2530625.75], [-2505155.75, 2531736.25], [-2507603.0, 2531866.0], [-2511572.75, 2530408.5], [-2519752.5, 2525263.25], [-2519883.75, 2524773.25], [-2519488.5, 2524305.25], [-2519412.5, 2523903.75], [-2519756.5, 2523521.0], [-2523982.75, 2521670.5], [-2524389.5, 2521640.25], [-2524848.25, 2522003.25], [-2524769.25, 2522653.75], [-2520341.25, 2528139.75], [-2517973.5, 2531747.75], [-2516522.75, 2535739.75], [-2512330.5, 2541260.5], [-2509623.75, 2546162.5], [-2509466.0, 2546786.25], [-2509624.0, 2547302.25], [-2511286.499500001, 2548563.2501999997], [-2511826.0, 2548620.25], [-2512253.0, 2548456.0], [-2514734.75, 2546541.5], [-2518713.0, 2542016.0], [-2519179.25, 2539129.0], [-2520839.5, 2536146.0], [-2525611.75, 2534366.75], [-2528378.25, 2533923.75], [-2528591.5, 2534464.0], [-2529774.75, 2535208.0], [-2533211.749, 2534672.5011], [-2541677.5, 2530182.75], [-2542640.25, 2529303.0], [-2542832.5, 2528928.25], [-2544987.25, 2520418.25], [-2545171.249500001, 2519127.0013999995], [-2544966.0, 2518771.5], [-2544519.0, 2518606.75], [-2544461.5, 2518381.25], [-2546851.25, 2516102.0], [-2547139.25, 2516513.0], [-2548347.0, 2521021.0], [-2548303.75, 2523129.25], [-2545425.25, 2528917.0], [-2542717.0, 2532956.75], [-2541411.25, 2533767.75], [-2539912.5, 2534141.75], [-2537489.0, 2537132.75], [-2535300.75, 2542534.25], [-2535377.75, 2543374.25], [-2536470.0, 2544646.25], [-2536821.5, 2544680.25], [-2537799.0, 2544358.75], [-2538735.7476000004, 2542893.753799999], [-2539025.0, 2541766.25], [-2540685.5, 2539442.75], [-2545205.7499, 2535964.2509000003], [-2547240.75, 2536289.25], [-2547240.0, 2537984.0], [-2547417.2499, 2538506.7508000005], [-2547779.0, 2538858.25], [-2548591.0, 2539220.5], [-2548900.5, 2539247.75], [-2549256.0, 2539042.5], [-2550059.25, 2533367.0], [-2550470.2491999995, 2531947.999500001], [-2556643.0, 2521796.5], [-2560518.25, 2517714.5], [-2560854.75, 2517679.25], [-2561302.5, 2520283.75], [-2561302.5, 2521203.25], [-2560787.499399999, 2521762.249500001], [-2559549.9954000004, 2525408.5133999996], [-2558490.5, 2529336.5], [-2558282.5, 2531046.75], [-2558259.75, 2534895.75], [-2559711.0, 2540904.25], [-2560227.5, 2541623.0], [-2562621.2501999997, 2542056.7508000005], [-2563172.75, 2541857.75], [-2563471.75, 2541460.5], [-2563531.75, 2540100.5], [-2562596.748299999, 2537841.2497000005], [-2561998.0, 2535236.5], [-2562023.5, 2532033.0], [-2562305.75, 2531249.25], [-2562915.75, 2530393.25], [-2564616.9997000005, 2528547.749399999], [-2567914.25, 2526617.0], [-2574584.25, 2525870.25], [-2574736.25, 2526215.5], [-2574458.0, 2527538.25], [-2573956.5, 2528374.75], [-2573002.75, 2528931.499399999], [-2572287.2498000003, 2530579.7499], [-2572866.5, 2533412.75], [-2573071.75, 2533892.25], [-2573427.25, 2534097.5], [-2573736.75, 2534070.25], [-2574089.5, 2533727.0], [-2575406.5, 2530088.75], [-2578425.5, 2527806.0], [-2586288.25, 2525325.5], [-2592371.0, 2522758.0], [-2593750.4980999995, 2522539.2496000007], [-2595872.25, 2522899.75], [-2599990.25, 2524584.5], [-2601581.5, 2525695.0], [-2601412.0, 2526050.25], [-2592734.5001999997, 2530927.0002999995], [-2587908.5001999997, 2532894.750499999], [-2574279.25, 2541547.0], [-2573829.5, 2542325.75], [-2574233.75, 2543023.5], [-2574824.75, 2543127.5], [-2579239.75, 2541392.5], [-2581426.0, 2539650.5], [-2585389.25, 2537312.5], [-2592204.75, 2534170.5], [-2592639.75, 2534100.25], [-2593972.0, 2534529.75], [-2594376.25, 2534458.25], [-2598700.0, 2531338.75], [-2602943.25, 2528878.0], [-2605127.0, 2527922.75], [-2606201.5, 2528315.75], [-2606385.5, 2529611.0], [-2604712.75, 2534281.25], [-2603923.3000000007, 2535932.4499999993], [-2602776.0, 2537756.0], [-2599275.25, 2538436.0], [-2596454.5, 2538697.5], [-2595995.0, 2539083.25], [-2595456.25, 2541081.25], [-2595558.0, 2541881.75], [-2595973.25, 2542172.75], [-2598008.75, 2542156.75], [-2605870.75, 2539133.75], [-2606779.8499999996, 2534980.6999999993], [-2607493.0999999996, 2534028.1999999993], [-2608157.2503999993, 2532424.2503999993], [-2610469.5, 2530468.5], [-2612615.0, 2529463.0], [-2612933.25, 2529424.75], [-2615158.25, 2530645.75], [-2616485.25, 2533460.0], [-2618450.0, 2533862.75], [-2620886.2501999997, 2531946.000499999], [-2624127.5, 2530451.25], [-2631185.75, 2529907.0], [-2632542.9985000007, 2529943.4999], [-2637007.25, 2525006.5], [-2645161.2499, 2522183.7501999997], [-2645641.5, 2522335.5], [-2646144.25, 2524316.25], [-2646174.75, 2525016.25], [-2645349.25, 2526599.0], [-2643435.5, 2529045.75], [-2642609.25, 2529080.0], [-2641419.2497000005, 2530275.4997000005], [-2641119.25, 2533947.25], [-2641333.5, 2534406.999399999], [-2646790.0, 2537844.75], [-2647390.0, 2537844.75], [-2647926.5, 2536808.25], [-2647916.5, 2534952.5], [-2647036.5, 2532974.0], [-2647400.7499, 2531630.7499], [-2648638.7491999995, 2529771.9989], [-2649275.25, 2529325.0], [-2652305.0, 2529844.0], [-2653100.25, 2530139.25], [-2658007.25, 2535949.25], [-2658474.75, 2536769.0], [-2658762.5, 2539949.75], [-2658730.25, 2540613.25], [-2658452.0, 2541470.0], [-2658605.5, 2542333.75], [-2659053.75, 2543241.0], [-2660462.75, 2544049.0], [-2666029.25, 2545209.0], [-2666384.75, 2545003.75], [-2666516.0, 2544513.75], [-2665328.5, 2541027.75], [-2666255.75, 2542085.75], [-2669719.5, 2544878.0], [-2672226.5, 2544691.75], [-2672481.0, 2544513.75], [-2672612.25, 2544023.75], [-2674372.5, 2542958.25], [-2679609.75, 2546510.75], [-2680152.0, 2547031.0], [-2680293.5, 2548077.0], [-2679957.7501999997, 2549175.2501], [-2679344.5, 2550335.0], [-2679947.75, 2553912.25], [-2681398.0, 2557199.25], [-2681694.0, 2558580.25], [-2682128.0, 2564309.0], [-2679184.5, 2567943.75], [-2675146.5001, 2570643.5001], [-2671760.5, 2571288.75], [-2665640.7499, 2574734.7499], [-2664614.5, 2575049.75], [-2659166.5, 2573944.0], [-2650203.75, 2571458.5], [-2649946.0, 2570487.5], [-2648028.0, 2567697.5], [-2643934.0, 2563925.0], [-2643529.75, 2563996.5], [-2643266.0, 2564310.75], [-2642854.25, 2566185.75], [-2636387.9991999995, 2568501.2489], [-2636193.75, 2568229.25], [-2631171.0, 2565990.75], [-2623215.499500001, 2564820.7497000005], [-2622800.25, 2565111.75], [-2622074.75, 2566819.5], [-2618487.5, 2569764.0], [-2607130.75, 2571375.75], [-2601747.249500001, 2572718.001], [-2600359.25, 2573363.0], [-2600145.0, 2573822.75], [-2600359.9990999997, 2575758.7501], [-2601252.0, 2576960.75], [-2602788.5, 2577931.0], [-2604705.0, 2578456.75], [-2622312.0, 2578104.0], [-2623047.25, 2578341.75], [-2625054.5, 2579562.5], [-2627281.25, 2580111.5], [-2631573.0001999997, 2579197.0003999993], [-2631988.25, 2578906.0], [-2633175.0, 2579890.75], [-2636062.0, 2583834.5], [-2637626.25, 2586218.25], [-2638015.25, 2587412.75], [-2639110.5, 2592423.75], [-2639558.75, 2598833.75], [-2639278.7508000005, 2600770.2501], [-2638293.0, 2603230.5], [-2637044.25, 2605291.25], [-2621180.75, 2613203.0], [-2612029.5, 2620269.25], [-2610567.0, 2621050.0], [-2601817.75, 2623678.25], [-2597477.5, 2624050.0], [-2590157.0, 2625533.75], [-2584148.75, 2627126.25], [-2583347.25, 2627471.75], [-2580649.0, 2629138.75], [-2577626.0, 2631709.5], [-2575726.5, 2633586.0], [-2573480.75, 2636253.25], [-2571162.2503999993, 2638404.0003999993], [-2570436.25, 2638571.5], [-2566351.25, 2637383.5], [-2565947.0, 2637455.0], [-2553715.75, 2648807.5], [-2552340.25, 2650751.0], [-2552784.5, 2653383.25], [-2552297.75, 2655213.0], [-2545768.499399999, 2668330.2498000003], [-2544635.249500001, 2669527.499500001], [-2543881.25, 2669887.25], [-2534377.25, 2668834.75], [-2533320.75, 2668594.75], [-2532415.25, 2668199.25], [-2530149.0, 2666709.5], [-2528183.5, 2665123.75], [-2526125.5, 2663833.25], [-2525058.75, 2663321.75], [-2523854.5, 2662991.0], [-2501984.9999, 2664177.7491999995], [-2497269.25, 2664821.5], [-2485531.75, 2662661.5], [-2479838.7499, 2661795.5007000007], [-2478989.25, 2660991.0], [-2478566.25, 2659730.25], [-2478992.25, 2657823.0], [-2481103.75, 2652496.25], [-2481706.25, 2648449.75], [-2481601.25, 2647481.0], [-2481291.75, 2646570.0], [-2480171.5, 2644542.25], [-2476189.0, 2638948.5], [-2469312.5, 2636859.25], [-2467958.75, 2636819.0], [-2464707.5, 2637281.0], [-2463093.9998000003, 2637098.7498000003], [-2460800.75, 2634634.5], [-2454037.5, 2622569.0], [-2452074.5, 2617731.5], [-2450354.0, 2614880.75], [-2445964.9990999997, 2611168.2508000005], [-2443414.75, 2608133.75], [-2441782.25, 2604193.5], [-2440895.2501999997, 2601561.25], [-2441022.5, 2600703.25], [-2441446.25, 2599949.25], [-2440998.5, 2597287.75], [-2440640.0, 2596929.25], [-2440134.75, 2596973.5], [-2439431.5, 2597506.5], [-2439226.25, 2597862.0], [-2438444.0, 2605837.75], [-2439452.25, 2612568.25], [-2439920.0, 2612992.25], [-2442153.25, 2614010.0], [-2446822.5, 2616570.75], [-2448363.25, 2622291.75], [-2450292.0, 2627660.5], [-2452616.0, 2629446.25], [-2453532.75, 2630746.5], [-2455833.25, 2637552.75], [-2456016.75, 2638642.25], [-2456050.0, 2640770.0], [-2455399.0, 2645028.0], [-2455456.0, 2647241.25], [-2456102.5, 2652300.75], [-2457215.0, 2658454.5], [-2457853.25, 2659782.25], [-2458154.75, 2661199.25], [-2456994.5, 2661836.5], [-2453927.9996000007, 2662194.4991999995], [-2451645.75, 2661679.25], [-2451326.75, 2661234.25], [-2449961.0, 2660607.25], [-2449240.5, 2660530.5], [-2446315.5, 2660906.75], [-2445579.75, 2661143.0], [-2443446.75, 2662482.0], [-2438261.0, 2664987.75], [-2436180.0, 2665714.25], [-2434706.0, 2665952.0], [-2423743.4999, 2666765.749399999], [-2417752.5, 2664825.25], [-2410572.5, 2664329.0], [-2402473.75, 2661822.75], [-2401909.75, 2662028.0], [-2401196.249500001, 2662960.9996000007], [-2401065.0, 2663451.0], [-2408248.5, 2670681.0], [-2413881.25, 2674596.75], [-2415954.75, 2675124.0], [-2417106.5, 2675177.25], [-2423603.25, 2675292.75], [-2433127.75, 2673767.5], [-2437615.25, 2671325.5], [-2438280.2469999995, 2670820.0029000007], [-2443860.25, 2664979.0], [-2444640.75, 2664804.25], [-2448242.25, 2664800.5], [-2448945.75, 2666618.5], [-2449869.0, 2668144.25], [-2451463.0, 2670197.75], [-2454471.25, 2673509.5], [-2456073.0, 2674911.25], [-2463032.75, 2679573.75], [-2465764.25, 2681018.25], [-2466589.0, 2681861.75], [-2467156.5, 2682937.5], [-2467455.0, 2684058.25], [-2467349.0, 2685647.5], [-2465470.4499999993, 2689352.4499999993], [-2462966.75, 2692993.75], [-2462487.25, 2693282.75], [-2461492.5, 2693480.75], [-2460610.7507000007, 2694402.250600001], [-2460583.5, 2694711.75], [-2460788.75, 2695067.25], [-2461792.25, 2695688.25], [-2462392.2502999995, 2695688.250600001], [-2465599.25, 2693476.25], [-2466601.3000000007, 2692177.0999999996], [-2466734.0500000007, 2691397.8499999996], [-2467273.5998, 2690553.7996999994], [-2468800.5, 2689295.25], [-2479577.25, 2691970.75], [-2483189.7721999995, 2692950.558700001], [-2488642.0551999994, 2694428.4704], [-2492935.0, 2695412.0], [-2496370.5, 2694447.0], [-2498300.25, 2693665.5], [-2500606.75, 2692277.75], [-2506566.99, 2689471.2540000007], [-2508476.7501, 2688734.4998000003], [-2509369.25, 2688906.25], [-2516160.25, 2692315.0], [-2523999.25, 2696746.75], [-2526212.25, 2697290.75], [-2530918.7420000006, 2697415.249399999], [-2534170.0, 2697271.0], [-2547962.0, 2695351.0], [-2548607.7437999994, 2694996.0040000007], [-2549360.5, 2694227.0], [-2551147.75, 2690658.75], [-2552942.9997000005, 2684927.2498000003], [-2554074.249399999, 2682190.499399999], [-2555754.5, 2679792.75], [-2556531.999399999, 2679475.000600001], [-2557753.5, 2680588.0], [-2559489.0, 2687782.0], [-2573053.4997000005, 2686984.7491999995], [-2577962.0, 2684899.25], [-2581012.25, 2683286.25], [-2583940.0, 2683122.0], [-2584301.5, 2683231.5], [-2584862.75, 2684062.0], [-2586167.5, 2684721.25], [-2590915.0, 2684335.25], [-2595741.5, 2683251.5], [-2596706.5, 2682847.5], [-2599652.75, 2681001.25], [-2600670.25, 2680105.0], [-2602065.9999, 2678090.5009000003], [-2602865.25, 2675936.75], [-2602755.0, 2674658.25], [-2602238.25, 2673238.0], [-2601838.0, 2671365.5], [-2601949.0, 2671045.75], [-2606710.75, 2671430.5], [-2609988.25, 2672332.75], [-2610810.7468999997, 2672367.7502999995], [-2627775.0, 2668366.0], [-2629323.75, 2668792.25], [-2631217.0, 2670083.0], [-2636869.25, 2676825.75], [-2638694.0, 2681413.25], [-2638733.5, 2682228.0], [-2637466.75, 2684064.5], [-2636210.75, 2684817.5], [-2635706.4999, 2686588.25], [-2635961.75, 2687740.0], [-2636767.5, 2689240.0], [-2638003.7499, 2690158.2509000003], [-2638738.2501, 2690192.5001], [-2639002.0, 2689878.25], [-2640972.0, 2683155.25], [-2641132.25, 2680850.5], [-2640464.75, 2676427.5], [-2638529.0, 2673380.5], [-2638309.0, 2672207.25], [-2639517.75, 2659176.5], [-2640519.0, 2656206.5], [-2642927.4996000007, 2653911.5013999995], [-2643312.5, 2653721.75], [-2646690.0, 2652165.75], [-2650369.0, 2651804.5], [-2653502.249500001, 2650697.249500001], [-2655604.5, 2648976.25], [-2657974.2499, 2647640.999399999], [-2659146.0, 2647445.25], [-2660762.75, 2647581.75], [-2665470.75, 2648260.0], [-2666299.0, 2648709.5], [-2667985.25, 2650466.75], [-2672880.5, 2656656.75], [-2682174.0, 2661914.75], [-2682578.25, 2661986.25], [-2687266.749, 2661241.9990999997], [-2688272.25, 2660634.25], [-2688388.5, 2659688.5], [-2687805.0, 2659145.75], [-2679332.25, 2654719.0], [-2676615.75, 2651910.25], [-2676444.2496000007, 2651546.4999], [-2676577.0, 2651050.75], [-2679713.000600001, 2647487.7507000007], [-2681074.5, 2646403.25], [-2689072.0, 2641311.0], [-2698705.75, 2642229.25], [-2699826.0, 2642502.0], [-2700892.25, 2643039.5], [-2706105.25, 2645999.5], [-2707862.0, 2650189.0], [-2706701.9000000004, 2651439.5], [-2704456.75, 2652031.5], [-2701714.5, 2653316.5], [-2698721.9992999993, 2655501.7497000005], [-2697444.75, 2661837.5], [-2697766.0, 2662936.75], [-2698339.25, 2663068.75], [-2699586.0, 2662459.25], [-2701636.25, 2659813.5], [-2702633.75, 2657843.75], [-2703797.5, 2656566.5], [-2707941.292199999, 2653766.4054000005], [-2709954.75, 2652724.0], [-2710578.0, 2652661.0], [-2714053.0, 2653571.25], [-2714978.0, 2654050.25], [-2714144.0, 2657347.25], [-2716394.0, 2658457.75], [-2717437.5, 2658771.0], [-2717927.7499, 2658638.499399999], [-2718142.0, 2658178.75], [-2717656.5, 2654640.25], [-2716497.25, 2652572.75], [-2716965.0, 2651625.75], [-2717311.0, 2651269.5], [-2720937.5001, 2649395.2508000005], [-2721932.999, 2649248.500600001], [-2723096.0, 2650345.0], [-2724018.75, 2651620.0], [-2727283.75, 2653845.25], [-2729384.25, 2654819.0], [-2730194.5, 2654770.25], [-2731218.4999, 2654154.001], [-2731396.5, 2653899.5], [-2731786.75, 2652058.75], [-2731380.5, 2650938.25], [-2732071.25, 2648634.5], [-2733058.0, 2646594.25], [-2733816.5, 2646018.25], [-2736428.5, 2645557.5], [-2738252.25, 2645506.75], [-2741332.75, 2646405.25], [-2742264.75, 2647322.0], [-2746227.5, 2649631.75], [-2752643.25, 2652848.25], [-2757093.25, 2654644.5], [-2757503.7502999995, 2654644.5003999993], [-2757818.0, 2654380.75], [-2758149.0, 2653576.25], [-2758704.75, 2650864.0], [-2758441.0, 2650549.75], [-2756049.0, 2649304.5], [-2753568.25, 2647691.0], [-2753806.25, 2646830.0], [-2758583.0, 2647193.0], [-2761922.5, 2647800.5], [-2764108.740700001, 2647217.7531000003], [-2766451.25, 2645884.75], [-2769856.5001999997, 2642670.0001], [-2770352.5, 2641638.25], [-2772304.25, 2640471.75], [-2774915.5, 2639615.75], [-2778080.5, 2639822.0], [-2780860.75, 2637150.0], [-2779699.75, 2635575.25], [-2779678.500499999, 2635012.250499999], [-2781300.25, 2633312.0], [-2786277.25, 2629858.75], [-2787433.5, 2627132.75], [-2787436.248299999, 2626730.2497000005], [-2787160.25, 2626194.25], [-2786347.5, 2625685.5], [-2783678.0, 2625837.75], [-2780645.4887000006, 2626907.7533], [-2779753.75, 2627092.5], [-2779143.75, 2626988.0], [-2775955.25, 2623829.25], [-2774743.75, 2620918.25], [-2772586.75, 2617531.25], [-2766178.0, 2613458.25], [-2766840.5, 2603352.0], [-2765875.0, 2599997.25], [-2765472.75, 2599288.75], [-2764897.75, 2599009.75], [-2763040.7498000003, 2598920.7513999995], [-2762543.2498000003, 2593571.7532], [-2764315.998299999, 2584379.51], [-2765304.25, 2580539.25], [-2767782.25, 2580199.75], [-2768330.5, 2580671.75], [-2769265.75, 2580853.25], [-2770572.0, 2580373.5], [-2772089.75, 2579417.25], [-2775813.75, 2576121.75], [-2777270.5, 2575200.5], [-2778910.5, 2574238.25], [-2783614.0, 2572672.0], [-2784287.5, 2573078.5], [-2784558.25, 2573453.25], [-2784709.25, 2574085.75], [-2785023.5, 2574349.5], [-2790199.25, 2575261.25], [-2793329.5, 2574156.75], [-2794918.25, 2573064.5], [-2796398.25, 2572528.0], [-2800499.75, 2573172.25], [-2801093.9992999993, 2573541.0014999993], [-2805572.5, 2576623.5], [-2806643.75, 2578080.75], [-2807548.0, 2579810.75], [-2809758.0, 2581645.5], [-2810248.0, 2581776.75], [-2818183.5, 2575370.0], [-2826441.0, 2577914.75], [-2828225.500600001, 2577586.2503999993], [-2830487.0, 2574440.25], [-2832188.75, 2571016.75], [-2831296.0, 2568018.25], [-2831241.75, 2567171.0], [-2832756.0, 2566110.5], [-2833308.0, 2565925.25], [-2836851.25, 2566386.25], [-2842720.75, 2571055.25], [-2850861.0, 2572071.25], [-2854681.0, 2571841.0], [-2855040.5, 2571534.0], [-2855812.75, 2569685.75], [-2855812.75, 2569275.25], [-2853076.75, 2567206.5], [-2852487.0, 2567120.75], [-2852122.25, 2567233.25], [-2851447.0, 2568612.5], [-2850152.0, 2569174.0], [-2845557.75, 2568319.0], [-2844821.75, 2565873.5], [-2844962.999399999, 2562290.2497000005], [-2845284.0, 2561778.5], [-2851681.2501, 2558163.5002999995], [-2854522.5, 2557321.0], [-2855329.5, 2557215.25], [-2857535.0, 2558580.5], [-2861368.0, 2558011.75], [-2863700.0, 2555440.75], [-2869886.5, 2556044.0], [-2868734.75, 2564348.5], [-2868939.9999, 2564912.500499999], [-2869531.0, 2565016.5], [-2870945.0, 2564470.75], [-2873623.7499, 2560413.9999], [-2874450.0, 2559616.75], [-2875757.5, 2559098.75], [-2884923.0, 2558712.0], [-2886421.75, 2561532.25], [-2886290.7501999997, 2562450.7501], [-2886029.75, 2562939.25], [-2884406.5, 2564406.25], [-2884486.5, 2565237.75], [-2885030.25, 2565915.75], [-2885567.5, 2566213.0], [-2887948.5, 2566708.75], [-2889299.2498000003, 2566164.2498000003], [-2890576.7501, 2564880.5001999997], [-2893928.0, 2564416.5], [-2895008.0, 2565017.0], [-2895640.25, 2566949.25], [-2895181.4996000007, 2568057.2498000003], [-2896168.4997000005, 2570596.7490999997], [-2898350.0, 2573373.75], [-2902582.0, 2576428.0], [-2912603.0, 2573168.5], [-2913187.75, 2572324.0], [-2913618.75, 2569894.5], [-2913642.5, 2567810.5], [-2914175.5, 2567267.25], [-2916577.999399999, 2566342.2498000003], [-2917214.0, 2566308.0], [-2924885.5, 2568748.75], [-2929680.25, 2571222.5], [-2930350.75, 2572013.0], [-2931151.249500001, 2572132.999500001], [-2934072.5, 2568782.0], [-2934604.0, 2567930.25], [-2935154.25, 2566362.5], [-2934966.25, 2564438.0], [-2936629.75, 2562842.25], [-2937643.25, 2562639.75], [-2941855.5, 2564333.5], [-2941986.5, 2565152.75], [-2941972.5, 2570368.0], [-2942387.25, 2576961.75], [-2942751.25, 2578097.75], [-2943175.9988, 2578665.9998000003], [-2943781.0, 2579085.5], [-2945251.25, 2579374.25], [-2946499.0, 2578965.0], [-2952411.75, 2574366.75], [-2953020.5, 2572974.75], [-2953033.75, 2571892.75], [-2952791.0, 2571484.0], [-2952210.75, 2571269.75], [-2951898.2496000007, 2570935.0], [-2951891.25, 2570469.25], [-2952791.75, 2569637.5], [-2954300.0, 2568980.5], [-2954837.25, 2569027.75], [-2960011.0, 2571708.25], [-2962993.75, 2573726.0], [-2964073.75, 2571802.5], [-2964086.5, 2570222.25], [-2966579.75, 2567590.0], [-2969124.0, 2565122.5], [-2969689.75, 2564758.25], [-2975526.5, 2570674.25], [-2977905.0, 2571300.75], [-2978688.0, 2572645.5], [-2979341.0, 2574645.5], [-2979360.5, 2575438.25], [-2978673.9987000003, 2577538.5011], [-2978250.75, 2578347.0], [-2978391.0, 2578732.75], [-2978951.75, 2579182.5], [-2979457.0, 2579138.25], [-2983769.0, 2575597.0], [-2986264.25, 2572869.75], [-2987617.0, 2571079.25], [-2988050.25, 2570134.0], [-2988158.0, 2568806.5], [-2988721.5001, 2568380.2502999995], [-2990068.0, 2567903.5], [-2992041.25, 2570436.75], [-2992219.7491999995, 2575117.7497000005], [-2992837.75, 2577757.0], [-2993194.0, 2578269.25], [-2993655.75, 2578566.5001999997], [-2994161.0001, 2578610.7501999997], [-2999637.75, 2577282.0], [-3011642.0, 2578008.25], [-3016615.75, 2578534.25], [-3017415.25, 2579046.75], [-3020154.25, 2579904.5], [-3022422.0, 2578519.5], [-3023818.5, 2577300.0], [-3023925.0, 2576449.25], [-3023566.5, 2576090.75], [-3021519.0, 2575231.5], [-3015385.25, 2573294.25], [-3013229.5, 2571848.75], [-3013093.5, 2571143.0], [-3014402.75, 2568046.0], [-3018695.75, 2565674.5], [-3019060.75, 2565673.0], [-3019378.75, 2566016.75], [-3019515.25, 2566601.0], [-3020219.75, 2567298.0], [-3021567.5, 2567404.5], [-3021970.5, 2567264.5], [-3023577.0, 2565511.75], [-3024346.0, 2563152.25], [-3024392.0, 2562704.5], [-3024008.2486000005, 2561072.5], [-3023324.500600001, 2560267.2508000005], [-3024345.25, 2559084.0], [-3036577.25, 2556185.5], [-3042281.25, 2556393.0], [-3044699.7501999997, 2558414.7501], [-3047634.75, 2552986.75], [-3048538.5, 2551636.0], [-3049180.25, 2551797.75], [-3051884.5, 2559873.25], [-3050692.0, 2562781.25], [-3050605.25, 2564055.75], [-3051906.25, 2566236.25], [-3052428.2501, 2566602.0003999993], [-3053351.5002999995, 2566404.250499999], [-3054348.499500001, 2565663.001], [-3055130.2501999997, 2563241.0002999995], [-3064447.25, 2555976.25], [-3064831.5, 2555909.5], [-3066264.75, 2556125.0], [-3066666.75, 2556404.25], [-3066700.75, 2557073.5], [-3065001.2448999994, 2561124.011], [-3063457.499399999, 2564111.2498000003], [-3063645.5, 2564757.75], [-3065329.5, 2566106.75], [-3075854.0, 2563860.0], [-3081300.5, 2561677.75], [-3082804.25, 2561888.0], [-3082919.75, 2564667.75], [-3083469.7490999997, 2565673.7498000003], [-3084033.75, 2565879.0], [-3085365.5, 2564679.5], [-3086433.5, 2561795.25], [-3087838.25, 2560724.0], [-3088492.5, 2560444.5001999997], [-3089931.5, 2560267.7503999993], [-3092023.9996000007, 2561154.5011], [-3092392.5, 2562973.5], [-3092405.0, 2566019.75], [-3091649.5, 2572251.5], [-3091533.75, 2576718.75], [-3092157.25, 2577641.25], [-3093202.5, 2578469.5], [-3094609.25, 2578776.75], [-3096083.2498000003, 2578744.2498000003], [-3096738.75, 2578590.75], [-3097716.75, 2577982.0], [-3099106.75, 2575569.0], [-3099067.5, 2574804.25], [-3098152.75, 2573720.75], [-3099533.75, 2570880.75], [-3100769.75, 2570388.5], [-3103592.0, 2572543.5], [-3104247.5, 2573929.5], [-3104836.5, 2574336.2492999993], [-3107676.749, 2573755.5011], [-3111200.5, 2572007.5], [-3111961.75, 2571242.25], [-3113420.25, 2568857.5], [-3112802.499399999, 2566347.0007000007], [-3112469.75, 2565851.75], [-3111949.0, 2564366.75], [-3112224.5, 2562004.75], [-3112727.7499, 2561300.2498000003], [-3113907.0, 2560843.0], [-3114819.5, 2560840.25], [-3116841.25, 2561695.5], [-3124424.5, 2568486.5], [-3123996.75, 2571218.0], [-3123397.75, 2572689.0], [-3121246.75, 2576727.25], [-3121645.0, 2577954.75], [-3122335.4970999993, 2578580.999], [-3123841.4975000005, 2579350.998400001], [-3131460.0, 2581967.25], [-3144970.75, 2583082.5], [-3146598.0, 2582909.75], [-3148399.0, 2582042.25], [-3148907.0, 2581453.0], [-3148809.5, 2580870.25], [-3147570.5, 2580108.0], [-3143771.5, 2578274.25], [-3141499.25, 2577510.0], [-3139868.25, 2577242.0], [-3136385.75, 2575725.0], [-3134774.25, 2572426.25], [-3134327.25, 2571105.5], [-3134803.25, 2570028.25], [-3137648.5, 2567397.25], [-3139103.5, 2566287.25], [-3143193.0, 2565390.5], [-3143523.25, 2565568.75], [-3144193.0, 2566569.5], [-3147677.5, 2576118.25], [-3149970.5, 2580650.25], [-3150521.75, 2580934.2501], [-3151022.0, 2580967.75], [-3152113.499399999, 2580131.75], [-3152144.498299999, 2579461.9999], [-3151830.25, 2579198.25], [-3151446.5, 2579153.5], [-3151366.0, 2578612.5], [-3151971.25, 2576804.5], [-3154461.25, 2575468.75], [-3155054.5, 2575650.5], [-3158390.0, 2579631.0], [-3159233.0, 2581622.0], [-3159429.2498000003, 2583739.501], [-3161051.25, 2586109.0], [-3166964.5, 2586788.0], [-3173916.5, 2585125.5], [-3180651.9999, 2583808.2509000003], [-3184399.0001, 2584422.5003999993], [-3192110.4989, 2583700.75], [-3192462.25, 2583010.0], [-3191351.5, 2580331.5], [-3189905.0, 2577568.25], [-3188440.0, 2575963.75], [-3187995.5, 2577212.0], [-3187969.5, 2577830.0], [-3188352.0, 2578450.25], [-3187625.0, 2579807.0], [-3186621.4999, 2580565.9999], [-3184052.0, 2581340.0], [-3181184.75, 2581247.75], [-3178425.75, 2580485.5], [-3177124.25, 2579831.5], [-3176745.0, 2579423.5], [-3173938.25, 2572666.25], [-3171851.25, 2565284.75], [-3172332.25, 2564334.5], [-3174698.25, 2563887.5], [-3177483.75, 2564318.0], [-3180634.0, 2565168.25], [-3182185.25, 2565854.75], [-3185656.75, 2561720.5], [-3185797.0, 2561334.75], [-3185582.75, 2560875.0], [-3184611.25, 2560310.0], [-3179786.75, 2559275.0], [-3177551.5, 2559347.0], [-3175989.0, 2559640.5], [-3175448.5, 2559422.5], [-3173274.25, 2557894.75], [-3172833.5, 2557317.5], [-3172935.7499, 2556926.250600001], [-3178223.75, 2557558.75], [-3182682.75, 2558290.5], [-3189110.0, 2560184.5], [-3189894.75, 2563160.0], [-3190354.5, 2563374.25], [-3190927.2501, 2563290.2501999997], [-3194901.25, 2560672.0], [-3196148.75, 2557528.75], [-3198209.0001999997, 2555400.7503999993], [-3204348.75, 2551003.25], [-3205891.5, 2550836.75], [-3209989.75, 2553043.25], [-3208517.75, 2561416.5], [-3207885.7485000007, 2562752.252800001], [-3204051.25, 2566379.5], [-3201327.5, 2567639.9000000004], [-3197765.4499999993, 2568314.1500000004], [-3196016.25, 2568804.0], [-3194910.25, 2568135.75], [-3194481.5, 2567552.5], [-3193881.5, 2567552.5], [-3191847.0, 2570615.0], [-3191951.25, 2570986.0], [-3192806.0, 2572002.0], [-3195613.5, 2573939.75], [-3196103.5, 2573808.5], [-3196281.5, 2573554.0], [-3196356.75, 2572458.5], [-3196145.0, 2571924.25], [-3200109.5500000007, 2570093.75], [-3204024.0, 2569838.25], [-3204688.75, 2570731.25], [-3204676.2499, 2572259.7498000003], [-3206375.25, 2571186.0], [-3212035.249399999, 2562035.249399999], [-3213327.5, 2560608.25], [-3214759.75, 2559558.5], [-3217718.2501, 2557938.749399999], [-3218624.0, 2558079.75], [-3219365.75, 2558555.5], [-3221120.5, 2561211.0], [-3221025.25, 2562572.0], [-3220284.25, 2563119.75], [-3218422.2499, 2563283.7490999997], [-3216515.5, 2564414.0], [-3216224.5, 2564829.25], [-3216226.499399999, 2565486.0], [-3220263.0, 2570668.0], [-3220667.25, 2570739.5], [-3230682.75, 2567550.0], [-3231529.5, 2569149.75], [-3231993.0, 2569709.5], [-3232998.0, 2570369.5], [-3234483.25, 2570525.5], [-3235180.248400001, 2570221.7507000007], [-3237008.25, 2567992.5], [-3237462.25, 2570459.25], [-3236866.5, 2573150.25], [-3237143.25, 2573923.5], [-3245834.0, 2578979.0], [-3253095.0, 2582618.25], [-3254043.0, 2582731.25], [-3255822.499, 2582497.2501999997], [-3258260.75, 2580794.75], [-3259501.75, 2579749.5], [-3260833.4958999995, 2578290.0034], [-3261469.5, 2578014.25], [-3262024.25, 2577987.5], [-3262341.25, 2578594.75], [-3262303.0, 2579435.25], [-3260125.3499999996, 2583463.5], [-3259406.8499999996, 2584270.9499999993], [-3255734.25, 2587559.25], [-3254615.7502999995, 2588052.5007000007], [-3254352.0, 2588366.75], [-3254359.75, 2589032.0], [-3255493.75, 2590346.75], [-3256120.5, 2590600.75], [-3257775.25, 2590884.5], [-3258540.5, 2590802.25], [-3260372.5008000005, 2589994.500600001], [-3261325.0, 2588716.0], [-3261465.5, 2588184.75], [-3261256.25, 2587363.0], [-3260732.75, 2587144.25], [-3262082.6007000003, 2585231.7006], [-3267133.0, 2579334.25], [-3275073.25, 2575340.75], [-3277846.2489, 2572939.250600001], [-3278982.25, 2572244.25], [-3279790.25, 2572112.0], [-3280838.5, 2573286.5], [-3281224.25, 2573426.75], [-3282911.2499, 2572981.7498000003], [-3287200.5, 2571096.75], [-3288487.2478, 2571213.0001], [-3289148.5, 2571667.5], [-3291520.0, 2573125.0], [-3292698.75, 2574024.75]]], [[[-3441340.0, 2643334.0], [-3441562.5, 2642457.5], [-3443046.4974000007, 2640272.0024999995], [-3448609.25, 2635552.5], [-3453790.25, 2634408.0], [-3455910.5, 2634786.25], [-3456606.5, 2635263.75], [-3456917.5, 2637202.5], [-3455883.4997000005, 2638693.9998000003], [-3455720.25, 2640185.25], [-3455928.25, 2640714.25], [-3456203.75, 2641119.0], [-3454611.5, 2645088.5], [-3452345.75, 2648594.75], [-3446192.25, 2648368.5001999997], [-3443193.25, 2647713.75], [-3442301.5, 2646681.0], [-3441340.0, 2643334.0]]], [[[-3419907.2519000005, 2698215.7530000005], [-3420403.75, 2698101.0], [-3427399.0, 2700829.5], [-3429776.5, 2700772.0], [-3431570.0, 2701114.0], [-3431844.5, 2701298.25], [-3431800.750600001, 2701513.5001], [-3431334.7387000006, 2701594.2501], [-3427037.75, 2701294.0], [-3420753.0, 2699026.75], [-3420244.25, 2698762.0], [-3419907.2519000005, 2698215.7530000005]]], [[[-3585370.75, 2729261.0], [-3580476.75, 2738265.75], [-3576358.2498000003, 2742749.7498000003], [-3575410.5, 2743107.25], [-3573348.9999, 2743295.2491999995], [-3565362.5, 2740481.0], [-3564993.0, 2740153.5], [-3564352.0, 2738779.75], [-3563506.25, 2738062.75], [-3561823.0, 2737654.75], [-3559145.25, 2737638.0], [-3558018.2499, 2737802.2497000005], [-3554210.75, 2738815.25], [-3541631.75, 2742593.0], [-3536907.25, 2744680.75], [-3535182.4946999997, 2746085.002800001], [-3534036.75, 2746791.5], [-3533622.25, 2746883.75], [-3528410.25, 2746154.5], [-3525771.25, 2744833.5], [-3525438.0, 2744481.25], [-3524831.25, 2740434.25], [-3524880.0, 2739227.0], [-3525380.5, 2738200.0], [-3525312.75, 2737533.75], [-3524789.25, 2736700.25], [-3523069.0, 2734908.75], [-3521682.75, 2733816.75], [-3510883.75, 2731043.5], [-3510018.75, 2729671.0], [-3509372.0, 2729038.0], [-3508077.5, 2728289.75], [-3506802.5, 2727892.0], [-3502850.75, 2726902.0], [-3499921.75, 2726610.25], [-3497280.25, 2726849.75], [-3496760.5, 2726507.75], [-3491130.75, 2722346.5], [-3487917.5, 2715937.5], [-3487897.75, 2713951.25], [-3486632.5, 2713938.75], [-3485861.75, 2713607.25], [-3482332.249500001, 2710294.4990999997], [-3480760.25, 2706702.25], [-3480643.75, 2706263.75], [-3480724.7496000007, 2705439.0012], [-3481098.25, 2704869.25], [-3481367.0, 2704766.25], [-3481902.75, 2705310.75], [-3481856.25, 2705781.5], [-3481323.9999, 2705993.4998000003], [-3481192.75, 2706483.5], [-3482810.25, 2709503.0], [-3483202.0, 2709646.25], [-3483713.5, 2709535.25], [-3484813.5, 2708811.0], [-3485591.75, 2707202.0], [-3485532.25, 2703521.0], [-3485664.0, 2702147.75], [-3486313.0, 2699812.75], [-3487751.0, 2696982.5], [-3490109.0, 2693146.75], [-3491043.25, 2692224.25], [-3493249.0, 2690869.25], [-3494903.25, 2690243.0], [-3496331.75, 2687841.25], [-3496300.2492999993, 2687009.7499], [-3496742.000600001, 2685210.750600001], [-3497629.5, 2684318.75], [-3498868.75, 2683395.25], [-3499643.25, 2682543.5], [-3500816.75, 2679252.5], [-3500995.75, 2677277.5], [-3500320.75, 2676131.75], [-3497135.5, 2672884.0], [-3495900.0, 2672477.5], [-3495132.25, 2672454.25], [-3494372.25, 2671908.5], [-3493691.5, 2669679.0], [-3495001.75, 2665058.25], [-3496015.75, 2663802.75], [-3498199.75, 2661614.0], [-3498227.0, 2661304.5], [-3497917.0, 2660471.75], [-3497547.5, 2659990.25], [-3496846.25, 2659480.0], [-3496785.5, 2659221.75], [-3498467.75, 2657804.75], [-3499451.75, 2657637.75], [-3502636.0, 2662798.0], [-3502391.9998000003, 2663062.7518000007], [-3501880.25, 2663111.75], [-3499242.0, 2662386.5], [-3498707.75, 2662634.5], [-3498603.75, 2663225.5], [-3500733.5, 2666419.75], [-3501924.5, 2667234.0], [-3503079.25, 2668353.75], [-3504637.0, 2671236.0], [-3503782.2501999997, 2675153.0001], [-3503387.0, 2675846.25], [-3501954.0, 2676940.25], [-3501748.75, 2677295.75], [-3501787.75, 2677785.75], [-3502173.7488, 2678559.0012], [-3502936.75, 2679384.75], [-3504042.5, 2679892.75], [-3504807.5, 2680050.25], [-3507672.7497000005, 2679688.2492999993], [-3508425.5, 2679275.25], [-3508744.5, 2678281.25], [-3509598.75, 2677247.5], [-3511326.25, 2675795.5], [-3513038.2490999997, 2674793.5009000003], [-3513546.75, 2674858.5], [-3517694.75, 2678008.25], [-3523331.25, 2679298.0], [-3524083.0, 2681461.75], [-3525666.75, 2685097.5], [-3529346.498400001, 2691106.9998000003], [-3535324.0, 2698914.0], [-3537379.75, 2700954.5], [-3543426.0, 2705637.25], [-3545731.25, 2706835.75], [-3547579.498400001, 2707588.500499999], [-3550957.75, 2708651.5], [-3554309.75, 2709001.5], [-3557164.25, 2709006.75], [-3558132.5, 2708887.0], [-3558992.0, 2708563.25], [-3559421.0, 2708148.25], [-3559509.75, 2707814.5], [-3562318.75, 2705543.5], [-3563739.5, 2705055.75], [-3569673.5, 2705482.75], [-3573699.0, 2707067.25], [-3576190.5, 2709987.75], [-3578306.0, 2711702.25], [-3582388.75, 2713985.25], [-3582915.25, 2716220.75], [-3583258.25, 2717005.75], [-3584083.9998000003, 2717982.0014999993], [-3585244.75, 2718814.5], [-3585604.0, 2719562.0], [-3586536.0, 2722426.75], [-3586689.75, 2725291.0], [-3585370.75, 2729261.0]]], [[[-3629703.4954000004, 2719364.7552000005], [-3628784.25, 2720396.25], [-3626320.75, 2719966.25], [-3623598.75, 2718411.75], [-3621595.25, 2714562.0], [-3615713.75, 2708732.0], [-3615747.25, 2707788.25], [-3617266.5, 2706174.5], [-3621348.25, 2705210.5], [-3621707.25, 2705264.25], [-3622693.25, 2706736.0], [-3624212.0, 2708194.75], [-3624706.5, 2708432.75], [-3625236.0, 2708435.5], [-3625725.25, 2708849.0], [-3628623.0, 2715533.25], [-3629748.25, 2718926.25], [-3629703.4954000004, 2719364.7552000005]]], [[[-3437137.25, 2721458.25], [-3437089.25, 2721537.25], [-3436797.25, 2721882.5], [-3436298.25, 2722298.5], [-3434829.249399999, 2722717.7490999997], [-3434455.25, 2722479.75], [-3433663.75, 2721678.0], [-3433424.0, 2721078.5], [-3433496.0, 2720088.75], [-3433744.0, 2719592.5], [-3434126.5003999993, 2719260.7508000005], [-3435497.0, 2718430.25], [-3435848.5, 2718367.75], [-3436296.0, 2718087.75], [-3436730.75, 2717907.25], [-3437595.5, 2718279.75], [-3437831.75, 2718888.5], [-3437775.25, 2719379.25], [-3437414.4998000003, 2720784.9999], [-3437137.25, 2721458.25]]], [[[-3637348.25, 2719219.25], [-3637468.75, 2720752.5], [-3637173.7466, 2721659.505999999], [-3636408.499399999, 2722951.499399999], [-3636367.9987000003, 2723732.9997000005], [-3636953.5, 2725297.5], [-3641125.5, 2730695.75], [-3641165.249, 2731058.751], [-3640945.75, 2731344.75], [-3639534.5, 2730361.0], [-3638740.4996000007, 2729915.5012], [-3633429.75, 2724497.25], [-3631557.0, 2722166.25], [-3631484.0, 2721768.75], [-3632268.25, 2719657.5], [-3633031.25, 2718153.75], [-3634014.25, 2718104.25], [-3637348.25, 2719219.25]]], [[[-3643991.5, 2729270.5], [-3644946.0, 2729172.5], [-3645861.0, 2729474.25], [-3648003.75, 2731446.0], [-3647345.25, 2733023.25], [-3646822.25, 2733462.5], [-3643276.5, 2732799.75], [-3642875.5, 2732581.25], [-3642788.0, 2732292.5], [-3643605.0, 2729773.25], [-3643991.5, 2729270.5]]], [[[-3632726.5, 2754339.25], [-3630700.5, 2755310.75], [-3630120.0, 2755430.5001], [-3626745.25, 2754783.75], [-3625447.75, 2753987.5], [-3621646.75, 2750081.25], [-3620736.25, 2748212.75], [-3620678.4999, 2747807.5011], [-3621028.25, 2747440.75], [-3621747.25, 2747066.25], [-3623634.75, 2748261.75], [-3626813.5, 2748516.0], [-3627873.999399999, 2748162.749399999], [-3628499.75, 2747584.25], [-3629452.75, 2745161.0], [-3628949.7492999993, 2742295.2513999995], [-3631257.5, 2739046.25], [-3639283.25, 2737519.0], [-3639679.25, 2737604.75], [-3640660.75, 2738282.0], [-3641567.75, 2740947.5], [-3641347.75, 2741622.75], [-3640350.0, 2744103.25], [-3639919.2501, 2744223.5003999993], [-3639325.25, 2743769.25], [-3638393.25, 2743725.5], [-3636859.5, 2743979.75], [-3636024.0, 2744573.0], [-3635826.5, 2745075.5], [-3635743.25, 2747548.5], [-3634461.25, 2748547.0], [-3633142.25, 2751916.0], [-3633239.5, 2753405.25], [-3632726.5, 2754339.25]]], [[[-3659313.75, 2766069.25], [-3656791.0, 2767893.25], [-3652846.0, 2769216.5], [-3651931.0, 2769219.7509000003], [-3645181.0, 2767286.0], [-3643348.0, 2765540.75], [-3642451.9998000003, 2762151.2509000003], [-3642296.4998000003, 2761464.25], [-3642356.7501, 2760994.2501], [-3642661.5, 2760448.75], [-3645239.5, 2759623.25], [-3646020.75, 2757592.25], [-3645737.25, 2755860.75], [-3643185.25, 2754598.25], [-3642709.75, 2752041.0], [-3642883.0001, 2750360.5001], [-3643230.75, 2749684.75], [-3643767.7498000003, 2749604.4991999995], [-3645142.75, 2749952.0], [-3646755.25, 2751185.25], [-3647245.25, 2751054.0], [-3647459.5, 2750594.25], [-3646978.0, 2748138.5], [-3646660.75, 2747557.75], [-3645030.25, 2745960.25], [-3643697.25, 2745659.75], [-3642886.749399999, 2745221.5001999997], [-3642718.2499, 2744475.9999], [-3643644.0, 2743369.75], [-3646255.25, 2742900.25], [-3648041.4998000003, 2744105.7499], [-3657164.25, 2751649.25], [-3657245.75, 2752298.25], [-3658676.25, 2755387.25], [-3659959.0, 2756004.75], [-3662579.25, 2756609.5], [-3663382.0, 2757243.5], [-3663725.0, 2757962.0], [-3659313.75, 2766069.25]]], [[[-3672350.75, 2760430.75], [-3671921.0, 2760122.25], [-3670691.75, 2756665.75], [-3671572.7497000005, 2753491.499500001], [-3671848.75, 2753320.0], [-3672847.5, 2753394.0], [-3673754.5, 2754013.0], [-3674979.5, 2755573.0], [-3676275.0, 2758048.75], [-3676312.0, 2758982.25], [-3674539.0, 2760678.75], [-3673596.0, 2760744.7496000007], [-3672350.75, 2760430.75]]], [[[-3695261.25, 2750492.25], [-3689950.75, 2749529.25], [-3688905.5, 2749773.5], [-3687760.75, 2749398.75], [-3683562.25, 2747026.25], [-3683908.749399999, 2745228.9997000005], [-3684380.25, 2744463.75], [-3691090.25, 2740782.25], [-3700059.25, 2740671.0], [-3705577.7498000003, 2742949.2514999993], [-3706611.5, 2743704.25], [-3709448.5, 2746359.25], [-3710472.25, 2747875.75], [-3718468.5, 2751562.25], [-3720425.75, 2751526.25], [-3729247.75, 2748861.25], [-3736485.5, 2747377.25], [-3736735.5, 2747509.75], [-3736988.75, 2748283.25], [-3737244.25, 2751779.5], [-3740096.500499999, 2751537.0002999995], [-3740539.5, 2750981.5], [-3741712.7436999995, 2750021.5045999996], [-3743923.0, 2748924.25], [-3746081.25, 2751702.75], [-3745322.75, 2754979.25], [-3745095.4992999993, 2756886.4992999993], [-3745175.5, 2757232.5], [-3753547.0, 2764482.75], [-3753932.75, 2764623.0], [-3754388.75, 2764457.5], [-3755154.25, 2763544.5], [-3755687.0, 2763391.25], [-3756420.25, 2763642.5], [-3770048.5, 2771017.75], [-3775219.0, 2772653.0], [-3776488.75, 2774200.0], [-3777648.25, 2774977.0], [-3779436.5, 2775759.75], [-3785252.5, 2774930.0], [-3786661.75, 2776726.5], [-3788792.75, 2781453.25], [-3792782.75, 2783969.5], [-3795513.5, 2790742.75], [-3794389.25, 2795842.25], [-3793913.75, 2796192.75], [-3787559.0, 2793936.25], [-3780419.25, 2789968.5], [-3778100.0, 2789521.75], [-3777387.5, 2788374.0], [-3772740.0, 2785834.5], [-3771664.25, 2785383.0], [-3770347.5, 2785379.25], [-3768036.0, 2782489.5], [-3766635.0, 2779390.25], [-3765618.75, 2777781.5], [-3763553.75, 2780314.0], [-3759401.0, 2779758.25], [-3759157.0, 2779596.75], [-3758240.25, 2774394.0], [-3757872.25, 2773700.2507000007], [-3755514.0, 2772840.75], [-3753137.25, 2773943.25], [-3752427.0, 2774542.25], [-3749158.75, 2770465.25], [-3748141.5, 2769944.25], [-3747755.75, 2770084.5], [-3747550.5, 2770440.0], [-3746521.5, 2777425.25], [-3743815.25, 2781306.5], [-3742686.5, 2782279.0], [-3742201.0, 2782384.5], [-3740545.75, 2782245.25], [-3738521.75, 2780798.75], [-3738305.0, 2780237.25], [-3738600.75, 2779302.25], [-3738473.0, 2777980.25], [-3736334.5, 2775837.5], [-3735844.5, 2775706.25], [-3735489.0, 2775911.5], [-3734705.7496000007, 2776912.2514999993], [-3734398.7501, 2777845.75], [-3734313.75, 2779363.0], [-3734618.0, 2780290.5], [-3734380.75, 2781852.25], [-3732907.25, 2782922.25], [-3731877.0001, 2783306.2502999995], [-3730983.25, 2783305.25], [-3730005.75, 2783173.25], [-3728063.5, 2782233.75], [-3727447.9985000007, 2781771.500600001], [-3723660.0, 2776692.0], [-3726119.0, 2771767.0], [-3726623.5, 2771272.0], [-3727639.75, 2770910.25], [-3728558.75, 2769547.0], [-3728558.75, 2769136.5], [-3727261.25, 2766209.25], [-3726801.5, 2765995.0], [-3726314.2498000003, 2766222.9992999993], [-3724747.5, 2768586.25], [-3724194.25, 2769811.75], [-3722441.25, 2772538.0], [-3722128.75, 2772561.0], [-3720267.5, 2771154.75], [-3718744.75, 2769676.25], [-3718634.5, 2773141.5], [-3720104.5, 2779525.5], [-3722436.25, 2784740.75], [-3723985.25, 2785382.0], [-3724271.0, 2785874.75], [-3724394.5, 2786519.5], [-3722338.25, 2792464.5], [-3722051.75, 2796726.0], [-3722236.5, 2797268.75], [-3722206.0, 2797778.75], [-3720790.0, 2799444.75], [-3719974.75, 2800080.5], [-3709242.25, 2800009.25], [-3704768.5, 2798950.75], [-3698469.0, 2796209.5], [-3698007.5, 2795806.75], [-3697920.249500001, 2795424.9998000003], [-3698469.5, 2794276.5], [-3698492.0, 2793862.75], [-3698274.75, 2793481.75], [-3697445.0, 2792978.25], [-3694941.0, 2792489.0], [-3690968.5, 2790871.75], [-3688250.0, 2787491.25], [-3687725.5, 2785717.5], [-3687524.5, 2783889.5], [-3688224.0, 2782024.0], [-3690188.75, 2779296.75], [-3690468.25, 2779004.5], [-3690950.0, 2779032.25], [-3691658.0, 2779260.0], [-3691985.25, 2779791.25], [-3692533.0, 2779971.0], [-3695833.5, 2779063.75], [-3699752.0, 2775170.5], [-3700056.75, 2774660.0], [-3700176.25, 2773890.5], [-3700045.0, 2773609.0], [-3696049.25, 2769013.0], [-3691308.25, 2767262.5], [-3690784.25, 2767229.25], [-3689156.75, 2767792.0], [-3688446.0, 2768476.5], [-3688151.749399999, 2769108.9998000003], [-3686083.5, 2770563.5], [-3682103.25, 2771209.5], [-3678544.0, 2771453.5], [-3678293.75, 2771084.25], [-3677320.25, 2763940.75], [-3680333.5, 2757293.75], [-3682448.25, 2755871.5], [-3685857.75, 2755117.25], [-3686878.5, 2755380.25], [-3688250.5, 2756221.25], [-3689467.75, 2758311.25], [-3689567.5, 2758717.75], [-3691253.25, 2759462.25], [-3698167.25, 2758425.0], [-3702273.25, 2760238.0], [-3704239.75, 2760738.5], [-3706587.5, 2760199.5], [-3709418.75, 2761837.5], [-3709893.0, 2761984.5], [-3710383.0, 2761853.25], [-3712574.0001, 2759713.5001], [-3712705.2489, 2759431.9991999995], [-3712633.75, 2759027.75], [-3711197.0, 2757193.0], [-3703105.0, 2753565.75], [-3695261.25, 2750492.25]]], [[[-3846074.25, 2828598.25], [-3845935.75, 2830847.0], [-3845484.5, 2831861.75], [-3842019.0, 2834051.0], [-3840549.0, 2834295.25], [-3837381.25, 2834642.25], [-3835204.25, 2834294.0], [-3833307.75, 2833358.25], [-3829312.25, 2832702.75], [-3827839.25, 2832588.0], [-3825381.5, 2832664.5], [-3821017.5, 2826205.0], [-3819649.0, 2822457.75], [-3817353.5, 2818852.0], [-3816552.4964000005, 2818531.2499], [-3816086.75, 2818605.75], [-3813795.5, 2819679.5], [-3813325.0, 2820130.5], [-3810548.0, 2827618.0], [-3804179.5, 2832634.0], [-3803469.750499999, 2833117.000600001], [-3802803.25, 2833271.75], [-3796280.0, 2833792.0], [-3795160.0, 2833588.75], [-3788435.25, 2831643.25], [-3784644.25, 2829671.5], [-3781523.0, 2827879.75], [-3779876.25, 2826520.25], [-3776234.75, 2822776.25], [-3775736.0, 2821190.5], [-3776128.5, 2819492.25], [-3776686.0, 2819157.5], [-3777029.9996000007, 2818705.2499], [-3777297.25, 2817691.75], [-3777255.25, 2816745.0], [-3776893.5, 2815398.5], [-3775738.5, 2812811.5], [-3774067.5, 2810097.25], [-3773123.75, 2809004.5], [-3773014.25, 2808296.0], [-3774279.4991999995, 2806840.2499], [-3774960.2501, 2806379.2501999997], [-3775980.75, 2806139.5], [-3778639.25, 2805927.5], [-3784566.5, 2803528.5], [-3787204.75, 2801248.7498000003], [-3787455.25, 2801221.25], [-3790276.5, 2801576.25], [-3805802.0, 2807858.5], [-3814100.75, 2812690.5], [-3815631.5, 2813224.0], [-3820631.500499999, 2813613.500600001], [-3821091.0, 2813227.75], [-3822164.25, 2812719.75], [-3825649.5, 2811733.0], [-3830420.7497000005, 2810729.5001], [-3838960.25, 2809457.0], [-3844032.75, 2811430.5], [-3844727.5, 2813154.5], [-3845995.5, 2814079.0], [-3849683.5, 2814263.5], [-3851006.5, 2814058.75], [-3853061.25, 2814088.0], [-3856574.0, 2816499.75], [-3858435.75, 2818301.75], [-3863364.25, 2819116.75], [-3871064.0999999996, 2821579.5], [-3879861.0, 2824781.75], [-3882706.75, 2827047.0], [-3883074.75, 2827446.25], [-3882952.0, 2827711.0], [-3881556.4999, 2827860.249399999], [-3877620.25, 2826702.0], [-3872793.25, 2823948.75], [-3862622.25, 2823045.0], [-3862130.5, 2823228.75], [-3856520.0, 2827531.5], [-3855066.75, 2826300.25], [-3853569.25, 2825612.0], [-3852946.75, 2825548.25], [-3847305.25, 2827033.0], [-3846609.7499, 2827516.2498000003], [-3846074.25, 2828598.25]]], [[[-3914517.5, 2870254.75], [-3914611.25, 2870742.75], [-3913930.9967, 2873841.2578], [-3912566.25, 2876463.0], [-3912082.5, 2876769.25], [-3910550.0, 2877332.0], [-3909092.2499, 2876992.000499999], [-3908233.25, 2876304.5], [-3907605.75, 2875549.0], [-3907129.0, 2874656.75], [-3904328.0, 2870788.0], [-3901505.75, 2869918.25], [-3898851.5, 2868748.25], [-3898518.5, 2868130.5], [-3897217.0, 2863778.75], [-3897509.0, 2860663.25], [-3897623.5, 2860391.0], [-3898963.5, 2859788.5], [-3900588.25, 2859511.5], [-3901486.75, 2859167.25], [-3901811.5, 2858737.25], [-3901994.25, 2857769.5], [-3903360.75, 2857810.75], [-3907099.0, 2859572.5], [-3906556.5, 2862110.0], [-3907687.75, 2867221.5], [-3909699.2499, 2868097.750600001], [-3913031.0, 2868814.75], [-3914517.5, 2870254.75]]], [[[-3885598.5, 2875891.75], [-3885169.249399999, 2875897.4991999995], [-3883318.75, 2874506.0], [-3882229.75, 2873409.25], [-3882276.5, 2872751.25], [-3882884.25, 2871473.75], [-3884575.5, 2870251.5], [-3889724.9968, 2868898.5001], [-3891468.75, 2869063.25], [-3891865.0, 2869327.25], [-3892062.25, 2869689.5], [-3892167.0, 2870632.0], [-3890947.75, 2872941.0], [-3889734.2501, 2873810.2501], [-3885598.5, 2875891.75]]], [[[-3925557.2469999995, 2879916.0024999995], [-3921639.5, 2882034.75], [-3921213.5, 2881737.75], [-3920013.0, 2879977.5], [-3919174.4998000003, 2875013.5001999997], [-3919598.25, 2874332.25], [-3920773.75, 2873430.25], [-3922949.5, 2872483.5], [-3924586.75, 2872530.25], [-3925939.5, 2873790.5], [-3926540.75, 2874675.25], [-3927208.25, 2877029.0], [-3927118.0, 2878500.75], [-3925557.2469999995, 2879916.0024999995]]], [[[-3904213.499500001, 2882000.7511], [-3904380.5, 2881349.75], [-3906691.25, 2879824.25], [-3907739.25, 2879551.25], [-3909656.0, 2879755.0], [-3910909.5, 2880802.25], [-3910940.75, 2881035.25], [-3911024.999500001, 2883861.2534999996], [-3909933.25, 2887125.0], [-3909224.25, 2887436.25], [-3906802.2499, 2887294.7507000007], [-3905940.5, 2887049.0], [-3905140.5, 2885671.75], [-3904213.499500001, 2882000.7511]]], [[[-3948668.25, 2902871.75], [-3946341.25, 2903036.75], [-3946043.5, 2902728.0], [-3945190.0, 2900858.75], [-3944932.9991999995, 2897647.0], [-3945019.75, 2895465.25], [-3945582.999500001, 2894841.9991999995], [-3948613.0, 2893161.25], [-3952688.75, 2892868.25], [-3953861.75, 2893055.5], [-3954887.0, 2893893.25], [-3955714.75, 2894998.25], [-3955742.0, 2896441.0], [-3956256.0, 2897154.75], [-3957007.75, 2897676.25], [-3959270.5, 2898405.0], [-3962356.5, 2898571.75], [-3964343.75, 2898370.25], [-3964956.5, 2898693.75], [-3964540.0, 2901117.0], [-3964040.75, 2902918.75], [-3963062.75, 2903634.25], [-3957816.75, 2906423.5], [-3956875.0, 2906586.5], [-3956650.25, 2906532.5001], [-3955062.0, 2904755.75], [-3953595.0, 2904190.5], [-3948668.25, 2902871.75]]], [[[-3988034.75, 2916688.25], [-3990077.75, 2920204.5], [-3989881.75, 2920487.25], [-3988780.0, 2921848.75], [-3987985.25, 2922601.0], [-3986502.9998000003, 2923714.9998000003], [-3985153.5, 2924007.75], [-3984022.25, 2924133.25], [-3983935.25, 2924137.0], [-3983573.0, 2924089.0], [-3982310.25, 2923610.75], [-3981169.75, 2922969.0], [-3981066.5, 2922724.5], [-3981034.0, 2921968.5], [-3981372.5, 2921358.75], [-3981529.75, 2920953.5], [-3982031.25, 2919189.0], [-3982268.75, 2917517.25], [-3982953.25, 2917408.5], [-3984428.5, 2916907.5], [-3984535.5, 2916856.25], [-3985393.2499, 2916333.749500001], [-3985742.75, 2916263.75], [-3988034.75, 2916688.25]]], [[[-4033385.5, 2980668.0], [-4031981.5, 2979857.75], [-4031312.0, 2979175.25], [-4030580.25, 2977453.75], [-4030707.25, 2969564.0], [-4031254.25, 2968662.5], [-4033485.25, 2966937.5], [-4041381.2489, 2969783.7501999997], [-4044615.25, 2972730.75], [-4045092.5, 2973735.75], [-4047963.0, 2975460.75], [-4049813.25, 2979133.75], [-4049771.0, 2980107.5], [-4049490.75, 2981266.75], [-4047194.25, 2982452.0], [-4045774.0, 2982816.0], [-4040312.0, 2982942.0], [-4033385.5, 2980668.0]]], [[[-4088305.5, 3023886.25], [-4089129.5, 3023381.5], [-4089873.25, 3023172.75], [-4090349.25, 3023217.25], [-4090704.75, 3023012.0], [-4091496.25, 3020722.0], [-4091272.0, 3019719.25], [-4087829.0, 3011854.0], [-4085224.75, 3008796.25], [-4084525.0, 3008406.0], [-4083753.25, 3007286.0], [-4081771.75, 3002999.0], [-4076928.75, 2990270.25], [-4077879.0, 2989986.5], [-4079689.25, 2990900.25], [-4080111.5, 2991274.0], [-4085254.75, 2997619.0], [-4088003.0, 3002830.25], [-4095409.0, 3012244.75], [-4098090.0, 3013503.75], [-4099782.0, 3022219.75], [-4100976.0, 3027337.75], [-4106184.9990999997, 3033758.7489], [-4106540.5, 3033964.0], [-4107106.5001999997, 3033966.2511], [-4107485.75, 3034388.5], [-4108409.0, 3039462.75], [-4108546.5, 3041197.0], [-4106644.0, 3050597.75], [-4106195.25, 3052104.0], [-4105306.249399999, 3052876.249399999], [-4104991.75, 3052971.25], [-4104396.75, 3052716.25], [-4104329.0, 3050581.5], [-4103889.25, 3048612.0], [-4102904.75, 3047353.5], [-4100917.5, 3045109.75], [-4101154.5, 3041088.25], [-4100911.75, 3037343.25], [-4094493.0, 3032779.75], [-4090631.5, 3030289.0], [-4087765.75, 3024734.5], [-4087818.0, 3024436.75], [-4088305.5, 3023886.25]]], [[[-4118169.5, 3080070.75], [-4117553.0, 3082173.5], [-4117712.5, 3082927.5], [-4117399.75, 3083711.75], [-4117166.5, 3084016.75], [-4115606.5, 3084959.0], [-4114738.5, 3084881.0], [-4114536.5, 3084726.25], [-4112430.5, 3079150.5], [-4109939.75, 3080705.5], [-4109126.4999, 3081793.751700001], [-4108350.9999, 3081975.4998000003], [-4108129.75, 3081848.75], [-4106159.5, 3078050.5], [-4106042.5, 3076163.5], [-4106670.5, 3075127.0], [-4106566.4998000003, 3074536.0008000005], [-4105003.5, 3073169.25], [-4102018.5, 3072107.25], [-4098789.25, 3071247.25], [-4097527.5, 3071782.0], [-4096413.5, 3073111.75], [-4096426.5, 3073572.5], [-4097745.25, 3077348.25], [-4099522.75, 3081789.75], [-4100048.5, 3084551.5], [-4099640.25, 3087329.5], [-4099341.25, 3087953.5], [-4098863.25, 3088459.5], [-4098143.25, 3088609.0], [-4096864.5, 3088294.5], [-4096616.5, 3087762.0], [-4096002.25, 3084864.0], [-4096318.75, 3083741.75], [-4095933.0, 3083282.25], [-4094250.25, 3082812.75], [-4093103.5, 3082734.0], [-4092477.5, 3082865.0], [-4091711.7497000005, 3083295.0014999993], [-4091101.25, 3083868.5], [-4090566.5, 3084723.75], [-4089421.5, 3085961.75], [-4084931.0, 3083566.25], [-4080289.0, 3080078.5], [-4079549.75, 3079443.25], [-4079490.75, 3079175.25], [-4079913.75, 3073646.75], [-4081262.0, 3067334.5], [-4083906.75, 3063029.5], [-4084838.25, 3062095.25], [-4086778.75, 3060639.75], [-4087350.0, 3060504.25], [-4088451.75, 3060969.75], [-4091264.75, 3061637.25], [-4094631.75, 3060331.75], [-4095952.25, 3060075.25], [-4096534.75, 3060401.75], [-4097111.25, 3061166.75], [-4097981.5, 3064187.5], [-4098444.75, 3066845.75], [-4098656.0, 3067286.5], [-4099036.25, 3067504.0], [-4100540.5, 3067403.25], [-4101176.2503999993, 3067127.250499999], [-4102844.25, 3065771.75], [-4103275.5, 3065013.25], [-4103884.75, 3062946.5], [-4105705.5, 3055035.5], [-4106939.0, 3054129.5], [-4108030.25, 3053653.5], [-4109443.0, 3053779.75], [-4109440.25, 3054205.0], [-4108797.5001999997, 3054638.2503999993], [-4108456.25, 3055262.75], [-4108109.2509000003, 3057946.5009000003], [-4110540.75, 3060799.0], [-4113907.25, 3067909.25], [-4116668.75, 3069470.5], [-4120758.2501, 3068330.0008000005], [-4124756.25, 3067422.0], [-4124813.25, 3069893.25], [-4123228.5, 3071965.25], [-4126932.75, 3076157.0], [-4132300.75, 3081630.25], [-4136121.0, 3087544.0], [-4137621.0, 3094229.25], [-4138107.7487000003, 3095169.7492999993], [-4140896.25, 3098947.0], [-4142890.4997000005, 3101205.4998000003], [-4143481.5, 3101309.5], [-4144899.25, 3100310.5], [-4147866.5, 3105520.0], [-4151155.5, 3111889.5], [-4151791.0, 3116487.25], [-4151753.5, 3117719.0], [-4145346.5, 3113132.25], [-4137702.9990999997, 3103932.7499], [-4137907.5, 3101566.25], [-4135240.75, 3099660.25], [-4133658.0, 3100890.0], [-4131585.25, 3100652.5], [-4130414.25, 3094552.75], [-4124455.75, 3085346.25], [-4123409.5, 3084342.75], [-4118169.5, 3080070.75]]], [[[-3542884.0001, 3119561.7501999997], [-3542731.5001999997, 3119695.7501999997], [-3542310.75, 3120227.75], [-3542261.0, 3120337.75], [-3542113.75, 3120799.5], [-3542104.75, 3120903.75], [-3542149.0, 3121211.5], [-3542671.75, 3123844.25], [-3542780.0, 3124153.75], [-3542790.0, 3126099.0], [-3542250.75, 3128277.0], [-3542026.75, 3128696.0], [-3541767.25, 3128607.0], [-3541007.25, 3127730.5], [-3540954.25, 3127661.0], [-3540792.5, 3127369.0], [-3539618.5, 3124194.5], [-3539470.5, 3123377.25], [-3538910.0, 3121685.5], [-3537521.5, 3118513.0], [-3537213.25, 3118059.75], [-3536030.75, 3116418.5], [-3535626.25, 3115973.0], [-3535535.25, 3115891.75], [-3534762.75, 3115329.25], [-3534408.25, 3114951.5], [-3534265.0, 3113971.75], [-3534139.4998000003, 3111816.9998000003], [-3534628.0, 3111480.75], [-3536497.5, 3111262.25], [-3538066.0, 3111586.0], [-3538407.5, 3111808.5], [-3538508.75, 3112071.25], [-3538612.5, 3112251.25], [-3539078.75, 3112643.0], [-3539259.25, 3112747.0], [-3539492.5, 3112808.5], [-3539596.75, 3112817.5], [-3541243.7501999997, 3112632.5009000003], [-3542001.25, 3112450.25], [-3542540.25, 3112242.5], [-3543025.75, 3112270.75], [-3543585.5, 3112579.75], [-3543768.0, 3112956.75], [-3544249.75, 3114403.25], [-3544755.0, 3116166.0], [-3544811.25, 3116905.5], [-3544672.0, 3117774.5], [-3544647.0, 3117855.5], [-3544227.5001999997, 3118734.5001], [-3542884.0001, 3119561.7501999997]]], [[[-4172371.5, 3138159.5], [-4171955.2501999997, 3138665.7501999997], [-4169461.25, 3139755.0], [-4169041.5, 3139668.5], [-4168585.0, 3139323.0], [-4167540.25, 3135710.5], [-4167669.0, 3134414.75], [-4168173.5, 3134566.5], [-4170021.5, 3136547.5], [-4170587.7499, 3136849.2512999997], [-4171027.5, 3136844.0], [-4171827.0, 3136279.4998000003], [-4172628.9998000003, 3136346.0008000005], [-4172809.25, 3136860.75], [-4172371.5, 3138159.5]]], [[[-4172025.0, 3142262.25], [-4172854.0, 3141776.0], [-4174503.2498000003, 3139854.2499], [-4175136.0, 3137772.75], [-4175732.25, 3138554.25], [-4176448.0, 3141077.0], [-4175740.7481999993, 3146216.0003999993], [-4174228.5, 3145759.25], [-4172527.75, 3143856.0], [-4172040.0, 3143028.75], [-4171973.5, 3142589.0], [-4172025.0, 3142262.25]]], [[[-4174292.0, 3153364.25], [-4173737.75, 3153492.25], [-4172772.0, 3152659.0], [-4171861.25, 3151536.75], [-4170757.0, 3149693.0], [-4168872.0, 3145972.0], [-4169075.0, 3145191.5], [-4169420.996099999, 3144872.2511], [-4169903.25, 3145421.0], [-4170326.25, 3145967.0], [-4171868.25, 3147303.0], [-4173521.0, 3147523.5], [-4173684.0, 3147721.75], [-4173954.75, 3148288.75], [-4174669.75, 3151801.25], [-4174292.0, 3153364.25]]], [[[-4188165.75, 3146500.75], [-4187895.75, 3147444.0], [-4188094.25, 3156268.0], [-4187888.5, 3156639.5], [-4184556.75, 3154594.75], [-4183892.9998000003, 3153965.5012999997], [-4182743.5, 3152245.25], [-4182508.7499, 3151435.75], [-4182591.25, 3150750.75], [-4182757.999, 3150546.7509000003], [-4183265.0, 3150281.0], [-4184236.75, 3150617.75], [-4184518.25, 3150486.5], [-4184723.5, 3150131.0], [-4184453.25, 3148632.5], [-4183290.251, 3148089.750499999], [-4183787.5, 3147098.0], [-4183999.25, 3146954.5], [-4185802.75, 3145857.5], [-4187911.75, 3145065.0], [-4188165.75, 3146500.75]]], [[[-4198834.5, 3152983.75], [-4199798.0, 3153617.25], [-4197933.5, 3158880.0], [-4197485.4998, 3159335.4998000003], [-4196707.0, 3159736.0], [-4192828.25, 3161303.4999], [-4191303.25, 3161662.75], [-4191113.2489, 3161590.5007000007], [-4190257.75, 3160722.25], [-4190178.75, 3159693.75], [-4191691.5, 3155737.25], [-4192012.25, 3155232.25], [-4190857.75, 3153500.0], [-4190354.25, 3151999.25], [-4190067.75, 3148847.0], [-4192898.4979999997, 3143869.5012], [-4193268.25, 3143909.25], [-4193728.75, 3144337.0], [-4193853.25, 3144677.75], [-4193741.5, 3145661.75], [-4193568.0, 3146052.0], [-4192782.5, 3146244.25], [-4192095.5, 3146920.0], [-4191954.0, 3147225.0], [-4191992.0, 3147711.5], [-4194041.249500001, 3151747.5011], [-4194295.75, 3151925.5], [-4194706.0, 3151925.5], [-4195017.9999, 3151679.75], [-4195483.0, 3150792.25], [-4195581.999399999, 3149848.499399999], [-4196071.5001, 3149352.5003999993], [-4196741.0, 3149082.0], [-4197142.5, 3149266.5], [-4196916.5, 3152554.25], [-4196035.9998, 3153204.7496000007], [-4196009.0, 3153514.25], [-4196300.0, 3153929.5], [-4196812.5, 3153993.0], [-4197660.5, 3153791.25], [-4198388.0, 3153481.25], [-4198834.5, 3152983.75]]], [[[-4198856.5, 3161051.5], [-4202834.5, 3158337.5], [-4203707.498, 3157935.0012999997], [-4208989.0, 3158810.25], [-4210065.0, 3159312.25], [-4210332.4997000005, 3159707.7501], [-4210868.5, 3162973.25], [-4210595.0, 3163522.75], [-4201052.0, 3171328.25], [-4200313.5001, 3171996.0001], [-4199497.5, 3172419.0], [-4198243.5, 3172146.75], [-4194715.500399999, 3166870.7521], [-4194447.9989, 3165853.7496000007], [-4194580.5, 3165013.75], [-4198856.5, 3161051.5]]], [[[-4172928.0, 3173345.5], [-4171924.2499, 3173796.2499], [-4168581.75, 3174064.0001], [-4167134.0, 3173317.75], [-4165990.5, 3172234.0], [-4164933.0, 3167510.0], [-4166368.5, 3162506.5], [-4169416.5, 3160076.5], [-4170836.5, 3159648.0], [-4174781.0, 3159118.5], [-4175965.4992999993, 3157289.5012], [-4176285.4989, 3157222.2481999993], [-4176962.25, 3157265.25], [-4178188.75, 3158172.25], [-4178503.75, 3158497.5], [-4178753.5, 3159372.5], [-4178771.75, 3159987.0], [-4177353.0, 3161066.25], [-4176698.5, 3161847.5], [-4176602.75, 3162418.75], [-4176943.75, 3162923.75], [-4177465.25, 3163500.75], [-4178694.75, 3167716.5], [-4178560.745100001, 3168025.0051000006], [-4172928.0, 3173345.5]]], [[[-4215142.0, 3186023.75], [-4214555.5, 3185583.5], [-4214238.0, 3185750.25], [-4213581.5, 3186648.0], [-4214018.5, 3188248.0], [-4213617.5, 3189647.5], [-4211823.5, 3192022.75], [-4210606.5, 3193109.5], [-4207914.4998, 3192995.4999], [-4206968.5001, 3193390.2503999993], [-4205936.0, 3194508.5], [-4204478.4999, 3197915.9999], [-4204094.5, 3198492.0], [-4203178.0, 3199542.0], [-4202443.488700001, 3199944.0030000005], [-4199233.5, 3200552.25], [-4198149.5, 3200211.0], [-4196572.5, 3198104.75], [-4196192.0, 3196204.0], [-4196176.5, 3195171.0], [-4193535.25, 3192184.75], [-4192975.25, 3192438.5], [-4191262.25, 3192454.25], [-4189536.5, 3191821.75], [-4189147.75, 3191301.5], [-4189160.5, 3189747.75], [-4189514.0, 3189004.5], [-4191226.25, 3187684.5], [-4195371.499299999, 3185356.0007000007], [-4197827.0, 3185262.75], [-4198248.5, 3185804.25], [-4200034.4988, 3187064.9989], [-4200614.0, 3187023.25], [-4204500.5, 3185676.0], [-4205849.5, 3181474.75], [-4204656.5, 3178527.25], [-4203633.5, 3177408.25], [-4202578.5, 3177105.5], [-4202033.0, 3176748.5], [-4201188.5, 3175616.25], [-4200873.499600001, 3172859.7498000003], [-4201820.0, 3171475.75], [-4208379.5, 3167948.0], [-4211907.0, 3168563.25], [-4212900.0, 3171317.75], [-4217763.0, 3170527.25], [-4220479.5, 3170911.5], [-4220642.5, 3171142.0], [-4220272.5, 3171727.0], [-4220942.499500001, 3173188.7508000005], [-4223949.0, 3178025.75], [-4225031.0, 3178847.25], [-4227429.5, 3178174.75], [-4230738.0, 3177859.75], [-4234487.5, 3178706.75], [-4234570.5, 3179001.75], [-4232732.5, 3181478.5], [-4228424.5, 3185255.25], [-4227265.5, 3185971.75], [-4226164.0, 3187495.25], [-4229361.0, 3187236.75], [-4237262.0, 3185826.75], [-4239442.0, 3185685.0], [-4239870.5, 3185797.75], [-4240063.5, 3186394.25], [-4239939.0, 3188421.75], [-4239601.0, 3189678.0], [-4237490.5002, 3191305.2501999997], [-4234265.5, 3192624.0], [-4232036.0, 3192989.0], [-4229054.0, 3192109.0], [-4228605.5, 3190835.75], [-4228295.5, 3190490.0], [-4227628.0, 3190313.25], [-4225159.9867, 3190238.4991999995], [-4222301.5, 3190347.500600001], [-4221611.9991, 3190840.2501], [-4220679.0, 3192461.25], [-4220742.499600001, 3193078.2501], [-4221049.0, 3193388.75], [-4220694.0, 3195112.5], [-4219439.5, 3197342.5], [-4218884.5, 3197707.75], [-4217426.0, 3198070.0], [-4215524.0, 3196660.75], [-4214479.5001, 3196795.7501999997], [-4214249.5, 3196675.0], [-4214734.5, 3195577.75], [-4215653.0, 3194772.75], [-4216675.500399999, 3193299.5001], [-4217387.0, 3190064.5], [-4215142.0, 3186023.75]]], [[[-3490632.5, 3186116.5], [-3491307.25, 3186294.25], [-3491804.5, 3186700.5], [-3492000.25, 3186772.0], [-3492115.25, 3186780.9996000007], [-3493074.25, 3186754.5], [-3494345.5, 3186502.75], [-3496778.0, 3185734.0], [-3496906.9998000003, 3185675.7496000007], [-3497468.0, 3185337.5], [-3497588.75, 3185241.75], [-3498009.5, 3184811.25], [-3499635.5, 3184524.75], [-3499738.25, 3184514.25], [-3500284.75, 3184554.75], [-3502956.25, 3186309.0], [-3503088.5, 3186375.0], [-3504051.5, 3186703.5], [-3504381.0001, 3186748.000499999], [-3504485.25, 3186739.0], [-3504681.0001, 3186667.5001999997], [-3504840.75, 3186533.75], [-3504900.5, 3186448.0], [-3505023.75, 3186208.25], [-3505328.25, 3186036.25], [-3505653.25, 3186001.0], [-3507827.25, 3185946.0], [-3507868.0, 3185957.0], [-3508134.75, 3186104.75], [-3508212.75, 3186167.25], [-3508452.5, 3186436.0], [-3508504.75, 3186518.5], [-3508570.5, 3186680.25], [-3508556.0, 3186936.0], [-3507783.25, 3186698.75], [-3507574.75, 3186698.75], [-3507378.9942000005, 3186770.2520000003], [-3506180.0, 3187433.75], [-3506020.250600001, 3187567.5007000007], [-3504726.75, 3189051.25], [-3504637.2466, 3189175.504899999], [-3504471.75, 3189481.25], [-3504408.5, 3189662.5], [-3504404.0, 3189843.75], [-3504444.0, 3190010.25], [-3504694.5, 3190621.75], [-3504828.25, 3190781.5], [-3505363.0, 3191233.5], [-3505983.7492999993, 3192765.5008000005], [-3506934.25, 3195476.25], [-3506997.5, 3195721.5], [-3506882.0, 3196115.25], [-3506553.5, 3196429.5], [-3503956.0, 3198016.5], [-3503653.5, 3198110.25], [-3502763.0, 3198204.0], [-3502219.499399999, 3198167.7490999997], [-3499737.0, 3195738.75], [-3498453.5, 3194894.5], [-3498255.25, 3194597.5], [-3498223.5, 3193965.25], [-3498231.75, 3193879.5], [-3498337.25, 3193442.25], [-3498337.25, 3193233.75], [-3498109.0, 3192529.25], [-3498059.25, 3192419.0], [-3497999.5, 3192333.25], [-3497265.5, 3191497.25], [-3495548.25, 3190007.0], [-3492428.5, 3187892.75], [-3492297.75, 3187826.0], [-3492003.7404999994, 3187770.2492999993], [-3491812.0, 3187772.75], [-3490465.0, 3188116.5], [-3490284.5, 3188220.5], [-3490168.5, 3188309.5], [-3489989.5, 3188335.25], [-3489120.75, 3187036.25], [-3489315.75, 3186759.25], [-3490340.75, 3186121.0], [-3490632.5, 3186116.5]]], [[[-4239209.5001, 3215852.9998000003], [-4238750.0, 3216067.25], [-4237980.000499999, 3217142.7502999995], [-4237121.5, 3220624.25], [-4237988.0, 3222540.0], [-4238598.5, 3223467.0], [-4240208.0, 3225278.75], [-4243165.5, 3226568.0], [-4244882.0, 3229611.0], [-4245616.0, 3231320.0], [-4246005.0, 3233688.75], [-4246210.5, 3234044.25], [-4247238.0, 3234280.0], [-4248604.5, 3234346.25], [-4250885.0, 3232822.75], [-4251605.0, 3233461.25], [-4251936.0, 3234417.75], [-4248162.9988, 3238955.2501], [-4247044.5, 3239152.25], [-4244522.5, 3237547.75], [-4243451.0, 3236254.25], [-4243580.5, 3234230.0], [-4243089.0, 3231809.5], [-4242462.0, 3230395.0], [-4239732.5, 3228677.0], [-4238017.5, 3227882.25], [-4233916.5, 3223710.25], [-4230018.0, 3219409.0], [-4227002.0, 3217363.0], [-4224735.0, 3216698.0], [-4223668.0, 3216873.25], [-4213227.0, 3222965.5], [-4211520.5001, 3223310.5007000007], [-4210879.0, 3222985.25], [-4210172.0, 3221603.25], [-4209576.5, 3220040.0], [-4209550.5, 3217128.75], [-4210809.5, 3213627.25], [-4211533.0, 3212541.25], [-4216433.5, 3211099.25], [-4217840.5, 3211771.0], [-4218669.4987, 3212399.2507000007], [-4220169.5, 3212975.75], [-4220843.5, 3212915.5], [-4223021.0, 3212035.25], [-4225747.5002, 3208956.750499999], [-4230174.5, 3206449.5], [-4231349.0, 3205950.25], [-4233913.499600001, 3206252.4992999993], [-4234135.5, 3206439.5], [-4234832.5, 3208198.0], [-4236420.0, 3210746.5], [-4236980.0, 3211072.5], [-4239403.0, 3211347.5], [-4239955.0, 3211909.25], [-4240106.0, 3213494.75], [-4239969.0, 3215896.75], [-4239709.0, 3216005.0], [-4239209.5001, 3215852.9998000003]]], [[[-4219883.5, 3235984.0], [-4221468.0, 3234587.5], [-4221792.5, 3234600.5], [-4223447.5, 3235671.5], [-4223404.5, 3236074.0], [-4222615.0, 3237506.25], [-4222140.498400001, 3237803.2498000003], [-4219563.5, 3237767.25], [-4219883.5, 3235984.0]]], [[[-4248651.4969999995, 3268029.7633999996], [-4246036.5, 3279132.0], [-4245475.0, 3280060.25], [-4244238.5, 3280977.5], [-4240535.5, 3281021.5], [-4239615.0, 3280071.25], [-4237692.5, 3277585.5], [-4236707.0, 3275608.0], [-4236586.5, 3273128.5], [-4235939.0, 3271372.75], [-4233876.5, 3268354.5], [-4232441.5, 3267008.5], [-4232567.0, 3266348.5], [-4235219.0, 3261809.75], [-4236208.0, 3261215.0], [-4237545.0, 3261130.25], [-4237929.0, 3260763.0], [-4239259.5, 3255667.5], [-4239253.5, 3255254.0], [-4234569.0, 3247222.5], [-4232809.0, 3245515.75], [-4231337.0, 3243633.75], [-4234371.5, 3243244.75], [-4235997.0, 3243387.75], [-4237108.5, 3244869.25], [-4238086.0, 3246703.75], [-4240319.0, 3249157.75], [-4242689.999, 3250881.4992999993], [-4242990.0, 3250962.0], [-4250507.0, 3247697.0], [-4255333.5, 3248270.75], [-4255597.5, 3248585.0], [-4257135.5, 3249272.25], [-4259438.5, 3248891.75], [-4260199.0, 3248516.25], [-4262143.0, 3246972.5], [-4264549.499, 3244720.0008000005], [-4264847.9987, 3244794.499500001], [-4265013.0, 3246126.5], [-4264234.500600001, 3248227.5001999997], [-4263236.5, 3249049.75], [-4261597.500499999, 3252330.7501999997], [-4260948.5, 3256957.5], [-4261780.0, 3258642.0], [-4262712.0, 3259017.0], [-4262504.0, 3261187.25], [-4262133.0, 3261848.5], [-4260046.5, 3262165.5], [-4258574.5, 3261886.75], [-4257543.0, 3259458.5], [-4256893.0, 3258462.25], [-4254607.9991, 3256196.5008000005], [-4253434.5, 3255446.75], [-4252303.0, 3255538.0], [-4251719.0, 3255756.5], [-4248615.0, 3258329.75], [-4248291.9997000005, 3259077.005000001], [-4248517.5, 3260899.25], [-4247884.0, 3262606.25], [-4248021.5, 3263389.25], [-4248481.5, 3263775.0], [-4249265.0, 3263562.0], [-4249526.0, 3263636.5], [-4249675.0, 3264677.0], [-4248651.4969999995, 3268029.7633999996]]], [[[-4283815.5, 3291688.0], [-4283314.0, 3291946.25], [-4283124.0, 3291874.0], [-4281807.0, 3290577.5], [-4281671.0, 3290395.0], [-4281424.0, 3289692.75], [-4281748.0002999995, 3289273.0001], [-4281819.5, 3289077.25], [-4281849.5, 3287787.25], [-4283246.4999, 3287183.250499999], [-4283386.0, 3287218.0], [-4283997.5, 3287853.25], [-4284132.5, 3288030.5], [-4284669.0, 3290495.25], [-4284018.5001, 3291509.25], [-4283815.5, 3291688.0]]], [[[-4321051.0, 3292551.25], [-4320790.5, 3292682.25], [-4319059.0, 3293402.5], [-4316412.0, 3294711.0], [-4314749.0, 3296115.5], [-4314192.0, 3296735.0], [-4313866.5, 3296970.0], [-4312476.5, 3296943.25], [-4311786.0, 3296907.75], [-4311354.5, 3296340.5], [-4311330.5, 3295851.0], [-4312177.0, 3292922.0], [-4312302.9932, 3292718.0102999993], [-4314289.0, 3290380.25], [-4314497.0, 3290380.25], [-4314598.0, 3290353.0], [-4315171.0001, 3290105.2501999997], [-4315298.9997000005, 3290006.2497000005], [-4315971.0, 3289325.0], [-4317925.4999, 3291717.7491999995], [-4318337.5, 3291641.25], [-4319498.0, 3291677.75], [-4319848.0, 3291707.5], [-4321177.0, 3292076.0], [-4321186.0, 3292374.25], [-4321051.0, 3292551.25]]], [[[-4291302.5, 3298123.25], [-4290874.0, 3299065.75], [-4290831.4991999995, 3299200.7496000007], [-4290745.0, 3299713.5], [-4290865.0, 3300383.5], [-4290714.5, 3300638.0], [-4290358.5, 3300345.25], [-4290241.5, 3300108.0], [-4290046.5, 3298536.0], [-4290060.0, 3297914.0], [-4290343.5, 3297640.5], [-4290447.999, 3297459.9990999997], [-4290616.999299999, 3296592.0068999995], [-4290624.0, 3296424.75], [-4290536.5, 3295523.0], [-4290503.5, 3295375.75], [-4290063.5, 3294405.0], [-4289677.0, 3293761.25], [-4289897.0, 3292260.5], [-4290067.5, 3291895.75], [-4290612.0, 3291212.5], [-4290782.0, 3291064.5], [-4290888.5, 3291114.25], [-4291369.5, 3291759.75], [-4292609.5, 3294797.75], [-4292689.5, 3295162.5], [-4293010.5, 3295908.25], [-4293038.5, 3296112.75], [-4292783.5, 3296904.25], [-4292575.4935, 3297086.7545], [-4292180.0, 3297315.75], [-4291435.0, 3297964.75], [-4291302.5, 3298123.25]]], [[[-4330192.0, 3297813.75], [-4329768.999600001, 3298153.249399999], [-4329554.0, 3298389.5], [-4329450.999600001, 3298562.7498000003], [-4329238.4997000005, 3299108.2499], [-4328321.4991999995, 3299536.7514999993], [-4327881.0, 3299703.75], [-4327336.5, 3299633.25], [-4326230.0, 3299452.5], [-4324994.0, 3299201.0], [-4324876.0, 3299039.75], [-4324609.9988, 3298144.7509000003], [-4324920.0, 3297149.5], [-4325510.0, 3296210.75], [-4326115.5, 3295500.0], [-4328177.0001, 3293890.2508000005], [-4329363.5, 3293657.75], [-4331792.0, 3293588.75], [-4332017.0, 3293627.25], [-4332563.5, 3293921.0], [-4334051.5, 3294937.75], [-4333088.0, 3296220.0], [-4332957.5, 3296537.5], [-4332001.0, 3297152.5], [-4331289.0, 3297370.0], [-4330350.0, 3297722.5], [-4330192.0, 3297813.75]]], [[[-4272076.0, 3308266.5], [-4271864.4954, 3308988.763800001], [-4270570.5, 3312282.75], [-4269784.4987, 3313834.2502999995], [-4268674.5, 3314568.75], [-4265760.4999, 3315415.4997000005], [-4263577.5, 3315002.0], [-4262778.5, 3314111.5], [-4262633.0, 3313833.0], [-4262619.5, 3312582.25], [-4262663.999399999, 3312028.9998000003], [-4263901.0, 3308527.5], [-4264099.0, 3308178.0], [-4264989.0, 3307148.0], [-4266147.0, 3306129.0], [-4266422.5, 3305882.75], [-4266580.0001, 3305827.500600001], [-4269491.5, 3305260.5], [-4269814.0, 3305302.5], [-4270800.5, 3305706.0], [-4271384.0, 3306211.0], [-4271827.0, 3307170.5], [-4272076.0, 3308266.5]]], [[[-4292380.0, 3423621.0], [-4288136.0, 3425569.5], [-4287658.0, 3425642.25], [-4281665.0, 3421338.25], [-4279842.0, 3419232.0], [-4279475.0, 3418575.25], [-4279484.5, 3417688.5], [-4280352.5, 3414021.5], [-4282476.5, 3407547.75], [-4283404.0, 3406552.0], [-4284689.4987, 3406622.249399999], [-4284947.5, 3406666.5], [-4286178.0, 3407927.75], [-4287816.4991999995, 3405922.7501999997], [-4289159.0, 3405782.5], [-4295293.5, 3409263.0], [-4295975.5, 3410075.5], [-4296203.5, 3410972.75], [-4295668.0, 3418034.25], [-4294024.5, 3421962.0], [-4292380.0, 3423621.0]]], [[[-4348850.9969999995, 3413817.5089999996], [-4353245.5, 3408028.75], [-4353705.0, 3404596.0], [-4352691.0, 3402257.5], [-4350476.5, 3398362.0], [-4351850.0002, 3391344.0009000003], [-4352081.5, 3391274.0], [-4353144.0, 3392160.5], [-4355544.0, 3395269.0], [-4358207.0, 3403082.75], [-4355975.0, 3411384.0], [-4351426.0, 3423939.75], [-4350668.5, 3424310.0], [-4350001.5, 3425056.25], [-4346096.5, 3433133.75], [-4344677.4999, 3441948.75], [-4344844.5, 3442720.5], [-4345800.5, 3444524.25], [-4346701.5, 3445006.25], [-4346726.5, 3445974.0], [-4345767.5, 3451624.5], [-4344592.0, 3457260.0], [-4344462.5, 3457638.25], [-4343356.0, 3458621.25], [-4340668.0, 3458643.2508000005], [-4339811.4999, 3457828.75], [-4339910.5, 3456488.5], [-4340570.0, 3455995.5], [-4341094.0, 3455274.0], [-4341242.0, 3451870.25], [-4340356.5, 3450091.0], [-4339589.5, 3447507.75], [-4339460.5, 3440435.25], [-4340161.5, 3438752.5], [-4340470.5, 3438453.75], [-4340727.0, 3438309.5], [-4340971.0, 3438420.75], [-4341891.5, 3437778.75], [-4343828.0, 3430579.25], [-4346942.5, 3424062.5], [-4347536.9988, 3423106.749], [-4348162.5, 3421394.25], [-4349314.0, 3416962.75], [-4349328.0, 3415587.5], [-4348673.0, 3414349.75], [-4348850.9969999995, 3413817.5089999996]]], [[[-4309114.0, 3484801.75], [-4309237.5002, 3481757.0001], [-4309640.0, 3480107.5], [-4310805.0, 3478299.25], [-4311756.0, 3477966.25], [-4313129.5, 3477964.5], [-4316857.5, 3478662.75], [-4318111.5, 3480378.5], [-4317522.5, 3482300.5], [-4316549.5, 3483375.5], [-4315081.5, 3486243.25], [-4311083.0, 3488495.75], [-4310081.0, 3488250.25], [-4309806.5, 3488045.5], [-4309114.0, 3484801.75]]], [[[-4330369.0, 3487918.5], [-4333043.5, 3482752.0], [-4334254.9969999995, 3480766.2551000006], [-4334522.0, 3480471.0], [-4334820.5, 3480706.25], [-4335342.5, 3484990.0], [-4332488.999, 3492544.4999], [-4331474.5, 3494783.75], [-4331193.0, 3494976.5], [-4330798.5, 3494327.25], [-4330369.0, 3487918.5]]], [[[-4309935.0001, 3511572.75], [-4310653.5, 3508633.5], [-4310944.0, 3508038.75], [-4313874.0, 3505656.0], [-4315222.999299999, 3506001.4990999997], [-4315449.0, 3506128.5], [-4316668.0, 3507963.25], [-4316683.0, 3508561.5], [-4316073.5, 3510083.0], [-4312717.0, 3513638.75], [-4311672.0, 3513823.75], [-4310427.0, 3512627.75], [-4309935.0001, 3511572.75]]], [[[-4326838.5, 3548357.5], [-4322523.5, 3550060.5], [-4314096.0, 3550887.75], [-4312695.0, 3550117.0], [-4312017.0, 3549487.5], [-4311775.5, 3548972.5], [-4312746.0, 3545469.5], [-4313147.5, 3544590.75], [-4315476.0, 3542311.75], [-4316265.5, 3541930.0], [-4328913.5, 3543336.0], [-4330997.0, 3539103.75], [-4331013.4998, 3538671.499399999], [-4333091.4999, 3537520.2490999997], [-4334329.5, 3537291.25], [-4336360.5, 3539941.0], [-4335143.0, 3543805.25], [-4335117.0, 3544781.75], [-4336247.5, 3548327.5], [-4337526.0, 3549853.5], [-4339456.5, 3551396.25], [-4341045.5, 3551879.25], [-4342807.5, 3551873.25], [-4344934.0, 3551589.0], [-4349005.5, 3551818.25], [-4346918.5, 3559121.0], [-4346676.4999, 3559452.75], [-4345267.5, 3560494.5], [-4344991.4988, 3560484.999399999], [-4341422.0, 3557920.5], [-4340133.5, 3556744.25], [-4339371.5, 3555714.75], [-4339149.5, 3554895.75], [-4337498.5, 3555522.75], [-4334815.0, 3555504.75], [-4333295.0, 3554771.0], [-4331842.5, 3551013.25], [-4330475.0, 3548457.75], [-4330327.5, 3548202.0], [-4329527.5, 3547892.0], [-4326838.5, 3548357.5]]], [[[-4318511.5002999995, 3664299.503799999], [-4319218.499399999, 3662628.9996000007], [-4319650.0, 3662371.5], [-4322007.5, 3662698.0], [-4322115.5, 3662751.25], [-4322456.5, 3663135.0], [-4322905.0, 3664319.75], [-4323101.9991, 3665158.0007000007], [-4322280.5, 3666443.75], [-4320989.0, 3668172.25], [-4319692.5, 3669228.25], [-4319576.5, 3669229.5], [-4319375.5, 3669202.75], [-4319508.5, 3668404.75], [-4319497.0, 3668135.5], [-4319470.0, 3668034.5], [-4319370.0, 3667859.5], [-4319261.9991999995, 3667744.0013999995], [-4319081.5, 3667640.0], [-4318885.5, 3667582.5], [-4318708.0, 3667218.75], [-4318511.5002999995, 3664299.503799999]]], [[[-4311871.5, 3799732.5], [-4309834.4986000005, 3798531.2490999997], [-4310265.5, 3795675.5], [-4310717.4975000005, 3794706.5022], [-4311938.5, 3793184.75], [-4312622.0, 3792786.5], [-4312706.0, 3792753.75], [-4313105.5, 3792666.5], [-4313192.5, 3792802.75], [-4313099.0, 3793805.0], [-4313135.0, 3794010.25], [-4313322.5, 3794493.5], [-4313490.0, 3795545.5], [-4313524.5, 3796348.0], [-4313502.0, 3798697.5], [-4313452.0, 3798905.75], [-4312832.5, 3799668.0], [-4312446.0, 3799819.0], [-4311871.5, 3799732.5]]], [[[-4313434.0, 3802994.5], [-4313677.5, 3803159.25], [-4313852.0, 3803679.25], [-4313460.0009, 3805269.5001999997], [-4312884.0, 3806451.0], [-4312317.5, 3806906.0], [-4311477.5, 3808058.25], [-4311410.5, 3807989.75], [-4311324.5, 3807061.75], [-4311367.0, 3804845.5], [-4312126.0, 3803311.0], [-4312486.5, 3802825.25], [-4312712.5, 3802691.75], [-4313434.0, 3802994.5]]], [[[-4310221.9998, 3814539.2496000007], [-4310097.0, 3814186.25], [-4310005.0, 3812411.75], [-4310095.4991999995, 3812129.4997000005], [-4311095.5002, 3809590.5001], [-4311608.0, 3808731.5], [-4311965.5, 3808978.5], [-4311868.0, 3809984.25], [-4312151.0, 3811238.25], [-4312104.5, 3811433.75], [-4311396.0, 3813063.5], [-4310548.0, 3814322.25], [-4310221.9998, 3814539.2496000007]]], [[[-4357801.0, 3827483.0], [-4355640.0, 3827560.25], [-4354339.5, 3827236.75], [-4346833.5, 3818583.0], [-4341579.5, 3813009.0], [-4339958.0, 3807619.75], [-4340384.999600001, 3806897.001], [-4340976.0, 3806918.0], [-4341698.0, 3807323.0], [-4342125.0, 3807847.5], [-4344546.5, 3809191.5], [-4346770.5, 3809399.0], [-4348700.999500001, 3808621.4990999997], [-4353367.5, 3804706.5], [-4357588.5, 3802116.25], [-4357418.5001, 3805253.25], [-4355990.5, 3810948.0], [-4356038.5, 3814803.75], [-4358223.5, 3818070.75], [-4358579.0, 3819221.75], [-4357801.0, 3827483.0]]], [[[-4304976.499399999, 3855781.9997000005], [-4308405.5, 3850555.75], [-4308731.5, 3846902.5], [-4309033.5, 3845507.25], [-4310340.9925999995, 3844646.7525999993], [-4310601.0, 3844721.25], [-4310833.5, 3845050.0], [-4312574.0, 3851607.75], [-4310672.000499999, 3857993.2501], [-4310756.9991999995, 3858716.2502999995], [-4311172.5, 3859007.25], [-4313840.0, 3859432.0], [-4315982.4953000005, 3859377.000600001], [-4318115.0, 3859052.5], [-4319621.5, 3860535.5], [-4320117.0, 3861505.0], [-4320075.4991999995, 3861703.7499], [-4318140.498500001, 3864944.2508000005], [-4316095.5001, 3866058.0001999997], [-4315668.500600001, 3866654.7503999993], [-4315713.0, 3867160.0], [-4318150.9998, 3869699.001700001], [-4322921.5, 3870751.75], [-4324102.0, 3870850.0], [-4325286.0, 3874107.75], [-4322778.5, 3875888.0], [-4321993.0, 3877147.5], [-4321918.5, 3877606.75], [-4322662.0, 3881077.5], [-4323077.5, 3881368.5], [-4323765.5, 3881169.75], [-4324536.5, 3881311.5], [-4324965.0, 3882076.75], [-4324448.0, 3885234.75], [-4316688.5, 3887269.0], [-4315543.5, 3887423.75], [-4314990.0, 3887253.25], [-4313777.5002, 3888231.0001999997], [-4316911.5, 3895614.25], [-4316646.5, 3897034.25], [-4314537.0, 3897654.5], [-4313675.0, 3897689.0], [-4312160.0, 3897050.5], [-4311762.999600001, 3897310.249399999], [-4311245.0, 3898243.75], [-4312270.0, 3901974.5], [-4312524.0, 3902457.25], [-4315001.0, 3905066.75], [-4314815.0, 3908289.0], [-4314137.5, 3909550.25], [-4313431.0, 3909515.0], [-4302721.5, 3902387.75], [-4299903.5002, 3893658.0], [-4300107.0, 3885665.25], [-4299512.0, 3880051.25], [-4298971.5, 3879323.0], [-4298551.5, 3877704.5], [-4297436.0, 3871460.5], [-4297665.0, 3870169.5], [-4298538.0, 3868328.5], [-4300576.0, 3866487.25], [-4302546.0, 3863445.0], [-4300694.0, 3861407.0], [-4301934.0, 3857076.5], [-4302366.5, 3856405.75], [-4303257.5, 3856036.0], [-4304976.499399999, 3855781.9997000005]]], [[[-2972773.5, 2406963.75], [-2972790.0, 2406641.0], [-2973367.25, 2405530.0], [-2975452.75, 2404468.0], [-2980726.5, 2405021.25], [-2985303.75, 2408187.75], [-2988001.25, 2412002.75], [-2987805.5, 2412534.5], [-2987544.0, 2412622.0], [-2983872.75, 2412902.0], [-2982561.0, 2412846.75], [-2979550.5, 2411501.0], [-2977236.0, 2410229.5], [-2973053.0, 2407337.5], [-2972773.5, 2406963.75]]], [[[-2839249.5, 2413896.25], [-2839651.25, 2413675.5], [-2839738.25, 2413644.25], [-2841148.25, 2413391.75], [-2842091.0, 2413313.25], [-2842439.5, 2413616.25], [-2842962.0, 2414043.75], [-2843035.25, 2414602.5], [-2840215.0, 2415730.25], [-2839981.75, 2415501.75], [-2839424.5, 2414746.0], [-2839253.75, 2414068.0], [-2839249.5, 2413896.25]]], [[[-3105443.4944, 2420906.2496000007], [-3104474.25, 2420981.25], [-3102589.25, 2421355.75], [-3102406.25, 2421424.75], [-3101005.5, 2422365.5], [-3100291.7497000005, 2423048.4996000007], [-3100211.5, 2423104.5], [-3098622.5, 2423856.75], [-3097694.5, 2423890.2501999997], [-3097615.25, 2423882.25], [-3096621.0, 2423644.75], [-3095653.0, 2422763.25], [-3095448.0, 2422117.25], [-3095414.25, 2421517.0], [-3095664.5, 2420757.75], [-3095709.5, 2420672.0], [-3096193.25, 2420034.0], [-3096735.2346, 2419715.5091999993], [-3097840.75, 2419139.75], [-3099850.2502999995, 2418185.500499999], [-3099988.75, 2418094.25], [-3101144.5007000007, 2417195.250499999], [-3101248.25, 2417047.0], [-3101435.2501999997, 2416668.5001], [-3101696.5, 2415750.0], [-3102514.75, 2413788.25], [-3103178.25, 2412937.25], [-3104721.25, 2411111.5], [-3105040.4979, 2410912.5009000003], [-3107879.75, 2409841.75], [-3108570.0, 2409891.5], [-3108660.2469999995, 2409912.7491999995], [-3109399.75, 2410216.5], [-3109752.25, 2411999.0], [-3109747.998299999, 2412983.7499], [-3109810.25, 2413163.25], [-3110313.9992999993, 2414101.499399999], [-3110516.0, 2414437.25], [-3110652.25, 2414593.5], [-3110754.0, 2414675.75], [-3110918.25, 2414770.25], [-3111859.0, 2415130.0], [-3112855.5, 2416295.0], [-3112890.75, 2416686.25], [-3112776.0, 2416966.25], [-3111891.25, 2418200.5], [-3110982.5, 2418851.25], [-3110450.0, 2419902.75], [-3110441.25, 2420776.25], [-3110224.5, 2421681.75], [-3110090.5, 2421751.0], [-3109238.75, 2421655.5], [-3107895.0, 2421295.0], [-3106300.75, 2420994.25], [-3105443.4944, 2420906.2496000007]]], [[[-2995559.5, 2424246.75], [-2994971.25, 2424774.75], [-2991084.25, 2426157.0], [-2987492.25, 2426392.75], [-2983763.999399999, 2425245.5014999993], [-2977559.0, 2419813.0], [-2978161.0, 2418045.25], [-2979097.75, 2416680.0], [-2985574.5, 2413955.25], [-2988730.75, 2412972.0], [-2988862.75, 2413546.25], [-2989143.5, 2413837.0], [-2991381.249, 2414710.000499999], [-2993441.75, 2415096.0], [-2995716.0, 2419152.25], [-2996470.25, 2420954.75], [-2995559.5, 2424246.75]]], [[[-2931722.75, 2424406.75], [-2931694.5, 2424388.25], [-2931332.0, 2423906.0], [-2931290.7498000003, 2423691.5], [-2931291.7491999995, 2423648.7503999993], [-2931364.75, 2423420.75], [-2931527.25, 2423285.25], [-2932550.75, 2422788.25], [-2934222.0, 2422752.75], [-2935129.5, 2423116.5], [-2935425.4987000003, 2423321.250499999], [-2935633.75, 2424847.75], [-2935423.0, 2425264.5], [-2935222.0, 2425422.75], [-2935184.75, 2425436.0], [-2934617.0, 2425447.500600001], [-2931722.75, 2424406.75]]], [[[-2970515.749399999, 2424998.2509000003], [-2972687.75, 2428341.75], [-2971937.0, 2429267.25], [-2966869.25, 2428012.5], [-2967326.5, 2425151.25], [-2968798.5, 2423007.75], [-2970289.5, 2423675.25], [-2970515.749399999, 2424998.2509000003]]], [[[-2893851.25, 2429248.0], [-2888988.0, 2425049.25], [-2888242.4999, 2424895.000600001], [-2887211.4986000005, 2425351.9992999993], [-2886115.0, 2425060.0], [-2885155.5, 2424584.25], [-2884275.5, 2423592.0], [-2882975.4997000005, 2418904.2498000003], [-2883670.75, 2417541.0], [-2887162.0, 2416938.25], [-2889660.0, 2418112.5], [-2891480.75, 2420042.75], [-2900118.5, 2424424.25], [-2901180.5, 2424653.25], [-2902674.75, 2424719.5], [-2904095.0, 2424471.5], [-2904639.5, 2424222.5], [-2905540.0, 2423295.75], [-2905581.5, 2422948.0], [-2905313.25, 2422171.5], [-2905864.0003999993, 2421102.0008000005], [-2907298.25, 2420230.5], [-2910710.75, 2419163.75], [-2914162.75, 2420567.0], [-2914354.25, 2420824.25], [-2915109.0, 2424161.25], [-2912760.75, 2424505.0], [-2911557.25, 2425385.0], [-2910064.9990999997, 2428442.2501999997], [-2909667.2501999997, 2430088.499], [-2912934.75, 2430270.5], [-2913093.25, 2430572.5], [-2912129.7492999993, 2432026.7496000007], [-2908497.75, 2434558.0], [-2907659.75, 2434827.5], [-2903373.5, 2435354.5], [-2899912.25, 2436393.75], [-2898248.25, 2437205.5], [-2897554.0, 2437948.5], [-2896062.25, 2437962.0], [-2895239.0, 2437559.0], [-2893705.0, 2436367.5], [-2893111.5, 2433163.0], [-2893513.0, 2431846.0], [-2894525.5, 2430913.5], [-2893851.25, 2429248.0]]], [[[-3009797.75, 2436648.25], [-3007013.25, 2436350.5], [-3000862.75, 2436310.0], [-2996978.5, 2436462.5], [-2994167.0, 2433269.5], [-2993674.0, 2430257.25], [-2993854.75, 2429128.5], [-2995077.2496000007, 2427333.2501], [-2995601.0, 2426976.0], [-2998517.25, 2426919.25], [-2999196.25, 2428273.6500000004], [-2998534.25, 2429141.5], [-2997537.5, 2429120.25], [-2997204.75, 2429258.25], [-2996251.75, 2430116.0], [-2994605.5, 2432331.0], [-2994689.75, 2432792.5], [-2996041.25, 2434600.5], [-2997108.0, 2435658.25], [-2997493.7496000007, 2435798.4991999995], [-2998478.75, 2435310.0], [-3000359.5, 2433677.25], [-3001263.0, 2432428.25], [-3001744.8499999996, 2428449.8000000007], [-3003384.75, 2426990.75], [-3004051.25, 2427144.5], [-3005199.0, 2428020.75], [-3007355.75, 2428878.75], [-3011650.0, 2429387.75], [-3016064.0, 2429075.5], [-3016888.25, 2428893.5], [-3018744.5, 2427953.0], [-3020333.25, 2427730.75], [-3021706.0, 2427703.75], [-3022722.25, 2428345.75], [-3023250.25, 2429482.5], [-3023221.25, 2430320.5], [-3022660.25, 2432222.5], [-3022340.7498000003, 2432617.4998000003], [-3020935.25, 2433552.0], [-3017897.25, 2434685.0], [-3011884.0, 2436594.25], [-3009797.75, 2436648.25]]], [[[-2846765.25, 2428439.0], [-2851157.5, 2437613.0], [-2851190.0, 2439628.25], [-2850692.0, 2442663.25], [-2850775.75, 2443129.5], [-2855721.5, 2448798.0], [-2858020.9999, 2449646.7498000003], [-2858425.25, 2449575.25], [-2860678.249, 2447482.7511], [-2860883.5, 2446918.75], [-2860163.5, 2445802.0], [-2857935.5, 2444554.0], [-2856353.25, 2442938.25], [-2855157.0, 2439822.75], [-2853620.25, 2430084.25], [-2854135.5, 2427501.0], [-2854362.0007000007, 2427010.7507000007], [-2856362.75, 2425109.75], [-2860305.5, 2423024.25], [-2864784.5, 2422006.75], [-2866692.25, 2421727.25], [-2866259.75, 2422838.75], [-2869591.25, 2425599.0], [-2872176.75, 2425126.5], [-2872470.5, 2425394.0], [-2873429.5, 2429877.75], [-2873016.25, 2431425.75], [-2872194.25, 2432621.25], [-2870914.0, 2433669.25], [-2873900.25, 2438285.25], [-2874338.75, 2438709.0], [-2882245.0, 2443595.75], [-2882655.5, 2443595.75], [-2884120.0, 2442784.75], [-2884411.0, 2442369.5], [-2884114.25, 2441171.0], [-2882746.25, 2437979.25], [-2882440.5, 2437638.0], [-2879305.25, 2435894.5], [-2878084.5, 2435897.5], [-2877415.25, 2432862.0], [-2878405.25, 2429147.75], [-2879427.25, 2428941.5], [-2881838.0, 2429014.0], [-2887356.5, 2430556.25], [-2889682.0, 2432723.0], [-2893162.75, 2438448.25], [-2894115.75, 2439099.0], [-2900760.25, 2440140.75], [-2906397.998400001, 2438427.2498000003], [-2909265.75, 2437169.25], [-2911331.0, 2437078.5], [-2911488.5, 2437461.25], [-2911413.25, 2437914.25], [-2910773.5, 2439516.25], [-2909717.5, 2440906.75], [-2908090.75, 2442108.25], [-2907367.4998000003, 2442954.2498000003], [-2907130.0, 2443595.0], [-2907329.25, 2444316.5], [-2907937.75, 2445042.0], [-2909998.25, 2445977.5], [-2910502.25, 2445619.5], [-2910573.25, 2444587.75], [-2913983.0, 2437194.5], [-2915211.7502999995, 2435735.2503999993], [-2915996.499, 2435161.0008000005], [-2916738.25, 2434886.75], [-2917091.25, 2435101.5], [-2917892.5, 2438317.75], [-2917854.75, 2439673.75], [-2918211.5, 2440381.5], [-2922704.25, 2443244.25], [-2926045.4985000007, 2442780.7501], [-2926250.75, 2442425.25], [-2926082.75, 2441871.75], [-2922968.25, 2438304.25], [-2923934.75, 2431118.0], [-2924393.25, 2430256.75], [-2926340.5, 2429011.25], [-2931260.5, 2427589.75], [-2935058.5, 2431266.0001999997], [-2935563.7501, 2431310.2501999997], [-2941655.5, 2427745.0], [-2941073.25, 2427497.25], [-2939455.0, 2426276.75], [-2939641.75, 2425379.5], [-2942555.75, 2424534.0], [-2947072.5, 2428123.0], [-2949708.0, 2428603.0], [-2950295.75, 2428226.75], [-2950655.25, 2427320.25], [-2950906.5, 2427062.5], [-2957715.75, 2425249.25], [-2961517.5, 2425647.25], [-2962775.75, 2426223.0], [-2969366.75, 2432654.5], [-2969652.75, 2433281.25], [-2966593.25, 2435191.25], [-2958430.25, 2438683.25], [-2948742.75, 2439675.75], [-2947132.25, 2439241.25], [-2943696.0, 2437844.0], [-2943194.0, 2437807.75], [-2940975.4957, 2438198.251], [-2939844.0, 2438722.0], [-2939244.75, 2439277.0], [-2939142.25, 2441477.75], [-2939282.5, 2441863.5], [-2939846.5, 2442068.75], [-2940915.0, 2441495.0], [-2942398.0, 2441882.25], [-2943705.5, 2442411.25], [-2945072.0, 2443658.0], [-2945349.75, 2444222.25], [-2944856.75, 2444863.0], [-2941548.25, 2447642.0], [-2934854.2501, 2451199.7501], [-2933963.25, 2451427.5], [-2931545.75, 2451842.25], [-2930995.75, 2451711.75], [-2930126.5, 2451141.75], [-2929407.4998000003, 2450902.7509000003], [-2925963.0, 2450955.5], [-2922613.25, 2451390.75], [-2922254.75, 2451749.25], [-2921514.25, 2454091.0], [-2921645.5, 2454581.0], [-2922300.4999, 2454859.499399999], [-2931255.25, 2453726.0], [-2936942.5, 2453714.25], [-2942853.25, 2451556.25], [-2946630.4991999995, 2449878.749], [-2948818.5, 2449436.0], [-2949308.5, 2449624.5], [-2949789.0, 2450317.0], [-2948189.043299999, 2454590.6547], [-2944157.2412, 2457004.6624999996], [-2940616.2499, 2459348.4998000003], [-2938298.75, 2459461.7498000003], [-2935162.75, 2458678.5], [-2934068.75, 2459451.0], [-2937918.75, 2467892.5], [-2941083.0, 2471832.0], [-2944806.5, 2474804.5], [-2946684.7463000007, 2476053.4987000003], [-2952202.75, 2478677.75], [-2953824.75, 2478548.25], [-2954733.5, 2478163.0], [-2956164.25, 2476922.5], [-2957428.75, 2473881.0], [-2957120.0, 2471299.0], [-2955397.5, 2469035.25], [-2954810.5, 2468745.25], [-2953146.498400001, 2468600.499500001], [-2948420.7498000003, 2470787.499500001], [-2947495.7499, 2470999.9991999995], [-2947160.0, 2470939.5], [-2945638.0, 2470393.5], [-2938065.0, 2464937.0], [-2937827.75, 2464621.0], [-2937759.5, 2463672.75], [-2939178.5, 2462014.75], [-2940447.25, 2460970.0], [-2942536.7313, 2459986.3961999994], [-2948694.6613, 2456161.998299999], [-2951352.2951999996, 2455384.1556], [-2951747.25, 2452053.25], [-2953973.5, 2450711.5], [-2963406.75, 2447237.75], [-2966009.5, 2447310.75], [-2968192.75, 2447679.0], [-2968688.75, 2447899.5], [-2968768.75, 2448090.5], [-2967476.0, 2448823.0], [-2964820.75, 2451232.75], [-2963153.5, 2453627.25], [-2962765.0, 2454840.25], [-2962550.75, 2461763.0], [-2962658.75, 2462684.25], [-2964607.25, 2467920.75], [-2965395.75, 2468876.5], [-2965506.25, 2469663.0], [-2965280.5, 2470375.0], [-2961336.2499, 2473572.9998000003], [-2957388.0, 2477880.5], [-2950795.9998000003, 2485892.5003999993], [-2950121.0001, 2487003.0001], [-2947501.25, 2493746.75], [-2947137.0, 2496825.25], [-2950309.0, 2504547.5], [-2945984.0, 2509942.0], [-2945653.75, 2509140.25], [-2945089.75, 2508935.0], [-2940627.5, 2510332.75], [-2938654.0, 2512594.25], [-2938654.0, 2513096.0], [-2939090.75, 2513704.25], [-2938801.5, 2514050.25], [-2927875.75, 2517514.25], [-2926980.75, 2517466.25], [-2923135.25, 2515964.0], [-2912198.0, 2516063.0], [-2909868.25, 2516852.25], [-2906994.75, 2516502.0], [-2900095.0, 2514812.0], [-2898577.0, 2513642.75], [-2892662.5, 2506049.25], [-2892174.25, 2504667.0], [-2892515.5, 2502120.75], [-2896493.492799999, 2496667.258199999], [-2897494.5, 2495858.0], [-2898074.25, 2493352.25], [-2897743.0, 2492305.75], [-2897787.0, 2491707.5], [-2898439.75, 2490455.25], [-2900487.75, 2488193.25], [-2904267.0001999997, 2482819.0001], [-2905307.249399999, 2480498.75], [-2905473.0, 2475951.75], [-2906126.75, 2473028.75], [-2906988.499399999, 2470725.9998000003], [-2908431.5, 2467770.5], [-2908702.75, 2465955.0], [-2908154.75, 2463873.75], [-2907976.75, 2463619.25], [-2907150.75, 2463138.0], [-2906660.75, 2463269.25], [-2906446.4998000003, 2463728.9999], [-2907039.0, 2465519.75], [-2906930.75, 2466473.75], [-2905452.0, 2469891.0], [-2903558.0, 2473106.0], [-2902494.5, 2476666.0], [-2902188.75, 2479272.25], [-2902494.0, 2479953.5], [-2902239.5, 2482451.5], [-2899208.2501, 2486515.7501], [-2897602.75, 2488073.75], [-2893690.25, 2490869.25], [-2889719.0, 2491406.0], [-2890620.25, 2490733.5], [-2890854.5, 2489756.0], [-2890402.25, 2486169.25], [-2888267.0, 2481839.5], [-2887828.5, 2481570.5], [-2887239.5, 2481894.5], [-2886911.0001, 2484382.0], [-2888211.5, 2485662.0], [-2888725.25, 2486807.0], [-2888785.25, 2489706.75], [-2888073.25, 2496872.25], [-2887704.5, 2498159.25], [-2886756.0, 2498911.0], [-2886440.75, 2499054.25], [-2885399.5, 2498933.75], [-2882076.75, 2495308.25], [-2878402.5, 2490394.25], [-2878181.5, 2489022.25], [-2878525.25, 2487466.25], [-2879473.5, 2485528.75], [-2878693.75, 2482941.0], [-2878233.9997000005, 2482726.7508000005], [-2877541.75, 2482967.5], [-2876367.25, 2486794.0], [-2876091.0, 2488739.5], [-2876490.75, 2493139.75], [-2879542.0001, 2500786.999], [-2881768.5, 2504268.0], [-2883294.25, 2504998.75], [-2883296.0, 2505234.5], [-2882243.249399999, 2508160.2498000003], [-2878826.249, 2512401.5007000007], [-2875646.9991999995, 2515382.7501999997], [-2866969.75, 2515822.5], [-2863245.999, 2514580.999500001], [-2860720.75, 2513436.75], [-2857389.25, 2509572.5], [-2859204.75, 2503503.25], [-2860226.25, 2501332.25], [-2863071.25, 2496909.25], [-2864559.499399999, 2495972.499399999], [-2866710.0, 2493825.0], [-2869309.25, 2489819.25], [-2871278.0, 2486238.25], [-2871600.75, 2484891.5], [-2871491.0, 2484650.25], [-2871109.5, 2484572.75], [-2865538.75, 2487634.25], [-2864166.75, 2492439.25], [-2863332.75, 2493226.5], [-2860568.0, 2495281.0], [-2860285.5, 2495291.5], [-2858139.5, 2492517.25], [-2857901.75, 2490771.5], [-2858819.5, 2488654.0], [-2859712.5, 2487601.0], [-2860518.5, 2484929.0], [-2860555.0, 2483863.5], [-2860364.25, 2483443.0], [-2858852.5, 2482552.75], [-2857606.5, 2483192.0], [-2857249.25, 2483529.25], [-2855935.5, 2486752.75], [-2856462.75, 2492976.75], [-2856812.5, 2493874.25], [-2857418.75, 2494310.25], [-2857654.0, 2495617.5], [-2856819.5, 2497889.5], [-2855949.0, 2499433.75], [-2855171.5, 2500298.0], [-2854391.5, 2500602.5], [-2853315.25, 2499225.75], [-2852768.25, 2497452.25], [-2852611.75, 2496167.0], [-2851765.25, 2492557.75], [-2849597.0, 2488604.0], [-2847149.25, 2486123.75], [-2847130.5, 2485829.25], [-2847381.25, 2485446.25], [-2851667.25, 2482103.0], [-2852527.0, 2481137.0], [-2852745.0, 2480707.25], [-2852865.75, 2479341.25], [-2852755.75, 2479100.75], [-2852512.25, 2479001.0], [-2852148.75, 2479194.75], [-2845656.0, 2485495.5], [-2844438.75, 2487132.0], [-2842242.0, 2491000.5], [-2841729.75, 2492989.0], [-2841103.75, 2494578.0], [-2840253.75, 2495532.75], [-2839475.25, 2493880.75], [-2839107.0, 2492167.0], [-2838906.25, 2486271.5], [-2838701.0, 2485916.0], [-2838315.25, 2485775.75], [-2837929.5, 2485916.0], [-2837390.9979, 2486520.2535999995], [-2836642.4997000005, 2487926.4998000003], [-2835993.0, 2496881.5], [-2836074.0, 2498765.25], [-2836881.5, 2501914.0], [-2836476.25, 2504420.75], [-2835882.249500001, 2505911.9998000003], [-2835028.25, 2506294.5], [-2834368.5, 2506156.0], [-2833048.75, 2504610.0], [-2831439.75, 2496746.25], [-2830283.0, 2493042.75], [-2827284.25, 2490254.5], [-2825318.25, 2489486.0], [-2823901.5, 2488600.5], [-2821678.5, 2482830.75], [-2821161.25, 2480429.25], [-2821836.25, 2479212.5], [-2823474.75, 2479145.75], [-2824740.5, 2479584.0], [-2825850.75, 2479581.75], [-2830953.5, 2477477.0], [-2832591.5, 2476320.75], [-2836701.0, 2472714.75], [-2837701.5, 2471226.75], [-2838254.25, 2467399.0], [-2837886.75, 2466634.5], [-2837531.25, 2466429.25], [-2837041.25, 2466560.5], [-2834609.25, 2469877.5], [-2833594.25, 2470975.75], [-2831531.0, 2473044.5], [-2829365.75, 2474865.25], [-2827798.0001, 2475276.5001999997], [-2824686.25, 2475234.75], [-2824547.4991999995, 2475148.9999], [-2824938.25, 2472962.75], [-2825530.5, 2471551.5], [-2812148.75, 2470460.25], [-2805545.25, 2470672.5], [-2801690.5, 2469927.75], [-2800986.25, 2462206.5], [-2801934.75, 2461750.0], [-2804971.25, 2461265.25], [-2805194.75, 2461688.0], [-2805304.5, 2463240.0], [-2807384.5, 2467820.75], [-2808080.8000000007, 2468169.0], [-2808623.0, 2468047.25], [-2812613.25, 2458377.5], [-2812601.5, 2457643.5], [-2812337.75, 2457329.25], [-2809561.25, 2456762.5013999995], [-2808094.5, 2456873.25], [-2808021.75, 2456683.75], [-2807807.25, 2454440.0], [-2810956.25, 2450280.0], [-2812346.0, 2449546.75], [-2812825.0, 2449470.75], [-2813480.75, 2449866.75], [-2813641.0, 2450431.25], [-2812988.0, 2452076.25], [-2811509.0, 2452426.75], [-2811192.75, 2452768.0], [-2811192.75, 2453178.5], [-2811551.25, 2453537.0], [-2815619.5, 2454720.75], [-2818264.4964000005, 2454831.5001999997], [-2819230.5, 2454638.5], [-2822039.0, 2453239.5], [-2822828.0, 2452464.25], [-2825297.0, 2447903.75], [-2823635.75, 2444635.25], [-2827870.2498000003, 2441551.2491999995], [-2829133.5, 2441116.0], [-2829038.75, 2438743.5], [-2822889.7492999993, 2437738.499399999], [-2816729.5, 2430735.0], [-2816827.4992999993, 2430076.2492999993], [-2819430.5, 2427500.0], [-2827582.25, 2426516.75], [-2829816.5, 2426726.0], [-2830941.25, 2426647.75], [-2832519.0, 2425875.5], [-2835639.25, 2423758.75], [-2837678.75, 2421443.0], [-2838271.25, 2420392.75], [-2840070.75, 2420439.75], [-2840337.25, 2420610.75], [-2841607.25, 2423912.75], [-2842414.0, 2427195.25], [-2843607.749500001, 2429583.9988], [-2844584.75, 2429052.0], [-2846602.5, 2428320.0], [-2846765.25, 2428439.0]]], [[[-2755391.0, 2474078.25], [-2752963.25, 2474134.25], [-2752476.75, 2472982.25], [-2752224.2498000003, 2471671.9999], [-2752726.2499, 2470608.9999], [-2755295.75, 2468103.0], [-2757863.0, 2466318.25], [-2761805.0, 2466382.25], [-2762218.0, 2466685.25], [-2761513.75, 2469563.75], [-2761101.4998000003, 2470154.9999], [-2756204.75, 2473879.75], [-2755391.0, 2474078.25]]], [[[-3131958.75, 2480636.0], [-3131854.4999, 2480644.999399999], [-3131658.7467, 2480716.500600001], [-3131573.0, 2480776.25], [-3131439.25, 2480936.0], [-3131367.75, 2481131.75], [-3131361.25, 2481381.25], [-3131397.5, 2481575.25], [-3131508.75, 2481797.75], [-3131351.75, 2482105.75], [-3131044.75, 2482359.5], [-3131011.75, 2482368.75], [-3129878.2496000007, 2482064.7499], [-3130121.5, 2481006.0], [-3131160.75, 2479084.25], [-3131859.75, 2478264.25], [-3133276.0, 2476662.0], [-3133534.25, 2476398.75], [-3133774.0, 2476384.0], [-3134723.0, 2476592.5], [-3135171.5, 2477311.0], [-3135328.75, 2479741.75], [-3134985.0, 2481767.5], [-3134935.25, 2481863.25], [-3134551.75, 2482238.0], [-3134046.5, 2481355.25], [-3133986.75, 2481269.5], [-3133827.0, 2481135.75], [-3133631.2491999995, 2481064.2502999995], [-3132063.0, 2480645.0], [-3131958.75, 2480636.0]]], [[[-2817643.5, 2486699.5], [-2811980.5, 2483507.75], [-2812619.0, 2482881.5], [-2816230.25, 2480408.5], [-2816661.75, 2480356.5], [-2818130.999500001, 2479896.2514999993], [-2819211.0, 2480098.5], [-2819711.25, 2480509.75], [-2820816.25, 2484604.5], [-2819941.75, 2486322.0], [-2818899.999399999, 2486920.251599999], [-2818334.0, 2486988.25], [-2817643.5, 2486699.5]]], [[[-3126889.0, 2494112.0], [-3126032.5, 2495395.0], [-3125693.25, 2495785.0], [-3122391.25, 2498600.75], [-3120997.25, 2499300.25], [-3120000.25, 2498824.5], [-3119932.5, 2498779.75], [-3119615.25, 2498499.25], [-3119727.9997000005, 2498349.5012], [-3119904.25, 2498268.75], [-3120438.5, 2498399.5], [-3120647.0, 2498399.5], [-3121202.0, 2498220.5], [-3121311.5, 2498171.0], [-3122695.75, 2497101.0], [-3123168.0, 2496710.75], [-3123272.0, 2496530.25], [-3123299.25, 2496429.25], [-3123562.75, 2494998.0], [-3124729.75, 2492960.5], [-3125151.5, 2492424.5], [-3125873.75, 2491951.0], [-3126622.5, 2491847.5], [-3126682.0, 2492063.25], [-3126889.0, 2494112.0]]], [[[-2781690.0, 2482580.5], [-2781529.0, 2479913.5], [-2781252.75, 2479159.25], [-2781388.25, 2478831.75], [-2782420.75, 2478397.75], [-2785992.5, 2481013.5], [-2788492.5, 2485833.5], [-2790934.5, 2486616.5], [-2793675.0, 2486892.0], [-2792907.25, 2490836.75], [-2790257.75, 2493660.25], [-2789792.5001999997, 2494400.0001], [-2789747.999399999, 2495354.000600001], [-2790106.5, 2495712.5], [-2790687.0, 2495897.5], [-2791091.25, 2495826.0], [-2793579.0, 2494085.25], [-2794970.0, 2492587.75], [-2797230.75, 2490695.0], [-2800514.0, 2488487.25], [-2803404.5, 2487569.75], [-2805967.5, 2488594.25], [-2811286.25, 2487640.0], [-2813619.75, 2486489.5], [-2814514.75, 2486891.75], [-2817002.75, 2489655.75], [-2819534.25, 2500428.0], [-2819092.0, 2503469.5], [-2818157.0, 2505522.5], [-2817268.25, 2506695.25], [-2820369.75, 2510305.5], [-2820292.9989, 2511245.7575000003], [-2818977.0, 2517514.75], [-2816709.75, 2519607.75], [-2814915.0, 2520777.0], [-2814165.75, 2520849.25], [-2812611.5, 2520508.5], [-2812116.25, 2520064.5], [-2811911.0, 2518549.75], [-2809991.5, 2514897.75], [-2807552.75, 2511593.0], [-2806158.5, 2511261.5], [-2805699.0001999997, 2511647.2501999997], [-2805219.9997000005, 2514548.4999], [-2805773.0, 2516661.5], [-2806587.5, 2518511.0], [-2806126.5, 2521140.25], [-2805829.5, 2521654.0], [-2805537.4998000003, 2521834.4998000003], [-2800047.5, 2523203.5], [-2799693.2490999997, 2522905.2507000007], [-2798946.75, 2521220.75], [-2798695.25, 2520453.75], [-2798755.0, 2519851.5], [-2797796.25, 2516912.25], [-2796586.4987000003, 2514573.2499], [-2793415.8477, 2513128.026799999], [-2791765.2402999997, 2511081.2727000006], [-2792293.4344999995, 2508440.3003000002], [-2790675.8378999997, 2508803.4342], [-2790114.632200001, 2510982.2365000006], [-2788298.963199999, 2513128.026799999], [-2784490.2499, 2516251.7499], [-2784304.2491999995, 2518600.5013999995], [-2782723.75, 2523143.5], [-2776639.0, 2520099.25], [-2774647.0, 2519861.0], [-2770155.2492999993, 2522686.7489], [-2767029.0, 2517112.0], [-2767316.2499, 2514516.5013999995], [-2770531.5, 2512206.0], [-2774587.0, 2505173.5], [-2774587.0, 2504763.0], [-2772767.5, 2499323.25], [-2772349.5, 2499069.75], [-2771871.25, 2499056.25], [-2770267.0, 2499881.0], [-2768682.75, 2502996.25], [-2764058.75, 2504945.25], [-2760140.5, 2505512.75], [-2759793.9988, 2505445.2486000005], [-2759975.75, 2503028.0], [-2761227.5, 2499064.0], [-2761466.0, 2498773.75], [-2762198.25, 2499414.0], [-2762703.5, 2499458.25], [-2763881.2501, 2498035.25], [-2763952.75, 2497631.0], [-2763708.0, 2497149.0], [-2762143.5, 2495529.5], [-2760701.0, 2494987.5], [-2759945.5, 2495125.25], [-2758646.5, 2495946.5], [-2755475.7491999995, 2495967.0001], [-2755287.5, 2492834.5], [-2756029.0, 2492042.0], [-2756375.2499, 2491958.2498000003], [-2757675.75, 2491523.5], [-2763637.25, 2488197.75], [-2765955.500600001, 2486182.000499999], [-2768010.75, 2483887.0], [-2767983.5, 2483577.5], [-2767719.75, 2483263.25], [-2766630.5, 2483017.25], [-2765282.9990999997, 2483751.750600001], [-2764323.75, 2484613.75], [-2763761.75, 2485390.0], [-2759938.2501, 2486961.7501], [-2753164.75, 2487205.75], [-2753037.25, 2487138.75], [-2753058.5, 2486854.0], [-2753726.25, 2485275.5], [-2754446.500499999, 2484170.2503999993], [-2758103.25, 2479784.5], [-2761877.75, 2476000.75], [-2763772.5, 2475251.25], [-2771719.5, 2473689.0], [-2772522.0, 2473715.0], [-2773395.75, 2473964.5], [-2773911.0, 2474335.25], [-2775393.499500001, 2479842.2499], [-2774912.0, 2482438.0], [-2774608.2508000005, 2482985.2503999993], [-2774179.75, 2483334.25], [-2773265.5, 2483295.5], [-2772850.25, 2483586.5], [-2772206.0, 2485267.75], [-2771895.0, 2486969.25], [-2771867.4992999993, 2487667.249], [-2771998.75, 2487948.75], [-2774010.0, 2489778.0], [-2774327.5, 2490334.5], [-2774766.5, 2490544.75], [-2775170.75, 2490473.25], [-2781423.5, 2484140.5], [-2781606.25, 2483674.25], [-2781690.0, 2482580.5]]], [[[-2850388.999, 2505910.25], [-2850067.5, 2509158.75], [-2849812.75, 2509942.25], [-2849472.5, 2510309.5], [-2846840.7489, 2511891.5], [-2846361.25, 2512029.75], [-2844785.25, 2511610.0], [-2843929.5, 2511125.0], [-2843735.75, 2510862.5], [-2842245.5, 2503147.75], [-2841790.0, 2495754.25], [-2842985.2491999995, 2494237.7511], [-2842845.5, 2493215.0], [-2843173.75, 2491706.25], [-2845031.0, 2487615.5], [-2846507.5, 2486323.75], [-2846691.5, 2486486.0], [-2849286.25, 2493025.0], [-2850407.25, 2502637.5], [-2850388.999, 2505910.25]]], [[[-3333827.0, 2496437.25], [-3334878.2486000005, 2496942.0008000005], [-3335812.75, 2498101.5], [-3335765.5, 2498749.5], [-3335080.0, 2500806.75], [-3334476.0, 2501448.75], [-3332826.0, 2501940.25], [-3331215.0, 2503252.0], [-3326778.75, 2499488.0], [-3326717.0, 2498584.0], [-3327656.999500001, 2497368.0012], [-3330364.0, 2496459.75], [-3331756.2501, 2496270.7496000007], [-3333827.0, 2496437.25]]], [[[-2828293.5, 2507593.0], [-2828798.25, 2508598.25], [-2831161.75, 2511182.25], [-2834545.75, 2512930.0], [-2835016.498299999, 2516632.7513999995], [-2834789.0, 2516907.25], [-2833132.5, 2517483.0], [-2825088.7501, 2519326.000600001], [-2822066.75, 2517476.0], [-2822758.25, 2511551.25], [-2822636.75, 2509798.5], [-2822318.5, 2509244.0], [-2820237.999, 2507910.4999], [-2820276.25, 2504727.75], [-2821128.7475000005, 2501359.2588], [-2821328.5, 2499747.5], [-2819403.5, 2493241.5], [-2819006.75, 2492677.0], [-2818321.0, 2491503.75], [-2819001.0, 2490645.75], [-2821559.25, 2491447.5], [-2823355.75, 2493044.5], [-2825669.5, 2496985.5], [-2826178.0, 2498762.0], [-2826515.75, 2501803.0], [-2828293.5, 2507593.0]]], [[[-3335492.0, 2511372.25], [-3335529.75, 2512052.0], [-3335068.25, 2512200.25], [-3330177.5, 2512109.25], [-3329017.749500001, 2512878.4991999995], [-3327179.75, 2516265.25], [-3328427.0, 2517476.0], [-3329402.5, 2517439.5], [-3330294.25, 2517870.5], [-3330126.0, 2518447.5], [-3329936.250499999, 2518607.000600001], [-3327125.9942000005, 2519363.7509000003], [-3325577.0, 2519514.75], [-3324909.5, 2519485.0], [-3323611.25, 2518432.75], [-3322280.5, 2517625.0], [-3321652.4996000007, 2515683.4998000003], [-3322397.249399999, 2514308.249500001], [-3327619.0003999993, 2508636.5008000005], [-3327800.5, 2508541.75], [-3331482.25, 2509010.5], [-3334306.25, 2510217.75], [-3334997.5, 2510707.5], [-3335492.0, 2511372.25]]], [[[-2794550.9991999995, 2518598.5035999995], [-2793873.0002999995, 2520977.2501], [-2793724.75, 2521234.75], [-2793711.25, 2521254.0], [-2793228.25, 2521440.5], [-2792703.0, 2521479.75], [-2792608.2499, 2521471.750499999], [-2791971.75, 2521311.5], [-2791610.5, 2521191.25], [-2790906.75, 2520779.75], [-2789931.75, 2518244.25], [-2789697.0, 2517565.5], [-2789697.0, 2516965.5], [-2789746.75, 2516177.0], [-2789880.5, 2516017.25], [-2789952.0, 2515821.5], [-2789966.25, 2515663.75], [-2789959.5, 2514987.25], [-2789923.25, 2514788.0], [-2789879.0, 2514693.25], [-2789799.25, 2514579.0], [-2789526.25, 2514294.0], [-2789713.75, 2513924.0], [-2790323.5, 2512648.75], [-2790637.0, 2511944.25], [-2790795.25, 2511311.25], [-2791830.25, 2512666.5], [-2791801.5, 2513712.25], [-2792126.25, 2514707.0], [-2792429.5, 2515260.75], [-2793568.25, 2516875.5], [-2794214.25, 2517529.25], [-2794393.75, 2517833.75], [-2794428.25, 2517922.75], [-2794551.75, 2518557.75], [-2794550.9991999995, 2518598.5035999995]]], [[[-2554922.4976000004, 2515866.2576], [-2554148.75, 2513852.75], [-2554511.25, 2513384.5], [-2555539.5, 2512960.75], [-2556119.75, 2513254.5], [-2556566.5, 2515154.25], [-2556346.75, 2516395.5], [-2555022.5, 2517941.5], [-2554700.5, 2518979.0], [-2553725.25, 2520090.25], [-2553197.0001999997, 2520448.0002999995], [-2552934.0, 2520218.25], [-2553381.0, 2518963.0], [-2554922.4976000004, 2515866.2576]]], [[[-2600294.7474000007, 2518442.2525999993], [-2601077.75, 2518921.5], [-2601044.25, 2519337.25], [-2600509.2499, 2519420.7498000003], [-2600286.25, 2519690.5], [-2600057.7490999997, 2521251.9999], [-2600399.4996000007, 2521600.249399999], [-2602821.75, 2521631.0], [-2604315.75, 2521109.25], [-2607014.75, 2518833.0], [-2607896.5, 2520704.0], [-2607673.75, 2521475.5], [-2603857.25, 2524507.0], [-2603537.0, 2524569.75], [-2598993.0, 2522930.75], [-2597195.75, 2521529.75], [-2600294.7474000007, 2518442.2525999993]]], [[[-2745213.0, 2524003.5], [-2754259.0, 2516832.75], [-2754807.75, 2516669.0], [-2763951.0, 2515962.75], [-2765899.75, 2518390.0], [-2766234.0, 2519232.25], [-2767861.0, 2524482.0], [-2767508.0, 2526369.0], [-2765881.4990999997, 2529047.499399999], [-2763948.5, 2530912.75], [-2763223.25, 2531292.75], [-2759975.75, 2531149.75], [-2755498.5, 2532124.0], [-2756267.5500000007, 2530129.5999999996], [-2756500.75, 2529008.5], [-2755859.5, 2527596.0], [-2750919.25, 2526156.75], [-2748577.7410000004, 2526095.248400001], [-2747038.25, 2525748.0], [-2745213.0, 2524003.5]]], [[[-2617054.0, 2531532.25], [-2615409.75, 2528986.5], [-2615354.75, 2528329.5], [-2615607.75, 2526935.5], [-2616019.25, 2526096.0], [-2617662.75, 2524755.5], [-2619037.9891, 2523950.2556], [-2624112.490700001, 2522220.2524999995], [-2626913.25, 2522036.25], [-2627628.0, 2522042.75], [-2627827.5, 2522182.75], [-2628553.25, 2525648.25], [-2627628.5, 2526486.75], [-2624492.5, 2528267.75], [-2623937.75, 2528295.5], [-2623575.5, 2528086.25], [-2622880.0, 2527991.25], [-2620372.4990999997, 2529037.7496000007], [-2619020.7501, 2530064.0001], [-2618903.0, 2530776.0], [-2617054.0, 2531532.25]]], [[[-3317003.2380999997, 2539352.0012999997], [-3311600.75, 2539589.0], [-3312907.5, 2537442.75], [-3317846.0, 2532017.5], [-3320661.75, 2529300.75], [-3323446.5, 2528781.25], [-3326553.0, 2526526.75], [-3327539.5, 2524281.0], [-3328042.0, 2521735.5], [-3329120.25, 2523638.25], [-3331990.25, 2526222.25], [-3334438.75, 2527457.5], [-3334453.0, 2527779.75], [-3334085.5, 2528934.75], [-3333222.5, 2529808.25], [-3331433.7409000006, 2531145.255999999], [-3328200.75, 2533181.75], [-3326296.25, 2532855.75], [-3325226.75, 2532291.75], [-3321250.0, 2534580.25], [-3320270.25, 2535730.5], [-3318816.5, 2538265.5], [-3317800.75, 2539184.25], [-3317003.2380999997, 2539352.0012999997]]], [[[-2671674.75, 2538555.5], [-2671647.5, 2538541.0], [-2670646.5, 2536895.75], [-2670216.75, 2536141.75], [-2670012.25, 2534680.75], [-2669952.75, 2533529.0], [-2671202.0, 2531918.75], [-2671787.5, 2531767.25], [-2671973.5, 2532045.25], [-2672677.0, 2533585.25], [-2672692.5, 2534350.75], [-2673159.25, 2535457.5], [-2673184.25, 2535478.75], [-2673458.5, 2536376.75], [-2673333.75, 2537111.25], [-2672015.499399999, 2538414.499399999], [-2671800.4989, 2538551.2499], [-2671674.75, 2538555.5]]], [[[-3113627.75, 2548643.5], [-3110973.5, 2548725.500499999], [-3110517.75, 2548710.5], [-3109613.75, 2548426.25], [-3109483.0, 2547805.0], [-3107598.25, 2545717.75], [-3106871.5, 2545237.75], [-3106389.0, 2544817.5], [-3103664.749399999, 2541969.0011], [-3103319.5, 2541571.0], [-3102930.25, 2540662.0], [-3102703.25, 2539816.25], [-3102693.5, 2539721.75], [-3102773.75, 2538328.75], [-3102765.75, 2538190.0], [-3102550.5, 2536285.25], [-3102380.25, 2535524.5], [-3102156.25, 2534829.25], [-3102046.25, 2533390.5], [-3102383.9996000007, 2532463.2512], [-3103411.25, 2532873.75], [-3103847.75, 2533835.5], [-3103813.25, 2534220.25], [-3103568.5, 2534393.25], [-3103494.5, 2534467.25], [-3103388.25, 2534640.25], [-3103327.7499, 2534815.9999], [-3103318.75, 2534920.25], [-3103351.75, 2535116.5], [-3103507.25, 2535565.75], [-3103560.5, 2535679.5], [-3104442.5, 2537174.5], [-3104565.0, 2537358.25], [-3106927.25, 2540127.25], [-3107107.749, 2540231.2492999993], [-3107208.75, 2540258.5], [-3108201.5, 2540378.75], [-3108529.5, 2540369.75], [-3110472.0, 2540220.0], [-3112487.5, 2542175.0], [-3112738.5, 2542602.5], [-3113648.0, 2543692.25], [-3113982.5, 2543969.5], [-3114148.0, 2544067.0], [-3114306.25, 2544116.25], [-3114410.5, 2544125.2498000003], [-3115032.5, 2544059.0], [-3115056.5, 2544593.75], [-3115128.0, 2544789.5], [-3116086.5, 2546072.0], [-3116160.5, 2546146.0], [-3116341.0, 2546250.0], [-3117067.5, 2546460.249500001], [-3115876.500600001, 2548029.750499999], [-3113627.75, 2548643.5]]], [[[-2679883.75, 2543062.75], [-2679792.5, 2542903.0], [-2679785.0, 2542884.75], [-2679958.75, 2541984.0], [-2679958.75, 2541775.5], [-2679931.5, 2541674.5], [-2679721.0, 2541301.75], [-2679612.75, 2541201.25], [-2679154.25, 2540866.25], [-2678893.4996000007, 2540103.2496000007], [-2679244.749500001, 2539713.251700001], [-2680322.75, 2538925.0], [-2681275.5, 2539206.25], [-2681438.25, 2539316.75], [-2681643.0, 2539526.0], [-2682453.0, 2540660.5], [-2682897.25, 2540816.75], [-2683290.0, 2541711.0], [-2682789.25, 2543044.25], [-2682684.0008000005, 2543268.7502999995], [-2682002.75, 2543652.5], [-2680710.5, 2543657.5], [-2679883.75, 2543062.75]]], [[[-2716659.75, 2545546.0], [-2719073.25, 2544982.75], [-2721433.0, 2545758.0], [-2723815.7499, 2547722.7508000005], [-2723791.75, 2549472.5], [-2723641.5, 2549550.75], [-2722771.0, 2549039.5], [-2721972.0, 2548526.0], [-2721567.75, 2548454.5], [-2719177.5, 2549736.5], [-2718889.999, 2550022.9992999993], [-2716309.0, 2546348.0], [-2716659.75, 2545546.0]]], [[[-2682054.75, 2552136.0], [-2681422.5, 2551605.5], [-2681190.0, 2551080.5], [-2681155.749399999, 2550895.4999], [-2681289.75, 2550366.5], [-2681390.4965000004, 2550181.005999999], [-2683518.0, 2548038.75], [-2683961.0, 2547822.5], [-2684368.5, 2547957.25], [-2685029.0, 2548898.75], [-2685959.5, 2550626.5], [-2686374.5, 2551533.75], [-2685915.5, 2552444.75], [-2685768.0001, 2552585.2501], [-2684898.0, 2552552.75], [-2683244.25, 2552345.75], [-2682054.75, 2552136.0]]], [[[-3155603.25, 2550553.75], [-3156018.5, 2552457.75], [-3155928.75, 2552776.25], [-3155648.4945, 2553055.006100001], [-3155555.75, 2553172.5], [-3155369.5, 2553480.75], [-3155244.5, 2553816.75], [-3155217.0, 2554037.25], [-3155235.5, 2554278.75], [-3155262.749399999, 2554379.7503999993], [-3155338.25, 2554523.25], [-3155456.9987000003, 2554657.0003999993], [-3155572.25, 2554732.75], [-3156322.5, 2555111.75], [-3156425.5, 2555239.25], [-3155941.75, 2556814.75], [-3155336.2487000003, 2557060.5001999997], [-3152950.75, 2556695.75], [-3151197.0, 2556237.25], [-3151106.25, 2556206.5], [-3150506.0, 2555881.0], [-3150484.5, 2555427.0], [-3150807.0, 2554083.0], [-3151823.0, 2553244.25], [-3152832.0001, 2550447.5001], [-3153196.4975000005, 2550222.9987000003], [-3155340.25, 2550461.25], [-3155603.25, 2550553.75]]], [[[-3236872.0, 2554589.75], [-3237316.75, 2554194.75], [-3238027.25, 2554692.25], [-3239075.25, 2555854.25], [-3238900.4990999997, 2557314.7499], [-3238141.5, 2558251.5], [-3234624.0, 2560726.75], [-3233769.749399999, 2560912.0013999995], [-3232855.25, 2560853.5], [-3230319.75, 2559696.25], [-3228988.5, 2558195.0], [-3228381.5, 2556268.0], [-3229109.0, 2551115.0], [-3229298.0, 2550425.25], [-3229705.25, 2549903.75], [-3230841.5, 2549656.0], [-3231418.5, 2550599.0], [-3232726.5, 2554978.0], [-3232586.75, 2555766.0], [-3231539.0, 2556459.75], [-3231542.75, 2557068.25], [-3231762.25, 2557287.75], [-3233463.75, 2558001.75], [-3234141.75, 2558051.5], [-3235115.25, 2557836.5], [-3235727.5, 2557629.0], [-3237848.25, 2556377.5], [-3237848.25, 2555777.5], [-3236964.0, 2554871.5], [-3236872.0, 2554589.75]]], [[[-3325683.75, 2567938.0], [-3327081.0, 2567097.0], [-3327691.75, 2567067.25], [-3329430.75, 2570760.5], [-3328415.75, 2572788.5], [-3327934.0, 2572937.75], [-3327062.25, 2572683.25], [-3325299.0, 2571440.75], [-3325226.75, 2571255.75], [-3325683.75, 2567938.0]]], [[[-3243279.4991999995, 2569981.9999], [-3243403.25, 2569352.5], [-3245076.75, 2567055.75], [-3246664.25, 2567353.25], [-3247560.5, 2568299.75], [-3247805.5, 2568716.75], [-3247958.75, 2571015.5], [-3247189.250600001, 2571994.000499999], [-3244034.5, 2573003.5], [-3243886.0, 2572889.25], [-3243279.4991999995, 2569981.9999]]], [[[-3256227.25, 2576059.25], [-3255282.0, 2575488.25], [-3257810.75, 2570411.75], [-3258906.5, 2569804.75], [-3260960.0, 2569751.75], [-3260987.0, 2570164.5], [-3264797.25, 2571525.5], [-3267689.25, 2571248.5], [-3264183.9912, 2573203.7546999995], [-3259770.75, 2576277.5], [-3258271.25, 2576689.0], [-3256227.25, 2576059.25]]], [[[-3326803.25, 2591191.75], [-3324188.0, 2590533.0], [-3322894.25, 2590124.5], [-3321030.75, 2584017.5], [-3320964.25, 2582660.25], [-3325196.0002999995, 2578285.000600001], [-3325703.748299999, 2577988.750600001], [-3325983.75, 2578019.5], [-3326295.0, 2578601.5], [-3326260.0, 2578830.25], [-3324926.2501, 2579662.7501], [-3324792.5, 2580155.5], [-3326293.5, 2584769.75], [-3326825.0, 2585697.25], [-3329596.0, 2585490.5], [-3331197.0, 2586918.5], [-3331043.5, 2587701.0], [-3330046.2501999997, 2590030.7501], [-3329619.5, 2590603.0], [-3326803.25, 2591191.75]]], [[[-2728002.25, 2623630.5], [-2729874.5, 2623079.25], [-2730681.0, 2623182.25], [-2733509.5, 2624313.75], [-2737604.5, 2627689.0], [-2737915.25, 2628586.0], [-2737788.75, 2629492.5], [-2737299.5, 2630072.0], [-2735850.4857, 2631305.7596000005], [-2734382.0, 2632177.75], [-2732170.25, 2633055.0], [-2728895.25, 2632419.0], [-2727138.0, 2631915.25], [-2726378.0, 2631600.0], [-2725595.75, 2630767.0], [-2725321.25, 2629866.25], [-2726300.75, 2625480.5], [-2728002.25, 2623630.5]]], [[[-2593009.25, 2659323.5], [-2593438.5, 2659215.5], [-2595025.75, 2659499.5], [-2599801.7478, 2660801.4991999995], [-2600095.0, 2661072.0], [-2600097.5, 2661427.5], [-2599796.0, 2661914.75], [-2598370.75, 2662797.0], [-2598124.0, 2662720.25], [-2597368.0, 2661906.75], [-2596692.75, 2661575.75], [-2595983.25, 2661387.25], [-2595291.0, 2661409.9999], [-2589461.25, 2664331.0], [-2587981.25, 2665186.5], [-2585651.0001, 2667295.2501], [-2585112.5, 2668564.0], [-2584147.75, 2670169.0], [-2581394.75, 2671065.75], [-2580489.25, 2670488.25], [-2579037.0, 2665688.75], [-2578882.25, 2665044.25], [-2578972.25, 2664769.0], [-2584167.2499, 2663493.7501], [-2585528.75, 2662627.75], [-2585629.5, 2663078.75], [-2586008.5, 2663437.0], [-2587335.25, 2663883.75], [-2591840.4998000003, 2662483.2502999995], [-2592154.75, 2662219.5], [-2592742.25, 2660880.75], [-2593009.25, 2659323.5]]], [[[-3043709.7491999995, 2845755.7496000007], [-3043664.0, 2845821.25], [-3043299.5, 2846217.75], [-3042560.25, 2846703.75], [-3040576.75, 2847805.25], [-3039290.2498000003, 2848428.999399999], [-3039135.75, 2848250.75], [-3039428.25, 2847213.0], [-3039777.25, 2846177.5], [-3040864.25, 2845103.0], [-3042325.5, 2843114.0], [-3042274.25, 2842511.25], [-3042647.5, 2841612.75], [-3043085.5, 2840884.75], [-3043357.75, 2840692.0], [-3045081.75, 2839976.5], [-3046194.5, 2840069.0], [-3046312.5, 2840203.75], [-3046216.25, 2840487.25], [-3045515.0, 2840914.5], [-3045413.7499, 2840991.4998000003], [-3044373.5, 2841980.0], [-3044228.4999, 2842159.2499], [-3044143.75, 2842355.25], [-3044116.4990999997, 2842456.2498000003], [-3044117.5, 2844496.0], [-3043917.250600001, 2845333.5001], [-3043709.7491999995, 2845755.7496000007]]], [[[-3041280.75, 2854552.0], [-3041164.0, 2854429.5], [-3041153.0, 2854393.25], [-3041158.2491999995, 2853951.0], [-3041232.750600001, 2853760.2502999995], [-3042177.7434, 2852118.761], [-3042824.0, 2851247.0], [-3043740.0, 2850440.75], [-3043825.0001, 2850388.0003999993], [-3044580.5, 2850092.25], [-3047014.5, 2849769.25], [-3048075.5, 2849744.25], [-3048104.25, 2849753.0], [-3048202.0, 2849851.0], [-3047939.0002999995, 2850826.0001], [-3047617.25, 2851262.75], [-3043558.0, 2853716.75], [-3041566.25, 2854546.25], [-3041280.75, 2854552.0]]], [[[-3047595.5, 2871674.5], [-3045047.9999, 2871870.999500001], [-3044817.0, 2871625.0], [-3044990.5, 2871285.25], [-3050111.4990999997, 2869445.2502999995], [-3068265.25, 2863708.5], [-3069690.2486000005, 2863104.2496000007], [-3071785.75, 2861803.5], [-3073020.5, 2861418.0], [-3074032.4991999995, 2861337.2512999997], [-3075518.5, 2861543.25], [-3077020.25, 2862031.5], [-3078329.25, 2862833.0], [-3078922.75, 2864300.25], [-3079957.0, 2866075.25], [-3080368.25, 2866486.75], [-3080877.25, 2866784.25], [-3082757.25, 2867195.25], [-3080233.75, 2869479.25], [-3073706.7501999997, 2874801.2502999995], [-3068444.25, 2877900.5], [-3062541.4992999993, 2876829.7490999997], [-3060275.75, 2876057.5], [-3057012.5, 2873479.0], [-3051280.75, 2871666.0], [-3047595.5, 2871674.5]]], [[[-2986104.7398000006, 3187794.9881999996], [-2986130.1021999996, 3188553.6328999996], [-2985841.3670000006, 3188668.7632999998], [-2984902.5637999997, 3189043.0558], [-2983690.6884000003, 3188478.5778], [-2982860.5931, 3187593.4321999997], [-2982809.4913999997, 3186148.4453], [-2982918.2810999993, 3185619.8647000007], [-2983284.4635000005, 3185253.633199999], [-2983904.0408999994, 3184999.7303], [-2984585.1729000006, 3186128.800899999], [-2985517.2259, 3186927.8322], [-2985744.898, 3187123.0475999992], [-2986092.2060000002, 3187420.7939999998], [-2986104.7398000006, 3187794.9881999996]]], [[[-2991928.9989, 3198765.5012999997], [-2992282.25, 3198087.5], [-2992951.75, 3197613.0001], [-2993562.75, 3197503.75], [-2994891.75, 3197776.0], [-2999057.5, 3200008.0], [-2999577.25, 3200733.0], [-2998453.5, 3202268.75], [-2997659.5, 3202998.5], [-2993510.75, 3204581.75], [-2993193.4992999993, 3204558.999500001], [-2992806.25, 3204062.5], [-2992293.25, 3201880.25], [-2991928.9989, 3198765.5012999997]]], [[[-3090598.0, 3177889.75], [-3090953.5, 3177684.5], [-3096262.25, 3169765.25], [-3096759.0, 3168636.25], [-3097087.25, 3167313.75], [-3097015.75, 3166909.5], [-3096701.5001, 3166645.751], [-3095534.5, 3166429.75], [-3094157.000600001, 3164948.2501999997], [-3094336.75, 3164524.25], [-3099577.75, 3161634.5], [-3101798.75, 3161203.0], [-3106514.25, 3165248.75], [-3106895.2488, 3167739.4985000007], [-3107100.5, 3168095.0], [-3115725.7492999993, 3175169.249399999], [-3118806.5, 3176898.25], [-3121438.25, 3177912.0], [-3126224.9985000007, 3178884.2496000007], [-3128263.75, 3176207.25], [-3128940.25, 3173915.5], [-3130605.75, 3173100.5], [-3131972.5, 3173555.751700001], [-3134608.5, 3176892.25], [-3134598.5, 3177311.25], [-3134274.75, 3178047.25], [-3133754.0, 3178728.25], [-3133303.0, 3178807.0], [-3132880.7476000004, 3179239.0021], [-3131815.0, 3181437.5], [-3131058.25, 3185195.0], [-3130983.75, 3191496.75], [-3131607.75, 3194695.75], [-3132473.25, 3195653.25], [-3133306.25, 3195849.75], [-3134467.25, 3197090.25], [-3137574.0, 3202282.75], [-3137543.0, 3202563.5], [-3137165.25, 3203025.5], [-3136345.5, 3205769.0], [-3135268.5, 3222353.75], [-3135402.25, 3225829.0], [-3136006.0, 3230678.5], [-3137279.5, 3232285.5], [-3137677.25, 3232505.0], [-3138068.2488, 3233591.5122999996], [-3137498.2498000003, 3238176.0011], [-3134558.0, 3250168.0], [-3131338.4997000005, 3253519.9997000005], [-3130442.25, 3254863.0], [-3127465.75, 3260700.5], [-3126270.0, 3261753.75], [-3123007.5, 3260653.75], [-3120532.0, 3259286.75], [-3119978.25, 3258734.0], [-3117308.75, 3254305.0], [-3114967.75, 3248960.75], [-3112458.0, 3241247.25], [-3112689.0, 3240866.0], [-3112661.75, 3240556.5], [-3109973.0, 3236963.5], [-3107057.75, 3236414.5], [-3105487.5, 3236965.75], [-3103964.0, 3238606.0], [-3103451.0, 3239632.0], [-3103310.249500001, 3240656.4999], [-3101257.4970999993, 3240498.499500001], [-3098335.75, 3240054.5], [-3097035.75, 3239424.0], [-3096506.0, 3238979.75], [-3093934.0, 3236549.5], [-3092917.0, 3233094.0], [-3092558.5, 3232735.5], [-3090640.0, 3232747.75], [-3089878.75, 3233325.75], [-3088399.749399999, 3234969.499500001], [-3088108.75, 3235051.25], [-3082160.0, 3233813.25], [-3081915.5, 3230868.5], [-3080348.0, 3225868.25], [-3075563.75, 3223220.75], [-3069925.9980999995, 3221446.250499999], [-3071988.75, 3217353.0], [-3076655.5001999997, 3212038.2501], [-3076803.0, 3211635.0], [-3076656.5, 3210743.75], [-3075365.5, 3207513.5], [-3072925.0, 3204890.0], [-3072435.0, 3204758.75], [-3071703.5001999997, 3205271.7501999997], [-3070838.7498000003, 3205355.9992999993], [-3069156.75, 3204375.5], [-3068065.5003999993, 3194842.7501], [-3069568.499, 3191080.750600001], [-3070381.0, 3190463.25], [-3072455.5, 3190109.25], [-3073276.0, 3191021.0], [-3073866.9998000003, 3190916.9998000003], [-3080120.2364000008, 3185821.011499999], [-3082245.25, 3183663.75], [-3082714.25, 3181457.25], [-3084573.75, 3179232.25], [-3086140.0, 3178175.0], [-3087550.25, 3177793.25], [-3088842.25, 3178241.75], [-3090598.0, 3177889.75]]], [[[-2671729.245100001, 3304823.0002999995], [-2663952.5, 3303128.25], [-2659128.0, 3298567.25], [-2658544.0, 3297505.0], [-2658374.0, 3295373.0], [-2658478.5, 3295154.5], [-2664269.0, 3288915.5], [-2666218.25, 3288480.25], [-2666409.25, 3289898.5], [-2669240.0, 3293861.0], [-2670476.75, 3295423.75], [-2672838.5, 3297645.0], [-2673361.0, 3298458.25], [-2673653.75, 3302043.75], [-2672528.25, 3304113.75], [-2671729.245100001, 3304823.0002999995]]], [[[-2925272.0, 3315270.0], [-2925184.0, 3315725.75], [-2924893.75, 3316178.25], [-2924141.4924, 3316663.5045999996], [-2921898.9989, 3317906.0012], [-2917728.5, 3319945.251700001], [-2914934.0, 3321133.25], [-2914836.0, 3321156.25], [-2914184.0, 3321194.499399999], [-2914011.2491999995, 3320927.7512999997], [-2914006.5, 3320593.75], [-2914460.5, 3320246.5], [-2916425.2346, 3319467.757099999], [-2917991.75, 3318809.75], [-2919907.2443000004, 3317974.5031000003], [-2920545.25, 3317673.25], [-2921913.0, 3316786.25], [-2922445.75, 3316326.25], [-2923990.75, 3315128.0], [-2924493.4997000005, 3314567.2490999997], [-2924723.25, 3314476.25], [-2924912.75, 3314456.25], [-2925125.5, 3314700.5], [-2925272.0, 3315270.0]]], [[[-2908085.75, 3326300.75], [-2908391.5, 3326184.0], [-2908563.25, 3326083.25], [-2908637.2487000003, 3326009.2499], [-2908776.0, 3325804.5], [-2908847.5, 3325608.75], [-2908887.75, 3324549.25], [-2908786.0, 3323961.5], [-2908868.75, 3323669.25], [-2908991.9997000005, 3323444.9998000003], [-2909874.25, 3322358.75], [-2910189.75, 3322391.0], [-2911364.75, 3324277.25], [-2911454.5, 3325226.75], [-2910815.75, 3326089.75], [-2910742.0, 3326160.0], [-2909985.25, 3326667.0], [-2909911.75, 3326702.75], [-2909260.495100001, 3326915.251599999], [-2908231.0, 3327069.5], [-2906931.75, 3327398.5], [-2906514.5, 3327573.0], [-2905346.0, 3327598.5], [-2904843.25, 3327542.75], [-2904602.5, 3327360.75], [-2904670.25, 3326794.75], [-2907954.75, 3326334.5], [-2908085.75, 3326300.75]]], [[[-2770297.0, 3344442.5], [-2768901.0, 3344476.0001], [-2768605.25, 3344469.5], [-2768523.5, 3344279.25], [-2769077.0, 3342539.0], [-2769948.75, 3341917.25], [-2770439.75, 3341856.25], [-2771371.5, 3341922.0], [-2771857.25, 3342085.5], [-2772709.75, 3342562.25], [-2772788.25, 3342626.0], [-2773173.0, 3343070.25], [-2772400.75, 3343680.25], [-2772212.9997000005, 3343803.249399999], [-2772120.0, 3343843.5], [-2770297.0, 3344442.5]]], [[[-2640045.25, 3442594.5], [-2639777.0, 3442751.25], [-2639246.75, 3442612.0], [-2638998.75, 3442287.25], [-2638924.75, 3442213.25], [-2638758.5, 3442114.5], [-2635299.5, 3440754.5], [-2629137.75, 3438197.5], [-2625588.0, 3436182.0], [-2625557.2488, 3436152.0002999995], [-2625340.25, 3435759.5], [-2626447.75, 3436243.0], [-2628775.5, 3437429.0], [-2639826.5, 3441681.25], [-2639863.0, 3441705.75], [-2640233.75, 3442125.25], [-2640074.75, 3442558.25], [-2640045.25, 3442594.5]]], [[[-3231282.5, 3536154.5], [-3231196.75, 3536094.75], [-3230915.5, 3535950.75], [-3229001.5, 3535325.0], [-3228381.5, 3535229.5], [-3228187.25, 3535231.5], [-3227018.0, 3535435.25], [-3226286.0, 3535689.75], [-3225720.5, 3535528.25], [-3225064.5, 3534391.0], [-3225006.0, 3534230.0], [-3224946.0001999997, 3533933.2501999997], [-3225115.5, 3533717.75], [-3226228.4886000007, 3532969.7585000005], [-3226772.5, 3532627.25], [-3227098.2499, 3532502.749500001], [-3227872.7499, 3532346.2490999997], [-3228761.75, 3532290.75], [-3229370.75, 3532156.5], [-3229533.25, 3532092.0], [-3229891.25, 3531844.25], [-3230006.9998000003, 3531738.5008000005], [-3230308.75, 3531278.75], [-3231759.4987000003, 3529406.500499999], [-3232843.5, 3528410.0], [-3233241.75, 3528140.0], [-3233364.75, 3528029.0], [-3234674.5, 3525820.25], [-3234818.75, 3525483.75], [-3235492.75, 3523491.75], [-3235492.75, 3523283.25], [-3235371.25, 3522710.0], [-3235376.25, 3522667.75], [-3236556.75, 3519427.0], [-3237100.0, 3518559.25], [-3237403.0, 3517863.5], [-3237684.0, 3516782.5], [-3238275.0, 3512651.0], [-3238937.5, 3506267.25], [-3238944.25, 3506077.5], [-3238505.0, 3502601.25], [-3238470.75, 3502441.25], [-3238175.5, 3501627.0], [-3238076.75, 3501452.5], [-3236857.5, 3499597.25], [-3236681.0, 3499385.25], [-3236526.5, 3499253.5], [-3236132.5, 3499031.5], [-3235931.25, 3498995.25], [-3235270.75, 3498991.0], [-3235239.5, 3498977.75], [-3234955.25, 3498388.25], [-3234817.75, 3496699.0], [-3234868.75, 3496038.75], [-3234882.25, 3496003.0], [-3235025.0001999997, 3495762.0001999997], [-3235491.0, 3495403.0], [-3235564.9992999993, 3495328.9996000007], [-3235721.2507000007, 3495055.5001999997], [-3236124.0, 3493811.25], [-3236702.25, 3491895.0], [-3237022.0, 3489985.25], [-3238029.0001999997, 3486339.0], [-3238049.75, 3486145.0], [-3238021.25, 3485646.5], [-3237978.7496000007, 3485456.5018000007], [-3237817.0, 3485048.75], [-3237959.75, 3484405.0], [-3238127.25, 3484195.5], [-3238418.5, 3483912.9991999995], [-3238828.25, 3483902.25], [-3240584.0, 3484565.25], [-3240657.0, 3484606.75], [-3241085.5, 3484936.25], [-3241993.75, 3486197.75], [-3242056.75, 3486527.5], [-3241936.5, 3486946.75], [-3240955.5001, 3488155.2501], [-3240230.5, 3488660.25], [-3239819.75, 3489061.0], [-3239722.75, 3489223.0], [-3239554.75, 3489640.75], [-3239514.0, 3489811.0], [-3239487.0, 3490112.75], [-3239499.5, 3490299.75], [-3240073.5, 3492815.25], [-3240414.75, 3493721.75], [-3242442.25, 3497278.0], [-3244147.9975000005, 3499153.2480999995], [-3246124.0, 3500876.0], [-3246783.2492999993, 3501782.749399999], [-3246882.5, 3502266.0], [-3246665.5, 3503283.0], [-3246634.25, 3503366.0], [-3246062.25, 3504390.0], [-3246002.9990999997, 3504540.9997000005], [-3245784.5, 3505475.0], [-3245523.0, 3509141.25], [-3245529.25, 3509280.0], [-3245675.25, 3510180.0], [-3245670.75, 3510227.5], [-3245374.5, 3511058.0], [-3244824.5, 3512106.75], [-3243915.25, 3513400.5], [-3243842.5, 3513540.25], [-3243164.25, 3515253.25], [-3242209.5, 3518332.0], [-3241050.7498000003, 3522211.5001], [-3240376.4991999995, 3523864.4989], [-3239733.0, 3524931.0], [-3238712.5, 3526808.5], [-3238533.5, 3527239.5], [-3238491.75, 3527398.5], [-3238448.0, 3527764.25], [-3238452.75, 3527939.75], [-3238480.0, 3528040.75], [-3238847.0, 3528932.5], [-3239214.75, 3529762.75], [-3238951.25, 3530868.0], [-3238916.25, 3531653.5], [-3238954.4990999997, 3532273.7501], [-3237943.0, 3534106.75], [-3233828.0, 3536470.75], [-3232484.5, 3536904.25], [-3231732.0, 3536706.5], [-3231628.0, 3536526.0], [-3231282.5, 3536154.5]]], [[[-3219816.7499, 3546488.999399999], [-3219349.5, 3546462.0], [-3219252.25, 3546439.5], [-3218748.0, 3546228.75], [-3218589.0, 3546055.0], [-3218786.0, 3545807.75], [-3219754.5, 3544937.25], [-3225461.0, 3540753.0], [-3226078.5, 3540702.75], [-3226302.0, 3540870.25], [-3225969.5, 3541467.75], [-3225692.25, 3542671.75], [-3224256.0, 3545583.75], [-3223941.4999, 3545912.0], [-3223386.5, 3546094.0], [-3223300.25, 3546108.5], [-3219816.7499, 3546488.999399999]]], [[[-2854656.25, 3598472.25], [-2854672.25, 3598334.25], [-2854637.75, 3598133.5], [-2854333.75, 3597054.5], [-2854629.499399999, 3595262.499500001], [-2856162.5, 3593162.25], [-2857648.5, 3592164.0], [-2857753.75, 3592074.75], [-2858298.25, 3591492.0], [-2858577.25, 3591066.0], [-2858632.0, 3590953.5], [-2858659.2499, 3590852.5], [-2858692.0, 3590553.0], [-2859015.25, 3590211.5], [-2859840.75, 3589885.0], [-2860155.75, 3589969.75], [-2860260.0, 3589978.75], [-2860465.25, 3589942.5], [-2860645.7499, 3589838.4999], [-2860779.5, 3589678.75], [-2861219.5, 3588966.5], [-2861762.75, 3588035.5], [-2862181.4974000007, 3587503.0019000005], [-2862243.0, 3587444.25], [-2862679.5, 3587134.25], [-2863335.0, 3587096.0], [-2863953.0, 3587154.75], [-2864117.0, 3587148.75], [-2864428.5, 3587043.75], [-2864520.25, 3587000.5], [-2864646.000600001, 3586903.750600001], [-2865287.0, 3586258.25], [-2865404.2465000004, 3586090.5044], [-2865525.9956, 3585831.2601999994], [-2865574.0, 3585680.5], [-2866038.25, 3583668.5], [-2866056.75, 3583499.75], [-2866023.75, 3582490.75], [-2866001.75, 3582348.0], [-2865884.75, 3581931.5], [-2865826.5, 3581793.75], [-2865766.75, 3581708.0], [-2865607.0, 3581574.25], [-2864935.75, 3580077.75], [-2865452.25, 3578204.5], [-2865833.5, 3576345.5], [-2865840.0, 3575912.0], [-2865817.4999, 3575753.2491999995], [-2865089.5, 3573176.5], [-2864496.5, 3570168.0], [-2863103.0, 3567378.0], [-2862781.25, 3566589.75], [-2862599.7487000003, 3565694.750499999], [-2863367.25, 3561436.5], [-2863507.0, 3560953.0], [-2864337.75, 3560250.75], [-2865083.75, 3559876.25], [-2865218.0, 3559784.0], [-2865493.25, 3559515.0], [-2865588.5, 3559375.75], [-2865632.75, 3559281.0], [-2865669.0, 3559075.75], [-2865765.5, 3557049.5], [-2865755.25, 3556596.25], [-2865097.0, 3553282.25], [-2864431.5, 3551448.75], [-2864368.75, 3551324.0], [-2863950.0, 3550672.75], [-2862811.5, 3547741.75], [-2862553.25, 3546794.25], [-2862321.0, 3545109.25], [-2862291.75, 3544990.25], [-2860919.5, 3541131.25], [-2859438.5, 3538353.25], [-2858791.0, 3537297.25], [-2858542.0, 3536957.5], [-2858445.75, 3536855.25], [-2857641.75, 3536218.0], [-2856549.0, 3533983.75], [-2855097.75, 3527568.5], [-2855173.25, 3526144.0], [-2854836.25, 3523234.5], [-2854679.5, 3522633.75], [-2853958.25, 3520490.25], [-2853360.7491999995, 3519140.9996000007], [-2853520.5, 3518837.0], [-2853833.9968, 3518481.5024999995], [-2854307.5, 3518260.4999], [-2854745.75, 3518364.5], [-2854850.0, 3518373.5], [-2856500.75, 3518221.75], [-2857657.25, 3517819.75], [-2857752.0, 3517775.5], [-2859599.5, 3516608.0], [-2860482.75, 3515802.25], [-2860830.75, 3515622.0], [-2862013.0, 3515550.0], [-2862593.25, 3515751.75], [-2862783.2491999995, 3515785.4990999997], [-2863644.75, 3515798.0], [-2863760.0, 3515788.5], [-2864648.0, 3515624.25], [-2865852.0, 3515264.25], [-2867602.241800001, 3515064.7501], [-2869311.749, 3515137.249500001], [-2870360.75, 3515218.75], [-2871585.25, 3515420.5], [-2872297.25, 3515671.25], [-2873077.75, 3516180.0], [-2873476.25, 3516712.0], [-2873620.5, 3517194.5], [-2873706.0, 3518772.25], [-2873565.5, 3520860.25], [-2873431.5, 3521269.5], [-2873396.75, 3521457.5], [-2873383.5, 3522031.25], [-2873405.0, 3522205.25], [-2874384.0, 3525739.5], [-2874430.5, 3525857.0], [-2876299.9997000005, 3529416.2496000007], [-2877440.9986000005, 3530879.7501], [-2879497.75, 3533219.5], [-2880609.25, 3534308.5], [-2884581.25, 3537041.0], [-2887701.75, 3536815.0], [-2889813.25, 3536918.75], [-2891930.25, 3537575.25], [-2892412.25, 3538211.0], [-2892919.25, 3538473.75], [-2893883.0, 3538813.5], [-2894991.0, 3539057.5], [-2895117.5, 3539071.0], [-2897583.5, 3538912.0], [-2900190.5, 3538547.0], [-2900333.0, 3538508.75], [-2900823.5, 3538309.5], [-2901302.5, 3538034.25], [-2902247.0, 3537215.5], [-2902851.0, 3536589.75], [-2902927.25, 3536492.25], [-2903038.0, 3536290.75], [-2903343.0, 3535570.5], [-2904873.5, 3533849.5], [-2906016.75, 3533762.5], [-2906229.5, 3534011.75], [-2907542.5, 3535348.75], [-2907714.0, 3535449.5], [-2908103.0, 3535598.25], [-2908270.5, 3535636.0], [-2909728.5, 3535664.0], [-2909832.75, 3535655.0], [-2909933.7465000004, 3535627.7512999997], [-2910153.75, 3535524.25], [-2910314.4943000004, 3535410.253900001], [-2910565.75, 3535160.75], [-2910644.0, 3535104.75], [-2911101.75, 3534881.25], [-2911677.5, 3534881.25], [-2912048.75, 3535058.0], [-2912207.0, 3535485.5], [-2912732.0, 3540659.0], [-2912523.25, 3541412.5], [-2912152.75, 3541616.75], [-2912115.0, 3541625.25], [-2911336.5, 3541529.75], [-2911196.75, 3541529.0], [-2910834.75, 3541569.5], [-2910637.25, 3541627.0], [-2910353.9963000007, 3541766.0011], [-2910197.7421000004, 3541876.7567999996], [-2909839.5, 3542228.75], [-2909725.5, 3542384.25], [-2909004.500499999, 3543796.0001999997], [-2908505.75, 3544571.75], [-2908451.0, 3544635.0], [-2908223.5, 3544824.25], [-2908011.75, 3544889.75], [-2907915.499399999, 3544847.5001], [-2907594.75, 3543407.75], [-2907548.5, 3543315.25], [-2907216.0, 3542914.25], [-2906765.75, 3542731.5], [-2905912.0, 3542829.5], [-2904416.25, 3543397.0], [-2903738.0, 3543913.25], [-2902634.0, 3544820.75], [-2902558.7499, 3544887.4999], [-2902454.25, 3545095.75], [-2902576.75, 3545459.0], [-2902667.0, 3545521.75], [-2902994.0, 3545671.75], [-2903122.75, 3546519.5], [-2903160.5, 3547392.25], [-2903043.5, 3547617.25], [-2902869.244000001, 3547766.7551000006], [-2902443.75, 3548064.5], [-2900862.75, 3548897.5], [-2900493.25, 3549453.25], [-2897869.5, 3556267.75], [-2897352.5, 3557739.0], [-2897291.0, 3558778.25], [-2897442.25, 3559209.5], [-2898130.0, 3559938.75], [-2898787.25, 3560358.75], [-2900042.0, 3556918.0], [-2900313.75, 3555607.75], [-2901181.4958999995, 3553530.0078999996], [-2901987.0, 3551801.5], [-2903798.0, 3549027.25], [-2906194.0, 3545854.0], [-2906744.0, 3545382.0], [-2907250.5, 3545025.5], [-2905248.25, 3547496.5], [-2903245.25, 3550474.5], [-2901308.0, 3554198.25], [-2900117.7502999995, 3558653.7501], [-2899110.0, 3561034.0], [-2899185.0, 3561725.0], [-2899585.25, 3562399.25], [-2899649.25, 3562960.25], [-2899521.0, 3563891.0], [-2899136.2487000003, 3564648.5008000005], [-2898324.7490999997, 3565286.2490999997], [-2898166.5, 3565620.25], [-2898119.25, 3568682.5], [-2898772.5, 3570777.25], [-2899130.0, 3570983.7501999997], [-2899896.0, 3570880.0], [-2901046.5, 3576406.5], [-2900778.75, 3576350.5], [-2899957.0, 3574945.5], [-2898484.5, 3575273.5], [-2898467.5, 3576058.25], [-2897313.5, 3576517.0], [-2896489.25, 3576506.25], [-2895822.5001, 3576895.5001], [-2894276.5, 3578324.75], [-2892318.25, 3579692.0], [-2891809.75, 3579703.5], [-2891096.5, 3580698.25], [-2891474.0, 3583242.25], [-2892146.25, 3584751.75], [-2891356.0, 3586669.5], [-2889967.0, 3589375.25], [-2889810.5, 3591846.25], [-2889029.5, 3593325.75], [-2888443.5, 3594972.0], [-2888411.249500001, 3595920.0030000005], [-2888840.25, 3597796.0], [-2888635.75, 3599054.0], [-2887663.5, 3601327.5], [-2887296.25, 3601801.25], [-2884058.25, 3602589.25], [-2883307.5, 3603899.5], [-2883017.5, 3604846.25], [-2883243.25, 3604953.75], [-2884744.5, 3604508.75], [-2886117.2434, 3603313.004899999], [-2886803.25, 3602932.25], [-2887390.75, 3602903.75], [-2888401.75, 3603602.5], [-2888904.5, 3604353.25], [-2888853.5, 3605286.75], [-2888599.75, 3605752.75], [-2887870.75, 3606428.0], [-2888636.5, 3607493.0], [-2888633.0, 3608385.5], [-2888957.25, 3609508.0], [-2889834.0, 3610997.75], [-2889822.75, 3612764.0], [-2889013.25, 3615055.5], [-2888609.0, 3615511.75], [-2887578.25, 3616021.25], [-2886774.75, 3617245.0], [-2886823.25, 3617452.5], [-2889096.0, 3617948.25], [-2892886.5, 3622746.25], [-2893738.75, 3624368.25], [-2894203.75, 3624922.5], [-2894681.2488, 3625088.2496000007], [-2894790.25, 3624932.25], [-2892091.75, 3619761.0], [-2891149.75, 3616881.75], [-2890759.0, 3615105.0], [-2890336.5003999993, 3608390.0130000003], [-2890350.0, 3604780.0], [-2890029.0, 3603053.0], [-2889925.5, 3597586.25], [-2890370.75, 3595986.75], [-2891292.5, 3590882.75], [-2892409.7480999995, 3586988.0035999995], [-2892799.25, 3586027.75], [-2896482.499399999, 3580461.501700001], [-2897381.25, 3579471.25], [-2898333.5, 3578608.5], [-2900120.4848999996, 3577371.7590999994], [-2900120.5, 3577371.75], [-2900505.5, 3577571.0], [-2900297.0, 3577571.0], [-2900132.2487000003, 3577610.7513999995], [-2900037.5, 3577655.0], [-2899490.4869, 3578049.7617000006], [-2898358.0, 3579167.0], [-2897832.0, 3579764.75], [-2896292.75, 3581880.5], [-2893677.25, 3585869.5], [-2893621.25, 3585977.0], [-2892647.75, 3588429.25], [-2891760.4992999993, 3591139.2501999997], [-2891493.5, 3592177.25], [-2890800.75, 3595528.0], [-2890331.0, 3598204.0], [-2890326.75, 3598812.75], [-2890431.5, 3600478.0], [-2890879.75, 3603967.0], [-2891216.75, 3610458.75], [-2891148.75, 3611440.0], [-2891153.5, 3611570.0], [-2891405.9989, 3613987.0002999995], [-2892029.5, 3617013.0], [-2892903.5, 3620018.5], [-2892951.5, 3620135.5], [-2894545.75, 3623091.5], [-2895926.0, 3624923.25], [-2896027.0, 3625027.5], [-2896465.5, 3625365.5], [-2896873.0, 3625574.75], [-2897022.5, 3625628.0], [-2897417.5, 3625711.75], [-2900096.5, 3627139.25], [-2901413.25, 3628545.5], [-2901620.75, 3628700.25], [-2903207.25, 3629690.5], [-2903403.0, 3629762.0], [-2903690.25, 3629807.0], [-2903835.25, 3629812.0], [-2904687.75, 3629738.0], [-2904841.0, 3629704.0], [-2905021.4956, 3629600.0023], [-2905111.25, 3629512.75], [-2905171.0, 3629427.0], [-2906699.0, 3628714.25], [-2908725.75, 3629025.75], [-2909940.0, 3629619.75], [-2910742.5, 3630467.0], [-2910880.25, 3630573.75], [-2910975.0, 3630618.0], [-2913171.5, 3631358.5], [-2914302.75, 3631662.25], [-2914650.25, 3631902.75], [-2915006.0, 3632645.0], [-2915117.5, 3632930.5], [-2914440.25, 3634049.25], [-2914389.25, 3634155.5], [-2914359.5, 3634272.25], [-2914198.75, 3635402.75], [-2914210.5, 3635761.75], [-2914282.0, 3635957.5], [-2914415.75, 3636117.25], [-2915705.25, 3637842.5], [-2914777.5, 3639729.75], [-2914473.5, 3646398.25], [-2914482.5, 3646502.5], [-2914546.25, 3646789.5], [-2914599.5, 3646935.5], [-2914936.25, 3647586.5], [-2914667.5, 3647990.25], [-2913751.0, 3649009.75], [-2912827.25, 3649937.5], [-2912123.5, 3651034.0], [-2912052.0, 3651229.75], [-2911025.0, 3653197.25], [-2909439.4997000005, 3655452.4998000003], [-2906738.0, 3657447.5], [-2904893.25, 3659343.75], [-2903365.25, 3659880.0], [-2901462.0, 3660478.0], [-2900928.0, 3660653.75], [-2900815.5, 3660704.25], [-2899676.5, 3661602.0], [-2899542.7499, 3661717.2499], [-2899345.0, 3661946.5], [-2897922.0, 3663001.25], [-2895200.75, 3664004.75], [-2894466.9999, 3664167.749500001], [-2893153.75, 3664047.25], [-2893020.0, 3663887.5], [-2892839.5, 3663783.5], [-2892680.25, 3663749.0], [-2892526.75, 3663756.0], [-2892237.5, 3663864.0], [-2889846.2486000005, 3665055.4997000005], [-2887037.0, 3664658.5], [-2886156.499500001, 3664784.2492999993], [-2885161.75, 3665048.25], [-2884998.0, 3665119.25], [-2884463.999500001, 3665452.7492999993], [-2883186.000600001, 3666532.5007000007], [-2883094.0, 3666622.0], [-2882465.0, 3667378.75], [-2880910.0, 3668014.25], [-2880047.0, 3668239.25], [-2878389.0, 3668315.75], [-2877472.7499, 3668513.0011], [-2877299.25, 3668582.0], [-2876461.7422, 3669080.7562000006], [-2874727.25, 3670329.0], [-2874050.2468, 3671013.0033], [-2872508.0, 3672322.25], [-2872091.25, 3672429.5], [-2871818.25, 3672274.75], [-2870437.0, 3670279.0], [-2870223.5, 3669878.0], [-2870212.75, 3669697.0], [-2870302.9970999993, 3669466.2556999996], [-2871209.5, 3667664.5], [-2871447.7503999993, 3667407.750600001], [-2873328.249500001, 3666066.7491999995], [-2873674.2499, 3665871.7496000007], [-2875259.5, 3665468.0], [-2876324.25, 3665100.5], [-2877911.25, 3664333.75], [-2878256.0, 3664080.75], [-2878368.25, 3663970.75], [-2879196.4998000003, 3663094.9999], [-2879300.5, 3662914.5], [-2879699.5, 3661279.75], [-2880083.9991999995, 3659360.7511], [-2880298.0, 3657396.0], [-2880300.0, 3655959.5], [-2880131.75, 3654775.75], [-2879902.5, 3650690.5], [-2880112.75, 3648939.5], [-2880681.75, 3649115.5], [-2880673.5, 3649903.5], [-2880374.0, 3653066.75], [-2880577.75, 3653548.75], [-2881067.0, 3654061.0], [-2883364.5, 3655141.5], [-2883700.5, 3655091.0], [-2883778.5, 3654996.5], [-2886055.25, 3651788.5], [-2885966.2489, 3650821.0008000005], [-2885095.7499, 3650745.7498000003], [-2885024.25, 3650671.5], [-2884709.5, 3650268.25], [-2884657.0, 3650181.25], [-2884228.0, 3649255.5], [-2882886.0, 3647276.75], [-2879941.0, 3643501.0], [-2879727.9999, 3643618.9998000003], [-2879760.5, 3644203.0], [-2880332.75, 3646211.5], [-2880723.25, 3647662.75], [-2879895.0, 3647874.25], [-2878628.75, 3641732.25], [-2878465.5, 3641199.5], [-2877674.5, 3633068.0], [-2877260.25, 3627963.25], [-2876493.0, 3625667.5], [-2873729.5, 3624962.75], [-2868573.0, 3623458.5], [-2866855.0, 3622672.5], [-2866705.25, 3622625.0], [-2866613.75, 3622615.0], [-2866440.75, 3622626.0], [-2865573.0, 3622799.75], [-2865127.75, 3622720.75], [-2864083.25, 3622343.5], [-2862149.25, 3621127.25], [-2860587.0, 3620008.0], [-2860587.0, 3619799.5], [-2860517.25, 3619606.5], [-2859604.9989, 3618018.250600001], [-2859224.5, 3617521.25], [-2859139.5, 3617431.25], [-2858740.0, 3617087.25], [-2858566.5, 3616983.0], [-2858223.75, 3616861.75], [-2858015.25, 3616861.75], [-2857569.0, 3617000.5], [-2857428.5, 3617067.25], [-2856948.0, 3617374.5], [-2856403.25, 3617406.7501], [-2854284.5, 3616470.0], [-2853869.0, 3616001.5], [-2853346.5, 3614239.75], [-2853373.5, 3612549.0], [-2853054.25, 3612074.75], [-2851448.5, 3609171.75], [-2850833.0, 3607742.5], [-2850801.0, 3607462.5], [-2852007.25, 3603858.0], [-2853460.999, 3601659.4991999995], [-2853698.25, 3601332.75], [-2854421.75, 3599464.75], [-2854656.25, 3598472.25]]], [[[-2670875.0, 3599322.0], [-2671871.5, 3600879.0], [-2671811.9999, 3602282.5001], [-2670188.75, 3602723.25], [-2669353.5, 3602364.75], [-2668609.75, 3601810.5], [-2668063.2502999995, 3599625.5011], [-2669901.5, 3598453.75], [-2670875.0, 3599322.0]]], [[[-2534078.5, 3622460.75], [-2532424.0, 3621769.0], [-2531042.9989, 3621299.999399999], [-2527204.75, 3620210.25], [-2524157.0, 3619364.25], [-2521253.5, 3618442.25], [-2516719.75, 3616786.5], [-2514602.5, 3615976.5], [-2511924.25, 3614716.25], [-2506593.5, 3612503.0], [-2505518.25, 3611937.75], [-2504505.0, 3611255.5], [-2502092.5, 3609977.25], [-2500781.5, 3610051.75], [-2499746.0, 3609968.5], [-2499654.0, 3609946.0], [-2497634.5, 3609297.5], [-2496298.75, 3608697.5], [-2494651.75, 3607766.0], [-2494559.0, 3607765.25], [-2492218.25, 3607372.75], [-2490440.75, 3606809.75], [-2484637.5, 3604449.5], [-2479907.25, 3602473.25], [-2476478.75, 3600907.75], [-2471547.75, 3598804.5], [-2468581.5, 3597614.5], [-2463758.75, 3595330.75], [-2461802.75, 3594284.75], [-2460380.0, 3593348.25], [-2457346.75, 3591970.0], [-2453823.75, 3589621.5], [-2449642.0, 3587348.75], [-2446280.25, 3585105.25], [-2441443.0, 3582227.75], [-2439572.75, 3581222.5], [-2439115.25, 3580865.0], [-2439059.25, 3580722.5], [-2440232.75, 3580433.0], [-2440698.5, 3580954.0], [-2443270.0, 3582616.25], [-2443364.75, 3582660.5], [-2443465.75, 3582687.75], [-2443674.25, 3582687.75], [-2443775.25, 3582660.5], [-2444474.5, 3582380.75], [-2445436.0, 3582161.5], [-2446072.25, 3582149.0], [-2446715.25, 3582480.0], [-2446879.75, 3582833.2501999997], [-2446851.7501999997, 3583325.262], [-2446860.75, 3583429.5], [-2446932.25, 3583625.25], [-2446992.0, 3583711.0], [-2447602.25, 3584346.25], [-2450293.5, 3585868.5], [-2450458.75, 3585903.5], [-2450651.5, 3585899.0], [-2451440.25, 3586111.75], [-2452937.75, 3586850.75], [-2453310.25, 3587126.75], [-2454042.75, 3588489.75], [-2454516.0, 3589065.75], [-2454675.7491999995, 3589199.4996000007], [-2454871.5, 3589271.0], [-2456606.0, 3589689.75], [-2457322.7487000003, 3589805.249], [-2457457.25, 3589811.75], [-2458127.0, 3589775.5], [-2458722.4990999997, 3589877.5012999997], [-2462480.75, 3592095.25], [-2462818.75, 3592333.0], [-2462950.75, 3592642.25], [-2467667.5, 3596504.75], [-2469383.5, 3597216.0], [-2469588.7501, 3597252.250499999], [-2469794.0, 3597216.0], [-2470480.5, 3597332.0], [-2471643.5, 3597594.5], [-2472753.0, 3597946.0], [-2474044.75, 3598903.75], [-2476528.25, 3600202.75], [-2476843.0, 3600154.0], [-2476934.5, 3600154.25], [-2477904.75, 3600305.0], [-2479706.25, 3601019.75], [-2479986.25, 3601336.25], [-2480854.75, 3601935.5], [-2482602.75, 3603050.5], [-2483763.0, 3603576.0], [-2485208.25, 3604141.0], [-2485505.5, 3604235.5], [-2485609.7499, 3604244.4992999993], [-2486938.0, 3604027.25], [-2487918.25, 3603942.5], [-2488247.75, 3603977.5], [-2488648.5, 3604336.75], [-2488828.9998000003, 3604700.5001], [-2488909.0, 3604824.0], [-2489068.75, 3604957.75], [-2489264.5, 3605029.25], [-2490268.25, 3605102.5], [-2492101.25, 3605150.5], [-2492919.2491999995, 3604892.75], [-2493202.75, 3604929.25], [-2493288.5, 3604954.5], [-2495490.5, 3605968.5], [-2495738.0, 3606408.0], [-2495743.75, 3606449.5], [-2495743.75, 3606658.0], [-2495770.9991999995, 3606759.0013999995], [-2495875.0, 3606939.5], [-2495949.0, 3607013.5], [-2497293.5, 3608245.25], [-2498192.0, 3608852.75], [-2498322.75, 3608919.5], [-2498423.75, 3608946.75], [-2499342.75, 3609083.0], [-2501731.0, 3608712.25], [-2502654.5, 3608795.0], [-2504307.25, 3609617.0], [-2504931.75, 3610330.25], [-2505833.75, 3610905.25], [-2505928.5, 3610949.5], [-2509515.5, 3612468.75], [-2510635.25, 3612818.75], [-2511360.25, 3612971.0], [-2511464.5, 3612980.0], [-2511900.25, 3612934.5], [-2514533.4968, 3614175.498400001], [-2518167.5, 3616183.25], [-2520935.25, 3617093.25], [-2522258.0, 3617435.5], [-2522466.5, 3617435.5], [-2522567.5, 3617408.25], [-2524587.75, 3618099.25], [-2526044.5, 3618888.75], [-2527131.75, 3619440.75], [-2527856.5, 3619704.5], [-2529043.25, 3619828.0], [-2530161.0, 3620064.5], [-2530768.0, 3620236.75], [-2532771.5, 3621228.0], [-2535894.0, 3622544.75], [-2535995.0, 3622572.0], [-2536564.5, 3622651.0], [-2536668.75, 3622642.0], [-2536864.5, 3622570.5], [-2543547.5, 3623838.25], [-2548321.25, 3625107.25], [-2548778.75, 3625515.75], [-2548924.0, 3625612.5], [-2549700.75, 3625978.75], [-2554738.0, 3627503.0], [-2554830.2499, 3627527.0008000005], [-2556204.5, 3627641.75], [-2556976.0, 3627641.75], [-2557748.5, 3627801.0], [-2558207.75, 3628557.75], [-2557729.25, 3628834.5], [-2557489.25, 3628828.75], [-2552746.25, 3627679.5], [-2549625.5, 3626708.75], [-2544476.5, 3625351.0], [-2541223.75, 3624189.25], [-2536372.75, 3623108.25], [-2534078.5, 3622460.75]]], [[[-2577916.75, 3635281.75], [-2579836.5, 3636040.749399999], [-2581744.25, 3635073.25], [-2584141.0, 3634174.5], [-2585927.0, 3634236.25], [-2585480.5, 3636440.25], [-2584747.25, 3636741.5], [-2584423.2501, 3636056.001599999], [-2583890.999500001, 3635763.499399999], [-2583435.5, 3635844.5001], [-2583032.25, 3636177.25], [-2583040.75, 3636947.0], [-2583639.75, 3638153.25], [-2584044.75, 3638511.5], [-2584947.25, 3638717.0], [-2586043.0001999997, 3638833.2509000003], [-2586795.5, 3638620.25], [-2587646.5, 3638776.5], [-2588917.5, 3639747.5], [-2588470.9996000007, 3640160.7512], [-2585847.25, 3639714.25], [-2584911.75, 3639741.75], [-2584132.0, 3639396.5], [-2573876.5, 3633918.25], [-2574026.75, 3633627.25], [-2574378.2499, 3633459.500600001], [-2575344.25, 3633583.0], [-2577916.75, 3635281.75]]], [[[-2608476.5184000004, 3687378.8663999997], [-2607731.259400001, 3686674.862299999], [-2608005.0033, 3686142.3659000006], [-2610041.518100001, 3684466.364600001], [-2610510.0186, 3684337.8649000004], [-2610913.7531000003, 3684522.1194], [-2611264.5182000007, 3684810.8709999993], [-2611479.7547999993, 3685973.365], [-2610512.0175, 3687316.3614000008], [-2610113.0178999994, 3687589.3680000007], [-2609217.2555, 3687677.1207], [-2608476.5184000004, 3687378.8663999997]]], [[[-2058815.3750999998, 1251041.0000999998], [-2057170.6138000004, 1251276.8839999996], [-2056597.4850999992, 1251004.5], [-2056586.2456999999, 1250984.2493999992], [-2056621.8644999992, 1250631.125], [-2058066.8377, 1248490.273600001], [-2058492.2456, 1247859.8860999998], [-2058717.2469999995, 1247702.7634999994], [-2059103.6144999992, 1247851.2517000008], [-2059978.3727000002, 1248945.1294999998], [-2060018.4970999993, 1249321.3880000003], [-2059691.865700001, 1250336.6390000004], [-2058815.3750999998, 1251041.0000999998]]], [[[-2055838.1195, 1259721.8857000005], [-2057569.4987000003, 1262582.1389000006], [-2057270.3596, 1262866.1392], [-2056422.8643999994, 1263231.5023999996], [-2055210.6122999992, 1262923.7617000006], [-2055061.9930000007, 1262905.0020000003], [-2054856.7343000006, 1262941.1286999993], [-2054761.9856000002, 1262985.3818999995], [-2054641.4976000004, 1263076.0018000007], [-2054199.6212000009, 1262851.1314000003], [-2053994.362400001, 1262815.0046999995], [-2053890.1109999996, 1262824.1305999998], [-2053547.8655999992, 1262931.3802000005], [-2053367.4942000005, 1263035.6316], [-2052827.4938999992, 1263662.762], [-2052153.7347, 1263565.9980999995], [-2051581.6217999998, 1261581.5024999995], [-2051620.1241999995, 1261149.5055999998], [-2052131.6162999999, 1259957.1272], [-2053476.3659000006, 1259585.5053000003], [-2055505.1147000007, 1259466.0003999993], [-2055838.1195, 1259721.8857000005]]], [[[-2081494.4967999998, 1346576.1239999998], [-2079076.6117000002, 1344946.8827], [-2077890.6229999997, 1343766.1369000003], [-2068024.4894999992, 1340775.1393999998], [-2065072.6126000006, 1341622.0523000006], [-2064791.2381999996, 1341702.7522999998], [-2059930.4986000005, 1345094.1257000007], [-2047526.9913999997, 1345097.2550000008], [-2047231.7353000008, 1344989.8742999993], [-2046585.9926999994, 1344095.3734000009], [-2047104.6119, 1340161.3783999998], [-2047783.9908000007, 1337605.8839999996], [-2048867.6914000008, 1335677.9509999994], [-2049405.4989, 1334721.0056999996], [-2047321.2411000002, 1331631.7533], [-2045806.1142999995, 1325579.8805], [-2045483.6117000002, 1322503.5059999991], [-2045368.2356000002, 1316905.8795999996], [-2046048.7449999992, 1315921.6272], [-2046739.9859999996, 1316369.1234000009], [-2051647.9934, 1320403.6341999993], [-2054377.3712000009, 1322917.7590999994], [-2055679.6206999999, 1324827.0030000005], [-2057500.2434999999, 1325533.8742999993], [-2060599.6212000009, 1326389.2500999998], [-2065658.1155999992, 1326827.2599999998], [-2065958.1230999995, 1326746.8801000006], [-2066177.7342000008, 1326527.2525999993], [-2067343.6195999999, 1323774.6259000003], [-2067358.8730999995, 1320532.0029000007], [-2068428.7482999992, 1311000.8893999998], [-2068826.9942000005, 1309046.9990999997], [-2071136.2370999996, 1303297.0014999993], [-2070930.9946999997, 1302733.1297999993], [-2069723.1171000004, 1302348.2532000002], [-2065379.9971999992, 1301991.9995000008], [-2064917.7986999992, 1302064.8721999992], [-2063800.3665999994, 1302241.0035999995], [-2062667.2491999995, 1302605.0068999995], [-2062085.863, 1302514.5017000008], [-2057818.6173999999, 1298238.2612999994], [-2057178.7402999997, 1297198.2541000005], [-2056937.9937999994, 1296447.5065000001], [-2057147.6107, 1296272.6237000003], [-2062764.4881999996, 1296402.7618000004], [-2063865.2473000009, 1296665.1351999994], [-2068217.1162, 1299478.0057999995], [-2071943.9847, 1288945.0107000005], [-2070521.1162, 1286921.0132999998], [-2069361.1126000006, 1284458.3834000006], [-2069241.6240999997, 1278282.5000999998], [-2070054.614600001, 1267108.2517000008], [-2066657.3594000004, 1264137.7504999992], [-2065258.4934999999, 1262663.5018000007], [-2062079.7353000008, 1258249.1280000005], [-2061930.1166999992, 1257755.1339999996], [-2063519.3647000007, 1246968.6293000001], [-2063027.9921000004, 1241352.6363999993], [-2062508.3736000005, 1241052.6290000007], [-2061883.6345000006, 1241177.5735], [-2061195.114, 1241315.2480999995], [-2060940.7360999994, 1241493.5059999991], [-2059703.2070000004, 1245533.2510000002], [-2059520.3742999993, 1246129.8830999993], [-2058661.738, 1246744.6272], [-2053520.3732999992, 1247112.8739999998], [-2051090.7408000007, 1246205.5117000006], [-2050503.2433000002, 1245752.2482999992], [-2050501.4902, 1245351.1351999994], [-2051968.1204000004, 1243694.2541000005], [-2053778.7489999998, 1242454.8863999993], [-2056462.6119999997, 1241532.0084000006], [-2057333.9951000009, 1240880.3839999996], [-2058249.7459999993, 1239340.7631], [-2058205.4927999992, 1238835.5132999998], [-2057891.1165999994, 1238571.6326000001], [-2055289.9927999992, 1237953.6282000002], [-2056482.2400000002, 1236644.137], [-2062373.9920000006, 1236457.5067999996], [-2062954.7392999995, 1235970.0009000003], [-2063264.8719999995, 1233746.0040000007], [-2060359.6119999997, 1227054.1393999998], [-2059362.8749000002, 1228385.7489999998], [-2059758.2371999994, 1229595.7565000001], [-2059545.7368, 1229975.3738000002], [-2057808.7378000002, 1230993.3772999998], [-2055341.2419000007, 1231285.258199999], [-2052927.125, 1231242.0044999998], [-2052220.9910000004, 1231045.3801000006], [-2050392.4875000007, 1229232.9984000009], [-2048757.6099999994, 1224785.6271000002], [-2049263.1219999995, 1222964.0047999993], [-2050407.8719999995, 1221125.6381], [-2050872.4894999992, 1221030.1358000003], [-2054136.6247000005, 1222065.5063000005], [-2055950.8741999995, 1221800.1346000005], [-2056309.4871999994, 1221441.5053000003], [-2056309.4871999994, 1221031.0041000005], [-2053335.4962000009, 1218648.8851999994], [-2050391.1111999992, 1217762.8877000008], [-2048709.2445, 1217628.6371999998], [-2048267.8595000003, 1217906.3786999993], [-2047596.9837999996, 1218049.0013999995], [-2047226.3614000008, 1217591.1341999993], [-2046888.6216000002, 1216024.5124999993], [-2047050.610200001, 1214824.138699999], [-2048270.4344999995, 1212821.7919999994], [-2048698.4966000002, 1212119.009299999], [-2048968.6195999999, 1211923.6301000006], [-2051740.2353000008, 1211383.0072000008], [-2052808.488500001, 1209886.3780000005], [-2052475.7457999997, 1203825.3793000001], [-2052161.3695999999, 1203561.4986000005], [-2051851.8595000003, 1203534.5141000003], [-2050821.3714000005, 1203870.7630000003], [-2050368.7469999995, 1204224.2642], [-2049821.7344000004, 1203877.382099999], [-2048864.7449999992, 1203038.5048999991], [-2048129.2345000003, 1201022.257099999], [-2048199.2433000002, 1200643.508199999], [-2048780.1216000002, 1199921.0066], [-2052530.239, 1198847.7562000006], [-2053064.488500001, 1199060.2566999998], [-2053680.6087999996, 1200258.3859], [-2054177.6174999997, 1200614.0006000008], [-2054565.1904000007, 1200558.7994999997], [-2057246.8649000004, 1200176.6296999995], [-2057735.8618, 1199208.4991999995], [-2057710.3683000002, 1198738.262], [-2057431.6108999997, 1198216.6282000002], [-2055803.8605000004, 1196338.2517000008], [-2054522.4843000006, 1193803.3848], [-2059817.2359999996, 1187713.5011], [-2060381.1240999997, 1187909.0113999993], [-2061010.9905999992, 1188517.6279000007], [-2062468.1181000005, 1192142.8827999998], [-2062626.4858, 1195242.260399999], [-2059630.8680000007, 1207409.2481999993], [-2057163.8636000007, 1210882.5252], [-2055866.2107999995, 1212030.8023000006], [-2054822.8684999999, 1212953.888699999], [-2054989.3627000004, 1216252.135399999], [-2055472.8709999993, 1216899.8768000007], [-2056063.7434999999, 1216795.6253999993], [-2056815.4905999992, 1215523.3750999998], [-2057700.8655999992, 1213302.2617000006], [-2059517.7855999991, 1211207.1741000004], [-2060011.5994000006, 1210856.704], [-2061841.8724000007, 1210196.8874999993], [-2062289.6143999994, 1210409.2568999995], [-2062494.8730999995, 1210895.6324000005], [-2062592.2433000002, 1212626.3234], [-2062439.6098999996, 1212733.2782000005], [-2061629.2409000006, 1215916.0012999997], [-2061381.7442000005, 1217683.8839999996], [-2061867.3659000006, 1220918.6262999997], [-2062458.8610999994, 1223065.6348], [-2062832.1214000005, 1223470.1393999998], [-2063242.6225000005, 1223470.1393999998], [-2063496.984099999, 1223291.8815000001], [-2063637.3621999994, 1222906.2511999998], [-2063343.613500001, 1215867.6357000005], [-2064830.2649000008, 1213281.3556999993], [-2065616.8607, 1212538.8819999993], [-2067466.8600999992, 1212659.0095000006], [-2067227.113, 1215847.8765999991], [-2067416.8725000005, 1218954.5123999994], [-2068003.8620999996, 1222938.1345000006], [-2068135.1142999995, 1223219.5132999998], [-2068748.6131999996, 1223702.0056999996], [-2069159.1142999995, 1223702.0056999996], [-2069444.8675999995, 1223495.6328999996], [-2072288.3599999994, 1229141.6248000003], [-2072611.7474000007, 1234318.7557999995], [-2075428.7467999998, 1245798.6314000003], [-2075341.8625000007, 1248527.0098], [-2074292.8605000004, 1250000.6359], [-2073755.8749000002, 1250343.1270000003], [-2074876.3603000008, 1258708.6336000003], [-2075262.7441000007, 1260392.7613999993], [-2076273.8662999999, 1261288.3762999997], [-2080100.6117000002, 1266280.1388000008], [-2080579.8599999994, 1267428.1328999996], [-2080663.8608, 1271199.1235000007], [-2081949.3658000007, 1272067.3772], [-2081774.2372999992, 1273425.2502999995], [-2082495.1169000007, 1275558.2504999992], [-2083860.625, 1276848.7526999991], [-2084533.3684, 1278509.8772999998], [-2085006.4891999997, 1286335.6294], [-2086096.4838999994, 1287652.7555], [-2087185.364600001, 1289744.1239], [-2088148.9894999992, 1292047.5013999995], [-2093972.7478999998, 1310199.0073000006], [-2094360.6227000002, 1313380.5015999991], [-2094647.1132999994, 1320089.8805999998], [-2095679.6165999994, 1325589.6290000007], [-2095537.1249000002, 1326272.2520000003], [-2094934.9966000002, 1327598.8807999995], [-2088307.3736000005, 1326118.1276999991], [-2087531.2471999992, 1325173.6392], [-2086409.1234000009, 1324327.8807999995], [-2083661.3628000002, 1324434.1309999991], [-2080812.988, 1325493.8808999993], [-2079536.9857, 1326134.1349], [-2079251.9859999996, 1326332.5122999996], [-2079192.6104000006, 1326679.8859], [-2085795.362400001, 1332601.6369000003], [-2094978.3650000002, 1339158.5138000008], [-2097072.2402, 1339386.0055999998], [-2098232.489600001, 1338994.6246000007], [-2098834.2411, 1339228.7520000003], [-2099816.4946999997, 1341312.7640000004], [-2100992.489, 1347799.1240999997], [-2100253.430400001, 1348166.477499999], [-2099813.9879, 1348384.8848], [-2099229.7345000003, 1348231.8747000005], [-2092923.4836999997, 1344967.8869000003], [-2092015.2367000002, 1344601.1311000008], [-2089814.9966000002, 1344259.262599999], [-2089035.8717999998, 1344254.6259000003], [-2088635.8728, 1344514.3778000008], [-2087878.1128000002, 1346585.3809999991], [-2087438.8741999995, 1346847.7543000001], [-2084307.2364000008, 1347481.3892], [-2081494.4967999998, 1346576.1239999998]]], [[[-2066013.3698999994, 1290359.5069999993], [-2066417.6122999992, 1290288.2530000005], [-2066681.4930000007, 1289973.8768000007], [-2066774.3739, 1287163.0050000008], [-2066474.3664999995, 1286643.3863999993], [-2057942.2347, 1283893.0043000001], [-2052433.9993999992, 1283022.6371], [-2051728.6191000007, 1282428.1272999998], [-2050662.8726000004, 1279231.8873999994], [-2050622.3714000005, 1278524.6393], [-2050808.8704000004, 1277796.3868000004], [-2051954.5140000004, 1276000.3932000007], [-2055756.7401, 1270036.8752999995], [-2064848.8607, 1268591.0036999993], [-2065117.1160000004, 1268652.0012999997], [-2066646.8737000003, 1269829.7488000002], [-2067266.7458999995, 1276244.887599999], [-2066991.2489999998, 1277678.3893], [-2066605.4877000004, 1278257.6292000003], [-2066898.7448999994, 1281724.7621], [-2069053.2409000006, 1289088.7639000006], [-2068340.2420000006, 1291790.2562000006], [-2068040.2346, 1292337.1377000008], [-2067104.9163000006, 1292891.9385000002], [-2066714.4903999995, 1293123.5042000003], [-2066316.9981999993, 1293153.6344000008], [-2059336.9881999996, 1290963.0116000008], [-2058693.8671000004, 1290194.3890000004], [-2058273.4864000008, 1289299.757099999], [-2058299.1109999996, 1288523.4996000007], [-2059234.9978, 1287306.0044999998], [-2059648.3661000002, 1287349.3893999998], [-2065308.1206, 1289394.8826000001], [-2065554.7489999998, 1289973.4999000002], [-2066013.3698999994, 1290359.5069999993]]], [[[-2062513.4854000006, 1323768.0066999998], [-2061274.6092000008, 1323754.3751999997], [-2059919.4886000007, 1323497.9984000009], [-2058857.7398000006, 1322965.6330999993], [-2050279.8638000004, 1314086.5044999998], [-2048670.6109999996, 1309472.9995000008], [-2048806.2377000004, 1309005.0068999995], [-2051592.3696999997, 1305429.7559999991], [-2052630.738500001, 1304430.135399999], [-2056299.2471999992, 1302492.0065000001], [-2058682.8734000009, 1302524.7580999993], [-2066098.239, 1306214.8772], [-2067237.6152, 1312020.8752999995], [-2066356.7457999997, 1320857.1270000003], [-2065964.6110999994, 1321890.7608000003], [-2065133.2378000002, 1322758.5066], [-2062513.4854000006, 1323768.0066999998]]], [[[-2091577.7498000003, 1329297.1246000007], [-2091219.2364000008, 1329478.5024999995], [-2091052.988, 1329793.7633999996], [-2091426.8708999995, 1331312.3800000008], [-2091612.8619999997, 1331495.3893], [-2092001.2447999995, 1331598.6249000002], [-2092362.8724000007, 1331922.1269000005], [-2093406.9920000006, 1333876.1318999995], [-2092747.2410000004, 1334029.3879000004], [-2090132.7478999998, 1333111.5069999993], [-2086984.7424999997, 1331201.1326000001], [-2084616.4844000004, 1329310.1240999997], [-2083973.9858999997, 1328529.8852999993], [-2082626.238, 1326547.1262999997], [-2082862.6099999994, 1326296.5002999995], [-2086468.367900001, 1326837.1231999993], [-2091225.1183000002, 1328182.6263999995], [-2091862.9966000002, 1328752.8879000004], [-2091768.8705000002, 1329208.1337000001], [-2091577.7498000003, 1329297.1246000007]]], [[[-2067634.6159000006, 1345310.886], [-2068706.6209999993, 1345974.5034999996], [-2068702.9836999997, 1347078.5066], [-2066682.9839999992, 1346975.0088999998], [-2066534.1190000009, 1346993.7522], [-2065571.6245000008, 1347234.8754999992], [-2063194.3716000002, 1347386.3783], [-2062396.6183000002, 1346857.257099999], [-2061986.7398000006, 1346328.2504999992], [-2062958.6223000009, 1345022.6259000003], [-2063300.7366000004, 1344701.4995000008], [-2063801.2907999996, 1344672.4419], [-2065226.610200001, 1344589.6294999998], [-2065791.4978, 1344674.007099999], [-2066449.4956, 1345146.1284999996], [-2067634.6159000006, 1345310.886]]], [[[-2099469.2358, 1353190.5086000003], [-2098628.4908000007, 1354338.3881], [-2098354.7469999995, 1354447.2598], [-2097837.7498000003, 1354365.2577999998], [-2096880.8586999997, 1353360.5089999996], [-2096808.1137000006, 1352623.5076000001], [-2096095.1148000006, 1351342.8849999998], [-2093889.9923, 1349108.8773999996], [-2089765.2383999992, 1347960.5065000001], [-2089198.2372999992, 1347611.3797999993], [-2088729.3598999996, 1347025.7500999998], [-2088478.111300001, 1346208.6308999993], [-2088800.4992999993, 1345288.5054000001], [-2089309.1241999995, 1344752.3882], [-2089831.2495000008, 1344605.2599], [-2090753.3738000002, 1345111.0011999998], [-2093507.114600001, 1346390.2639000006], [-2095771.2358999997, 1347417.1311000008], [-2098173.9987000003, 1348841.1301000006], [-2099514.2425999995, 1350956.2553000003], [-2100078.4912, 1351945.7506000008], [-2099469.2358, 1353190.5086000003]]], [[[-2043502.1252999995, 1446806.1262999997], [-2038333.1097999997, 1446635.7515999991], [-2036269.7415999994, 1446248.8761999998], [-2035462.2398000006, 1445741.0050000008], [-2034420.8727000002, 1444432.2511], [-2033743.7383999992, 1443272.6242999993], [-2032368.7440000009, 1433144.7564000003], [-2032487.4952000007, 1427457.1327], [-2035063.2402, 1418380.7572000008], [-2036228.3719999995, 1416724.8753999993], [-2036906.1973, 1416195.4536000006], [-2040153.3721999992, 1413658.511499999], [-2046837.9949999992, 1411082.8812000006], [-2049413.7401, 1410530.8878000006], [-2052909.3648000006, 1410530.8878000006], [-2057140.8605000004, 1412125.3786999993], [-2058980.7345000003, 1411941.3863999993], [-2061985.7402999997, 1410162.8868000004], [-2064132.2410000004, 1409856.2602999993], [-2070632.8715000004, 1410224.2612999994], [-2072963.2497000005, 1411144.1246000007], [-2075048.3595000003, 1411082.8812000006], [-2075293.7426999994, 1409672.2514999993], [-2075293.7426999994, 1408568.3794999998], [-2074067.1217, 1406606.0022999998], [-2071307.4990999997, 1404766.1283], [-2069651.6173, 1403784.8740999997], [-2066707.9859999996, 1403294.2553000003], [-2064745.4941000007, 1403478.2640000004], [-2062476.3592000008, 1403171.6373999994], [-2062598.9934999999, 1401577.1301000006], [-2063730.2984999996, 1401078.0799000002], [-2064684.1195999999, 1400657.2504999992], [-2067198.4902, 1400350.6239], [-2067754.8177000005, 1400189.6148000006], [-2069528.9995000008, 1399676.0127000008], [-2070326.2448999994, 1398878.7509000003], [-2070080.8618, 1397345.6344000008], [-2069283.6162999999, 1396609.6324000005], [-2059839.3707999997, 1395444.5006000008], [-2059368.5513000004, 1396187.9091999996], [-2058674.1242999993, 1397284.2599999998], [-2055592.5898000002, 1398176.4570000004], [-2054013.2368, 1398633.4988000002], [-2052909.3648000006, 1398020.1309999991], [-2050762.8641999997, 1397284.2599999998], [-2049091.5321999993, 1398246.6133999992], [-2048739.1125000007, 1398449.5064000003], [-2046653.986300001, 1399921.3794999998], [-2046012.9335999992, 1400963.1234000009], [-2045672.7486000005, 1401515.8867000006], [-2046469.9940000009, 1403723.6306999996], [-2046040.7496000007, 1408323.1274999995], [-2042974.3693000004, 1410653.5056999996], [-2038770.0199999996, 1411627.8249999993], [-2037945.6118, 1411818.7522], [-2034633.8647000007, 1414639.7492999993], [-2033775.3595000003, 1415682.3779000007], [-2032242.1119999997, 1418074.1305999998], [-2030586.3614000008, 1427702.4995000008], [-2030524.9869, 1429787.511], [-2030770.3701000009, 1431627.3849999998], [-2028284.360200001, 1432709.7611999996], [-2023118.1246000007, 1429743.012], [-2020675.8599999994, 1428774.1278000008], [-2016250.6235000007, 1428260.8826000001], [-2006416.4879, 1428099.2544], [-2001024.1203000005, 1429896.3826000001], [-1999716.2347, 1430670.1334000006], [-1996588.7421000004, 1432987.7485000007], [-1995243.7467999998, 1433549.9982999992], [-1997786.3633999992, 1428942.7519000005], [-2005887.8746000007, 1416815.7575000003], [-2007315.0042000003, 1415364.4740999993], [-2009775.4865000006, 1412861.6264999993], [-2015313.6225000005, 1408698.8781000003], [-2018077.4887000006, 1406877.3869000003], [-2022945.3717, 1403318.1267000008], [-2026617.6159000006, 1399738.0097000003], [-2027009.6195, 1399036.1356000006], [-2027810.3710999992, 1395737.0042000003], [-2028401.2436999995, 1394068.261], [-2028638.1326000001, 1393707.1382999998], [-2029881.6199999992, 1391811.2502999995], [-2030623.0067999996, 1391082.1086999997], [-2031057.3685999997, 1390654.8839999996], [-2034680.116800001, 1387769.7599], [-2035401.1110999994, 1387037.7555], [-2037109.2413999997, 1384906.2627000008], [-2043190.1138000004, 1375273.1260000002], [-2043826.239, 1370996.1319999993], [-2043646.2444000002, 1370277.8738000002], [-2044665.2473000009, 1365252.262], [-2045019.7478999998, 1364349.6347000003], [-2046675.2588999998, 1361900.6001999993], [-2048708.2449999992, 1358892.1242999993], [-2055885.6166999992, 1350467.1273999996], [-2057019.9464999996, 1349636.5535000004], [-2058476.6152, 1348569.7619000003], [-2059729.8600999992, 1348349.1349], [-2060588.988, 1349503.0109], [-2060685.1129, 1349605.0012999997], [-2062953.2482999992, 1351170.2631], [-2063146.4976000004, 1351279.0036999993], [-2065708.7422000002, 1352186.3824000005], [-2066120.488500001, 1352294.5004999992], [-2066328.9912999999, 1352294.5004999992], [-2066684.360200001, 1352208.8776999991], [-2066864.7480999995, 1352104.6262999997], [-2067426.9978, 1351628.3761999998], [-2067966.4902, 1351538.8868000004], [-2068473.9846, 1351734.5117000006], [-2068728.116800001, 1351912.6385999992], [-2069690.1196999997, 1352515.8811000008], [-2069784.8684, 1352560.1341999993], [-2069990.1108, 1352596.261], [-2072345.7114000004, 1352473.0061000008], [-2072598.738500001, 1352459.7495000008], [-2077335.4839999992, 1351949.1257000007], [-2077436.4912999999, 1351922.1249000002], [-2077616.8628000002, 1351817.8735000007], [-2077750.8674999997, 1351658.2606000006], [-2077822.1215000004, 1351462.5044999998], [-2077858.1172000002, 1350739.7572000008], [-2077827.3643999994, 1350550.0141000003], [-2077769.1193000004, 1350424.2504999992], [-2077385.2422000002, 1349796.2517000008], [-2077258.9870999996, 1349649.5002999995], [-2076195.1248000003, 1348873.2590999994], [-2076018.2431000005, 1348784.8838], [-2075576.9891999997, 1348654.0084000006], [-2075368.4865000006, 1348654.0084000006], [-2072178.6199999992, 1348239.5096000005], [-2069811.9838999994, 1347223.8817999996], [-2069378.741800001, 1346570.0128000006], [-2069581.739600001, 1345607.3871999998], [-2069962.9953000005, 1345224.5095000006], [-2071424.9887000006, 1344681.0031000003], [-2072286.0573999994, 1344633.4009000007], [-2072957.6136000007, 1344596.2487000003], [-2074402.7479999997, 1344487.0001999997], [-2076348.2497000005, 1344177.1295999996], [-2077811.1115000006, 1344589.3838], [-2079886.2434, 1345950.7631], [-2080892.9910000004, 1346889.5008000005], [-2081157.6089999992, 1348423.2562000006], [-2082016.4911000002, 1348524.7550000008], [-2082622.8629, 1347947.5140000004], [-2083302.2419000007, 1347881.7486000005], [-2084718.2454000004, 1348368.009299999], [-2085468.7473000009, 1348255.7624999993], [-2086599.2433000002, 1347794.1269000005], [-2088764.7493999992, 1348309.5021000002], [-2089972.8728, 1348994.0091999993], [-2091811.3706, 1349549.1318999995], [-2092270.2372999992, 1349795.137599999], [-2093313.9964000005, 1351169.7552000005], [-2095539.6152999997, 1355707.386], [-2095408.8709999993, 1356677.1384999994], [-2094319.4988000002, 1357659.261], [-2096530.8637000006, 1358566.5087000001], [-2096516.1181000005, 1359977.8756000008], [-2095834.988500001, 1360305.5819000006], [-2094591.2438999992, 1360903.8828999996], [-2095449.2412, 1365157.0054000001], [-2098532.7426999994, 1367868.2624999993], [-2096587.1196999997, 1369079.8764999993], [-2094879.4876000006, 1370143.0007000007], [-2094389.6224000007, 1370274.2529000007], [-2093083.9978, 1372937.0133999996], [-2093083.9978, 1373347.4980999995], [-2093347.8620999996, 1373661.8742999993], [-2096934.8604000006, 1375502.0105000008], [-2098392.9871999994, 1375871.3878000006], [-2099979.2369999997, 1375777.884299999], [-2100861.499, 1376043.0101999994], [-2100941.9935999997, 1376234.883199999], [-2100662.2368, 1377300.1381], [-2096946.9940000009, 1379107.7846000008], [-2096480.8597, 1379334.5066], [-2093957.2486000005, 1379354.6261999998], [-2086360.9871999994, 1375837.3746000007], [-2085957.2854999993, 1375166.384299999], [-2085049.2677999996, 1374497.1634], [-2084694.0626999997, 1374021.8798999991], [-2084571.9855000004, 1372604.7621999998], [-2084760.2376000006, 1372085.3893999998], [-2083852.7443000004, 1369154.1280000005], [-2081701.2465000004, 1367260.5143999998], [-2080523.4990999997, 1367008.5121], [-2080137.8688999992, 1367148.8738000002], [-2079445.1206, 1369031.887], [-2079516.2434999999, 1369641.3881], [-2081833.2687999997, 1373969.4020000007], [-2082722.0188999996, 1375154.5549999997], [-2083331.6184, 1377166.887], [-2082965.9930000007, 1378028.6362999994], [-2082684.6141999997, 1378159.8884999994], [-2082479.3717999998, 1378515.2575000003], [-2082632.8735000007, 1379894.3806999996], [-2085171.6235000007, 1382322.6369000003], [-2086752.9908000007, 1383106.1361999996], [-2088668.9848999996, 1384379.8774999995], [-2089591.7481999993, 1385306.3762999997], [-2091992.7414999995, 1388566.5138000008], [-2093252.6218999997, 1391694.7600999996], [-2092236.9941000007, 1391933.8846000005], [-2091342.2475000005, 1392419.5063000005], [-2090534.7456999999, 1393150.2490999997], [-2090387.486300001, 1393558.5055999998], [-2090719.6227000002, 1394270.259299999], [-2094189.8685999997, 1394125.6378000006], [-2097926.2398000006, 1394184.7511999998], [-2100553.2339999992, 1394928.2572000008], [-2101317.99, 1395561.3840999994], [-2099681.998400001, 1397119.011], [-2096981.8330000006, 1397678.7594000008], [-2096479.3687999994, 1397782.8742999993], [-2095657.7440000009, 1398785.6241999995], [-2095761.9953000005, 1399376.5132], [-2099490.2401, 1400677.0096000005], [-2100891.989600001, 1401522.0143999998], [-2102952.2447999995, 1403547.2569999993], [-2104263.4891, 1406583.8838999998], [-2101508.910599999, 1410939.7181000002], [-2101452.748400001, 1411028.5026999991], [-2101121.9881999996, 1411245.3776999991], [-2099066.7465000004, 1411620.5057999995], [-2098226.4930000007, 1411475.5074000005], [-2096404.0965999998, 1411803.3907999992], [-2095912.1218999997, 1411891.8739], [-2094907.2421000004, 1416860.5022], [-2091797.3622999992, 1420408.2608000003], [-2092017.4977000002, 1421152.258199999], [-2094785.115700001, 1423299.6272], [-2094738.9947999995, 1424027.2569999993], [-2093683.6703999992, 1426184.447899999], [-2093527.4963000007, 1426503.6330999993], [-2093098.8743999992, 1428532.2508000005], [-2093170.1120999996, 1428936.5096000005], [-2096665.867900001, 1431514.7613999993], [-2097606.9976000004, 1431540.2548999991], [-2098358.9903999995, 1433809.1275999993], [-2098392.9871999994, 1435235.387599999], [-2097915.7377000004, 1435868.6292000003], [-2097046.4846, 1436566.6367000006], [-2095206.3648000006, 1445228.0055999998], [-2093975.4839999992, 1448027.6380000003], [-2088588.6214000005, 1453922.1260000002], [-2082408.3636000007, 1457443.5064000003], [-2081822.420499999, 1458581.7191000003], [-2081647.9985000007, 1458920.5076000001], [-2080199.9969999995, 1464909.2528000008], [-2077014.9965000004, 1473230.7520000003], [-2073506.2482999992, 1471279.3848], [-2070307.9931000005, 1468215.1344000008], [-2068561.6226000004, 1465383.012599999], [-2064755.734099999, 1461365.7541000005], [-2063947.3639000002, 1460735.1338999998], [-2057507.9931000005, 1459487.6234000009], [-2054611.8589999992, 1459198.0033999998], [-2053541.4923, 1458586.1264999993], [-2050786.1130999997, 1453710.2480999995], [-2051614.7338999994, 1449973.7621999998], [-2053654.3136, 1447213.9516000003], [-2054187.1202000007, 1446492.8340000007], [-2055390.1153999995, 1445638.7360999994], [-2060820.4938999992, 1443447.1303000003], [-2061169.4019000009, 1443069.4974000007], [-2062822.7497000005, 1441279.7565000001], [-2063482.017000001, 1440267.884299999], [-2064089.7409000006, 1439335.0084000006], [-2064224.8597, 1438304.7497000005], [-2064077.3708999995, 1438086.8752999995], [-2063890.6097, 1438030.6290000007], [-2057258.9891, 1439934.6301000006], [-2055464.1218999997, 1440619.6286999993], [-2055018.7391999997, 1441223.3791000005], [-2055430.4856000002, 1441916.2585000005], [-2051987.9614000004, 1444689.0046999995], [-2051418.3388999999, 1444993.0590000004], [-2043502.1252999995, 1446806.1262999997]]], [[[-2069779.3633999992, 1473764.6246000007], [-2069829.236300001, 1473549.3880000003], [-2069829.236300001, 1473340.8851999994], [-2069551.117900001, 1472447.6294999998], [-2070317.7415999994, 1471148.3783], [-2070695.1142999995, 1471262.0013999995], [-2072152.7496000007, 1472373.6393999998], [-2072328.6154999994, 1472749.6358000003], [-2072146.6219999995, 1472987.4987000003], [-2071466.8662, 1473112.6232999992], [-2071286.4947999995, 1473216.8747000005], [-2071152.4900000002, 1473376.5040000007], [-2071081.2359999996, 1473572.2600999996], [-2070957.6186999995, 1474303.1338999998], [-2070993.7455000002, 1474508.3762999997], [-2071214.8639000002, 1474925.0050000008], [-2072558.7452000007, 1476603.5130000003], [-2072632.7353000008, 1476677.5032000002], [-2072808.6174999997, 1476780.0014999993], [-2074239.6125000007, 1477314.0052000005], [-2074261.8619999997, 1477336.3858000003], [-2074219.3619, 1477845.7643], [-2073043.2364000008, 1479960.1359], [-2072789.3662999999, 1480133.0034999996], [-2072128.1488000005, 1480236.1229999997], [-2071381.7349999994, 1480352.4999000002], [-2070983.1122999992, 1480282.7532000002], [-2069169.8621999994, 1478850.6278000008], [-2068993.6195, 1478783.1257000007], [-2068228.9945999999, 1478619.8754999992], [-2067454.2444000002, 1477469.8826000001], [-2067299.8743999992, 1475827.0098], [-2067404.6173, 1475139.5043000001], [-2067574.9945, 1474503.0022999998], [-2067840.1204000004, 1474331.3798999991], [-2068836.4969999995, 1474403.6334000006], [-2069041.7392999995, 1474367.5066], [-2069264.1194000002, 1474283.0143999998], [-2069436.4954000004, 1474181.7611999996], [-2069637.3632999994, 1473986.0052000005], [-2069735.110200001, 1473859.3732999992], [-2069779.3633999992, 1473764.6246000007]]], [[[-2026932.0, 1560252.125], [-2027339.25, 1560217.5], [-2028318.5, 1562144.875], [-2028522.5, 1562967.875], [-2028418.625, 1563885.875], [-2028614.4987000003, 1564424.7508000005], [-2029055.875, 1564850.25], [-2029466.375, 1564850.25], [-2030518.5007000007, 1563938.6250999998], [-2031337.25, 1559096.25], [-2029996.875, 1552857.375], [-2031507.125, 1548471.5], [-2031030.25, 1543465.75], [-2030450.75, 1541424.25], [-2029607.0, 1540640.125], [-2028904.75, 1538767.25], [-2026899.875, 1531531.75], [-2026612.75, 1529331.0], [-2028498.625, 1522003.0], [-2030485.75, 1516821.5], [-2029092.6243999992, 1512632.2493999992], [-2029601.875, 1512166.625], [-2030012.25, 1512057.625], [-2030878.75, 1512211.375], [-2033510.25, 1514016.125], [-2037791.25, 1518670.0], [-2038451.1241999995, 1521062.6272], [-2037680.0, 1525193.125], [-2039061.875, 1530772.875], [-2040436.625, 1538205.25], [-2040490.75, 1540272.125], [-2040082.5, 1541005.0], [-2039678.25, 1541076.25], [-2039130.8749000002, 1541482.3749000002], [-2038999.625, 1541972.25], [-2040462.75, 1546364.75], [-2042386.2493999992, 1551167.7515999991], [-2042345.375, 1554614.25], [-2041350.25, 1557338.625], [-2040224.0, 1561965.25], [-2041271.125, 1563600.375], [-2041323.75, 1565820.25], [-2040480.375, 1569990.375], [-2035524.0, 1578383.5], [-2032586.375, 1581228.875], [-2032246.25, 1585124.375], [-2028809.5, 1584284.375], [-2026152.25, 1581185.25], [-2026620.75, 1579645.625], [-2027406.875, 1573119.25], [-2026605.75, 1569739.125], [-2026932.0, 1560252.125]]], [[[-2072952.25, 1544861.5], [-2073356.75, 1544929.625], [-2073729.0, 1547542.375], [-2072486.75, 1548839.75], [-2070961.1249000002, 1552596.7490999997], [-2070211.0, 1552667.0], [-2069922.875, 1552323.25], [-2070093.75, 1550082.375], [-2072160.625, 1545984.5], [-2072952.25, 1544861.5]]], [[[-2030787.875, 1588782.5], [-2030908.375, 1588045.25], [-2033205.2501999997, 1585290.0001999997], [-2034520.25, 1584037.0], [-2035025.125, 1583817.75], [-2035857.125, 1583762.5], [-2040092.75, 1584352.25], [-2045323.75, 1587420.875], [-2045875.375, 1588906.875], [-2045075.375, 1592654.625], [-2044291.25, 1594372.5], [-2041401.625, 1598665.25], [-2041225.375, 1598910.5], [-2039765.625, 1599367.0], [-2036371.25, 1599691.25], [-2034175.875, 1599219.25], [-2032644.7491999995, 1598663.625], [-2032135.375, 1596547.625], [-2030787.875, 1588782.5]]], [[[-2038947.3631999996, 1605126.1298999991], [-2042329.375, 1604467.625], [-2047009.5, 1603268.0], [-2049013.25, 1601374.125], [-2051680.5, 1598139.75], [-2053354.2498000003, 1595395.3742999993], [-2053627.0, 1595300.25], [-2054547.375, 1596638.875], [-2054884.875, 1600378.375], [-2054738.125, 1603932.5], [-2054239.375, 1605198.5], [-2054006.375, 1605531.25], [-2052553.375, 1605837.125], [-2048556.0, 1609237.25], [-2048279.6248000003, 1611334.9999000002], [-2044221.125, 1613843.75], [-2043013.375, 1614215.375], [-2041969.2498000003, 1613858.0008000005], [-2041887.875, 1612425.5], [-2042079.25, 1611878.125], [-2041911.625, 1611521.75], [-2039990.75, 1610508.0], [-2038356.875, 1610511.5], [-2037235.0, 1608894.5], [-2037215.875, 1607551.25], [-2038146.1199999992, 1605474.6338], [-2038947.3631999996, 1605126.1298999991]]], [[[-2036724.125, 1620358.875], [-2034451.5000999998, 1622214.3750999998], [-2033831.625, 1621646.0], [-2032127.5, 1617764.375], [-2031538.5, 1615645.125], [-2032189.375, 1613335.375], [-2033227.25, 1612026.625], [-2034752.3703000005, 1611383.3763999995], [-2035564.25, 1611367.375], [-2039821.625, 1612246.875], [-2040693.5, 1613009.625], [-2040729.25, 1614233.75], [-2041178.875, 1614893.625], [-2042447.5, 1615889.875], [-2043693.25, 1616537.5], [-2043592.3740999997, 1616832.2512999997], [-2042835.375, 1617534.625], [-2041494.0, 1618137.0], [-2041098.5, 1618278.25], [-2039567.875, 1617967.25], [-2037317.5, 1618863.75], [-2036735.75, 1619931.125], [-2036724.125, 1620358.875]]], [[[-2046010.3741999995, 1630003.2510000002], [-2044634.25, 1630890.375], [-2043885.25, 1630629.25], [-2038536.375, 1627074.5], [-2037755.0, 1626276.125], [-2037423.125, 1624891.25], [-2039207.625, 1621536.625], [-2044555.0, 1617789.0], [-2046654.75, 1617002.625], [-2046985.5, 1617112.5], [-2047645.875, 1618960.375], [-2048912.3739, 1621278.0009000003], [-2049743.2499000002, 1622134.9999000002], [-2051965.625, 1622241.875], [-2052024.8743999992, 1622771.8750999998], [-2046933.375, 1629092.0], [-2046010.3741999995, 1630003.2510000002]]], [[[-2037783.625, 1672715.0], [-2037643.8674999997, 1672839.6287999991], [-2036685.75, 1673196.0], [-2033918.6214000005, 1673641.2489], [-2032881.25, 1673055.25], [-2032117.2503999993, 1671857.1250999998], [-2032469.25, 1670250.875], [-2033537.375, 1668075.5], [-2034503.625, 1666507.375], [-2035607.0, 1664939.75], [-2036469.0, 1664008.5], [-2036711.5, 1663839.0], [-2036803.75, 1663795.75], [-2037259.25, 1663671.625], [-2037539.125, 1663659.5], [-2038275.3735000007, 1664151.3746000007], [-2038589.5, 1664419.125], [-2038980.625, 1664660.75], [-2039212.75, 1665161.25], [-2039317.6241999995, 1666622.5000999998], [-2038984.625, 1669526.125], [-2038793.875, 1670591.75], [-2037783.625, 1672715.0]]], [[[-2051264.0001999997, 1679048.1256000008], [-2050776.5, 1679386.75], [-2048888.7486000005, 1679082.3753999993], [-2048608.1250999998, 1678947.7498000003], [-2047877.75, 1678490.375], [-2047426.75, 1677971.75], [-2047346.5, 1677278.25], [-2047619.0, 1676866.125], [-2049291.8750999998, 1675925.1252999995], [-2049309.25, 1675920.5], [-2049563.75, 1676109.625], [-2049759.5, 1676180.875], [-2050967.5, 1676293.125], [-2051146.375, 1676294.0], [-2051848.0000999998, 1676191.8756000008], [-2055835.375, 1675264.125], [-2056092.75, 1675147.375], [-2056227.5, 1675061.75], [-2056952.0, 1674461.75], [-2058276.7468999997, 1674001.5008000005], [-2061145.7489999998, 1673542.1260000002], [-2063136.5, 1675065.5], [-2063461.375, 1676053.5], [-2063411.25, 1676474.75], [-2063218.25, 1677015.5], [-2063169.5, 1677102.5], [-2062726.75, 1677651.25], [-2062653.5, 1677716.375], [-2062464.5000999998, 1677835.1251999997], [-2062432.6250999998, 1677840.8757000007], [-2062223.0, 1677795.125], [-2062075.9999000002, 1677781.5013999995], [-2061469.0, 1677800.75], [-2061282.75, 1677836.625], [-2060805.2499000002, 1678045.6248000003], [-2060662.625, 1678134.125], [-2060371.3746000007, 1678389.4996000007], [-2060267.125, 1678569.875], [-2060240.1239, 1678670.875], [-2060230.9986000005, 1678775.1258000005], [-2060267.125, 1678980.375], [-2061192.625, 1681352.125], [-2061269.8740999997, 1681987.8750999998], [-2061401.7489, 1683407.2507000007], [-2060810.625, 1683868.125], [-2060063.875, 1684194.125], [-2059023.6250999998, 1684366.0001999997], [-2056414.0, 1682519.0], [-2055589.25, 1681188.25], [-2056063.25, 1679807.875], [-2056072.375, 1679703.625], [-2056036.25, 1679498.375], [-2055932.0, 1679318.0], [-2055772.375, 1679184.0], [-2054959.75, 1678751.875], [-2054754.4988000002, 1678715.7507000007], [-2054650.2466000002, 1678724.8764999993], [-2054454.5, 1678796.125], [-2054294.8747000005, 1678930.1246000007], [-2053813.75, 1679600.0], [-2053426.875, 1679389.125], [-2052223.75, 1678814.75], [-2052122.75, 1678787.75], [-2051914.25, 1678787.75], [-2051813.25, 1678814.75], [-2051451.375, 1678960.5], [-2051264.0001999997, 1679048.1256000008]]], [[[-2066519.3738000002, 1751476.1282000002], [-2065764.75, 1761028.125], [-2064513.8728999998, 1766393.7599999998], [-2063656.375, 1768864.0], [-2063211.75, 1769386.375], [-2060912.7499000002, 1770830.3749000002], [-2059377.5, 1770398.75], [-2058631.625, 1769609.75], [-2057510.875, 1769415.5], [-2055414.125, 1770245.25], [-2050500.125, 1772760.75], [-2047056.5, 1774949.375], [-2041746.6245000008, 1780388.9995000008], [-2042457.125, 1780321.375], [-2045531.75, 1778735.375], [-2050956.5, 1774907.875], [-2055638.125, 1771102.0], [-2056369.875, 1771102.625], [-2056479.375, 1771211.875], [-2056077.25, 1772815.25], [-2057081.75, 1775185.25], [-2057396.125, 1775449.125], [-2057806.625, 1775449.125], [-2058477.375, 1775044.25], [-2059261.375, 1774022.75], [-2060424.375, 1773087.625], [-2061498.625, 1772699.625], [-2064323.75, 1772687.25], [-2065397.125, 1773293.125], [-2065633.625, 1773851.5], [-2065555.125, 1774976.125], [-2063784.2489999998, 1779986.3747000005], [-2062184.5006000008, 1782210.7503999993], [-2057845.75, 1784367.25], [-2055582.25, 1784216.0], [-2050585.25, 1785695.0], [-2050190.6249000002, 1786010.4999000002], [-2051056.375, 1788989.625], [-2053839.0, 1786983.5], [-2061868.0, 1783262.75], [-2064596.3750999998, 1783075.9991999995], [-2066143.875, 1783193.75], [-2066501.625, 1785076.5], [-2066137.4993999992, 1785807.8748000003], [-2060116.9986000005, 1790118.8741999995], [-2053953.25, 1791565.0], [-2050095.3761, 1793194.7506000008], [-2051551.375, 1793864.625], [-2058844.5, 1791078.25], [-2062066.25, 1790790.7499000002], [-2066073.5, 1791110.0], [-2066015.25, 1792055.5], [-2065490.5, 1793648.125], [-2064744.0, 1794846.375], [-2066492.7493999992, 1803033.6262999997], [-2065165.0, 1807054.0], [-2064529.25, 1808331.875], [-2063526.375, 1809681.75], [-2063016.2497000005, 1809484.5009000003], [-2062272.0, 1808866.875], [-2061867.75, 1808795.625], [-2059841.0, 1810366.5], [-2059601.25, 1811213.875], [-2059607.0, 1813319.125], [-2060371.125, 1815993.25], [-2058782.75, 1819229.875], [-2057643.125, 1819052.0], [-2057504.0, 1818427.625], [-2057239.125, 1818074.0], [-2055669.0, 1817589.5], [-2049450.125, 1817423.0], [-2049150.125, 1817503.375], [-2048540.1251999997, 1818077.1251999997], [-2048457.0, 1819623.25], [-2052640.5, 1824178.25], [-2053197.75, 1827910.125], [-2053115.375, 1830915.25], [-2049171.25, 1834639.0], [-2048765.25, 1834848.875], [-2045755.375, 1835151.0], [-2044881.375, 1834646.125], [-2044049.125, 1833882.125], [-2043552.0, 1833660.5], [-2043234.625, 1833788.375], [-2042804.875, 1834574.875], [-2042876.625, 1835084.75], [-2045293.75, 1837842.25], [-2045678.3737000003, 1837973.7495000008], [-2050600.25, 1834958.75], [-2050923.125, 1835851.875], [-2050813.375, 1837376.375], [-2050551.0, 1838181.25], [-2047806.625, 1839878.875], [-2046388.1239, 1840061.1239], [-2042178.0, 1843878.875], [-2042026.3756000008, 1844342.1264999993], [-2042163.5, 1844789.75], [-2044080.0, 1845485.25], [-2044525.5, 1846004.375], [-2048468.375, 1848340.375], [-2049969.1249000002, 1848797.2512999997], [-2050850.25, 1848312.0], [-2052918.625, 1848033.875], [-2053571.875, 1848311.875], [-2053813.125, 1848789.875], [-2053279.25, 1853987.3754999992], [-2054173.5, 1861499.5], [-2054006.125, 1863233.125], [-2053628.875, 1864651.75], [-2053079.625, 1865139.75], [-2050901.75, 1865283.0], [-2048031.875, 1863132.625], [-2043414.5, 1860084.75], [-2045675.875, 1863157.625], [-2046685.125, 1866407.5], [-2042413.0, 1867592.375], [-2040121.125, 1869520.0], [-2038898.875, 1872034.375], [-2038125.8738000002, 1874087.5006000008], [-2036510.2421000004, 1875017.2550000008], [-2032764.3749000002, 1876799.7498000003], [-2030499.75, 1877662.0], [-2030257.125, 1877736.125], [-2028699.625, 1877363.375], [-2027113.5, 1876035.5], [-2025117.375, 1872279.375], [-2025298.125, 1868548.625], [-2020688.875, 1860738.875], [-2015493.875, 1847591.0], [-2014927.0, 1842290.25], [-2015026.125, 1841066.875], [-2015252.375, 1840857.125], [-2015753.875, 1841063.25], [-2015988.125, 1841763.0], [-2017518.875, 1843768.625], [-2019774.125, 1845990.75], [-2020557.25, 1846391.625], [-2022493.25, 1846529.875], [-2023259.625, 1846440.875], [-2023352.8747000005, 1846060.1248000003], [-2022852.25, 1845863.75], [-2022367.125, 1845927.125], [-2020399.0, 1845241.125], [-2019318.5, 1844369.875], [-2017930.375, 1842814.5], [-2017343.875, 1841927.5], [-2018348.125, 1838624.625], [-2019341.0, 1836367.375], [-2015391.125, 1833156.625], [-2015227.25, 1832618.25], [-2015350.625, 1831298.125], [-2015998.625, 1829496.0], [-2016898.75, 1828048.0], [-2020954.7486000005, 1810473.5033], [-2022444.8754999992, 1806473.0001999997], [-2024119.4981999993, 1802912.2544], [-2025492.75, 1800668.125], [-2026637.3752999995, 1795315.0], [-2026794.375, 1792292.75], [-2027605.75, 1791117.75], [-2029935.5, 1786939.25], [-2030008.125, 1785538.375], [-2032202.625, 1774892.0], [-2033418.625, 1770815.625], [-2040701.875, 1756406.75], [-2042028.625, 1755104.75], [-2042240.75, 1755235.125], [-2042438.875, 1755674.125], [-2042163.6249000002, 1756826.875], [-2041326.5006000008, 1758366.8752999995], [-2041491.6248000003, 1758979.6258000005], [-2042055.4999000002, 1759184.8748000003], [-2043410.875, 1758240.5], [-2045178.75, 1755439.375], [-2046363.375, 1747938.25], [-2049733.375, 1740477.375], [-2053876.25, 1732722.875], [-2054931.625, 1731214.25], [-2057833.0, 1729312.25], [-2059228.2474000007, 1727184.5046999995], [-2059071.25, 1724754.5], [-2061372.75, 1720670.0], [-2063889.625, 1717749.5], [-2064501.5, 1717543.375], [-2067532.625, 1728362.0], [-2067145.25, 1734318.25], [-2066416.0, 1736211.5], [-2065303.375, 1737424.625], [-2065032.5, 1737982.125], [-2065488.5, 1738669.125], [-2066522.9995000008, 1739099.7492999993], [-2067035.5, 1738711.25], [-2067666.875, 1737730.5], [-2068156.0, 1738014.0], [-2068452.25, 1739577.625], [-2068342.875, 1740088.875], [-2067761.875, 1740409.5], [-2066872.375, 1742478.625], [-2066519.3738000002, 1751476.1282000002]]], [[[-2072154.875, 1809498.375], [-2073007.375, 1808615.25], [-2073257.125, 1808568.25], [-2074660.625, 1808632.625], [-2075065.5, 1808735.25], [-2075605.5, 1810171.5], [-2075603.4990999997, 1810792.375], [-2074583.625, 1811964.875], [-2073812.875, 1812151.375], [-2073605.625, 1811524.125], [-2073494.25, 1811338.0], [-2073420.2490999997, 1811263.9991999995], [-2072621.125, 1810721.375], [-2071868.5, 1810350.25], [-2071772.5006000008, 1810181.6252999995], [-2072154.875, 1809498.375]]], [[[-2051676.875, 1840240.625], [-2052242.375, 1839307.5], [-2053242.375, 1840143.25], [-2055368.375, 1839541.875], [-2056800.25, 1838156.375], [-2057881.0, 1839466.25], [-2058447.75, 1840984.75], [-2054000.875, 1847636.75], [-2053219.0, 1847443.0], [-2052302.75, 1844402.0], [-2051676.875, 1840240.625]]], [[[-2077261.375, 1841468.375], [-2076635.7504999992, 1841812.5008000005], [-2073957.5, 1842679.25], [-2072750.625, 1842048.25], [-2071834.25, 1842001.125], [-2071256.75, 1842157.375], [-2067880.25, 1844935.625], [-2067698.5, 1846758.125], [-2067973.0, 1847435.25], [-2069287.0, 1848558.375], [-2070326.375, 1848753.875], [-2070932.75, 1848636.75], [-2071624.625, 1849336.0], [-2071613.25, 1849921.625], [-2071346.5, 1850571.0], [-2068609.75, 1854881.25], [-2065085.0, 1862592.0], [-2065042.625, 1866344.5], [-2062764.7497000005, 1866622.1249000002], [-2058277.75, 1864687.125], [-2057232.375, 1863570.375], [-2056813.625, 1862867.5], [-2056675.25, 1862262.625], [-2056796.375, 1861055.875], [-2057527.25, 1859729.0], [-2058427.75, 1856887.75], [-2058916.625, 1853464.375], [-2057702.875, 1850286.25], [-2058878.625, 1840340.875], [-2059426.25, 1839392.25], [-2061939.1254999992, 1836319.2506000008], [-2068759.375, 1830300.375], [-2069583.875, 1829396.5], [-2070150.125, 1828327.875], [-2071145.375, 1829375.875], [-2072302.875, 1830027.75], [-2075653.75, 1830268.875], [-2081475.875, 1831727.25], [-2082432.25, 1832625.0], [-2082618.5, 1833494.625], [-2078292.125, 1840197.125], [-2077261.375, 1841468.375]]], [[[-2058847.625, 1909870.5048999991], [-2063984.5, 1906046.75], [-2065296.75, 1908952.875], [-2065396.75, 1910936.375], [-2064864.5, 1912266.625], [-2064632.75, 1912679.625], [-2060320.4997000005, 1913096.3739], [-2058847.625, 1910451.375], [-2058847.625, 1909870.5048999991]]], [[[-2061461.5, 1921041.625], [-2061233.25, 1920813.375], [-2061374.875, 1919419.75], [-2061800.25, 1918465.625], [-2063012.3750999998, 1917506.5001999997], [-2063790.0, 1917217.75], [-2064364.75, 1917962.625], [-2064501.75, 1918412.625], [-2064805.375, 1920618.0], [-2064618.5, 1921155.5], [-2063936.125, 1921760.375], [-2063603.2499000002, 1921853.7498000003], [-2061461.5, 1921041.625]]], [[[-2053559.25, 1959743.0], [-2052716.0, 1959190.625], [-2050637.75, 1948135.375], [-2050775.25, 1947078.625], [-2051116.5, 1946546.125], [-2051368.75, 1946498.875], [-2052061.625, 1946875.125], [-2053273.25, 1946948.0], [-2053761.625, 1946745.125], [-2055955.7400000002, 1944460.5117000006], [-2056895.75, 1943165.25], [-2057234.375, 1941402.0], [-2056983.25, 1941068.5], [-2057614.5, 1940116.125], [-2061156.625, 1937260.625], [-2065534.75, 1934548.875], [-2065822.625, 1936267.625], [-2064986.3751999997, 1938405.5000999998], [-2065097.0, 1939944.125], [-2065780.25, 1942478.125], [-2067039.75, 1943566.625], [-2068097.1296999995, 1944055.020300001], [-2067611.6559999995, 1945430.5306000002], [-2065507.9353999998, 1948505.1977999993], [-2063378.375, 1949577.75], [-2061248.9995000008, 1951102.6243999992], [-2061026.25, 1955143.5], [-2061019.0, 1955156.75], [-2058295.125, 1959028.875], [-2056893.0, 1960339.875], [-2056044.375, 1960428.0], [-2054393.25, 1960054.125], [-2053559.25, 1959743.0]]], [[[-2320815.75, 2366202.0], [-2318480.0, 2366454.25], [-2312576.0, 2368043.0], [-2308239.5, 2368873.5], [-2304692.25, 2369161.5], [-2301771.25, 2368910.0], [-2299604.25, 2368488.25], [-2299013.75, 2367302.0], [-2299062.4997000005, 2367127.7512999997], [-2299102.4924999997, 2367112.2525999993], [-2300428.75, 2366889.5], [-2301554.0, 2366807.75], [-2305783.2491999995, 2366415.7512999997], [-2309563.0, 2365924.75], [-2313396.75, 2365358.25], [-2315010.75, 2365021.75], [-2315485.5, 2364848.0], [-2316798.5, 2364122.5], [-2317633.25, 2363892.75], [-2319001.25, 2363690.25], [-2320086.75, 2363663.25], [-2320838.75, 2363551.0], [-2324870.75, 2362378.75], [-2324979.5, 2362335.0], [-2326795.0, 2361389.75], [-2327354.75, 2361202.75], [-2329828.5, 2360828.75], [-2330001.5, 2360822.5], [-2330031.25, 2360835.25], [-2330357.25, 2361256.25], [-2330264.75, 2361473.5], [-2329932.2491999995, 2361782.7501], [-2329116.500499999, 2362392.750600001], [-2326055.0, 2364093.75], [-2323775.4999, 2365199.2498000003], [-2321173.5, 2366104.5], [-2320815.75, 2366202.0]]], [[[-2315501.4999, 2428706.749399999], [-2312594.75, 2429667.5], [-2312111.25, 2429999.5], [-2311856.7488, 2430362.7499], [-2311192.5, 2430775.5], [-2309675.2501999997, 2431297.5008000005], [-2309516.5, 2431046.75], [-2309699.75, 2430815.75], [-2311667.0, 2429143.5], [-2314999.75, 2426696.75], [-2315635.25, 2426300.75], [-2317386.0, 2426234.75], [-2317868.0, 2426915.25], [-2317828.2410000004, 2427074.513800001], [-2317079.0, 2428103.75], [-2316718.250600001, 2428372.2508000005], [-2315501.4999, 2428706.749399999]]], [[[-2300822.7468999997, 2431625.2519000005], [-2301213.25, 2431665.5], [-2302024.5, 2432551.0], [-2305260.75, 2432680.5], [-2305429.75, 2432868.0], [-2305634.0, 2433397.0], [-2305598.25, 2434234.75], [-2305432.25, 2434909.0], [-2305040.0, 2435143.75], [-2302030.9999, 2435572.4997000005], [-2301473.5, 2435451.75], [-2297198.999500001, 2435761.9991999995], [-2296170.0, 2436334.75], [-2295631.75, 2436497.0], [-2295457.0, 2436459.25], [-2295186.75, 2436162.5], [-2295075.2498000003, 2435824.2498000003], [-2296802.5, 2434359.25], [-2299582.25, 2432481.75], [-2300822.7468999997, 2431625.2519000005]]], [[[-2336760.0, 2440740.25], [-2335887.25, 2442898.75], [-2335759.75, 2442757.75], [-2335710.25, 2442479.5], [-2335824.0, 2441588.75], [-2336183.25, 2440273.0], [-2336688.749, 2438717.0007000007], [-2336739.75, 2438292.25], [-2336738.25, 2438137.25], [-2336679.999500001, 2437817.7491999995], [-2336614.25, 2437688.25], [-2336357.25, 2437306.0], [-2336268.75, 2437202.25], [-2335886.75, 2436845.5], [-2335791.0, 2436772.5], [-2333737.75, 2435513.75], [-2333545.25, 2435443.0], [-2333219.5, 2435393.5], [-2333014.25, 2435429.75], [-2332692.249399999, 2435587.4999], [-2332727.9989, 2435122.4991999995], [-2332879.7475000005, 2434845.0031000003], [-2332909.0, 2434819.25], [-2333223.25, 2434716.75], [-2334011.25, 2434942.0], [-2334726.0, 2435266.0], [-2335808.75, 2435845.75], [-2335876.2496000007, 2435895.25], [-2336439.75, 2436444.0], [-2337161.25, 2437391.75], [-2337202.25, 2437466.0], [-2337532.25, 2438343.0], [-2337513.25, 2438557.75], [-2336760.0, 2440740.25]]], [[[-2343307.0, 2455591.0], [-2342635.5, 2454031.25], [-2340692.0, 2450591.75], [-2340268.75, 2450300.0], [-2339551.75, 2450243.5], [-2339063.75, 2450023.0], [-2338986.5, 2449688.5], [-2339524.749500001, 2448745.5009000003], [-2340515.5, 2448901.5], [-2341016.0, 2449296.75], [-2341158.5, 2449737.25], [-2341907.75, 2450431.75], [-2344741.25, 2454932.5], [-2345299.25, 2456499.25], [-2345305.25, 2456785.0], [-2344917.25, 2457207.5], [-2343307.0, 2455591.0]]], [[[-2358433.25, 2475430.5], [-2358472.25, 2476313.0], [-2358100.5, 2476928.0], [-2354941.75, 2479584.5], [-2352497.25, 2479981.75], [-2352120.2489, 2479869.250499999], [-2350657.5, 2478568.75], [-2349488.25, 2477810.25], [-2344716.25, 2475904.25], [-2343494.5, 2476559.25], [-2335095.75, 2474885.25], [-2331917.0, 2474077.5], [-2325469.75, 2472067.0], [-2324939.0, 2469842.0], [-2325715.0, 2469390.25], [-2329155.25, 2468709.0], [-2330177.75, 2468648.5], [-2346821.5, 2470086.0], [-2351897.0, 2471214.75], [-2354570.25, 2472133.25], [-2357356.0, 2474174.25], [-2358250.0, 2475074.25], [-2358433.25, 2475430.5]]], [[[-2352005.0, 2462406.0], [-2352542.0, 2462122.249399999], [-2353520.75, 2462103.25], [-2365068.25, 2465164.0], [-2369139.25, 2465979.0], [-2372690.5, 2466290.75], [-2377920.5, 2465949.75], [-2379774.75, 2465573.0], [-2386290.75, 2464988.25], [-2386616.25, 2464992.5], [-2387608.5, 2465445.5], [-2388016.75, 2465748.25], [-2388146.25, 2466043.25], [-2388119.0, 2469123.0], [-2387845.5, 2470775.25], [-2387399.75, 2471375.25], [-2384098.7498000003, 2472059.7490999997], [-2376415.25, 2471424.0], [-2374163.4997000005, 2472614.249399999], [-2374227.25, 2473582.75], [-2378559.2502999995, 2475375.7503999993], [-2379358.4999, 2474775.2491999995], [-2380495.25, 2474534.5], [-2381467.75, 2474830.0], [-2383185.5, 2478422.0], [-2383166.748299999, 2478751.2556], [-2382764.0, 2479745.75], [-2380260.0, 2482836.5], [-2371492.75, 2486553.5], [-2368991.4998000003, 2487454.499399999], [-2368104.5, 2487247.5], [-2365325.5, 2485223.25], [-2365177.5002999995, 2484459.2512], [-2365410.5, 2484169.75], [-2365765.0, 2484237.25], [-2365666.25, 2482732.0], [-2364923.5, 2480406.25], [-2363202.746200001, 2480140.7501999997], [-2360083.75, 2480565.5], [-2359331.0, 2480303.25], [-2358511.499500001, 2478544.25], [-2358532.75, 2477391.75], [-2358691.2490999997, 2477121.7511], [-2360709.5, 2476660.5], [-2363626.5, 2472703.0], [-2363812.75, 2472115.25], [-2362456.7499, 2471379.75], [-2357978.25, 2470026.5], [-2351869.25, 2467306.5], [-2351745.25, 2462975.0], [-2352005.0, 2462406.0]]], [[[-2405025.0, 2492848.75], [-2404491.75, 2493720.75], [-2403569.75, 2494501.25], [-2399167.5, 2494822.0], [-2396871.0, 2494354.25], [-2396468.75, 2493824.0], [-2396438.5, 2493182.25], [-2397341.0, 2488812.5], [-2399247.5, 2485902.5], [-2401947.5, 2485624.75], [-2404601.5002999995, 2484515.5002999995], [-2405035.9988, 2484103.001], [-2405107.5, 2483698.75], [-2404816.5, 2483283.5], [-2403327.5, 2482764.0], [-2400584.9999, 2482900.7491999995], [-2399800.25, 2483295.25], [-2395660.5, 2482680.75], [-2394382.0, 2482031.5], [-2394210.25, 2481548.25], [-2394272.5, 2481204.5], [-2395105.25, 2480112.5], [-2400114.25, 2477916.25], [-2407371.0, 2477024.0], [-2410750.5, 2477008.75], [-2412407.25, 2477164.5], [-2416820.5, 2476883.5], [-2429908.5, 2473004.25], [-2432739.5003999993, 2471847.750600001], [-2435605.2488, 2469686.2503999993], [-2440899.0, 2467928.5], [-2445297.25, 2467779.25], [-2446206.25, 2466970.5], [-2446873.25, 2465471.5], [-2445744.0, 2463048.75], [-2447602.0, 2459951.25], [-2447892.5, 2459749.25], [-2450166.0, 2459511.25], [-2453919.5, 2460609.5], [-2453793.5, 2461295.0], [-2454583.75, 2462928.0], [-2455332.0, 2463748.5], [-2456362.4987000003, 2464107.4989], [-2469262.0, 2464497.0], [-2470768.75, 2464182.5], [-2471681.5, 2464228.5], [-2473716.75, 2465084.75], [-2474535.25, 2466987.75], [-2474352.9989, 2468547.2508000005], [-2470042.0, 2472341.75], [-2468442.75, 2473327.75], [-2459567.75, 2476300.0], [-2447080.0, 2478689.25], [-2439040.0, 2479615.25], [-2433745.5, 2479572.0], [-2431875.5, 2479353.25], [-2426298.5, 2480979.0], [-2419242.25, 2484005.0], [-2414911.25, 2484814.75], [-2410699.0, 2484864.25], [-2409905.5, 2485258.0], [-2408449.5, 2487419.25], [-2407579.4991999995, 2489947.9997000005], [-2407173.75, 2489834.5], [-2404880.25, 2489945.0001999997], [-2404420.5, 2490159.25], [-2404031.2499, 2490817.2499], [-2404014.0, 2491268.75], [-2404389.25, 2492237.0], [-2405025.0, 2492848.75]]], [[[-2449674.25, 2489760.75], [-2450083.0, 2488652.5], [-2451041.0, 2487834.75], [-2456813.75, 2484918.0], [-2459236.25, 2484623.75], [-2460475.5, 2484696.5], [-2462276.0, 2484798.75], [-2467687.75, 2485566.25], [-2467828.0, 2485995.5], [-2467608.5, 2487493.25], [-2464751.75, 2488714.5], [-2452622.7501, 2491816.000600001], [-2449945.75, 2491764.25], [-2449674.25, 2489760.75]]], [[[-2467954.5, 2489115.0], [-2469008.9999, 2488979.0003999993], [-2471763.0, 2489202.0], [-2472863.25, 2489501.5], [-2473958.0, 2489952.0], [-2475937.0, 2491145.25], [-2477251.0, 2492355.0], [-2477037.75, 2492814.25], [-2476501.75, 2492847.5], [-2470983.75, 2491718.25], [-2468926.25, 2491043.25], [-2467473.25, 2491267.5], [-2465103.0, 2492301.75], [-2459979.0, 2493473.25], [-2459320.75, 2493219.0], [-2459108.25, 2492423.25], [-2459541.2498000003, 2492103.999399999], [-2467954.5, 2489115.0]]], [[[-2423898.25, 2492709.25], [-2424040.5, 2493007.25], [-2423991.0, 2494130.25], [-2422243.25, 2495685.25], [-2420289.5, 2495796.5], [-2418219.0, 2495269.75], [-2416104.75, 2495268.25], [-2415122.0, 2495445.0], [-2413132.0, 2495547.25], [-2412426.5, 2495094.5], [-2412508.0, 2494402.25], [-2414655.25, 2492372.5], [-2415891.0, 2492315.25], [-2419894.25, 2492943.0], [-2423622.25, 2492628.5], [-2423898.25, 2492709.25]]], [[[-2465624.25, 2496102.5], [-2463595.25, 2497912.75], [-2462028.249399999, 2498618.001599999], [-2451575.75, 2501478.0], [-2450133.25, 2500633.25], [-2448554.999500001, 2498492.9999], [-2448947.7491999995, 2496266.999399999], [-2449804.75, 2495098.5], [-2464828.5, 2494086.25], [-2465624.25, 2496102.5]]], [[[-2465124.5, 2498286.0], [-2466502.5, 2498030.0], [-2467732.25, 2498002.25], [-2468780.5, 2498117.0], [-2470315.75, 2498627.5], [-2470832.5, 2498880.25], [-2472514.0, 2500251.5], [-2473035.25, 2501365.25], [-2473279.75, 2502800.25], [-2473106.249500001, 2503028.4997000005], [-2467576.5, 2507001.5], [-2464096.0, 2507572.5], [-2459990.75, 2507239.25], [-2456268.25, 2507934.5], [-2456932.3498, 2506159.1488000005], [-2457007.25, 2505181.25], [-2455183.25, 2505674.5], [-2451934.2498000003, 2508328.4999], [-2453587.0, 2505648.5], [-2457745.0, 2502053.5], [-2465124.5, 2498286.0]]], [[[-2424536.25, 2506709.5], [-2426248.5, 2506187.25], [-2427028.7489, 2506152.2502999995], [-2429841.75, 2505456.0], [-2432526.7497000005, 2504048.999500001], [-2432754.75, 2503883.0], [-2433322.75, 2502075.25], [-2433011.25, 2501733.25], [-2432047.25, 2501856.0], [-2431429.000499999, 2501714.0001], [-2431654.5, 2501031.25], [-2435575.25, 2498414.0], [-2440387.0, 2495719.5], [-2441023.75, 2497197.5], [-2441073.0, 2497882.75], [-2441068.75, 2507425.25], [-2439540.9957999997, 2509238.5044], [-2437083.5, 2511565.0], [-2435678.75, 2512127.5], [-2434614.0, 2511665.75], [-2433537.25, 2510839.0], [-2431705.2498000003, 2510338.0012999997], [-2427449.25, 2509873.25], [-2427128.25, 2510002.75], [-2426883.75, 2510465.0], [-2426934.5, 2511933.0], [-2427095.75, 2512216.75], [-2431580.0, 2512389.25], [-2432468.0, 2512823.0], [-2433477.25, 2514084.25], [-2433288.5, 2514653.75], [-2429785.0, 2517671.5], [-2423110.989499999, 2522204.5069999993], [-2418590.5, 2524825.25], [-2417922.75, 2523854.75], [-2418850.0, 2523262.25], [-2420011.9887000006, 2522146.262], [-2420851.25, 2520877.0], [-2420692.25, 2520523.75], [-2418181.25, 2519028.0], [-2417781.75, 2519080.0], [-2416297.5, 2520512.25], [-2415271.249399999, 2522313.7498000003], [-2415097.0, 2523067.0], [-2413341.0, 2525332.5], [-2412714.0, 2525904.5], [-2411209.0, 2525756.25], [-2411089.75, 2525472.5], [-2412906.75, 2521620.25], [-2412398.0, 2520754.25], [-2411685.999, 2520747.249500001], [-2411136.0, 2520457.25], [-2411093.5, 2520100.0], [-2413832.75, 2515006.25], [-2418439.0, 2510382.75], [-2421822.0, 2508009.5], [-2424536.25, 2506709.5]]], [[[-2445280.75, 2518034.75], [-2446088.25, 2521174.5], [-2445919.0, 2521571.0], [-2444241.0, 2523622.0], [-2443366.496200001, 2523965.0008000005], [-2437928.75, 2524827.0], [-2436195.4989, 2524734.0001], [-2433474.25, 2524430.0], [-2433394.0, 2524111.75], [-2433828.5, 2522318.0], [-2435280.250600001, 2520932.0007000007], [-2441978.0, 2515366.5], [-2443577.25, 2516309.25], [-2445280.75, 2518034.75]]], [[[-2401215.75, 2526090.75], [-2402760.9970999993, 2524348.5014999993], [-2403586.0, 2523678.5], [-2405965.0, 2522742.25], [-2406192.5, 2522989.75], [-2406373.25, 2523890.75], [-2406267.25, 2524546.5], [-2406066.25, 2526299.25], [-2405010.25, 2527661.25], [-2404181.5, 2527950.0], [-2401060.0, 2527099.75], [-2401215.75, 2526090.75]]], [[[-2384075.0, 2528105.25], [-2383980.5, 2526283.0], [-2384310.4996000007, 2525727.0013999995], [-2388137.25, 2524361.75], [-2388688.5, 2524373.5], [-2389408.25, 2524773.75], [-2392356.75, 2526913.75], [-2393756.4988, 2528534.4990999997], [-2389998.25, 2533831.75], [-2389162.75, 2534260.0], [-2388874.4988, 2534318.999399999], [-2387509.5, 2533985.5], [-2387130.75, 2533633.5], [-2386498.25, 2531472.25], [-2386685.25, 2530416.5], [-2387763.5, 2528477.5], [-2387753.75, 2527379.25], [-2387249.75, 2527241.0], [-2386170.25, 2527996.75], [-2384629.75, 2528410.75], [-2384075.0, 2528105.25]]], [[[-2369226.75, 2545910.0], [-2369148.4999, 2546095.000600001], [-2368948.5, 2546094.5], [-2364824.25, 2545807.0], [-2362383.0, 2545070.0], [-2362242.75, 2544684.25], [-2360677.5, 2543031.0], [-2358572.75, 2542801.5], [-2357511.0, 2539728.5], [-2357575.5, 2539329.5], [-2358838.5, 2538334.5], [-2361942.0, 2537882.5], [-2363698.25, 2538035.75], [-2368877.5, 2544805.75], [-2369226.75, 2545910.0]]], [[[-2405298.75, 2545468.25], [-2406307.0, 2545432.5], [-2410229.0, 2545880.0], [-2410486.75, 2546017.25], [-2410632.5, 2548590.5], [-2409324.75, 2553403.0], [-2407497.25, 2554097.75], [-2406414.0, 2554192.5], [-2406153.5, 2555061.5], [-2404774.5, 2555258.5], [-2404551.5, 2555012.25], [-2403426.25, 2551853.25], [-2404106.25, 2546489.75], [-2405298.75, 2545468.25]]], [[[-2411581.5, 2559204.25], [-2412767.25, 2557040.5], [-2415726.75, 2552542.25], [-2416889.25, 2551466.0], [-2418841.5, 2551083.25], [-2421749.0, 2550875.0], [-2422112.75, 2551562.25], [-2419939.0, 2559086.5], [-2419039.5, 2561225.75], [-2418589.0, 2561757.25], [-2417447.75, 2562414.5], [-2414934.5, 2563836.25], [-2413839.25, 2563934.5], [-2413453.9987000003, 2563759.000499999], [-2411674.75, 2562121.25], [-2411397.2490999997, 2559872.749399999], [-2411581.5, 2559204.25]]], [[[-2460176.75, 2665841.5], [-2460004.75, 2665186.5], [-2460392.5, 2664715.0], [-2462870.5, 2663935.5], [-2465419.75, 2663587.25], [-2466800.0, 2663645.0], [-2467526.0, 2663974.25], [-2468397.0, 2664715.25], [-2468949.0, 2665403.25], [-2468596.0, 2665790.0], [-2466788.75, 2665168.75], [-2466008.0, 2665425.0], [-2463479.25, 2666970.25], [-2462853.0001999997, 2667175.0008000005], [-2462409.5, 2667132.75], [-2460733.5, 2666323.25], [-2460176.75, 2665841.5]]], [[[-2116379.75, 3721535.0], [-2116529.75, 3721639.25], [-2116341.2499, 3722079.9987000003], [-2112903.5, 3724467.0], [-2112203.25, 3724884.5], [-2110731.2370999996, 3725584.2575000003], [-2107696.0, 3727464.25], [-2105553.0, 3728992.0], [-2102044.5, 3731417.0], [-2100914.0, 3731996.25], [-2096747.75, 3733691.25], [-2095765.375, 3733952.75], [-2095102.875, 3733981.75], [-2095077.0, 3733963.25], [-2094991.125, 3733694.5], [-2095557.0, 3733465.75], [-2095653.5, 3733444.5], [-2096311.375, 3733412.0], [-2096469.875, 3733382.5], [-2099129.5, 3732458.5], [-2100766.5, 3731652.25], [-2102472.0, 3730532.75], [-2103606.75, 3729732.5], [-2104441.75, 3729089.5], [-2107093.25, 3727257.75], [-2112368.9987000003, 3723803.250600001], [-2115333.25, 3722075.25], [-2116345.4933, 3721539.7524999995], [-2116379.75, 3721535.0]]], [[[-2079884.1133999992, 3739804.5040000007], [-2082574.75, 3738951.25], [-2084533.4997000005, 3738243.7487000003], [-2088889.25, 3736552.5], [-2092036.25, 3735298.25], [-2092864.0, 3734897.75], [-2093180.0, 3734676.25], [-2093299.625, 3734558.5], [-2093355.125, 3734477.75], [-2093399.3730999995, 3734383.0057999995], [-2093452.625, 3734174.25], [-2093710.875, 3734148.75], [-2093802.75, 3734433.25], [-2093571.875, 3735083.25], [-2090800.25, 3736282.25], [-2088148.125, 3737333.75], [-2082207.0, 3739389.25], [-2079229.875, 3740222.5], [-2074980.375, 3740606.5001999997], [-2073718.625, 3740546.0], [-2068698.25, 3741056.25], [-2067932.0, 3740599.25], [-2067914.5, 3740575.25], [-2068021.5, 3740436.5], [-2068165.375, 3740277.0], [-2071600.375, 3740196.25], [-2073815.0, 3740350.25], [-2075664.1194000002, 3740322.5007000007], [-2079058.125, 3740026.0], [-2079884.1133999992, 3739804.5040000007]]], [[[-2037449.375, 3745897.75], [-2035795.375, 3745878.5], [-2030070.5, 3746091.25], [-2029924.3658000007, 3746109.0021], [-2028520.75, 3746455.5], [-2023840.9866000004, 3745909.2480999995], [-2017657.625, 3744752.75], [-2015903.0, 3744279.25], [-2016449.625, 3744027.75], [-2016872.625, 3744004.25], [-2017936.9999000002, 3744349.0003999993], [-2022673.75, 3745046.25], [-2022782.25, 3745123.5], [-2022978.0, 3745195.0], [-2028173.75, 3745950.0], [-2031019.75, 3745708.75], [-2032522.875, 3745481.0], [-2036488.625, 3745175.5], [-2037377.5, 3745386.25], [-2037544.5, 3745392.0], [-2037874.625, 3745357.25], [-2038147.1248000003, 3745299.4991999995], [-2041939.0, 3743798.0], [-2042624.625, 3743738.25], [-2043107.0, 3743865.5], [-2043287.375, 3743969.5], [-2043492.625, 3744005.75], [-2045471.75, 3743884.5], [-2045747.7500999998, 3743812.5001999997], [-2045842.5, 3743768.25], [-2046406.6207999997, 3743355.752800001], [-2046495.125, 3743310.75], [-2046913.25, 3743180.5], [-2049296.625, 3742910.25], [-2051409.0, 3742581.75], [-2053240.75, 3742210.5], [-2055072.5, 3741674.9998000003], [-2058369.0, 3741422.25], [-2063118.0, 3741085.5], [-2063201.375, 3741089.25], [-2063617.5, 3741168.75], [-2063542.25, 3741393.75], [-2063378.2495000008, 3741464.499], [-2060947.5, 3741722.75], [-2060855.75, 3741721.5], [-2060017.0, 3741578.25], [-2059882.125, 3741570.749399999], [-2058379.5, 3741662.0], [-2054429.875, 3742471.0], [-2052268.75, 3742686.5], [-2048842.375, 3743355.5], [-2046365.75, 3744067.5], [-2043617.75, 3744506.0], [-2042883.25, 3743956.5], [-2042687.5, 3743885.0], [-2042479.0, 3743885.0], [-2042283.25, 3743956.5], [-2042123.625, 3744090.25], [-2042019.375, 3744270.75], [-2041986.0, 3744360.5], [-2041840.125, 3744621.75], [-2041575.625, 3744782.25], [-2041495.4998000003, 3744815.249500001], [-2037543.375, 3745883.75], [-2037449.375, 3745897.75]]], [[[-1956669.3718999997, 1008075.3109000009], [-1956081.7433000002, 1007759.5092999991], [-1954965.4849999994, 1006268.3194999993], [-1955185.3747000005, 1005558.1877999995], [-1958149.7481999993, 1004938.3811000008], [-1958557.9882999994, 1005032.3761], [-1959243.6096, 1005694.1914000008], [-1959116.6172000002, 1008051.3246999998], [-1957905.610200001, 1007838.1360999998], [-1957024.7408000007, 1007870.1340999994], [-1956669.3718999997, 1008075.3109000009]]], [[[-1962063.6236000005, 1012980.3856000006], [-1960447.9974000007, 1010967.6930999998], [-1960158.6231999993, 1010303.6331999991], [-1960578.9875000007, 1008408.0044], [-1962971.739600001, 1008767.1252999995], [-1963737.8717999998, 1010689.5091999993], [-1963435.1791999992, 1011169.9850999992], [-1962662.4915999994, 1012396.3779000007], [-1962523.3586999997, 1013094.0086000003], [-1962063.6236000005, 1012980.3856000006]]], [[[-1938687.3748000003, 1286341.7569999993], [-1940179.3673999999, 1287600.8838], [-1941459.4984000009, 1295043.0044999998], [-1942608.7377000004, 1303170.6316999998], [-1942315.6116000004, 1305373.7555], [-1942523.1149000004, 1306962.0040000007], [-1946142.3732999992, 1315429.632099999], [-1946646.8694000002, 1315760.7526999991], [-1948206.4952000007, 1316286.8757000007], [-1950251.2347999997, 1317723.5067999996], [-1951270.860200001, 1319150.7498000003], [-1953169.9952000007, 1326348.1262999997], [-1953723.7415999994, 1330050.386], [-1951873.2344000004, 1332372.5066999998], [-1950346.2456, 1332562.7577], [-1949979.7355000004, 1332923.5006000008], [-1950083.9869, 1333514.3731999993], [-1950861.6206999999, 1333936.9985000007], [-1952784.8728999998, 1334412.0033999998], [-1955385.6198999994, 1337779.882099999], [-1957554.6158000007, 1341091.8749000002], [-1958016.3660000004, 1342161.2586000003], [-1954922.3622999992, 1347833.0062000006], [-1954074.7298000008, 1348711.0965999998], [-1953420.6213000007, 1349388.6341999993], [-1953044.3627000004, 1349490.1330999993], [-1949829.3630999997, 1348974.5121999998], [-1949314.6106000002, 1348761.5037999991], [-1947018.7370999996, 1346097.760399999], [-1939835.3688999992, 1336813.7503999993], [-1933771.4867000002, 1327058.1269000005], [-1929050.7482999992, 1316491.0040000007], [-1926708.7375000007, 1308827.0110999998], [-1926949.3693000004, 1302399.0109], [-1925289.7356000002, 1295409.3835000005], [-1925234.3740999997, 1289148.7621999998], [-1925267.3479999993, 1288816.615700001], [-1925471.1228999998, 1286763.2518000007], [-1926073.3659000006, 1285722.5073000006], [-1929318.7413999997, 1282950.0067999996], [-1930687.9850999992, 1282546.0100999996], [-1931083.6095000003, 1283300.2640000004], [-1934030.2391999997, 1286566.0047999993], [-1935839.2457999997, 1286024.1367000006], [-1938195.3632999994, 1286201.7556999996], [-1938687.3748000003, 1286341.7569999993]]], [[[-1963705.7427999992, 1337346.8857000005], [-1963536.1193000004, 1335682.0091999993], [-1963837.8633999992, 1334347.4996000007], [-1964058.6214000005, 1334128.6257000007], [-1964378.1094000004, 1334190.6392], [-1965009.9911000002, 1334758.7544], [-1965600.3721999992, 1335770.8760000002], [-1966055.9947999995, 1337198.135399999], [-1965230.8638000004, 1338613.7621], [-1964581.6151, 1338685.2619000003], [-1964083.3611999992, 1338180.5035999995], [-1963705.7427999992, 1337346.8857000005]]], [[[-1942727.7347, 1363864.8813000005], [-1941926.9995000008, 1364432.636], [-1939910.2437999994, 1364296.2555999998], [-1939283.2445, 1363755.5017000008], [-1938966.4925999995, 1362076.5021000002], [-1939454.9979999997, 1360703.3754999992], [-1940642.7397000007, 1359899.7566999998], [-1942167.1234000009, 1359660.7632], [-1942892.3611999992, 1359986.1330999993], [-1943811.9951000009, 1362175.3795999996], [-1943853.7414999995, 1363319.6381], [-1942727.7347, 1363864.8813000005]]], [[[-1945563.739600001, 1373191.1292000003], [-1943326.1111999992, 1369555.1263999995], [-1943285.7410000004, 1368657.1357000005], [-1943546.1154999994, 1368304.257099999], [-1946994.1119, 1366448.5069999993], [-1947908.8633999992, 1366778.759299999], [-1950128.2401, 1368291.7561000008], [-1952074.7412, 1370757.0075000003], [-1952066.3690000009, 1371098.3845000006], [-1951372.9980999995, 1371548.0106000006], [-1948375.9877000004, 1372594.6369000003], [-1945897.8749000002, 1373338.5033], [-1945563.739600001, 1373191.1292000003]]], [[[-1928860.3662999999, 1370291.3741999995], [-1932987.8727000002, 1365434.5011999998], [-1935759.8652999997, 1365870.6269000005], [-1940887.2380999997, 1369933.1380000003], [-1941448.1116000004, 1373805.6274999995], [-1941321.3649000004, 1374115.6292000003], [-1940613.1173999999, 1374277.0116000008], [-1943632.3608999997, 1384762.8862999994], [-1944729.9905999992, 1386250.7500999998], [-1948217.4888000004, 1386477.8815000001], [-1949993.0785000008, 1384137.0968999993], [-1950532.7446999997, 1383425.5095000006], [-1951288.9973000009, 1381728.258199999], [-1951317.8659000006, 1380957.1287999991], [-1949853.9882999994, 1378664.4992999993], [-1949161.9936999995, 1378022.1317999996], [-1947992.1105000004, 1376053.6270000003], [-1947904.4889000002, 1375597.5128000006], [-1948793.7468999997, 1374162.8805999998], [-1950011.7783000004, 1373980.0398999993], [-1950612.2398000006, 1373889.8739999998], [-1951638.3696999997, 1374442.5064000003], [-1953622.2427999992, 1376253.7576000001], [-1953764.4887000006, 1376457.3779000007], [-1953843.2465000004, 1378225.2607000005], [-1953813.739, 1379528.6242999993], [-1950672.6149000004, 1386440.8863999993], [-1941062.8746000007, 1391634.7619000003], [-1940003.6501000002, 1392566.1838000007], [-1939200.7347, 1393272.1296999995], [-1935127.7378000002, 1394405.1324000005], [-1932468.1230999995, 1394356.5046999995], [-1930673.1248000003, 1393930.1274999995], [-1927332.6238000002, 1394729.5029000007], [-1926416.1192000005, 1395503.1390000004], [-1925113.1161000002, 1395729.3856000006], [-1924820.2357, 1395535.7595000006], [-1921491.9899000004, 1389403.3758000005], [-1919845.7420000006, 1381516.1345000006], [-1919891.863, 1379199.2566999998], [-1920086.6195999999, 1378039.761], [-1921083.1108, 1374900.5046999995], [-1924559.9833000004, 1372693.6316], [-1927736.6205000002, 1370676.3817999996], [-1928860.3662999999, 1370291.3741999995]]], [[[-1941805.25, 1406885.5133999996], [-1942441.2441000007, 1408242.5018000007], [-1942759.3721999992, 1408465.8812000006], [-1943296.4889000002, 1408656.7547999993], [-1944557.2377000004, 1409892.2558999993], [-1945416.611300001, 1411783.3791000005], [-1945519.4864000008, 1412124.3793000001], [-1945461.9949999992, 1412925.9992999993], [-1945104.741800001, 1413473.5033999998], [-1944392.3654999994, 1414268.5042000003], [-1943168.9157999996, 1415437.2574000005], [-1942504.3717, 1416072.0057999995], [-1941689.1202000007, 1416164.2641000003], [-1940502.984099999, 1415240.0099], [-1940178.1221999992, 1414952.8803000003], [-1939938.4898000006, 1413212.6372999996], [-1939271.1203000005, 1411830.7616000008], [-1939144.4883999992, 1411678.8818999995], [-1938611.7462000009, 1410764.8840999994], [-1937269.6181000005, 1408338.2499000002], [-1936669.8653999995, 1406412.6383999996], [-1936503.4858999997, 1405232.8757000007], [-1936744.363500001, 1404418.132099999], [-1937293.8663999997, 1403617.7573000006], [-1940289.9921000004, 1402724.5017000008], [-1941635.9869, 1404636.3834000006], [-1942191.4864000008, 1405573.384299999], [-1941752.6246000007, 1406547.1346000005], [-1941805.25, 1406885.5133999996]]], [[[-1933005.0, 1498963.125], [-1936958.0, 1496363.5], [-1938472.0, 1498028.75], [-1938938.25, 1498241.0], [-1941653.625, 1498061.0], [-1942427.375, 1497415.25], [-1944203.875, 1496995.625], [-1945524.875, 1498775.875], [-1945895.875, 1499648.125], [-1945303.4998000003, 1500894.3749000002], [-1945360.875, 1502140.0], [-1948453.75, 1506298.875], [-1948802.8737000003, 1508921.6249000002], [-1947978.625, 1509882.875], [-1947103.5, 1510445.375], [-1946068.25, 1510758.5], [-1944885.375, 1510809.25], [-1941381.5, 1510480.375], [-1939318.7490999997, 1509738.8750999998], [-1939131.375, 1508187.75], [-1938867.5, 1507873.375], [-1938567.5, 1507793.0], [-1936855.25, 1507743.25], [-1934669.0, 1508866.25], [-1933916.75, 1509547.5], [-1933262.375, 1509839.0], [-1932766.2464000005, 1509831.6247000005], [-1931367.1249000002, 1509391.2499000002], [-1932792.75, 1508075.125], [-1933394.125, 1506807.75], [-1934234.375, 1503041.0], [-1933773.0, 1501107.0], [-1933550.0, 1501107.5], [-1932421.2488000002, 1499950.8761], [-1932512.25, 1499676.25], [-1933005.0, 1498963.125]]], [[[-1946848.625, 1527133.625], [-1946727.8746000007, 1527513.9999000002], [-1946882.75, 1527945.0], [-1947876.625, 1528351.125], [-1947442.75, 1529068.0], [-1945387.5, 1530842.5], [-1944416.625, 1530805.125], [-1943913.0, 1529991.0], [-1943095.25, 1529257.125], [-1942605.375, 1529388.375], [-1941512.2501999997, 1530433.6251999997], [-1941221.25, 1531663.625], [-1941901.875, 1536343.375], [-1941631.8746000007, 1539948.2508000005], [-1940344.0, 1542987.375], [-1938632.25, 1545492.125], [-1936332.375, 1546336.25], [-1935095.5, 1545064.375], [-1934895.625, 1544384.25], [-1935178.125, 1543475.625], [-1933197.3749000002, 1537491.7493999992], [-1932553.1239, 1536117.0002999995], [-1932128.375, 1535589.5], [-1931638.5, 1535458.25], [-1930922.125, 1535732.625], [-1930411.875, 1534769.625], [-1930221.25, 1533999.125], [-1930195.625, 1533391.5], [-1930456.625, 1532904.5], [-1930722.125, 1528348.625], [-1932007.5, 1524023.875], [-1934183.2508000005, 1519060.8754999992], [-1935243.125, 1517162.75], [-1936279.375, 1515632.625], [-1938193.6251999997, 1514155.1254999992], [-1939010.75, 1513747.875], [-1944386.5, 1515832.75], [-1945316.0, 1516955.0], [-1945298.25, 1518035.125], [-1947039.125, 1519660.25], [-1951674.625, 1517589.5], [-1952457.75, 1518221.375], [-1952317.875, 1519094.25], [-1953093.5, 1521038.125], [-1952181.0, 1522783.0], [-1949769.25, 1524258.625], [-1946848.625, 1527133.625]]], [[[-2026836.625, 1536466.375], [-2026637.25, 1537582.5], [-2025312.375, 1541684.875], [-2025107.7488000002, 1542066.3750999998], [-2023714.0, 1542458.875], [-2020435.25, 1541176.875], [-2019293.75, 1539923.5], [-2016727.375, 1535878.75], [-2016224.125, 1534107.375], [-2016627.875, 1532443.25], [-2020223.375, 1526516.375], [-2020244.0, 1524741.0], [-2020825.5, 1521428.5], [-2021325.75, 1520581.5], [-2023462.4999000002, 1519697.2504999992], [-2024250.75, 1520447.125], [-2024810.2486000005, 1522828.2496000007], [-2024497.2493999992, 1525741.9999000002], [-2024164.625, 1526769.875], [-2024057.375, 1527744.0], [-2024636.0, 1531912.875], [-2026436.375, 1534245.25], [-2026836.625, 1536466.375]]], [[[-1943010.875, 1563287.75], [-1938647.625, 1549729.375], [-1938666.625, 1548631.375], [-1939113.875, 1547820.625], [-1940243.25, 1547707.375], [-1940467.375, 1547830.625], [-1941359.25, 1550901.875], [-1941729.9989, 1551193.3762999997], [-1942320.875, 1551089.125], [-1944300.75, 1545829.125], [-1945297.875, 1544531.5], [-1953778.8741999995, 1535199.6264999993], [-1954142.25, 1535042.375], [-1954317.875, 1535254.5], [-1955597.125, 1539864.875], [-1955766.25, 1543859.625], [-1952030.75, 1557491.875], [-1949377.5, 1563280.625], [-1945962.25, 1567976.25], [-1945358.75, 1567955.125], [-1944138.875, 1566469.625], [-1943010.875, 1563287.75]]], [[[-2019278.25, 1562309.875], [-2017770.5, 1567582.375], [-2017021.125, 1568177.375], [-2012888.875, 1569811.375], [-2010610.375, 1565093.375], [-2009857.25, 1561505.875], [-2011100.0, 1551381.5], [-2012213.625, 1549392.375], [-2017235.875, 1547754.25], [-2022800.75, 1553778.5], [-2023285.125, 1554651.25], [-2023366.0, 1555705.625], [-2022042.625, 1556993.0], [-2019850.375, 1557008.0], [-2017747.875, 1557549.125], [-2017184.75, 1557878.0], [-2017080.5, 1558468.875], [-2017505.125, 1559568.125], [-2019022.625, 1561491.875], [-2019278.25, 1562309.875]]], [[[-1941008.5, 1576242.875], [-1940933.0, 1576372.625], [-1938575.625, 1578203.375], [-1937650.625, 1578741.375], [-1936838.1248000003, 1578548.8759000003], [-1936591.375, 1578430.25], [-1936203.125, 1578001.5], [-1936110.0, 1577836.5], [-1936038.6259000003, 1577336.6251999997], [-1936309.0, 1576392.125], [-1936857.75, 1575348.75], [-1938313.5, 1574442.0], [-1941089.875, 1573848.375], [-1941108.625, 1573857.25], [-1941186.75, 1574023.25], [-1941354.625, 1574871.25], [-1941292.0, 1575171.625], [-1941008.5, 1576242.875]]], [[[-1965672.125, 1607408.125], [-1965043.75, 1607661.0], [-1964294.375, 1607461.0], [-1964068.375, 1607250.0], [-1963380.3738000002, 1606007.9993999992], [-1963365.625, 1604551.5], [-1963779.25, 1601345.5], [-1964831.5, 1599105.375], [-1965059.5, 1591346.375], [-1964673.875, 1590886.75], [-1964197.0, 1590876.5], [-1963850.8751999997, 1591110.5003999993], [-1963183.25, 1590593.25], [-1960059.625, 1584821.875], [-1960000.25, 1580040.875], [-1960362.25, 1578911.75], [-1961630.375, 1578816.5], [-1962294.25, 1579009.875], [-1963808.3732999992, 1582109.6248000003], [-1963924.625, 1584132.625], [-1964377.125, 1585107.0], [-1971991.25, 1595462.75], [-1973611.125, 1598907.5], [-1973634.125, 1602793.875], [-1974149.75, 1603354.75], [-1974720.0, 1603577.375], [-1976502.875, 1603832.125], [-1978438.875, 1603120.75], [-1979021.625, 1601504.625], [-1978794.875, 1600876.375], [-1978480.5, 1600612.5], [-1978142.375, 1598636.75], [-1983416.25, 1595078.5], [-1987102.875, 1594006.5], [-1987407.375, 1594050.5], [-1987910.125, 1595122.375], [-1988601.625, 1595230.625], [-1989966.2504999992, 1594379.5006000008], [-1990954.1250999998, 1593451.1250999998], [-1991094.5, 1593065.5], [-1990441.4987000003, 1591235.2500999998], [-1989921.875, 1590935.25], [-1984909.75, 1592013.625], [-1981074.625, 1594013.5], [-1979680.25, 1594248.2500999998], [-1972951.875, 1591098.5], [-1968927.5, 1582719.0], [-1968709.875, 1581545.875], [-1968818.125, 1580835.25], [-1970505.125, 1580830.0], [-1971387.75, 1581891.5], [-1973796.375, 1582627.875], [-1978139.5, 1583598.625], [-1978703.375, 1583393.375], [-1978834.625, 1582903.5], [-1976924.5, 1578419.75], [-1976660.625, 1578105.375], [-1976127.0000999998, 1578044.6241999995], [-1975741.375, 1578185.0], [-1969326.375, 1576566.375], [-1966905.3743999992, 1571098.2497000005], [-1966594.0, 1569733.125], [-1966720.125, 1563785.125], [-1967275.125, 1558580.875], [-1967901.75, 1557964.375], [-1971183.625, 1556518.625], [-1972085.875, 1556747.625], [-1974058.125, 1557988.5], [-1974654.0, 1558590.0], [-1975219.0, 1559705.25], [-1976287.75, 1559978.75], [-1978163.125, 1558460.875], [-1979310.5, 1556898.25], [-1979354.75, 1556393.0], [-1979176.4990999997, 1556138.6251999997], [-1973105.625, 1552683.625], [-1971374.75, 1551731.875], [-1970970.5, 1551660.625], [-1969256.625, 1552106.75], [-1967484.5, 1554036.25], [-1967210.625, 1555296.0], [-1966328.125, 1556170.625], [-1963036.625, 1557746.25], [-1962489.25, 1557567.25], [-1961630.625, 1555614.5], [-1961565.0, 1554694.375], [-1962966.8737000003, 1549728.2542000003], [-1964752.125, 1546035.125], [-1973662.125, 1538769.125], [-1978137.75, 1536616.625], [-1978540.875, 1534786.5], [-1981280.25, 1534457.0], [-1984769.5, 1534420.0], [-1986898.625, 1535022.125], [-1987284.25, 1534881.75], [-1988205.0, 1533994.0], [-1988285.375, 1533694.0], [-1988145.0, 1533308.375], [-1984418.75, 1530261.25], [-1980779.375, 1530561.75], [-1978400.125, 1531770.625], [-1972258.25, 1530666.75], [-1978116.9943000004, 1517871.1389000006], [-1982620.75, 1505758.5], [-1990919.75, 1498063.5], [-1998874.625, 1500841.125], [-1999236.5, 1501308.625], [-2000161.5, 1503805.25], [-1999509.25, 1505116.625], [-1999509.25, 1505527.125], [-2001162.375, 1508174.875], [-2001652.25, 1508306.125], [-2004110.375, 1507766.0], [-2004330.0, 1507546.375], [-2004752.875, 1506401.875], [-2005314.0, 1506619.0], [-2005865.875, 1507206.25], [-2005913.125, 1507620.875], [-2004985.875, 1511168.875], [-2002760.0, 1515010.875], [-2004084.375, 1518038.625], [-2003377.0, 1519287.75], [-2001522.125, 1523795.375], [-1999998.75, 1528810.0], [-2000850.375, 1533641.375], [-2001233.125, 1534085.625], [-2001824.0, 1533981.375], [-2003777.75, 1531527.375], [-2007805.25, 1530825.375], [-2008444.625, 1532113.0], [-2009928.75, 1536255.375], [-2011244.5, 1540465.375], [-2011126.625, 1541654.875], [-2010667.375, 1542944.875], [-2001765.625, 1551593.875], [-2000874.625, 1552241.875], [-1999849.0001999997, 1552585.3758000005], [-1999184.375, 1553241.75], [-1999228.625, 1553747.0], [-2000690.0, 1555841.625], [-2001045.375, 1556046.8749000002], [-2001865.0, 1556028.875], [-2002437.8743999992, 1555692.2492999993], [-2004582.625, 1553663.625], [-2005823.3709999993, 1552004.2542000003], [-2007540.75, 1550145.875], [-2007808.25, 1550505.0], [-2007669.5, 1551392.0], [-2007064.0, 1552961.875], [-2004767.875, 1556252.25], [-2002701.7504999992, 1558202.6256000008], [-1999951.0, 1559930.125], [-1999436.0, 1560775.625], [-1999339.5, 1563018.5], [-1999763.625, 1571271.5], [-2000122.25, 1571630.125], [-2000627.5, 1571585.875], [-2001624.75, 1570411.5], [-2001928.25, 1568633.5], [-2001741.5, 1567926.75], [-2001433.6257000007, 1564067.1251999997], [-2001813.0, 1562880.375], [-2003242.75, 1560537.75], [-2003511.5, 1560365.625], [-2005919.75, 1560497.0], [-2007238.0, 1561509.5], [-2008423.75, 1563170.75], [-2010136.9996000007, 1567330.7492999993], [-2010960.5, 1571657.25], [-2010851.5, 1572727.625], [-2010622.75, 1573247.875], [-2009221.625, 1574630.375], [-2008320.125, 1577664.5], [-2008435.0, 1577908.5], [-2009603.875, 1578797.25], [-2010473.8708999995, 1578547.2513999995], [-2011470.2503999993, 1577847.7509000003], [-2015192.75, 1576093.625], [-2021983.625, 1575890.5], [-2023009.875, 1576766.375], [-2023240.125, 1577201.0], [-2023127.8745000008, 1577955.1249000002], [-2022785.1251999997, 1578730.6250999998], [-2022177.6243999992, 1579531.2495000008], [-2020252.25, 1579319.625], [-2019688.375, 1579524.875], [-2019557.125, 1580014.75], [-2020775.5, 1583631.375], [-2024929.125, 1587484.5], [-2029964.625, 1589678.375], [-2030101.5, 1595975.0], [-2029989.6248000003, 1596557.7499000002], [-2028232.2506000008, 1598391.6256000008], [-2024722.75, 1599433.5], [-2024057.25, 1599215.25], [-2020271.75, 1597116.625], [-2018971.75, 1596048.125], [-2016481.5, 1593087.75], [-2016347.625, 1591318.25], [-2015032.9974000007, 1590104.6234000009], [-2014500.0, 1589770.125], [-2010168.625, 1588211.75], [-2009178.25, 1588321.25], [-2008972.9999000002, 1588885.1249000002], [-2009982.25, 1590537.375], [-2010683.0, 1591349.875], [-2011273.875, 1591454.125], [-2012198.25, 1592180.75], [-2013362.1245000008, 1593891.3751999997], [-2014209.25, 1596643.125], [-2015915.0, 1604867.75], [-2015534.375, 1607082.75], [-2013240.9981999993, 1610718.2507000007], [-2007758.239, 1614784.0061000008], [-2003548.25, 1616754.5], [-2002921.125, 1617380.0], [-2002850.375, 1617647.75], [-2003801.5, 1619796.0], [-2004021.75, 1620035.25], [-2004766.125, 1620206.25], [-2008715.375, 1620476.875], [-2009408.375, 1619608.0], [-2012551.625, 1618840.625], [-2016405.875, 1620171.875], [-2017944.125, 1620875.0], [-2020327.625, 1624250.875], [-2022124.125, 1628310.875], [-2022010.75, 1629941.25], [-2021739.375, 1631229.75], [-2020465.5, 1633161.25], [-2015807.75, 1638249.625], [-2015326.625, 1636035.625], [-2015012.25, 1635771.75], [-2014412.625, 1635781.375], [-2009008.0, 1637309.0], [-2005875.875, 1638787.0], [-2000813.75, 1641617.25], [-1999214.625, 1642886.375], [-1997237.875, 1646330.875], [-1998486.875, 1647452.875], [-1999529.5, 1647403.125], [-2000127.125, 1648287.625], [-2000553.875, 1651927.125], [-2000300.875, 1654215.25], [-1999098.5, 1657964.875], [-1996959.75, 1660378.625], [-1994501.0001999997, 1664920.6250999998], [-1993622.0, 1668120.0], [-1993835.0, 1669499.0], [-1993369.0, 1672579.375], [-1989696.75, 1677152.875], [-1988778.25, 1678062.625], [-1988553.0, 1678951.5], [-1988985.0, 1680482.375], [-2000657.375, 1689372.5], [-2002595.1250999998, 1690070.8751999997], [-2002980.75, 1689930.5], [-2003264.8743999992, 1689430.7512999997], [-2003524.125, 1689354.0], [-2004153.125, 1689964.25], [-2005374.4989, 1695088.2495000008], [-2001592.75, 1705608.375], [-2000512.5, 1706759.25], [-1996161.875, 1708114.125], [-1990208.1246000007, 1702750.3745000008], [-1982886.375, 1699625.0], [-1975325.25, 1695979.5], [-1974419.125, 1694276.25], [-1974094.25, 1692024.75], [-1973748.75, 1684150.875], [-1974541.375, 1676516.125], [-1974734.3706, 1675826.137599999], [-1976296.625, 1673637.5], [-1979650.3739999998, 1669783.7509000003], [-1982474.25, 1669140.875], [-1984436.125, 1664853.0], [-1984515.625, 1663901.625], [-1983475.125, 1662308.0], [-1977026.125, 1661394.125], [-1970857.0, 1653890.25], [-1970293.875, 1652947.5], [-1968163.625, 1648273.0], [-1967663.625, 1644445.0], [-1964943.125, 1637135.875], [-1963541.5, 1627878.25], [-1963138.8748000003, 1621831.0], [-1964642.7501999997, 1613483.5000999998], [-1965468.9992999993, 1612222.3742999993], [-1967127.25, 1610497.625], [-1969047.0, 1609860.75], [-1969346.9996000007, 1609341.1261999998], [-1968995.625, 1608266.75], [-1966788.875, 1606648.375], [-1966188.875, 1606648.375], [-1965813.25, 1607014.625], [-1965672.125, 1607408.125]]], [[[-2022896.0, 1606848.875], [-2022653.5, 1606463.375], [-2022538.875, 1605870.75], [-2022700.0, 1605370.375], [-2022959.5, 1604960.75], [-2023627.25, 1604175.25], [-2025342.0, 1602792.5], [-2028128.25, 1603275.5], [-2028807.25, 1603678.25], [-2028978.75, 1603875.125], [-2029291.25, 1604677.75], [-2029199.875, 1605134.25], [-2029013.7492999993, 1605519.8747000005], [-2028333.125, 1606275.0], [-2025897.25, 1607586.0], [-2025407.25, 1607551.25], [-2023971.0, 1607299.75], [-2023210.375, 1607112.75], [-2022896.0, 1606848.875]]], [[[-2022858.625, 1612962.5], [-2024881.7485000007, 1611666.9997000005], [-2025077.5, 1611595.75], [-2025765.0, 1611397.375], [-2025838.9993999992, 1611471.3748000003], [-2026019.375, 1611575.625], [-2026224.625, 1611611.75], [-2027233.4904999994, 1611528.7511999998], [-2027511.625, 1611464.875], [-2027692.0, 1611360.625], [-2028110.4927999992, 1610986.8829999994], [-2028805.5, 1610263.8751999997], [-2029152.875, 1610302.0], [-2029814.5, 1613123.5], [-2029737.75, 1615679.875], [-2030302.5, 1618527.25], [-2030441.875, 1620655.5], [-2028754.25, 1623202.0], [-2028177.75, 1623294.125], [-2026634.25, 1623100.875], [-2025335.5, 1622593.625], [-2025175.875, 1622459.625], [-2024423.125, 1622035.75], [-2023827.375, 1621767.625], [-2023726.375, 1621740.625], [-2023300.75, 1621686.0], [-2022148.25, 1621282.625], [-2022055.125, 1621133.25], [-2020820.125, 1616937.25], [-2020807.0, 1616838.375], [-2020814.375, 1616666.875], [-2020924.625, 1616179.875], [-2021327.875, 1615160.125], [-2021444.875, 1614942.75], [-2022858.625, 1612962.5]]], [[[-1951567.625, 1625625.375], [-1952426.75, 1625135.25], [-1954101.125, 1624965.375], [-1953759.125, 1629180.875], [-1952822.25, 1631341.875], [-1951752.875, 1630744.5], [-1950697.625, 1629634.375], [-1950446.625, 1628635.875], [-1951567.625, 1625625.375]]], [[[-2009084.2490999997, 1644140.1248000003], [-2009242.25, 1643541.5], [-2011307.75, 1641985.25], [-2013090.75, 1640948.1243999992], [-2017581.625, 1641004.375], [-2018057.125, 1641138.5], [-2020548.875, 1644626.375], [-2022017.5, 1642071.0], [-2023103.25, 1639809.375], [-2023424.625, 1639519.25], [-2025601.625, 1639492.0], [-2026990.375, 1639891.25], [-2028674.8736000005, 1641786.6242999993], [-2029893.0, 1644281.125], [-2030643.375, 1646312.125], [-2031040.25, 1652253.125], [-2026641.7497000005, 1655892.6256000008], [-2024723.875, 1656016.625], [-2020355.75, 1653637.25], [-2018400.5, 1649863.75], [-2018990.25, 1649407.375], [-2019214.125, 1648912.25], [-2019293.75, 1648382.75], [-2019079.375, 1647923.125], [-2016541.25, 1646854.375], [-2010953.125, 1645372.125], [-2009248.875, 1644616.875], [-2009084.2490999997, 1644140.1248000003]]], [[[-2008448.125, 1648020.875], [-2008152.25, 1649581.125], [-2006897.625, 1653165.625], [-2002607.375, 1655439.25], [-2001550.5, 1654473.0], [-2000997.125, 1650503.25], [-2000915.375, 1648524.125], [-2002199.75, 1644719.0], [-2002549.25, 1643954.125], [-2006678.9999000002, 1640430.7493999992], [-2007216.625, 1640363.75], [-2007523.25, 1641153.375], [-2008448.125, 1648020.875]]], [[[-1953449.4899000004, 1672178.8789000008], [-1952116.875, 1672702.5], [-1951657.25, 1672488.125], [-1951288.625, 1671777.375], [-1950140.0, 1671122.0], [-1947439.125, 1670780.875], [-1942719.6248000003, 1675931.7491999995], [-1939564.75, 1678580.875], [-1939009.875, 1678805.625], [-1938317.875, 1678815.125], [-1932452.75, 1677844.0], [-1931775.75, 1675412.0], [-1931842.5, 1671923.0], [-1934881.875, 1666643.25], [-1935680.25, 1666178.25], [-1937363.75, 1664618.875], [-1938013.5, 1663352.25], [-1938040.375, 1662879.375], [-1934044.0, 1658225.5], [-1932495.9999000002, 1657799.2501999997], [-1929985.25, 1656523.375], [-1928171.625, 1653156.125], [-1926379.5, 1644697.75], [-1926462.0000999998, 1643703.5001999997], [-1929501.5, 1642185.75], [-1930869.5, 1641866.5], [-1933746.5, 1639685.625], [-1934198.875, 1635779.25], [-1935235.875, 1629932.25], [-1935749.0, 1628995.25], [-1936412.5, 1628349.75], [-1938044.625, 1627584.75], [-1949793.25, 1630842.625], [-1953063.75, 1637744.125], [-1953103.25, 1638392.25], [-1950428.5, 1641383.5], [-1951154.1243999992, 1646276.6261999998], [-1951086.375, 1646812.875], [-1949798.75, 1648064.125], [-1948436.375, 1648631.5], [-1949303.125, 1650548.5], [-1952417.5, 1652813.25], [-1952922.75, 1652769.0], [-1953185.875, 1652454.375], [-1959513.125, 1652440.0], [-1959871.75, 1652798.625], [-1960036.125, 1653735.0], [-1959165.625, 1663360.375], [-1954878.7488000002, 1671370.6239999998], [-1953449.4899000004, 1672178.8789000008]]], [[[-2008046.875, 1655932.625], [-2009439.0, 1657890.75], [-2011811.5, 1664410.5], [-2008954.875, 1667761.125], [-2006170.4991999995, 1667543.5010000002], [-2004425.125, 1666049.875], [-2003298.25, 1664134.125], [-2003662.0, 1662509.25], [-2006453.7453000005, 1657355.2583000008], [-2007282.625, 1656227.0], [-2008046.875, 1655932.625]]], [[[-1978808.0, 1663451.375], [-1978995.0, 1663677.125], [-1980387.25, 1664359.0], [-1980676.7491999995, 1664419.8750999998], [-1980939.625, 1664339.0], [-1981446.75, 1663569.625], [-1981765.0, 1664019.125], [-1981935.625, 1665503.5], [-1981803.875, 1666150.375], [-1981485.375, 1667186.75], [-1981346.0, 1667342.25], [-1980748.5, 1667616.875], [-1980278.125, 1667848.625], [-1978838.0, 1668874.0], [-1978614.125, 1669575.625], [-1978373.375, 1670291.375], [-1977867.375, 1670376.375], [-1976792.2499000002, 1667675.7517000008], [-1976311.625, 1664559.875], [-1976352.0, 1664021.625], [-1976527.1253999993, 1663384.1252999995], [-1977415.625, 1662145.5], [-1978437.125, 1662551.75], [-1978808.0, 1663451.375]]], [[[-2007584.9985000007, 1685531.2476000004], [-2006201.0, 1683234.625], [-2005089.125, 1682433.875], [-2003448.875, 1682029.625], [-2002150.625, 1682145.125], [-2000536.75, 1682718.875], [-1999126.5, 1683670.5], [-1997973.5, 1684019.25], [-1996938.125, 1684006.0], [-1995675.75, 1683366.125], [-1990535.5, 1679938.75], [-1989968.4995000008, 1679173.9998000003], [-1992601.5, 1674990.25], [-1994365.7688999996, 1673949.4670000002], [-1994972.6082000006, 1670834.3421999998], [-1995756.75, 1667700.5], [-1996868.75, 1666067.8750999998], [-2002084.5, 1665124.0], [-2002333.875, 1665711.875], [-2001595.125, 1666947.125], [-2000939.8754999992, 1669091.7500999998], [-2000997.125, 1669422.875], [-2001287.75, 1669580.75], [-2007657.0, 1669591.375], [-2017821.125, 1668951.625], [-2020841.25, 1667545.75], [-2021746.625, 1665783.75], [-2025842.25, 1665237.625], [-2026216.125, 1665366.875], [-2026085.75, 1666258.25], [-2026364.25, 1667534.625], [-2027655.5, 1669056.25], [-2028506.5, 1669361.0], [-2027012.125, 1673724.375], [-2016451.8680000007, 1681910.2536999993], [-2007584.9985000007, 1685531.2476000004]]], [[[-1970060.75, 1677648.25], [-1970434.875, 1678214.0], [-1970524.125, 1678636.0], [-1970537.125, 1678807.5], [-1969721.0009000003, 1681174.1252999995], [-1969425.125, 1681309.25], [-1968457.125, 1680966.625], [-1967130.375, 1679785.75], [-1967027.5, 1679672.25], [-1966219.5, 1678320.125], [-1965994.6241999995, 1676654.4998000003], [-1966229.3758000005, 1675795.7503999993], [-1966449.875, 1675383.125], [-1966560.5, 1675495.625], [-1966662.0, 1675776.125], [-1967234.125, 1676406.9993999992], [-1967570.625, 1676394.25], [-1968008.125, 1675948.375], [-1968445.125, 1676170.375], [-1970060.75, 1677648.25]]], [[[-1961500.125, 1676443.875], [-1962273.125, 1676839.375], [-1962545.75, 1679906.625], [-1964145.0, 1685586.75], [-1968359.25, 1692244.25], [-1967242.125, 1694862.625], [-1960687.0, 1700129.375], [-1954640.25, 1701627.125], [-1943442.875, 1696293.375], [-1941098.875, 1693206.0], [-1939932.2485000007, 1689678.875], [-1940803.25, 1686185.5], [-1942803.2491999995, 1685917.5011], [-1944130.5, 1685162.75], [-1946209.875, 1683534.5], [-1946527.5, 1682244.75], [-1946389.0, 1680646.5], [-1946270.75, 1679865.375], [-1947104.875, 1677830.375], [-1948407.375, 1675884.0], [-1950251.0, 1675494.5], [-1952440.8746000007, 1675516.8737000003], [-1961500.125, 1676443.875]]], [[[-1935502.2430000007, 1691768.6377000008], [-1935847.875, 1691517.25], [-1936494.0, 1691454.125], [-1937223.375, 1691791.0], [-1938673.25, 1695334.375], [-1938572.375, 1696220.375], [-1938035.125, 1696958.875], [-1936775.0, 1696786.375], [-1936131.5, 1696277.625], [-1935300.25, 1694328.25], [-1934986.375, 1692572.25], [-1935502.2430000007, 1691768.6377000008]]], [[[-1961111.1258000005, 1705064.0013999995], [-1961238.125, 1704814.625], [-1961749.25, 1704583.125], [-1962327.5, 1704544.5], [-1962920.75, 1704934.25], [-1963435.5, 1705697.75], [-1963606.5, 1706141.0], [-1963519.125, 1706315.25], [-1962569.625, 1706540.0], [-1961935.625, 1706447.875], [-1961472.5, 1705813.375], [-1961111.1258000005, 1705064.0013999995]]], [[[-1953440.75, 1717356.8741999995], [-1950867.0, 1716659.0], [-1950497.875, 1715492.5], [-1951426.875, 1711857.375], [-1954186.75, 1708361.375], [-1954848.5, 1707943.875], [-1955132.125, 1707925.25], [-1956649.625, 1709162.625], [-1957737.625, 1710458.3748000003], [-1957542.6236000005, 1714648.5004999992], [-1956449.625, 1717058.125], [-1956296.625, 1717250.5], [-1953440.75, 1717356.8741999995]]], [[[-2003846.6249000002, 1718598.7490999997], [-2003880.875, 1718086.25], [-2004176.25, 1717284.5], [-2005547.75, 1717585.0], [-2005954.875, 1718890.625], [-2005789.125, 1719437.125], [-2005392.875, 1719982.875], [-2004625.125, 1720498.5], [-2004188.0, 1720130.875], [-2003846.6249000002, 1718598.7490999997]]], [[[-1953208.625, 1707450.5], [-1952584.875, 1709645.125], [-1951613.6158000007, 1710493.788899999], [-1950538.8795999996, 1712156.5876000002], [-1950518.6011999995, 1713271.8794], [-1950579.4354999997, 1714468.2835000008], [-1949720.625, 1716573.0], [-1948956.125, 1717589.75], [-1947194.8745000008, 1718772.2492999993], [-1946809.5, 1718947.5], [-1946429.5, 1718929.0], [-1945354.125, 1718611.75], [-1945197.0, 1718484.5], [-1944925.625, 1718470.125], [-1944257.625, 1718524.5], [-1943998.5, 1718751.0], [-1943632.25, 1720972.875], [-1943506.375, 1722209.625], [-1943712.875, 1722711.625], [-1943529.7499000002, 1723876.875], [-1942371.875, 1727394.125], [-1941991.6236000005, 1727785.8751999997], [-1941479.5, 1727880.5], [-1941290.0, 1728154.625], [-1941043.0, 1729009.25], [-1940721.625, 1730484.25], [-1940861.25, 1732207.0], [-1940749.75, 1734918.75], [-1940181.25, 1736811.0], [-1939933.75, 1737275.25], [-1939601.625, 1737574.375], [-1936712.375, 1738454.125], [-1936467.625, 1738443.0002999995], [-1936230.375, 1738159.0], [-1935879.5, 1736302.875], [-1936032.125, 1736113.875], [-1936057.5, 1735840.75], [-1935442.625, 1734966.5], [-1934158.875, 1733751.625], [-1933625.75, 1733639.625], [-1932318.25, 1732968.375], [-1931755.5, 1732568.0], [-1931499.375, 1732257.125], [-1931298.875, 1730530.875], [-1931012.5, 1727740.25], [-1931034.75, 1725173.375], [-1931366.125, 1722530.625], [-1931391.625, 1722180.5], [-1930968.8734000009, 1721232.6245000008], [-1930396.625, 1720014.0], [-1929106.7491999995, 1719250.7499000002], [-1929053.125, 1719060.75], [-1929106.5, 1718857.125], [-1929609.125, 1717605.875], [-1928964.375, 1717098.375], [-1927836.5, 1715655.0], [-1927025.3758000005, 1714425.3760000002], [-1927136.875, 1714010.125], [-1927610.4999000002, 1713445.1249000002], [-1927866.5, 1713178.5], [-1928158.2502999995, 1713141.2502999995], [-1928423.25, 1712877.25], [-1928758.125, 1712302.625], [-1928793.375, 1711632.875], [-1928534.25, 1708565.25], [-1928483.5, 1708196.875], [-1928292.0, 1708010.125], [-1927871.125, 1708018.75], [-1927271.875, 1707769.125], [-1926149.0, 1707018.875], [-1926005.875, 1706655.875], [-1926020.875, 1706211.25], [-1926718.0, 1704350.375], [-1927697.375, 1703932.5], [-1928874.75, 1703656.375], [-1932941.75, 1702798.0], [-1933423.375, 1703043.875], [-1933857.5, 1703497.375], [-1934939.75, 1703502.25], [-1935414.25, 1703303.25], [-1936177.5, 1702663.625], [-1937315.375, 1702368.625], [-1938552.625, 1702662.0], [-1938690.375, 1702872.875], [-1939278.375, 1704123.75], [-1939403.25, 1705051.375], [-1939378.75, 1705739.25], [-1938922.5, 1706599.0], [-1938885.625, 1706804.125], [-1939066.25, 1707103.625], [-1939356.375, 1707185.0], [-1939648.7501999997, 1707005.5001999997], [-1940589.75, 1706050.625], [-1941038.375, 1705095.625], [-1940738.625, 1703567.25], [-1940240.375, 1702891.625], [-1940027.625, 1702649.875], [-1939752.25, 1702636.0], [-1939319.375, 1702303.625], [-1939277.75, 1702058.125], [-1940910.75, 1701322.25], [-1946158.5, 1701982.25], [-1950877.5, 1704748.5], [-1952744.0, 1706112.125], [-1953208.625, 1707450.5]]], [[[-2000144.2502999995, 1723834.7503999993], [-2000719.125, 1723379.375], [-2001450.0, 1723157.375], [-2002501.4989999998, 1725611.0013999995], [-2002591.625, 1728286.75], [-2001869.25, 1728925.75], [-2001139.75, 1728366.125], [-2000824.875, 1727893.875], [-1999755.375, 1724797.75], [-2000144.2502999995, 1723834.7503999993]]], [[[-2011145.0, 1716222.5], [-2010654.375, 1716352.75], [-2010062.75, 1712347.875], [-2010542.0, 1711030.625], [-2013904.4998000003, 1707887.3743999992], [-2015151.9946999997, 1707356.3761], [-2015718.125, 1708398.625], [-2015669.4996000007, 1712703.7515999991], [-2015944.25, 1716815.125], [-2016544.25, 1717567.75], [-2016954.7497000005, 1717567.7492999993], [-2017612.375, 1717243.25], [-2020160.3704000004, 1714011.5063000005], [-2021281.75, 1710991.625], [-2021210.5, 1710587.375], [-2020990.875, 1710367.75], [-2020404.375, 1710217.75], [-2020018.75, 1710358.125], [-2019180.125, 1709905.375], [-2017630.375, 1708717.625], [-2017818.375, 1705586.0], [-2018299.875, 1702638.125], [-2018673.5, 1702136.5], [-2020672.0, 1700759.875], [-2020860.625, 1700759.875], [-2021102.4992999993, 1701179.0008000005], [-2023564.125, 1702049.25], [-2025170.25, 1695691.375], [-2029115.5, 1691657.25], [-2030452.125, 1690620.75], [-2031731.375, 1691041.625], [-2032418.0, 1692206.5], [-2032741.625, 1693194.625], [-2032931.75, 1695140.375], [-2031527.9993999992, 1697141.3763999995], [-2030826.25, 1697671.5], [-2028549.75, 1700925.5], [-2027440.0, 1708604.0], [-2027654.375, 1709063.625], [-2028040.0, 1709204.0], [-2029802.5, 1708647.5], [-2034057.5, 1702975.75], [-2035344.125, 1699168.5], [-2040074.1236000005, 1690403.375], [-2042815.375, 1687257.375], [-2043349.4974000007, 1686992.7510000002], [-2043489.375, 1687055.75], [-2043371.75, 1693964.375], [-2044949.125, 1695710.625], [-2045033.2489, 1696530.1239], [-2043776.8746000007, 1701418.7488000002], [-2041226.125, 1703568.625], [-2038098.875, 1716161.25], [-2037596.5, 1717020.875], [-2037333.75, 1717164.75], [-2034847.8735000007, 1716842.8754999992], [-2033919.75, 1717242.875], [-2032503.125, 1718219.0], [-2030490.25, 1720330.5], [-2030594.5, 1720921.375], [-2031164.5, 1721191.125], [-2032811.875, 1720815.875], [-2032990.125, 1720561.5], [-2032969.1256000008, 1720095.1257000007], [-2033800.7501999997, 1719335.5009000003], [-2034611.125, 1719135.5], [-2037204.4987000003, 1719534.75], [-2037489.875, 1720160.0], [-2033789.25, 1726552.625], [-2027900.125, 1730730.375], [-2026576.875, 1731430.25], [-2024341.625, 1730598.5], [-2023957.125, 1727353.875], [-2023742.75, 1726894.25], [-2018843.6240999997, 1723824.0010000002], [-2016223.0, 1726645.125], [-2012982.25, 1735897.875], [-2012439.125, 1738932.75], [-2012579.5, 1739318.375], [-2012934.875, 1739523.625], [-2014196.125, 1739273.625], [-2015327.4999000002, 1737949.8748000003], [-2017736.375, 1735842.625], [-2018880.0, 1735363.0], [-2019307.5, 1742231.25], [-2019612.375, 1743677.7535999995], [-2020543.125, 1745941.5], [-2018752.6242999993, 1751019.5061000008], [-2018387.75, 1756257.375], [-2019161.875, 1758807.125], [-2019681.4989999998, 1759107.1242999993], [-2020085.0, 1759650.5], [-2020816.875, 1761387.75], [-2020120.0008000005, 1766827.1250999998], [-2015544.25, 1778983.125], [-2014061.1254999992, 1780278.1256000008], [-2008522.375, 1782606.125], [-2006510.25, 1782744.875], [-2004848.2498000003, 1782411.2509000003], [-2004358.5, 1781639.875], [-2004408.75, 1780870.75], [-2003561.75, 1778484.25], [-2001036.25, 1772516.375], [-2000093.75, 1772014.0], [-1999148.125, 1771856.625], [-1998762.5, 1771997.0], [-1998547.875, 1772393.5], [-1998341.7490999997, 1776375.9999000002], [-1998578.5, 1776780.5], [-1999335.125, 1777176.25], [-2000053.5, 1778190.375], [-2000880.375, 1779669.25], [-2002215.875, 1782985.75], [-2002201.5, 1784478.875], [-2001403.125, 1784414.5], [-1996853.0, 1779424.0], [-1992750.5, 1772875.875], [-1991827.25, 1766412.5], [-1991554.0, 1762623.875], [-1992904.0, 1757882.0], [-1995006.75, 1754419.5], [-1996358.2498000003, 1753877.3747000005], [-1997365.375, 1753229.875], [-1997920.625, 1752317.625], [-1997750.125, 1751409.75], [-1997230.5, 1751109.75], [-1994027.75, 1751731.0], [-1992722.625, 1752281.0], [-1990448.75, 1754288.125], [-1990049.5, 1754855.75], [-1988623.8739, 1758502.3745000008], [-1988838.25, 1759215.625], [-1989470.75, 1759667.625], [-1988770.75, 1761272.25], [-1988549.125, 1761482.75], [-1987982.5000999998, 1761599.7501999997], [-1983414.125, 1756543.0], [-1981573.0, 1754095.5], [-1981896.125, 1753282.25], [-1983383.5001999997, 1751769.0007000007], [-1985308.375, 1750877.875], [-1986559.75, 1749580.875], [-1988551.5, 1745645.75], [-1989337.5, 1738433.25], [-1988962.125, 1736636.625], [-1988520.375, 1735913.5], [-1988930.375, 1735363.75], [-1993439.875, 1732707.125], [-1995004.5, 1733468.0], [-1995537.125, 1734396.625], [-1995452.375, 1735392.5], [-1994961.3746000007, 1736055.4998000003], [-1994874.25, 1736521.125], [-1996107.5, 1740231.75], [-1996956.375, 1740942.5], [-1998724.375, 1741253.25], [-1999244.0002999995, 1740953.2500999998], [-1999339.0, 1740524.5], [-1999008.875, 1739491.25], [-1998673.125, 1738672.0], [-1998180.0, 1738003.625], [-1998377.5, 1737057.25], [-1999178.25, 1735834.875], [-2003596.625, 1732274.25], [-2005573.75, 1729514.25], [-2004961.25, 1722300.75], [-2006695.75, 1723011.25], [-2012588.875, 1719416.875], [-2012693.125, 1718826.0], [-2012192.25, 1717515.0], [-2011694.625, 1716703.375], [-2011145.0, 1716222.5]]], [[[-1980250.9996000007, 1715669.8746000007], [-1981815.6249000002, 1714229.6247000005], [-1982503.375, 1713987.5], [-1988666.125, 1715024.625], [-1991547.5, 1716064.5], [-1994022.75, 1717325.75], [-1994988.0, 1718410.875], [-1994840.875, 1720451.875], [-1991347.5, 1728220.375], [-1989321.125, 1731764.75], [-1986967.125, 1733767.125], [-1986110.125, 1738957.0], [-1986025.25, 1743614.0], [-1983137.0, 1747177.375], [-1977494.5, 1755524.875], [-1977169.25, 1757816.625], [-1977187.8741999995, 1758502.0], [-1977573.5, 1758961.625], [-1981091.125, 1758400.875], [-1981721.25, 1758119.25], [-1982430.125, 1758367.625], [-1985138.25, 1766267.25], [-1985458.75, 1767743.5], [-1984613.75, 1770697.25], [-1984274.0, 1771306.75], [-1983384.1237000003, 1770559.9990999997], [-1983612.125, 1769452.0], [-1983318.3745000008, 1768069.8759000003], [-1983027.25, 1767713.125], [-1981423.125, 1766930.25], [-1980418.5, 1766795.5], [-1978677.375, 1766950.625], [-1978217.75, 1767336.25], [-1978262.0, 1767841.5], [-1980384.875, 1770364.625], [-1984423.5, 1784746.875], [-1984588.5, 1787000.875], [-1982786.375, 1790203.875], [-1981052.2498000003, 1790786.1243999992], [-1980274.625, 1790885.5], [-1974768.5, 1790657.625], [-1973803.25, 1790526.0], [-1973139.5, 1790189.125], [-1968973.375, 1786069.0], [-1959611.5, 1777660.5], [-1957755.875, 1774948.375], [-1952930.5, 1769233.25], [-1951602.0, 1768302.875], [-1948364.125, 1766458.25], [-1946756.375, 1766518.75], [-1940865.5, 1763609.75], [-1936141.4985000007, 1760313.6251999997], [-1935637.625, 1759830.5], [-1933579.375, 1752108.0], [-1933438.625, 1750626.875], [-1933646.125, 1748832.75], [-1934770.25, 1742978.375], [-1935656.125, 1740090.625], [-1935991.375, 1739725.125], [-1938757.3673999999, 1738604.2520000003], [-1939525.0004999992, 1738666.5004999992], [-1940624.5, 1737587.75], [-1942145.625, 1733960.25], [-1942224.1251999997, 1730075.7500999998], [-1944431.375, 1722313.375], [-1945718.5, 1720655.625], [-1948486.375, 1718657.625], [-1951264.0, 1718006.5], [-1952170.25, 1718631.75], [-1955554.25, 1731439.25], [-1955835.25, 1733159.75], [-1955769.625, 1736500.5], [-1954340.875, 1741790.75], [-1954677.5, 1744275.375], [-1954968.375, 1744690.75], [-1958924.625, 1746680.25], [-1961400.5, 1742805.875], [-1961322.125, 1739619.625], [-1961007.5, 1738830.125], [-1960693.125, 1738566.25], [-1959164.5, 1738122.625], [-1958934.25, 1732736.125], [-1961512.875, 1730726.875], [-1961783.0, 1730117.25], [-1959515.625, 1726132.625], [-1957229.125, 1724622.5], [-1955538.125, 1721628.5], [-1960014.6246000007, 1712883.5010000002], [-1965941.375, 1707659.0], [-1967057.375, 1707305.25], [-1969889.25, 1707190.5], [-1969989.125, 1707668.875], [-1972277.875, 1711691.625], [-1976912.125, 1716576.0], [-1979899.375, 1718386.125], [-1980490.25, 1718281.875], [-1980856.625, 1717608.625], [-1980638.25, 1716363.625], [-1980250.9996000007, 1715669.8746000007]]], [[[-1960190.375, 1810477.5], [-1960796.0, 1809305.0], [-1962215.625, 1807526.625], [-1962460.75, 1808014.625], [-1961810.875, 1810115.375], [-1960934.5, 1811164.625], [-1960739.625, 1811223.5], [-1960190.375, 1810477.5]]], [[[-1958290.75, 1809227.375], [-1958720.5, 1808183.25], [-1959359.75, 1807914.375], [-1959932.875, 1808303.875], [-1960315.375, 1809385.25], [-1959657.7500999998, 1810430.0000999998], [-1959020.7501999997, 1810903.0003999993], [-1958759.125, 1810774.75], [-1958289.875, 1809658.125], [-1958290.75, 1809227.375]]], [[[-2006928.25, 1845535.375], [-2007980.75, 1844655.125], [-2008658.0, 1840311.25], [-2008412.0, 1839593.875], [-2008587.875, 1839023.625], [-2010419.5, 1835950.25], [-2012511.25, 1835108.875], [-2013916.125, 1843309.5], [-2014735.4458000008, 1845928.6033999994], [-2014755.6733999997, 1847486.1658999994], [-2016138.125, 1850241.25], [-2015997.125, 1850579.25], [-2015457.125, 1851259.625], [-2014369.375, 1851944.0], [-2013578.625, 1851944.625], [-2012550.0, 1851650.75], [-2009682.875, 1850474.0], [-2006218.125, 1847368.0], [-2006008.0, 1847029.125], [-2006928.25, 1845535.375]]], [[[-1947874.125, 1877711.25], [-1947960.125, 1867421.5], [-1948321.5, 1865692.625], [-1948939.75, 1864319.875], [-1949836.625, 1863970.5], [-1950291.125, 1864256.0], [-1950447.125, 1872447.625], [-1949132.5, 1878648.0], [-1948950.0, 1878982.625], [-1948625.5, 1879084.625], [-1948147.875, 1878949.0], [-1947874.125, 1877711.25]]], [[[-1982181.5, 1807987.875], [-1985247.375, 1806711.25], [-1987368.625, 1806530.375], [-1995471.0, 1804414.875], [-1999908.3697999995, 1802121.6280000005], [-2001626.375, 1801590.0], [-2004195.125, 1801110.125], [-2010286.625, 1800639.875], [-2014441.125, 1802676.125], [-2013445.7501999997, 1808774.1250999998], [-2012786.25, 1810946.625], [-2008042.7503999993, 1821616.5001999997], [-2003031.375, 1825593.125], [-1998115.75, 1828828.5], [-1996449.5, 1832117.5], [-1996844.0, 1832720.0], [-1996778.625, 1833148.75], [-1993598.0, 1838818.0], [-1992048.0, 1838953.75], [-1990944.625, 1837980.875], [-1990849.125, 1837751.25], [-1991199.8737000003, 1836787.0034999996], [-1991454.25, 1836608.75], [-1991594.625, 1836223.125], [-1990516.375, 1833579.25], [-1989181.5, 1833199.25], [-1988795.875, 1833339.625], [-1988617.6249000002, 1833593.9999000002], [-1988352.25, 1834947.75], [-1988812.375, 1836369.125], [-1989415.625, 1843679.875], [-1989030.6236000005, 1845962.0006000008], [-1988870.9995000008, 1846361.6248000003], [-1987942.0, 1847477.25], [-1985436.9999000002, 1848650.2499000002], [-1982918.375, 1849128.875], [-1980121.75, 1848574.125], [-1975090.75, 1848061.75], [-1974762.0, 1848161.375], [-1974010.25, 1848947.25], [-1973434.8739, 1850032.9992999993], [-1973517.75, 1850919.25], [-1974414.0, 1851209.75], [-1974261.2497000005, 1850763.2500999998], [-1974351.625, 1850597.125], [-1975930.875, 1849908.625], [-1977536.0135999992, 1849974.2169000003], [-1979113.8039999995, 1850115.8135000002], [-1980197.375, 1849458.0], [-1982168.2440000009, 1850156.2695000004], [-1983786.4904999994, 1850378.7788999993], [-1985384.5094000008, 1850500.1470999997], [-1987953.4739999995, 1849771.9362000003], [-1987791.6511000004, 1851369.9548000004], [-1987020.3743999992, 1854001.3748000003], [-1986739.375, 1856148.0], [-1987473.875, 1862614.375], [-1986585.25, 1864697.0], [-1984328.5, 1871416.375], [-1984254.875, 1872107.875], [-1984630.25, 1873609.125], [-1984508.625, 1874474.25], [-1983554.375, 1877143.25], [-1977124.625, 1885289.625], [-1972392.5, 1901459.125], [-1971621.375, 1907865.0], [-1970755.625, 1910506.875], [-1968708.5, 1911650.875], [-1967276.75, 1913981.875], [-1966656.375, 1919848.25], [-1966580.125, 1923602.625], [-1966807.25, 1924418.125], [-1967515.75, 1925326.0], [-1967736.375, 1926620.375], [-1967271.375, 1929728.5], [-1965570.125, 1936557.875], [-1962110.125, 1945288.0], [-1959147.75, 1949561.125], [-1958852.7498000003, 1949586.9990999997], [-1958766.75, 1949416.75], [-1957359.75, 1940124.375], [-1956799.125, 1935002.125], [-1957093.875, 1926456.125], [-1956832.5, 1925867.125], [-1956242.7496000007, 1925348.2488000002], [-1956241.625, 1924930.375], [-1956645.875, 1924091.75], [-1957313.5, 1922876.75], [-1958166.625, 1921792.875], [-1959367.75, 1918594.375], [-1959310.25, 1918122.375], [-1958951.0, 1917551.375], [-1958407.875, 1917219.875], [-1956146.6242999993, 1916438.8748000003], [-1952976.2380999997, 1916489.5017000008], [-1951143.3748000003, 1916895.6247000005], [-1945559.0, 1912846.5], [-1940283.625, 1906597.125], [-1933412.125, 1905784.75], [-1932564.75, 1904019.875], [-1933567.0, 1900832.75], [-1933802.0, 1900645.25], [-1934663.5, 1900758.75], [-1936270.5, 1899943.25], [-1937197.875, 1896811.375], [-1937232.375, 1896069.75], [-1936040.375, 1888565.0], [-1935795.75, 1887831.625], [-1936457.5, 1886201.375], [-1937412.5, 1885643.875], [-1937629.25, 1885141.125], [-1936718.875, 1879035.25], [-1936022.875, 1875774.125], [-1936706.75, 1874492.375], [-1937568.8741999995, 1873483.9998000003], [-1937818.0, 1872472.25], [-1938097.875, 1869424.875], [-1936720.75, 1865230.5], [-1936917.375, 1861861.125], [-1937983.7508000005, 1860693.7503999993], [-1938832.3738000002, 1859296.2504999992], [-1941824.0250000004, 1850146.1750000007], [-1941730.125, 1848133.4000000004], [-1941420.9749999996, 1847053.8499999996], [-1941619.75, 1842862.375], [-1941449.0, 1841873.75], [-1943492.375, 1836860.875], [-1944394.0, 1836035.6247000005], [-1944807.875, 1836067.75], [-1945383.0, 1836714.375], [-1945612.125, 1837639.375], [-1945287.625, 1840424.5], [-1944377.25, 1842240.875], [-1944893.4499999993, 1846944.4499999993], [-1945459.625, 1849806.625], [-1945689.75, 1850631.875], [-1946285.75, 1851598.5], [-1946038.75, 1856365.375], [-1944910.75, 1860228.5], [-1943557.25, 1863102.375], [-1942811.9986000005, 1866342.1245000008], [-1942919.625, 1867015.25], [-1943620.375, 1867860.875], [-1944083.75, 1868930.375], [-1944866.625, 1871396.625], [-1943935.0, 1876710.25], [-1942682.4989999998, 1880434.3794], [-1941212.5, 1893154.25], [-1941435.125, 1895737.5], [-1941774.625, 1897263.125], [-1942957.875, 1899701.75], [-1943417.5, 1899916.125], [-1943877.125, 1899701.75], [-1944034.375, 1898667.25], [-1943598.375, 1896717.5], [-1943645.25, 1895075.0], [-1945400.375, 1886851.75], [-1945547.875, 1886588.25], [-1946133.5, 1887062.375], [-1947330.0, 1889553.375], [-1948674.125, 1891801.5], [-1948988.5, 1892065.375], [-1949579.375, 1891961.125], [-1949832.75, 1891371.125], [-1951731.125, 1880868.5], [-1950810.7489999998, 1877281.3761], [-1950808.125, 1876485.0], [-1952137.5, 1861281.5], [-1952022.375, 1859519.375], [-1951349.75, 1852621.25], [-1950575.125, 1849571.625], [-1949335.375, 1846463.25], [-1949022.875, 1845243.75], [-1949058.625, 1843405.375], [-1949352.0, 1842760.875], [-1950321.625, 1841842.25], [-1951957.0, 1839299.625], [-1952463.25, 1837736.75], [-1952610.4988000002, 1835483.4993999992], [-1952164.5, 1832666.5], [-1951892.125, 1828805.875], [-1952023.0, 1827505.625], [-1952338.625, 1826725.75], [-1952621.125, 1826516.5], [-1953244.625, 1827459.0], [-1954824.25, 1830715.0], [-1961785.625, 1836403.125], [-1962171.25, 1836543.5], [-1962972.75, 1836397.125], [-1964064.5, 1832661.625], [-1963993.2493999992, 1832257.3749000002], [-1963080.25, 1831364.125], [-1961024.0, 1830645.875], [-1957133.625, 1825589.875], [-1956596.375, 1824612.5], [-1957862.9993999992, 1817892.2498000003], [-1958378.0, 1816424.75], [-1966438.5, 1813252.125], [-1967074.25, 1813295.0], [-1967726.0, 1813847.125], [-1967890.25, 1814519.375], [-1967543.25, 1814974.375], [-1967543.25, 1815384.875], [-1969587.25, 1820950.875], [-1972489.375, 1824173.5], [-1973258.75, 1824557.0], [-1973718.375, 1824342.625], [-1973858.75, 1823957.0], [-1974726.375, 1820374.0], [-1975253.875, 1817036.125], [-1974690.1256000008, 1813888.7503999993], [-1975503.25, 1812604.75], [-1982181.5, 1807987.875]]], [[[-1945626.25, 1883288.5], [-1945396.125, 1882597.125], [-1945282.75, 1880743.625], [-1945732.125, 1879490.125], [-1947398.375, 1879743.125], [-1949298.75, 1880690.5], [-1949534.5, 1881385.0], [-1949592.625, 1883740.5], [-1949302.5, 1886129.125], [-1948973.0, 1887073.375], [-1948232.5, 1886809.25], [-1947073.875, 1885913.625], [-1945626.25, 1883288.5]]], [[[-2041511.125, 1897354.0], [-2041716.375, 1896998.625], [-2041645.125, 1896594.375], [-2041334.0, 1896188.75], [-2040422.75, 1895552.5], [-2035144.0, 1885051.125], [-2035004.125, 1884301.75], [-2035028.25, 1883214.625], [-2041183.875, 1870512.875], [-2050054.875, 1866190.0], [-2050896.0, 1865896.625], [-2053766.625, 1865993.625], [-2055895.75, 1866998.375], [-2060194.375, 1871876.875], [-2060273.0, 1872670.375], [-2059452.5, 1874971.0], [-2060917.5, 1879728.625], [-2062321.5, 1883322.875], [-2063294.875, 1887427.5], [-2062925.5, 1889091.25], [-2062052.5, 1890573.875], [-2061743.375, 1890582.5], [-2060971.125, 1889835.75], [-2059777.125, 1890267.25], [-2060470.0, 1897754.125], [-2062352.0, 1905094.125], [-2061583.6873000003, 1907037.6313000005], [-2060491.3702000007, 1906592.6132999994], [-2057376.2445999999, 1911002.3354000002], [-2058788.625, 1912291.375], [-2060009.25, 1919693.25], [-2062446.125, 1922700.5], [-2062798.375, 1926517.0], [-2062818.125, 1930097.75], [-2063034.375, 1930568.375], [-2063348.75, 1930832.25], [-2063759.2498000003, 1930832.2491999995], [-2065231.75, 1930260.25], [-2065777.125, 1930423.875], [-2065973.875, 1930847.25], [-2063057.25, 1934377.5], [-2059737.625, 1937125.75], [-2057659.4393000007, 1938593.4377999995], [-2056405.2980000004, 1940575.7903000005], [-2055879.3685999997, 1942072.6670999993], [-2055591.375, 1943309.125], [-2053228.8747000005, 1945989.6248000003], [-2052842.0, 1946156.75], [-2052237.5, 1946126.625], [-2051677.25, 1945571.125], [-2050242.4499999993, 1940524.9499999993], [-2048188.625, 1929943.625], [-2047497.625, 1927515.5], [-2046509.375, 1924873.25], [-2046317.75, 1924687.25], [-2045980.5, 1924699.75], [-2045785.625, 1924900.25], [-2045663.75, 1925308.875], [-2046102.5, 1925976.75], [-2046556.25, 1927141.625], [-2047177.75, 1929936.75], [-2048510.9250000007, 1941198.3499999996], [-2049302.375, 1950536.625], [-2049653.75, 1951183.125], [-2050513.125, 1952087.375], [-2051372.0, 1955233.75], [-2051181.75, 1957740.625], [-2050198.5, 1960576.75], [-2044836.625, 1961078.625], [-2041083.625, 1967224.625], [-2040139.75, 1967907.625], [-2036441.2490999997, 1966126.0000999998], [-2036365.25, 1965105.25], [-2037068.5250000004, 1956824.8000000007], [-2037832.3249999993, 1955842.375], [-2039139.625, 1952173.0], [-2039246.75, 1951247.875], [-2039009.0, 1949119.625], [-2036349.0, 1946545.75], [-2036085.8742999993, 1946484.6258000005], [-2035732.2501999997, 1946791.6251999997], [-2035695.75, 1947267.25], [-2036067.5, 1948197.0], [-2037261.375, 1949188.375], [-2037619.625, 1950024.875], [-2037860.625, 1951649.875], [-2034534.9499999993, 1958405.0500000007], [-2030153.4999000002, 1962672.7498000003], [-2028739.875, 1962301.625], [-2026413.0, 1960176.125], [-2025942.125, 1959505.375], [-2021339.375, 1956416.75], [-2016943.375, 1958085.875], [-2010263.875, 1959743.0], [-2008481.75, 1959519.25], [-2007634.5, 1958796.125], [-2007476.75, 1955855.75], [-2005249.5, 1949825.125], [-2003642.5, 1948547.5], [-2000139.75, 1941494.0], [-1999633.5, 1939857.75], [-2003824.1249000002, 1935451.8749000002], [-2005472.7501999997, 1934135.3758000005], [-2006253.25, 1933875.5], [-2007456.125, 1933781.25], [-2014090.125, 1932371.125], [-2014529.0, 1932561.0], [-2014914.6258000005, 1932420.6254999992], [-2016202.7500999998, 1930170.25], [-2016726.375, 1925877.5], [-2016426.375, 1925357.875], [-2015726.125, 1925049.875], [-2014704.75, 1924889.625], [-2012297.125, 1925631.875], [-2005034.125, 1930000.25], [-2000459.2497000005, 1933950.1261], [-2000181.75, 1935085.875], [-1997102.1239, 1935128.8740999997], [-1996212.25, 1934513.125], [-1992981.375, 1926599.875], [-1988427.0, 1923283.875], [-1979319.0, 1913831.875], [-1979245.125, 1913585.75], [-1979030.0, 1912309.25], [-1979107.125, 1910634.75], [-1980002.0, 1905979.125], [-1983319.7497000005, 1900368.3742999993], [-1983882.5, 1900062.875], [-1984451.25, 1900256.125], [-1985648.0, 1900110.75], [-1988773.7507000007, 1899201.5007000007], [-1989132.375, 1898842.875], [-1989132.0, 1897683.875], [-1989791.875, 1898435.0], [-1994765.125, 1906615.375], [-1995120.875, 1908058.75], [-1995999.25, 1909252.5], [-1996354.6249000002, 1909457.7491999995], [-1996758.875, 1909386.5], [-1997022.75, 1909072.125], [-1997049.5, 1908761.125], [-1997275.6242999993, 1908080.7500999998], [-1996703.25, 1903934.625], [-1992143.5, 1892816.125], [-1991589.25, 1891636.875], [-1991101.25, 1891174.0], [-1990953.75, 1890798.75], [-1991082.5, 1889648.0], [-1991201.0, 1889474.625], [-1996405.1249000002, 1888779.3756000008], [-1996893.625, 1888873.0], [-2003391.875, 1891851.0], [-2006146.375, 1893442.375], [-2007276.875, 1894303.0], [-2010223.75, 1899411.875], [-2010784.625, 1900970.375], [-2011474.0, 1904880.625], [-2012060.75, 1906656.625], [-2016924.625, 1915111.25], [-2022843.625, 1923240.625], [-2023978.875, 1924411.25], [-2024573.0, 1924698.75], [-2024882.5, 1924671.75], [-2025196.875, 1924407.875], [-2025277.25, 1924107.875], [-2025138.375, 1923721.125], [-2018187.25, 1910439.625], [-2013162.5, 1900154.375], [-2013859.875, 1899145.125], [-2014353.25, 1897057.75], [-2013742.75, 1893674.125], [-2012867.25, 1892054.75], [-2008372.125, 1888339.5], [-2004166.125, 1886751.875], [-2003780.5, 1886892.25], [-2002896.2484000009, 1887925.625], [-2001742.5, 1887957.0], [-1998688.625, 1886594.875], [-1997612.625, 1884946.875], [-1995903.125, 1885298.5], [-1994584.7498000003, 1885264.2510000002], [-1993130.875, 1884733.375], [-1992794.0, 1883694.125], [-1993236.375, 1881943.875], [-1996800.3756000008, 1875639.2500999998], [-1996894.125, 1875174.5], [-1996731.375, 1871469.375], [-1996979.75, 1869410.5], [-1997839.375, 1865572.5], [-2001115.2489, 1855544.6250999998], [-2002899.375, 1853804.125], [-2003252.375, 1853683.75], [-2005719.125, 1853136.5], [-2007375.25, 1853413.375], [-2014081.875, 1856473.25], [-2016933.875, 1859001.25], [-2017123.625, 1859806.375], [-2017180.75, 1862841.5], [-2024146.875, 1878810.625], [-2025720.0, 1882074.625], [-2027226.75, 1884689.0], [-2031208.5, 1895274.5], [-2031818.5, 1896638.625], [-2033285.0, 1898779.875], [-2033670.625, 1898920.25], [-2033970.625, 1898839.875], [-2034234.5, 1898525.5], [-2034261.5, 1898216.0], [-2033557.5, 1894133.625], [-2035908.5, 1895644.5], [-2036054.75, 1896116.75], [-2036827.9999000002, 1897084.3751999997], [-2038913.125, 1897672.125], [-2041229.7500999998, 1897485.2501999997], [-2041511.125, 1897354.0]]], [[[-1943601.375, 1918641.625], [-1944881.0, 1919140.0], [-1945894.375, 1919099.875], [-1947529.25, 1919853.125], [-1948879.1242999993, 1920822.6261999998], [-1949813.375, 1922083.5], [-1951227.0, 1925628.25], [-1951363.375, 1929302.625], [-1951295.375, 1930773.125], [-1951050.75, 1931714.25], [-1949605.625, 1932487.5], [-1943673.625, 1933263.125], [-1940897.75, 1932180.625], [-1940479.25, 1931851.75], [-1939559.75, 1929829.0], [-1938026.2486000005, 1924146.875], [-1937230.75, 1921850.875], [-1934827.5, 1913222.625], [-1934448.9987000003, 1910953.2496000007], [-1934592.125, 1910165.375], [-1935188.375, 1909829.7493999992], [-1937829.375, 1911371.0], [-1939295.75, 1912812.875], [-1941022.75, 1916035.25], [-1943601.375, 1918641.625]]], [[[-1953264.625, 1943276.25], [-1953784.75, 1942431.0], [-1954261.375, 1942348.875], [-1955059.25, 1942866.125], [-1955127.25, 1943053.0], [-1953879.3747000005, 1952980.6249000002], [-1954065.625, 1953338.125], [-1954039.375, 1954174.375], [-1953036.7488000002, 1956694.1241999995], [-1952389.875, 1956199.75], [-1952436.25, 1948580.0], [-1953264.625, 1943276.25]]], [[[-1954455.875, 1955981.25], [-1954636.375, 1955443.6242999993], [-1954920.5, 1955430.0], [-1955972.375, 1956079.75], [-1957202.375, 1957742.375], [-1957334.625, 1958422.875], [-1957216.625, 1960803.875], [-1957051.8736000005, 1961891.8752999995], [-1956537.375, 1962739.5], [-1956277.125, 1962605.5], [-1954455.875, 1955981.25]]], [[[-1991909.375, 1958598.875], [-1991894.875, 1958038.875], [-1993201.25, 1957201.25], [-1994597.875, 1957514.0], [-1998438.75, 1959488.125], [-1999344.5, 1960478.75], [-1999809.125, 1960891.25], [-2000302.625, 1963136.375], [-2000312.625, 1965947.0], [-1998802.75, 1966149.25], [-1996041.625, 1965837.25], [-1994518.25, 1964658.75], [-1993783.0, 1963696.5], [-1991909.375, 1958598.875]]], [[[-2024624.2400000002, 1969027.8771000002], [-2023369.625, 1969177.125], [-2019405.0, 1969176.0], [-2018918.625, 1969034.125], [-2018768.625, 1968586.375], [-2019786.0, 1966424.375], [-2021007.5, 1964493.125], [-2021229.75, 1964493.75], [-2021567.125, 1964940.875], [-2021952.7478, 1965081.2498000003], [-2023297.875, 1964885.5], [-2024041.125, 1964352.0], [-2024801.125, 1964406.5], [-2025821.0, 1965504.125], [-2026722.5, 1967193.625], [-2026714.625, 1968115.25], [-2026045.0, 1968633.75], [-2024624.2400000002, 1969027.8771000002]]], [[[-2006492.25, 1981624.25], [-2007769.625, 1981875.0], [-2008119.125, 1983079.625], [-2007337.375, 1984583.125], [-2005307.0, 1985064.0], [-2005011.375, 1984534.75], [-2005068.75, 1982314.375], [-2005211.125, 1982068.125], [-2006492.25, 1981624.25]]], [[[-2006018.2420000006, 1987072.3794999998], [-2006459.375, 1987071.75], [-2007507.125, 1987522.75], [-2007697.375, 1987677.75], [-2007186.875, 1988374.75], [-2005774.375, 1988851.75], [-2005261.375, 1988792.875], [-2004685.5, 1987792.375], [-2006018.2420000006, 1987072.3794999998]]], [[[-2006514.0, 1999981.0], [-2006251.75, 1999300.625], [-2006242.9995000008, 1998064.8749000002], [-2006927.25, 1995532.75], [-2007817.75, 1994927.875], [-2008225.0, 1994881.25], [-2008506.75, 1995142.5], [-2008710.125, 1995838.5], [-2008939.25, 1999826.75], [-2008434.375, 2000526.375], [-2007710.0, 2000943.875], [-2006514.0, 1999981.0]]], [[[-2007655.875, 2008918.0], [-2007718.0, 2008621.75], [-2009423.125, 2004978.0], [-2009757.375, 2005157.5], [-2010171.125, 2006615.625], [-2010024.625, 2008579.375], [-2009152.625, 2009715.625], [-2008672.1234000009, 2010002.0001999997], [-2008263.25, 2010047.375], [-2007857.75, 2009614.375], [-2007655.875, 2008918.0]]], [[[-1944720.3739, 2020415.3757000007], [-1944448.25, 2019072.375], [-1945472.625, 2014123.125], [-1945816.625, 2013129.875], [-1948065.625, 2009287.75], [-1949371.3751999997, 2007523.3758000005], [-1949565.25, 2007454.125], [-1948507.7487000003, 2010797.6243999992], [-1948675.7492999993, 2011360.8738000002], [-1947765.3734000009, 2015208.0000999998], [-1946043.0, 2019303.375], [-1945518.5, 2020213.5], [-1944998.875, 2020578.25], [-1944720.3739, 2020415.3757000007]]], [[[-2014157.0014999993, 2028565.7554000001], [-2016087.25, 2027189.25], [-2016715.5, 2027422.5], [-2017563.625, 2028965.0], [-2018935.375, 2028090.375], [-2019420.875, 2028570.125], [-2019539.375, 2029012.25], [-2019570.75, 2035504.625], [-2019514.375, 2037092.625], [-2018883.75, 2037341.7500999998], [-2017524.5, 2036974.5], [-2015608.5, 2033827.75], [-2014157.0014999993, 2028565.7554000001]]], [[[-2023375.625, 2053413.25], [-2022993.25, 2053310.875], [-2022603.25, 2052876.625], [-2021861.5, 2051928.5], [-2021776.5, 2051607.75], [-2022255.5, 2048200.0], [-2022554.75, 2047503.375], [-2022877.5, 2047406.5], [-2023206.375, 2047590.875], [-2024184.25, 2048884.5], [-2024454.0, 2049627.125], [-2024736.0, 2051728.25], [-2024651.7491999995, 2052435.2499000002], [-2024363.875, 2052929.375], [-2023957.625, 2053242.875], [-2023375.625, 2053413.25]]], [[[-1979678.125, 3715045.75], [-1979164.75, 3714690.75], [-1979253.875, 3714131.0], [-1979405.5, 3713896.25], [-1979546.5, 3713899.25], [-1982642.375, 3715016.5], [-1986932.375, 3716777.5], [-1987696.25, 3717377.75], [-1988208.5, 3717782.5], [-1987997.0, 3717945.25], [-1987637.375, 3717914.5], [-1986977.25, 3717692.0], [-1985194.5, 3716910.5], [-1981302.875, 3715499.25], [-1979678.125, 3715045.75]]], [[[-2004131.25, 3741210.25], [-2004086.75, 3741127.75], [-2003953.625, 3740748.25], [-2002833.625, 3736744.0], [-2002231.875, 3734472.0], [-2000928.0, 3731031.5], [-2000857.625, 3730885.25], [-1998862.0, 3727865.5], [-1996870.25, 3724724.5], [-1996650.5, 3724128.25], [-1996632.3736000005, 3724038.000600001], [-1996605.0, 3723391.25], [-1996616.0, 3723358.0], [-1996949.75, 3722926.5], [-1997252.75, 3723039.75], [-1997319.5, 3723465.5], [-1997274.2492999993, 3724033.9999], [-1997281.5, 3724185.75], [-1997463.25, 3724737.5], [-1997554.75, 3724907.75], [-1999505.25, 3727452.75], [-2001399.125, 3730711.0], [-2002641.125, 3734221.25], [-2003767.25, 3737936.5], [-2004312.125, 3740304.75], [-2004377.25, 3740470.25], [-2004437.25, 3740556.0], [-2004556.625, 3740664.5], [-2005028.0, 3740989.0], [-2005163.0, 3741058.5], [-2007326.375, 3741825.0], [-2008089.5, 3741865.5], [-2008221.875, 3741857.25], [-2009123.5, 3741609.25], [-2009153.125, 3741819.5], [-2009001.125, 3741991.0], [-2008579.625, 3742144.0], [-2007577.75, 3742350.75], [-2004612.5, 3741835.5], [-2004131.25, 3741210.25]]], [[[-1832758.9984000009, 767855.5766000003], [-1833054.3691000007, 768046.5648999996], [-1834592.1221999992, 767695.0133999996], [-1835027.2398000006, 766791.9383000005], [-1836478.363, 763779.4996000007], [-1836577.9941000007, 762413.0084000006], [-1837075.3631999996, 760853.8741999995], [-1838606.4970999993, 761807.0133999996], [-1839508.125, 762700.9408999998], [-1840434.2469999995, 763659.9454999994], [-1841121.3592000008, 765874.7018999998], [-1841074.9924999997, 766456.5633000005], [-1841061.6230999995, 766490.8877000008], [-1838931.2094, 769922.0368000008], [-1838527.1165999994, 770572.6992000006], [-1838396.2412999999, 770605.0739999991], [-1837923.1205000002, 770992.3261999991], [-1838027.3718999997, 771583.1987999994], [-1839145.8748000003, 772395.3863999993], [-1839867.2458999995, 772458.5631000008], [-1840386.8644999992, 772158.5721000005], [-1840858.8145000003, 771219.0327000003], [-1841326.7489999998, 770287.3881999999], [-1843301.7166000009, 770094.4239000008], [-1843559.8717999998, 770069.1861000005], [-1843604.125, 770574.3868000004], [-1843918.4847999997, 770838.2018999998], [-1844609.6110999994, 771020.8835000005], [-1845651.2402999997, 770913.9452], [-1846090.4909000006, 770645.9995000008], [-1846864.4919000007, 770173.8143000007], [-1846995.7441000007, 769797.7523999996], [-1846945.8712000009, 768923.2564000003], [-1847241.2420000006, 768043.6976999994], [-1847415.8626000006, 767805.5070999991], [-1847901.9923, 767926.3882999998], [-1848642.9914999995, 768206.0140000004], [-1849776.2400000002, 769877.5752000008], [-1850649.3597, 774300.8128999993], [-1850722.366800001, 775069.4518999998], [-1850520.1227000002, 775480.3790000007], [-1848508.3641, 776140.9491000008], [-1845067.6095000003, 773822.8260999992], [-1844728.6245000008, 772931.5691999998], [-1843163.8706, 772307.7484000009], [-1842085.2463000007, 774708.2501999997], [-1839710.6149000004, 775588.5625], [-1838905.3740999997, 775697.1884000003], [-1837057.3735000007, 775219.9388999995], [-1831901.3615000006, 772155.2624999993], [-1831695.1196999997, 770516.1252999995], [-1832292.988, 769021.0785000008], [-1832758.9984000009, 767855.5766000003]]], [[[-1847490.7375000007, 799572.4448000006], [-1844911.9942000005, 799009.5724999998], [-1844902.3604000006, 797438.0028000008], [-1846368.8519000001, 795753.8003000002], [-1847593.8748000003, 794346.6369000003], [-1847679.2741999999, 793743.3208000008], [-1848321.4881999996, 789203.8794999998], [-1848562.1199999992, 785570.7602999993], [-1848488.7360999994, 782946.9445999991], [-1848572.1142999995, 782440.0727999993], [-1849459.111300001, 781742.8844000008], [-1852486.3665999994, 781468.8128999993], [-1853197.4977000002, 781732.6281000003], [-1858995.6151, 785516.4473000001], [-1859662.3619999997, 786555.8155000005], [-1860234.4912999999, 788066.6333000008], [-1859506.7467, 793462.4416000005], [-1856672.4949999992, 799895.2587000001], [-1855893.9927999992, 799679.8747000005], [-1854434.1129, 797353.8217999991], [-1853974.4924999997, 797139.5026999991], [-1848806.487400001, 798434.6907000002], [-1848486.6226000004, 799057.3809999991], [-1847490.7375000007, 799572.4448000006]]], [[[-1868185.2369, 832887.6867999993], [-1868934.6246000007, 833356.4494000003], [-1869384.4965000004, 834282.1945999991], [-1865593.615700001, 838042.3225999996], [-1865041.3603000008, 838136.6289000008], [-1864631.2359999996, 837940.6926000006], [-1863586.6249000002, 836365.6331999991], [-1863144.486300001, 835264.5627999995], [-1863130.8712000009, 834857.2566], [-1863784.609099999, 833882.6871000007], [-1865878.7465000004, 832703.2521000002], [-1867241.2399000004, 831324.2599999998], [-1867843.7452000007, 830120.4455999993], [-1868678.3625000007, 829593.8147], [-1869748.4998000003, 830210.5739999991], [-1868038.7475000005, 831491.1309999991], [-1867833.4888000004, 831846.5655000005], [-1868185.2369, 832887.6867999993]]], [[[-1872073.9956999999, 838285.4447000008], [-1872941.4956999999, 837490.3783999998], [-1873779.3734000009, 834129.1351999994], [-1873764.7424999997, 833255.3110000007], [-1874115.1143999994, 830908.3193999995], [-1877018.0139000006, 830422.3734000009], [-1877869.1148000006, 830279.8126999997], [-1878997.6119, 830566.0084000006], [-1879133.2387000006, 831339.1857999992], [-1880224.3639000002, 832991.5121999998], [-1880907.8716000002, 833911.1952999998], [-1881937.9991999995, 834909.4396000002], [-1882453.2433000002, 835147.0076000001], [-1883150.3661000002, 835050.6369000003], [-1884179.4943000004, 835253.4381000008], [-1885218.2399000004, 836000.8105999995], [-1887658.4891999997, 838318.1307999995], [-1887516.6202000007, 840006.0759999994], [-1887081.7397000007, 840512.7511999998], [-1886978.8644999992, 840914.4377999995], [-1887300.9903999995, 842463.8890000004], [-1887521.3715000004, 842750.6909999996], [-1888697.4969999995, 843574.2490999997], [-1890216.6215000004, 845699.8110000007], [-1892580.2427999992, 852739.7535999995], [-1893005.489600001, 855217.3749000002], [-1892935.1203000005, 855475.7014000006], [-1892147.9837999996, 855724.1974999998], [-1891493.6231999993, 854762.1945999991], [-1889729.1154999994, 853982.693], [-1885094.1147000007, 854158.5097000003], [-1882098.8737000003, 855411.5088999998], [-1881616.6107, 856948.6885000002], [-1881821.8695, 857304.1393999998], [-1882305.7380999997, 857447.6305], [-1883260.3683000002, 857197.0044], [-1884447.7495000008, 856506.0091999993], [-1885175.2482999992, 856403.1340999994], [-1885677.9912999999, 856530.9456999991], [-1889496.4955000002, 859678.3775999993], [-1890228.4999000002, 860476.4422999993], [-1890059.6136000007, 861309.9454999994], [-1889413.1173, 862653.7611999996], [-1888469.3662, 864213.3869000003], [-1888069.4982999992, 864420.8739], [-1886809.2410000004, 863833.5075000003], [-1886155.7488000002, 862966.7610999998], [-1885556.9955000002, 862812.0142000001], [-1875484.9969999995, 865449.5760999992], [-1874172.3436999992, 863291.2953999992], [-1873595.0043000001, 861944.1700999998], [-1871478.0932, 861110.2245000005], [-1868549.3713000007, 859871.5121999998], [-1868423.7388000004, 859561.3794999998], [-1869810.2183999997, 854438.7416999992], [-1870453.8638000004, 847388.3787999991], [-1872102.6184999999, 844695.3735000007], [-1871948.9857, 842529.5069999993], [-1872073.9956999999, 838285.4447000008]]], [[[-1899745.7721999995, 889285.4310999997], [-1900071.1223000009, 888777.6231999993], [-1902011.6372999996, 887666.2057000007], [-1904125.8673999999, 886454.9454999994], [-1904466.3597, 886687.1886999998], [-1905326.2412, 888477.4519999996], [-1905582.3723000009, 890302.8752999995], [-1904373.3641, 892885.8784999996], [-1895248.9998000003, 893654.8779000007], [-1894889.4857, 893384.0011999998], [-1895354.6110999994, 891196.1309999991], [-1896405.7430000007, 891488.4378999993], [-1897671.6199999992, 891267.9420999996], [-1898721.8672000002, 891702.0689000003], [-1899126.1096, 891630.8148999996], [-1899426.1170000006, 891111.1963], [-1899207.3741999995, 890125.6986999996], [-1899745.7721999995, 889285.4310999997]]], [[[-1870117.6150000002, 954152.0606999993], [-1869479.6302000005, 954587.8038999997], [-1869001.6187999994, 954914.2607000005], [-1866698.7492999993, 955584.0058999993], [-1864744.4986000005, 955536.9509999994], [-1851133.2447999995, 950107.7522], [-1848576.8655999992, 945151.9362000003], [-1848515.6223000009, 944677.3245000001], [-1848669.3696999997, 944258.0088], [-1849094.239600001, 944076.0645000003], [-1850239.6122999992, 944816.1297999993], [-1853928.7484000009, 945766.0741000008], [-1855418.7421000004, 946370.6928000003], [-1863845.4921000004, 950967.7482999992], [-1868257.113500001, 952026.7609000001], [-1870311.2411000002, 953274.6318999995], [-1870117.6150000002, 954152.0606999993]]], [[[-1838461.3676999994, 967368.6894000005], [-1839399.8596, 966978.9467999991], [-1841991.3660000004, 967825.2622999996], [-1845602.7436999995, 969026.1931999996], [-1846343.4970999993, 970347.4481000006], [-1845841.4912999999, 970520.3157000002], [-1843628.7337999996, 970468.6240999997], [-1843391.1165999994, 970608.5763000008], [-1843287.75, 970942.8753999993], [-1843299.8741999995, 971287.8732999992], [-1842567.6751000006, 971771.2963999994], [-1841259.4926999994, 972634.8838], [-1839953.7370999996, 972620.0726999994], [-1837147.1086999997, 972208.4410999995], [-1834222.6139000002, 970230.0076000001], [-1833205.6097999997, 967598.7534999996], [-1833332.7497000005, 967279.3147], [-1834365.3675999995, 966731.4992999993], [-1835974.735200001, 967236.4377999995], [-1838461.3676999994, 967368.6894000005]]], [[[-1897570.1210999992, 989379.1352999993], [-1900569.114, 991609.0140000004], [-1901127.6118, 991829.4443999995], [-1902953.8707999997, 993369.7533999998], [-1904508.4993999992, 995207.3172999993], [-1904822.8592000008, 995781.9368999992], [-1904015.8652, 996614.1294], [-1901189.2484000009, 997031.6920999996], [-1898192.238, 997155.8171999995], [-1896277.8659000006, 996824.6311000008], [-1895422.9978999998, 996462.0040000007], [-1893689.2430000007, 992772.6875999998], [-1893693.7486000005, 990810.8182999995], [-1893438.3712000009, 990709.1884000003], [-1893305.6117000002, 990215.1289000008], [-1893296.4858, 987706.5090999994], [-1893511.3619, 987257.5711000003], [-1894724.3677999992, 986394.1997999996], [-1897570.1210999992, 989379.1352999993]]], [[[-1905772.738, 1003858.1348000001], [-1902545.3684999999, 1001521.5142999999], [-1903004.1205000002, 998194.1860000007], [-1903920.8707999997, 997851.3836000003], [-1906286.2453000005, 997832.8204999994], [-1909462.7423999999, 999562.6268000007], [-1909605.4962000009, 999861.3234999999], [-1909117.8592000008, 1001177.8106999993], [-1907478.3615000006, 1004054.8246999998], [-1905772.738, 1003858.1348000001]]], [[[-1871694.3619999997, 1032147.8142000008], [-1872772.117900001, 1032838.3179000001], [-1872917.6241999995, 1033553.8234999999], [-1872800.3639000002, 1033916.8111000005], [-1872260.117900001, 1034140.125], [-1871074.9976000004, 1034128.0008000005], [-1867208.1115000006, 1033122.1871000007], [-1861594.6089999992, 1030685.3783999998], [-1859701.1100999992, 1029715.1997999996], [-1858637.7393999994, 1028313.6961000003], [-1866016.3720999993, 1028558.8826000001], [-1871831.1192000005, 1030095.0136999991], [-1872075.7487000003, 1030370.1338], [-1871311.9922000002, 1030810.8797999993], [-1871180.7400000002, 1031300.8268999998], [-1871694.3619999997, 1032147.8142000008]]], [[[-1872343.6108, 1059281.7498000003], [-1871711.9912, 1058485.0122999996], [-1871107.6182000004, 1057333.2499000002], [-1871966.8607, 1055070.6359], [-1872318.363, 1054847.0106000006], [-1873100.7481999993, 1054895.8840999994], [-1873845.2370999996, 1055537.8748000003], [-1873954.6166999992, 1055701.6327999998], [-1875269.9898000006, 1058102.8882999998], [-1873493.1319999993, 1058818.7454000004], [-1872343.6108, 1059281.7498000003]]], [[[-1862783.2355000004, 1056931.1373999994], [-1863957.3619999997, 1055964.8746000007], [-1864061.7445, 1055629.8872999996], [-1863766.4883999992, 1054703.3884999994], [-1864232.3674999997, 1054274.5044999998], [-1864850.6616999991, 1054130.5570999999], [-1865653.9908000007, 1053943.4986000005], [-1867776.4888000004, 1055225.2517000008], [-1869113.3740999997, 1056254.0030000005], [-1869416.6092000008, 1056563.0053000003], [-1869325.8746000007, 1057091.5040000007], [-1869032.8630999997, 1057516.636], [-1868619.8716000002, 1057368.2624999993], [-1867854.4931000005, 1057211.1235000007], [-1866850.366800001, 1057031.0142], [-1866589.3696999997, 1057079.8877000008], [-1865731.0074000005, 1057993.7412999999], [-1864833.988, 1058948.6304000001], [-1863966.3434999995, 1059708.0686000008], [-1862493.3696999997, 1060997.1382999998], [-1860692.6994000003, 1062019.9063000008], [-1860447.9912, 1062158.8785999995], [-1859924.7354000006, 1062092.1301000006], [-1859553.2445, 1061207.5088], [-1859836.1142999995, 1059744.0079999994], [-1860362.6141, 1058147.8786999993], [-1861193.6106000002, 1056995.3790000007], [-1862116.1117000002, 1056752.0110999998], [-1862286.3742999993, 1057022.2488000002], [-1862611.3673, 1057053.0015999991], [-1862783.2355000004, 1056931.1373999994]]], [[[-1883299.1163999997, 1058277.6236000005], [-1883793.9952000007, 1056765.8882999998], [-1884125.2468999997, 1056215.8774999995], [-1884219.5604999997, 1056128.2359999996], [-1886641.7473000009, 1053877.0122999996], [-1888616.3633999992, 1055085.6272], [-1889000.6173999999, 1057096.632099999], [-1893376.1119999997, 1061488.0029000007], [-1895019.4927999992, 1063430.6373999994], [-1895904.2451000009, 1065040.5129000004], [-1895239.4970999993, 1069999.9988000002], [-1894750.8607, 1077171.1282000002], [-1894824.1136000007, 1079014.6394999996], [-1893149.2427999992, 1083430.2585000005], [-1892001.8713000007, 1085148.8746000007], [-1888865.1217, 1086585.7513999995], [-1888036.1240999997, 1086542.8745000008], [-1887150.3721999992, 1085863.2498000003], [-1883744.1223000009, 1088193.8738000002], [-1882332.5216000006, 1088583.492900001], [-1880358.1228999998, 1089128.2533], [-1879843.7471999992, 1089161.8732999992], [-1879795.3652999997, 1088909.8872999996], [-1880277.1204000004, 1081286.3794], [-1879914.2476000004, 1072411.2485000007], [-1880112.1171000004, 1070167.6235000007], [-1880843.8271999992, 1068432.2349999994], [-1881034.3725000005, 1067980.2611999996], [-1881787.9118000008, 1067135.8906999994], [-1882449.3603000008, 1066394.6340999994], [-1882631.2391, 1062219.3847000003], [-1883299.1163999997, 1058277.6236000005]]], [[[-1878311.1808000002, 1096301.6389000006], [-1877993.1088999994, 1096444.3809999991], [-1877908.3707999997, 1095645.0056999996], [-1878170.3673999999, 1094817.8758000005], [-1879630.3619999997, 1091844.1306999996], [-1879865.7345000003, 1091513.1247000005], [-1880968.8693000004, 1091253.2580999993], [-1881616.8728, 1091318.7612999994], [-1882359.7398000006, 1091913.8773999996], [-1882480.4899000004, 1092109.5022999998], [-1882232.9932000004, 1093397.3829999994], [-1882029.9954000004, 1094020.2535999995], [-1881416.8734000009, 1094907.5127000008], [-1878311.1808000002, 1096301.6389000006]]], [[[-1884486.9891999997, 1097533.9989999998], [-1884455.1223000009, 1101252.1348], [-1883456.8765999991, 1102398.0144999996], [-1882925.7414999995, 1103007.6312000006], [-1881559.9876000006, 1105694.2632], [-1881191.364, 1106569.0048999991], [-1881254.9993999992, 1106904.7621999998], [-1882019.4933000002, 1107476.1379000004], [-1884124.6242999993, 1107839.3874999993], [-1885403.0594999995, 1107158.5034999996], [-1885763.9909000006, 1106966.2513999995], [-1889251.3745000008, 1108238.1249000002], [-1889272.6245000008, 1109594.6382], [-1889054.7336999997, 1111161.7513999995], [-1887985.4975000005, 1111617.2594000008], [-1884173.4977000002, 1115791.7551000006], [-1882820.9985000007, 1118417.2584000006], [-1880360.9767000005, 1121319.4261000007], [-1878114.3669000007, 1123968.8784999996], [-1877078.2426999994, 1124892.6248000003], [-1874022.6103000008, 1126198.3804000001], [-1866360.3706, 1125110.1388000008], [-1865362.1097999997, 1124861.2493999992], [-1864762.8650000002, 1124519.0040000007], [-1863440.2338999994, 1122716.010399999], [-1863699.3631999996, 1121242.384299999], [-1865653.6139000002, 1116300.7568999995], [-1866827.6095000003, 1114085.5089999996], [-1870063.1217999998, 1108779.1246000007], [-1870967.9936999995, 1107424.6265999991], [-1871498.4912999999, 1107169.5112999994], [-1874159.9988000002, 1104685.8610999994], [-1877837.7393999994, 1101252.3805], [-1880271.1162999999, 1098720.0633000005], [-1882066.1220999993, 1096851.507099999], [-1884486.9891999997, 1097533.9989999998]]], [[[-1900509.7383999992, 1124005.3819999993], [-1899496.1095000003, 1124393.1258000005], [-1898813.240700001, 1124509.6324000005], [-1898712.2498000003, 1124536.633199999], [-1898531.8619, 1124640.8846000005], [-1897156.2448999994, 1126127.5033], [-1896707.7492999993, 1127006.3738000002], [-1896426.1247000005, 1128069.2530000005], [-1895418.2466000002, 1127534.7577999998], [-1895141.1111999992, 1126766.512], [-1895045.4942000005, 1126058.2644999996], [-1896803.1205000002, 1122937.8825000003], [-1897310.3692000005, 1122214.0045999996], [-1898526.3732999992, 1121101.4982999992], [-1898833.6867999993, 1121015.2232000008], [-1900648.8713000007, 1120505.5139000006], [-1900710.1147000007, 1121414.0066999998], [-1900273.989, 1122312.2595000006], [-1901081.2451000009, 1122916.5013999995], [-1901064.1238000002, 1123489.384299999], [-1900509.7383999992, 1124005.3819999993]]], [[[-1866766.9559000004, 1126415.8617000002], [-1868689.1104000006, 1126641.633199999], [-1871511.9916999992, 1128731.8874999993], [-1872018.2409000006, 1130441.6234000009], [-1871918.1183000002, 1131005.0036999993], [-1873724.110200001, 1131374.512], [-1878746.4943000004, 1125931.2556999996], [-1878991.6153999995, 1124823.6317999996], [-1880232.3593000006, 1122706.9991999995], [-1880887.4899000004, 1122661.3860999998], [-1883005.7445, 1124312.385399999], [-1883580.1184, 1126388.1235000007], [-1882589.8695, 1127641.0079999994], [-1881585.1206999999, 1128571.0130000003], [-1880994.739600001, 1131413.7517000008], [-1881090.1108999997, 1132401.2481999993], [-1882423.1130999997, 1135617.3782000002], [-1882010.1216000002, 1136672.9992999993], [-1877199.4843000006, 1141494.8761], [-1872235.9843000006, 1143515.6294999998], [-1871202.3669000007, 1143473.1294], [-1870455.6169000007, 1142698.0022999998], [-1870304.6219999995, 1140884.7522999998], [-1870461.7445, 1139245.0088], [-1870700.3610999994, 1139104.2539000008], [-1871592.7484000009, 1136639.7562000006], [-1871485.2366000004, 1136252.7497000005], [-1868282.1154999994, 1134195.5090999994], [-1867848.4965000004, 1134066.763699999], [-1865268.052100001, 1134328.1932999995], [-1864964.9944000002, 1134358.8739999998], [-1862959.1176999994, 1135033.5015999991], [-1862801.4871999994, 1135420.2622999996], [-1863029.7490999997, 1135736.1294], [-1864699.4916999992, 1136491.1369000003], [-1866199.2338999994, 1138717.2638000008], [-1866648.237400001, 1140441.7617000006], [-1866211.8660000004, 1140838.7623999994], [-1863616.2471999992, 1142317.6314000003], [-1862025.3608, 1142674.8845000006], [-1861499.3687999994, 1142619.8834000006], [-1860169.1191000007, 1142839.8878000006], [-1858194.2291, 1145079.0305000003], [-1856688.8626000006, 1146785.3844000008], [-1856063.1249000002, 1148325.8736000005], [-1855522.1087999996, 1148479.883199999], [-1854556.2391999997, 1148054.3742999993], [-1853672.3716000002, 1146041.5015999991], [-1853665.113500001, 1140930.6274999995], [-1854609.6183000002, 1133813.6308999993], [-1855840.1221999992, 1129521.2522], [-1857147.1230999995, 1127363.2500999998], [-1861229.9995000008, 1124482.5004999992], [-1862755.9889000002, 1123810.7565000001], [-1865067.7875999995, 1125606.7378000002], [-1866766.9559000004, 1126415.8617000002]]], [[[-1881837.8516000006, 1139175.0041000005], [-1882942.6170000006, 1138054.760399999], [-1885641.9956999999, 1134165.3790000007], [-1886361.8595000003, 1134101.1372999996], [-1888649.7376000006, 1135341.8812000006], [-1888841.9875000007, 1135729.8871], [-1888725.7430000007, 1136495.1346000005], [-1888324.4988000002, 1137779.2633999996], [-1885159.2411000002, 1140691.3882999998], [-1884791.2401, 1141439.1377000008], [-1884862.4941000007, 1141843.3801000006], [-1886399.1166999992, 1143824.386], [-1891885.7414999995, 1144963.4999000002], [-1892610.1108999997, 1144893.1306999996], [-1893200.9998000003, 1144476.7641000003], [-1893593.8717999998, 1144570.3822000008], [-1894212.1219999995, 1145487.5094000008], [-1889954.5068999995, 1149281.3838], [-1886504.6132999994, 1152353.8800000008], [-1884273.7350999992, 1151653.1362999994], [-1877669.2463000007, 1148571.2566999998], [-1873905.3663999997, 1145548.5069999993], [-1873301.9927999992, 1144721.3772], [-1873313.7402, 1144306.2557999995], [-1873683.3631999996, 1144010.3771000002], [-1877811.9837999996, 1142371.5020000003], [-1878491.9853000008, 1142412.7568999995], [-1878773.3641, 1142281.5046999995], [-1881837.8516000006, 1139175.0041000005]]], [[[-1870591.8662, 1146061.5065000001], [-1870944.7447999995, 1146515.7529000007], [-1870056.9942000005, 1147160.6271000002], [-1863380.1209999993, 1150014.8838], [-1859146.2496000007, 1150484.2525999993], [-1857463.3670000006, 1149224.3884999994], [-1857243.9853000008, 1148513.3884999994], [-1857520.8749000002, 1147150.0102999993], [-1859142.6122999992, 1147045.8736000005], [-1861066.8109000009, 1145415.5661999993], [-1861669.7459999993, 1144904.6322000008], [-1863147.7235000003, 1143864.6075], [-1863940.3717999998, 1143306.7499000002], [-1864537.863500001, 1143055.0097000003], [-1866507.9903999995, 1143247.2596000005], [-1870591.8662, 1146061.5065000001]]], [[[-1867934.3712000009, 1155034.0009000003], [-1866647.9916999992, 1155349.7599], [-1859936.1221999992, 1162206.3819999993], [-1858644.3749000002, 1163823.4991999995], [-1857748.1209999993, 1165358.3850999996], [-1857183.4955000002, 1165322.2584000006], [-1856926.8728999998, 1164891.2609], [-1857180.8740999997, 1160796.6371], [-1857300.8784999996, 1160080.7969000004], [-1858649.1098999996, 1152031.6394999996], [-1859217.3725000005, 1151478.7613999993], [-1864319.2355000004, 1151085.0046999995], [-1864974.9887000006, 1150042.1303000003], [-1865397.1224000007, 1149732.5055], [-1867150.8658000007, 1149485.7624999993], [-1869373.6174999997, 1150237.1327], [-1869685.7490999997, 1150492.5100999996], [-1869980.9888000004, 1151706.2532000002], [-1869593.9987000003, 1153256.1305], [-1868648.9305000007, 1154268.5841000006], [-1867934.3712000009, 1155034.0009000003]]], [[[-1846058.235200001, 1208198.6293000001], [-1844382.9876000006, 1209083.3816999998], [-1843857.2413999997, 1209138.6285999995], [-1843550.8606000002, 1208990.6318999995], [-1843424.3597999997, 1208730.7489], [-1843617.8712000009, 1207656.6302000005], [-1844761.114, 1205115.5045999996], [-1846824.8589999992, 1201273.8826000001], [-1849256.9982999992, 1197873.6291000005], [-1852562.2409000006, 1194789.8817999996], [-1858217.7355000004, 1187925.2643], [-1859399.2348999996, 1185959.0041000005], [-1862783.3664999995, 1185712.5067999996], [-1863198.7336999997, 1185421.6252999995], [-1865079.6169000007, 1179483.2609], [-1865009.9848999996, 1178021.0053000003], [-1865215.8662, 1176066.7544999998], [-1867726.8617000002, 1171168.7577], [-1869711.1116000004, 1168260.3847000003], [-1870541.6164999995, 1167555.3812000006], [-1871262.1193000004, 1167821.8833000008], [-1873031.6240999997, 1167687.6327999998], [-1877483.1240999997, 1164946.8845000006], [-1879281.1206999999, 1162870.2617000006], [-1879355.1108, 1161885.2555999998], [-1880192.0551999994, 1160696.0080999993], [-1880640.1242999993, 1160059.2588], [-1882585.6096, 1160025.8846000005], [-1883306.6203000005, 1160556.2511], [-1883752.3633999992, 1161569.7489], [-1882514.863500001, 1169917.0036999993], [-1882384.1192000005, 1170108.6309999991], [-1880866.1087999996, 1170333.8782000002], [-1879980.2553000003, 1170659.6214000005], [-1877826.5, 1171451.3816999998], [-1876195.8697999995, 1173418.6645999998], [-1875601.4871999994, 1174135.6380000003], [-1874496.9925999995, 1179532.0033], [-1874102.859099999, 1184079.6282000002], [-1870765.9954000004, 1193888.4997000005], [-1868637.7466000002, 1197853.0017000008], [-1865884.2350999992, 1201929.6358000003], [-1865639.6219999995, 1204302.2520000003], [-1866204.4932000004, 1204580.1246000007], [-1866397.2346, 1205039.1388000008], [-1866133.9927999992, 1206112.5037999991], [-1865677.9933000002, 1206764.7508000005], [-1863997.0116000008, 1208207.1061000004], [-1863099.8726000004, 1208976.7546999995], [-1862251.4016999993, 1209604.3275000006], [-1861140.8705000002, 1210425.6245000008], [-1859947.2469999995, 1210772.1297999993], [-1859333.9937999994, 1210366.7567999996], [-1858406.4956, 1208375.511], [-1857782.9860999994, 1207432.759299999], [-1855406.3721999992, 1205996.5051000006], [-1851336.9962000009, 1204397.1316999998], [-1850418.2138, 1204664.8322], [-1849899.7425999995, 1204815.8739999998], [-1849864.7464000005, 1205240.2523999996], [-1848624.625, 1206409.3818999995], [-1847253.8959, 1207365.1108], [-1846058.235200001, 1208198.6293000001]]], [[[-1862729.8728, 1216456.8861999996], [-1863503.3614000008, 1212555.5118000004], [-1869820.1142999995, 1201607.2642], [-1873627.9853000008, 1196712.7572000008], [-1874488.7350999992, 1196971.7555], [-1874768.1151, 1197660.1292000003], [-1874006.2426999994, 1203820.8737000003], [-1872541.6114000008, 1206849.5052000005], [-1864855.238, 1221128.2596000005], [-1864126.8708999995, 1221861.0011999998], [-1862729.8728, 1216456.8861999996]]], [[[-1904821.4992999993, 1195605.1333000008], [-1905691.137, 1193924.0042000003], [-1906851.8701000009, 1191679.6251999997], [-1908355.3642999995, 1189911.5130000003], [-1911070.2422000002, 1188440.6393999998], [-1912108.8730999995, 1189217.7489], [-1910883.3662999999, 1191008.2579999994], [-1910449.8620999996, 1193775.1388000008], [-1910456.9726999998, 1196667.4881999996], [-1910649.7468999997, 1198042.7611999996], [-1911008.3597999997, 1198401.3741999995], [-1911513.6096, 1198357.1373999994], [-1911948.2444000002, 1197702.760399999], [-1912046.7449999992, 1196957.7634999994], [-1912705.0868999995, 1196591.7776999995], [-1914235.9914999995, 1197100.7631], [-1916242.9987000003, 1202972.7558999993], [-1916789.2412999999, 1211176.3885999992], [-1916776.9859999996, 1218064.1239], [-1916391.1100999992, 1220391.2580999993], [-1917563.9914999995, 1222286.0022], [-1918011.7498000003, 1223527.6307999995], [-1918067.9960999992, 1224443.2507000007], [-1917835.490700001, 1228553.8816], [-1914764.4902, 1234468.5055999998], [-1913463.4858999997, 1234692.638699999], [-1912816.6128000002, 1233782.5075000003], [-1910486.1197999995, 1230258.3746000007], [-1909217.113500001, 1225809.6271000002], [-1905786.1237000003, 1216141.6252999995], [-1904063.7392999995, 1212645.5090999994], [-1903230.7440000009, 1210412.0094000008], [-1901231.6173999999, 1203977.5046999995], [-1901408.7448999994, 1203193.1371], [-1904821.4992999993, 1195605.1333000008]]], [[[-1861094.487400001, 1230348.5030000005], [-1861758.6129, 1228599.2489], [-1869645.7393999994, 1213942.8761], [-1873255.7408000007, 1207817.7504999992], [-1876976.6127000004, 1200450.6357000005], [-1875721.7457999997, 1196619.1390000004], [-1878401.2343000006, 1177769.3797999993], [-1881028.8674999997, 1174990.7517000008], [-1882824.734099999, 1174321.0065000001], [-1884738.1231999993, 1176048.8795999996], [-1885318.3625000007, 1177152.8826000001], [-1886247.6138000004, 1178366.511], [-1888140.9979999997, 1180366.3749000002], [-1888526.6119, 1180506.7530000005], [-1888912.2421000004, 1180366.3749000002], [-1891347.1174999997, 1175394.0110999998], [-1893473.1217, 1168243.3781000003], [-1893675.7425999995, 1166856.2595000006], [-1895742.8627000004, 1164535.4987000003], [-1898886.6247000005, 1162689.2512999997], [-1899300.9923999999, 1162798.7619000003], [-1900115.9980999995, 1163858.6264999993], [-1901029.9958999995, 1166944.6348], [-1901210.4985000007, 1170037.5079999994], [-1899382.6174999997, 1180196.8824000005], [-1898349.8684, 1182675.8798999991], [-1897728.9967999998, 1188357.7528000008], [-1898702.3702000007, 1191584.6306999996], [-1897804.3631999996, 1193383.7577999998], [-1897405.2556999996, 1193829.3157000002], [-1896467.2485000007, 1194876.3893], [-1895572.2398000006, 1192149.1250999998], [-1894265.8615000006, 1189961.0090999994], [-1893984.4990999997, 1189829.7568999995], [-1891875.2392999995, 1189748.0007000007], [-1891187.7338999994, 1189960.386499999], [-1890973.365700001, 1190420.0068999995], [-1890956.8670000006, 1192935.6390000004], [-1891220.7477000002, 1193249.9988000002], [-1892599.9856000002, 1193760.9993999992], [-1892569.9865000006, 1194245.5069999993], [-1891237.8688999992, 1197108.3816999998], [-1890857.4979999997, 1197363.8737000003], [-1890481.3705000002, 1199999.2565000001], [-1886412.2402999997, 1206423.5048999991], [-1885793.7443000004, 1208866.6378000006], [-1885897.2420000006, 1209768.6261], [-1885675.7467, 1211423.8852999993], [-1884563.6172000002, 1214498.3757000007], [-1879739.2336999997, 1221054.6298999991], [-1877783.8616000004, 1222987.4668000005], [-1877285.7951999996, 1223479.7075999994], [-1876870.1494999994, 1223771.3756000008], [-1876588.6723999996, 1223718.5864000004], [-1876533.7696000002, 1223561.6767999995], [-1875616.2491999995, 1224096.2539000008], [-1875288.8641, 1224126.3840999994], [-1872812.3734000009, 1226285.5003999993], [-1872121.1160000004, 1227207.6247000005], [-1869583.4966000002, 1232089.0080999993], [-1869329.1185999997, 1233205.3811000008], [-1869355.1199999992, 1234529.634299999], [-1870059.4845000003, 1234960.7629000004], [-1870585.3618, 1234962.2537999991], [-1871400.4986000005, 1234295.2611999996], [-1872477.4050999992, 1232199.6860000007], [-1874904.610200001, 1227474.6347000003], [-1877024.6296999995, 1225648.5755000003], [-1880196.3637000006, 1222915.6393], [-1884211.1153999995, 1218334.8859], [-1886063.0506999996, 1215438.5357000008], [-1887858.6197999995, 1212629.3871999998], [-1887895.9916999992, 1212396.3739999998], [-1887606.7486000005, 1212061.5013999995], [-1887324.8618, 1211117.7501999997], [-1887074.1210999992, 1209826.3796999995], [-1887105.2343000006, 1208527.7511], [-1888480.9988000002, 1205603.5020000003], [-1888816.3629, 1205377.386499999], [-1895041.988, 1206474.0003999993], [-1896466.6096, 1206945.8759000003], [-1898532.3697999995, 1208629.1352999993], [-1902232.2375000007, 1215051.7616000008], [-1903951.8693000004, 1220208.8878000006], [-1904466.6218999997, 1227119.511499999], [-1903702.6195999999, 1233288.759299999], [-1902878.8648000006, 1235766.3805], [-1902491.4978999998, 1236427.5077], [-1901597.7343000006, 1236789.7578999996], [-1896492.8445999995, 1237667.2051], [-1895493.1214000005, 1237838.8746000007], [-1890742.3675999995, 1239013.6238000002], [-1889217.3625000007, 1240471.2434], [-1888773.3385000005, 1240895.5884000007], [-1887733.2493999992, 1242635.1268000007], [-1882468.2346, 1246782.5069999993], [-1881767.6219999995, 1246911.760399999], [-1881657.4888000004, 1247131.1258000005], [-1881983.1207999997, 1247517.5096000005], [-1882737.4892999995, 1247800.7562000006], [-1883142.8621999994, 1247733.0084000006], [-1887644.3662, 1245212.6249000002], [-1889043.6317999996, 1243720.7221000008], [-1889638.8725000005, 1243085.9816999994], [-1890113.0089999996, 1242027.9520999994], [-1892616.2496000007, 1240278.5546000004], [-1893411.3704000004, 1239722.7561000008], [-1895773.7466000002, 1238644.8855000008], [-1896405.1204000004, 1238458.8779000007], [-1898699.863500001, 1238378.3834000006], [-1900379.1087999996, 1238527.1337000001], [-1901034.7473000009, 1239082.7643], [-1902578.1201000009, 1241958.8772], [-1902840.6245000008, 1244033.386499999], [-1902839.7398000006, 1246417.8811000008], [-1901534.1152, 1249935.1327], [-1900378.7482999992, 1251966.1261], [-1896791.4879, 1256577.5011999998], [-1895810.7046000008, 1256925.8808999993], [-1894839.6128000002, 1257270.7574000005], [-1893084.6242999993, 1257434.4990999997], [-1891270.3748000003, 1257415.8869000003], [-1889965.8642999995, 1258308.2577999998], [-1885507.3320000004, 1266842.0064000003], [-1884657.4975000005, 1268467.6322000008], [-1883047.2452000007, 1274178.1279000007], [-1882472.1175999995, 1277990.8813000005], [-1882007.3691000007, 1278363.5025999993], [-1877884.614, 1278591.3877000008], [-1877206.8735000007, 1278277.7488000002], [-1871581.2468999997, 1274181.011499999], [-1868442.6130999997, 1267998.5090999994], [-1865179.6248000003, 1259716.7575000003], [-1863368.1115000006, 1256290.0110999998], [-1862009.8615000006, 1255091.3740999997], [-1860430.4930000007, 1254129.5022], [-1859978.2455000002, 1253554.3747000005], [-1859219.9940000009, 1250762.6393999998], [-1858848.8636000007, 1246825.007099999], [-1859506.7467, 1237536.0], [-1859811.8660000004, 1235413.7641000003], [-1861094.487400001, 1230348.5030000005]]], [[[-1917486.9867000002, 1238994.0121999998], [-1916786.2430000007, 1239650.2568999995], [-1916353.7381999996, 1239275.6367000006], [-1915233.8589999992, 1238025.1279000007], [-1915310.7490999997, 1236813.3837000001], [-1915725.1324000005, 1236008.7638000008], [-1916963.4850999992, 1233603.7580999993], [-1917936.4980999995, 1233606.8873999994], [-1918236.1122999992, 1233831.7577999998], [-1919310.4931000005, 1235660.8839999996], [-1919447.1193000004, 1236152.1253999993], [-1919180.8629, 1236822.3784999996], [-1917486.9867000002, 1238994.0121999998]]], [[[-1923373.9872999992, 1260523.8825000003], [-1923414.488500001, 1260871.0102999993], [-1923188.3728999998, 1261759.760399999], [-1923736.7454000004, 1263035.7627000008], [-1924344.7392999995, 1263309.7522999998], [-1924608.6199999992, 1263261.1246000007], [-1925334.7424999997, 1262173.8824000005], [-1924092.3110000007, 1258321.0045999996], [-1923057.6121999994, 1256372.7502999995], [-1923395.1226000004, 1255392.0041000005], [-1923877.8608, 1254647.1382999998], [-1929060.6115000006, 1256616.511499999], [-1930583.2422000002, 1262680.0004999992], [-1930529.2404999994, 1263083.0142], [-1930038.2447999995, 1263958.2638000008], [-1928214.1234000009, 1265952.1862000003], [-1927382.9881999996, 1266860.5091999993], [-1924995.7411000002, 1265986.5046999995], [-1923368.1217999998, 1264702.1302000005], [-1921815.8687999994, 1265296.5088999998], [-1921200.9936999995, 1264952.5105000008], [-1920292.6155999992, 1262198.8844000008], [-1921346.8605000004, 1260389.0094000008], [-1923085.4978, 1260200.0035999995], [-1923373.9872999992, 1260523.8825000003]]], [[[-1911260.6242999993, 1250782.382099999], [-1912514.7376000006, 1252823.2550000008], [-1913604.8633999992, 1254967.0031000003], [-1914711.2422000002, 1258555.6234000009], [-1914302.9856000002, 1259233.3804000001], [-1913895.2369999997, 1260887.6237000003], [-1913923.6141, 1261813.8768000007], [-1915249.3746000007, 1267233.9989], [-1915607.9876000006, 1267592.6282000002], [-1916018.2430000007, 1267591.7599], [-1916246.7343000006, 1267525.8797999993], [-1916529.8662, 1267980.7488000002], [-1917165.8603000008, 1270459.8773999996], [-1917390.3702000007, 1274261.375], [-1916941.4978, 1275523.0085000005], [-1916609.8124000002, 1276018.5448000003], [-1915240.9859999996, 1278063.2493999992], [-1911982.2412, 1278385.3752999995], [-1910379.9843000006, 1277982.8859], [-1910260.9872999992, 1277773.0068999995], [-1908896.8717999998, 1265483.1391000003], [-1906010.7482999992, 1258682.5011], [-1906077.2346, 1257756.5101999994], [-1908102.9850999992, 1250626.5046999995], [-1908633.8595000003, 1250170.6362999994], [-1909412.2469999995, 1249886.2591999993], [-1910644.9955000002, 1250134.5096000005], [-1911260.6242999993, 1250782.382099999]]], [[[-1922162.6246000007, 1268065.6311000008], [-1924291.9991999995, 1266664.7532000002], [-1924943.6236000005, 1266915.2481999993], [-1925636.6176999994, 1268364.3802000005], [-1926704.4940000009, 1269492.6316], [-1928630.1218999997, 1270798.3871999998], [-1929965.8603000008, 1272116.2507000007], [-1930422.2366000004, 1272898.0132], [-1930687.8704000004, 1273786.6322000008], [-1930565.3672000002, 1275147.0121], [-1929505.2404999994, 1278358.1286999993], [-1928859.7436999995, 1278469.7529000007], [-1925781.992900001, 1277335.7507000007], [-1925078.2345000003, 1276897.2492999993], [-1924615.4848999996, 1276766.5050000008], [-1924283.6105000004, 1276350.8757000007], [-1923646.2402, 1274810.7632999998], [-1922605.4956999999, 1271667.7550000008], [-1922079.7496000007, 1269385.1361999996], [-1922162.6246000007, 1268065.6311000008]]], [[[-1901306.2511999998, 1275104.1256000008], [-1901158.4956, 1275654.2608000003], [-1900150.9943000004, 1276505.3768000007], [-1893300.7456, 1280155.1258000005], [-1892716.7379, 1281293.3878000006], [-1893069.2397000007, 1285361.7643999998], [-1892943.4924999997, 1285755.7503999993], [-1892582.3728, 1286111.3815000001], [-1891218.3719999995, 1286361.3849999998], [-1890802.1201000009, 1286126.258199999], [-1888925.8736000005, 1283845.7529000007], [-1887414.7445, 1280717.8834000006], [-1887218.6116000004, 1279991.4988000002], [-1887329.8589999992, 1279332.8783999998], [-1888574.6170000006, 1274142.0011999998], [-1889271.9856000002, 1271945.8734000009], [-1890035.7421000004, 1270815.2627000008], [-1891487.9576999992, 1266402.6382], [-1892372.6248000003, 1263713.2575000003], [-1892438.6195, 1261805.6356000006], [-1892834.1129, 1260814.3871999998], [-1893716.1128000002, 1260159.8792000003], [-1894315.8654999994, 1259877.7631], [-1895763.2444000002, 1260180.9981999993], [-1901423.9984000009, 1261807.388699999], [-1903421.240700001, 1264616.7532000002], [-1903896.6225000005, 1265915.7586000003], [-1903814.4894999992, 1268535.6258000005], [-1902942.6149000004, 1271703.3739], [-1901306.2511999998, 1275104.1256000008]]], [[[-1882438.612400001, 1281338.6239999998], [-1883108.1118, 1281826.8836000003], [-1883719.742900001, 1282593.6383999996], [-1883984.9998000003, 1283547.8753999993], [-1883773.7445, 1285034.6250999998], [-1883475.7359999996, 1285476.6326000001], [-1878996.2357, 1290275.3750999998], [-1877691.9872999992, 1291281.5001999997], [-1876852.0656000003, 1291758.6681999993], [-1876268.9878000002, 1292089.8868000004], [-1873686.4924999997, 1292987.7627000008], [-1872661.8699999992, 1294561.3804000001], [-1871884.1215000004, 1298657.2492999993], [-1871005.8735000007, 1299528.6324000005], [-1867843.2327999994, 1301257.2772000004], [-1867365.8729999997, 1301518.1250999998], [-1866855.9866000004, 1301650.8847000003], [-1866666.9970999993, 1300945.5043000001], [-1866900.3707999997, 1298107.8773999996], [-1867873.3673999999, 1296250.3741999995], [-1868040.8610999994, 1292866.5047999993], [-1867582.6170000006, 1290485.7621], [-1866842.9940000009, 1288458.75], [-1866939.8726000004, 1284885.383199999], [-1867070.1294999998, 1284598.3685999997], [-1868423.9845000003, 1281614.6289000008], [-1869873.292199999, 1279069.6676000003], [-1870676.3749000002, 1277659.1381], [-1871951.115700001, 1277153.3804000001], [-1872421.8607, 1277271.2632999998], [-1873497.2410000004, 1278131.8819999993], [-1874050.8727000002, 1279424.0062000006], [-1879037.736300001, 1281099.0079999994], [-1881407.8621999994, 1280927.8772], [-1882438.612400001, 1281338.6239999998]]], [[[-1899861.7380999997, 1287477.1346000005], [-1898724.8653999995, 1288393.6236000005], [-1898596.2347, 1288569.0143], [-1898581.2433000002, 1288990.0011999998], [-1898747.3607, 1291223.3861999996], [-1899650.8727000002, 1293043.5011], [-1900522.1247000005, 1294498.8753999993], [-1900549.2402, 1295076.1328999996], [-1899796.3627000004, 1296352.8889000006], [-1897908.7456, 1297440.8848], [-1897340.7451000009, 1297477.011499999], [-1896585.3608, 1298338.007099999], [-1896218.2445, 1298335.8772], [-1894923.2368, 1295493.0074000005], [-1893771.6217999998, 1292377.1311000008], [-1893714.7365000006, 1291789.3878000006], [-1893951.239600001, 1291199.1378000006], [-1894570.2434999999, 1290561.5053000003], [-1895007.3685999997, 1289761.8841999993], [-1895262.1234000009, 1287955.3844000008], [-1895615.3652999997, 1287174.7763999999], [-1896434.3659000006, 1285364.6316], [-1899646.1214000005, 1285957.1261999998], [-1901554.1201000009, 1286587.8773999996], [-1901674.6243999992, 1286863.636499999], [-1901212.9888000004, 1287145.7525999993], [-1899861.7380999997, 1287477.1346000005]]], [[[-1863713.9941000007, 1304615.7497000005], [-1864841.0763000008, 1304332.1729000006], [-1866941.9861999992, 1303803.3817999996], [-1867952.0210999995, 1303220.5043000001], [-1871489.1195999999, 1301178.6322000008], [-1873635.6202000007, 1299445.6309999991], [-1873924.4341000002, 1298805.0209], [-1874262.3738000002, 1298055.3830999993], [-1876678.6206, 1294123.0100999996], [-1879311.6565000005, 1291998.4647000004], [-1880968.7381999996, 1290661.0054000001], [-1882475.4926999994, 1289640.2493999992], [-1881931.4947999995, 1293354.6333000008], [-1881689.1677, 1293992.9559000004], [-1881361.8723000009, 1294855.0143999998], [-1875437.4998000003, 1306871.761], [-1875350.7465000004, 1308297.6276999991], [-1874338.4937999994, 1312213.5020000003], [-1872924.7348999996, 1314895.3826000001], [-1872044.4880999997, 1315659.2537999991], [-1870882.1087999996, 1316219.5046999995], [-1866118.3625000007, 1317983.1275999993], [-1864953.8696999997, 1318144.7557999995], [-1864138.864, 1317930.8790000007], [-1863580.3662, 1317500.2584000006], [-1863003.4856000002, 1317422.1394999996], [-1850492.7451000009, 1317303.2572000008], [-1850015.610200001, 1317218.0111999996], [-1848648.8732999992, 1316341.6309999991], [-1848011.2408000007, 1315640.0025999993], [-1848487.3598999996, 1314478.3770000003], [-1849383.2369999997, 1313583.8761999998], [-1849983.6613999996, 1313259.6820999999], [-1851262.875, 1312568.8873999994], [-1852763.8603000008, 1312056.0865000002], [-1853002.9869, 1311974.3774999995], [-1853294.8677999992, 1311697.5043000001], [-1853807.8673, 1310667.5077999998], [-1854024.2344000004, 1308664.3835000005], [-1853995.7425999995, 1306163.0055], [-1854157.4854000006, 1305576.7532000002], [-1854984.238500001, 1304241.6373999994], [-1857815.2462000009, 1301498.8739], [-1858553.7386000007, 1301321.2550000008], [-1859061.3641, 1301560.6251999997], [-1861419.6115000006, 1304741.7589999996], [-1863713.9941000007, 1304615.7497000005]]], [[[-1928955.7375000007, 1323862.7554000001], [-1928703.2436999995, 1324359.3871999998], [-1922901.9127999991, 1325646.2656999994], [-1922099.9837999996, 1325824.0021000002], [-1919987.3652999997, 1324485.6259000003], [-1919698.9904999994, 1323674.2575000003], [-1920176.3710999992, 1322364.3893999998], [-1922339.7847000007, 1320231.079], [-1924954.4861999992, 1317651.8759000003], [-1926264.9932000004, 1317966.383199999], [-1926970.2424999997, 1318718.3760000002], [-1928219.8665999994, 1321601.2555], [-1928914.7447999995, 1323260.1355000008], [-1928955.7375000007, 1323862.7554000001]]], [[[-1900562.6096, 1296778.2502999995], [-1901889.6152999997, 1295432.8781000003], [-1903106.2420000006, 1293836.2573000006], [-1903350.3636000007, 1293199.7553000003], [-1903746.6106000002, 1291421.5014999993], [-1903610.2466000002, 1290200.0087000001], [-1905834.0856999997, 1286827.4732000008], [-1909460.6125000007, 1281324.7632], [-1910463.8072999995, 1281056.3344999999], [-1910950.3605000004, 1280926.1240999997], [-1915288.9911000002, 1282222.7537999991], [-1916219.4877000004, 1283674.8840999994], [-1917099.9966000002, 1293624.1337000001], [-1918249.989600001, 1297154.1319999993], [-1920761.7387000006, 1303797.8768000007], [-1921479.8658000007, 1305103.2555999998], [-1920960.1161000002, 1310373.7589999996], [-1920602.4861999992, 1311783.1271000002], [-1920739.9970999993, 1313192.2493999992], [-1923284.7435999997, 1317504.7640000004], [-1920537.2451000009, 1321155.758199999], [-1920132.117900001, 1321261.3858000003], [-1919615.8745000008, 1320687.1265999991], [-1919046.9891999997, 1320902.8874999993], [-1917500.2412999999, 1328009.0051000006], [-1917830.2478999998, 1328576.8746000007], [-1919342.6220999993, 1329002.6292000003], [-1923096.7371999994, 1329852.7621999998], [-1924420.1219999995, 1329678.7641000003], [-1925064.2425999995, 1329817.7496000007], [-1925567.4935999997, 1330344.0036999993], [-1926492.4849999994, 1332709.3781000003], [-1926690.7478, 1334585.5099999998], [-1926349.3707999997, 1339334.2485000007], [-1925971.7359999996, 1342307.1252999995], [-1925222.4956999999, 1343682.1361999996], [-1924997.1212000009, 1344755.7222000007], [-1924803.9991999995, 1345675.5119000003], [-1927642.8712000009, 1349374.3801000006], [-1928799.6143999994, 1353675.9992999993], [-1927879.8658000007, 1355610.3762999997], [-1926625.6214000005, 1360495.3805999998], [-1926830.8638000004, 1360850.7495000008], [-1929142.6133999992, 1362378.7542000003], [-1930036.3606000002, 1363264.3749000002], [-1929659.2336999997, 1365481.6380000003], [-1928356.5109, 1367667.419399999], [-1928156.2475000005, 1368003.3814000003], [-1925352.9942000005, 1369582.8808999993], [-1922802.7426999994, 1370495.3878000006], [-1921021.4905999992, 1370412.7632999998], [-1918337.7423, 1366331.3778000008], [-1908235.4989, 1341188.3767000008], [-1907279.6236000005, 1337306.4991999995], [-1906174.8669000007, 1331720.3743999992], [-1905597.4946999997, 1325749.7498000003], [-1904107.9924999997, 1320717.3878000006], [-1899957.8597, 1309145.2539000008], [-1897394.7467999998, 1302833.3835000005], [-1896681.1088999994, 1299269.8798999991], [-1898809.4382000007, 1297681.8803000003], [-1899711.7392999995, 1297008.511], [-1900562.6096, 1296778.2502999995]]], [[[-1943150.3599999994, 1352415.6273999996], [-1942285.7334000003, 1353730.8716000002], [-1942055.1224000007, 1354081.6344000008], [-1938794.6243999992, 1355243.2599999998], [-1936601.8717999998, 1355453.3848], [-1934912.3701000009, 1355656.2514999993], [-1934560.8677999992, 1355862.7554000001], [-1933800.9942000005, 1357623.5110999998], [-1933892.9903999995, 1359572.5025999993], [-1932418.7416999992, 1361359.1286999993], [-1931434.9971999992, 1361167.6325000003], [-1930659.1164999995, 1360749.0048999991], [-1928835.2496000007, 1359144.5033999998], [-1928882.9925999995, 1355196.1231999993], [-1929000.859099999, 1354839.1323000006], [-1929798.7434999999, 1354221.3735000007], [-1930718.6231999993, 1353106.9993999992], [-1931214.1245000008, 1351771.8836000003], [-1930617.3699999992, 1350129.6334000006], [-1930255.611300001, 1349621.1231999993], [-1929851.7456999999, 1349291.6245000008], [-1928345.3680000007, 1348936.3867000006], [-1927791.1137000006, 1348537.125], [-1926126.2370999996, 1346204.7643], [-1926267.7456999999, 1344177.5064000003], [-1926395.1149000004, 1343844.0100999996], [-1927352.6122999992, 1343141.5132999998], [-1927935.3748000003, 1341969.2544999998], [-1928599.8607, 1339155.0076000001], [-1929268.3606000002, 1334664.0056999996], [-1929363.1093000006, 1331641.3871], [-1929542.9891999997, 1331386.1243999992], [-1930834.2451000009, 1331879.6268000007], [-1933559.9856000002, 1333730.6256000008], [-1942149.7400000002, 1343345.2482999992], [-1942765.1229999997, 1345328.1382999998], [-1943727.2405999992, 1350308.7597000003], [-1943735.9897000007, 1351173.7529000007], [-1943150.3599999994, 1352415.6273999996]]], [[[-1915242.4934, 1386634.8893], [-1914577.4996000007, 1387271.2602999993], [-1914507.3597, 1387321.133199999], [-1912746.7349999994, 1388207.7533999998], [-1912470.4844000004, 1388015.012], [-1911590.2376000006, 1386383.0017000008], [-1911471.7485000007, 1385732.3767000008], [-1911528.2405999992, 1383413.1231999993], [-1911718.4915999994, 1380973.6274999995], [-1911795.4964000005, 1380193.7490999997], [-1912189.7445999999, 1379476.1298999991], [-1912238.1100999992, 1379411.7572000008], [-1914152.7444000002, 1377235.7489999998], [-1914483.9960999992, 1377017.3829999994], [-1915035.9893999994, 1376970.3772999998], [-1915093.7430000007, 1376993.3805], [-1916295.9846, 1377647.3805999998], [-1916754.2449999992, 1378475.5099], [-1917186.9956, 1381686.1349], [-1917120.3619, 1382144.0022], [-1916606.8709999993, 1384154.3845000006], [-1915298.2480999995, 1386561.8822000008], [-1915242.4934, 1386634.8893]]], [[[-1909805.4956999999, 1387403.1350999996], [-1909439.1166999992, 1390207.2566999998], [-1909306.9960999992, 1390862.8789000008], [-1909148.8740999997, 1391341.5046999995], [-1908420.8674999997, 1392049.1295999996], [-1908319.3685999997, 1392243.5094000008], [-1908317.3697999995, 1392457.2551000006], [-1908415.7392999995, 1392633.1372999996], [-1908587.738500001, 1392723.7572000008], [-1908787.3611999992, 1392704.5059999991], [-1909525.1162999999, 1392130.0010000002], [-1911970.4938999992, 1391813.3802000005], [-1912814.8597, 1392025.5039000008], [-1913779.1236000005, 1392614.3775999993], [-1914085.7337999996, 1393310.5010000002], [-1914824.9963000007, 1396064.0123999994], [-1915048.7361999992, 1397731.6250999998], [-1915056.3710999992, 1398109.6368000004], [-1914677.2454000004, 1398617.7536999993], [-1911857.1165999994, 1400533.8789000008], [-1910733.8622999992, 1400277.7642], [-1909429.8597999997, 1399815.5061000008], [-1908367.2426999994, 1397979.3839999996], [-1906861.9954000004, 1393201.3836000003], [-1906328.1228, 1391902.5091999993], [-1906194.8717, 1391152.1383999996], [-1906776.7167000007, 1390105.5183000006], [-1907209.7457999997, 1389326.5020000003], [-1908975.1217999998, 1387752.7533], [-1909805.4956999999, 1387403.1350999996]]], [[[-1909514.1227000002, 1415503.7595000006], [-1906681.6239999998, 1416291.2565000001], [-1906371.4912, 1415710.6239], [-1906187.3677999992, 1414525.8805], [-1906189.8746000007, 1413890.6236000005], [-1906312.7381999996, 1411749.136499999], [-1906528.7448999994, 1411332.6389000006], [-1907177.5438, 1410216.8702000007], [-1908150.9902, 1408542.5091999993], [-1909918.9877000004, 1408680.2495000008], [-1910320.3629, 1408748.013699999], [-1910604.8710999992, 1408546.7526999991], [-1911518.8688999992, 1407958.0099999998], [-1912411.5968999993, 1407612.8871999998], [-1912965.1173999999, 1407398.8731999993], [-1913371.4897000007, 1407441.5044], [-1913623.9999000002, 1408104.4993999992], [-1913555.9899000004, 1408663.5051000006], [-1913820.3621999994, 1410556.1356000006], [-1913969.3746000007, 1410773.633199999], [-1914156.2342000008, 1410829.0110999998], [-1915717.613, 1410373.5031000003], [-1915871.8683000002, 1410127.7595000006], [-1915861.9888000004, 1409789.5118000004], [-1916503.3731999993, 1408312.2485000007], [-1916785.4892999995, 1408634.1284999996], [-1918004.7375000007, 1410703.3785999995], [-1918869.6160000004, 1412390.3735000007], [-1919436.9940000009, 1416514.7506000008], [-1918829.6227000002, 1417542.7482999992], [-1918183.4869, 1418278.8814000003], [-1917927.7489999998, 1418375.8747000005], [-1917066.8681000005, 1419123.263699999], [-1916682.8598999996, 1419791.2556999996], [-1915926.2467999998, 1419695.8845000006], [-1915239.1183000002, 1418848.7497000005], [-1914251.6217999998, 1416472.2504999992], [-1914200.6184, 1414786.6317999996], [-1914603.4846, 1411564.013699999], [-1914538.3746000007, 1411297.6262999997], [-1914240.8739, 1411033.7619000003], [-1913978.2383999992, 1411033.8765999991], [-1913759.9870999996, 1411216.3780000005], [-1912390.6591999996, 1413761.7982], [-1912305.8742999993, 1413919.3775999993], [-1911574.1158000007, 1414771.7552000005], [-1909514.1227000002, 1415503.7595000006]]], [[[-1933012.8747000005, 1434519.6360999998], [-1932908.6232999992, 1434510.5102999993], [-1932703.3644999992, 1434546.637], [-1932608.6159000006, 1434590.8738000002], [-1932448.7408000007, 1434724.6327999998], [-1932094.109099999, 1435117.2588999998], [-1931058.8696999997, 1435140.7535999995], [-1928590.7347999997, 1434991.5117000006], [-1928605.1198999994, 1433155.635399999], [-1928716.8587999996, 1432016.5050000008], [-1928931.2434, 1431556.8847000003], [-1929412.3596, 1430726.1338999998], [-1930156.7338999994, 1430012.6271000002], [-1931620.9882999994, 1429845.0023999996], [-1933267.236300001, 1430344.6325000003], [-1933800.6173999999, 1431178.0046999995], [-1933836.6130999997, 1431259.1382], [-1934631.2370999996, 1434107.6276999991], [-1934077.4905999992, 1435121.0109], [-1933917.861300001, 1434987.0061000008], [-1933208.6142999995, 1434590.8738000002], [-1933012.8747000005, 1434519.6360999998]]], [[[-1922802.3659000006, 1458116.1350999996], [-1922651.4856000002, 1458467.2606000006], [-1921756.3621999994, 1458408.7533999998], [-1921468.2495000008, 1456664.7585000005], [-1922104.9973000009, 1454406.2567999996], [-1922260.6333000008, 1454156.2674000002], [-1923381.3600999992, 1452355.8812000006], [-1923862.6237000003, 1451863.5091999993], [-1925685.3600999992, 1450570.3856000006], [-1927433.4836999997, 1450191.2598], [-1928993.0909000002, 1449575.5643000007], [-1930377.8686999995, 1449028.7495000008], [-1931973.1132999994, 1448235.5018000007], [-1932914.9967, 1447917.0132], [-1933834.7453000005, 1447656.638699999], [-1934242.8706999999, 1448114.3748000003], [-1934402.5, 1448248.3795999996], [-1934598.2397000007, 1448319.6336000003], [-1934806.7424999997, 1448319.6336000003], [-1934907.7498000003, 1448292.6327999998], [-1935088.1213000007, 1448188.3814000003], [-1936775.2473000009, 1446631.6392], [-1938400.8677999992, 1446480.1363999993], [-1938760.9880999997, 1446561.8761999998], [-1938805.6181000005, 1449128.2495000008], [-1938713.9988000002, 1450659.875], [-1938078.6108999997, 1452492.2616000008], [-1937331.7462000009, 1454018.0052000005], [-1936759.4858999997, 1454832.5030000005], [-1935959.9957999997, 1455574.8783999998], [-1935764.2398000006, 1455646.1324000005], [-1935138.1088999994, 1456020.6379000004], [-1934381.6104000006, 1456601.2541000005], [-1934117.7460999992, 1456915.6303000003], [-1933349.4839999992, 1458106.7634999994], [-1933305.2471999992, 1458201.5121], [-1933269.1204000004, 1458406.7544999998], [-1933278.2463000007, 1458511.0058999993], [-1933349.4839999992, 1458706.7619000003], [-1932882.3597, 1459473.6314000003], [-1931967.4935999997, 1460897.0077999998], [-1930859.9843000006, 1461553.8750999998], [-1930394.9296000004, 1461615.9441999998], [-1928525.1169000007, 1461865.3840999994], [-1928249.865700001, 1461595.3758000005], [-1926568.8673, 1459003.5088999998], [-1926421.7389000002, 1458369.7594000008], [-1926495.2376000006, 1458214.6357000005], [-1926531.3642999995, 1458009.3770000003], [-1926495.2376000006, 1457804.1346000005], [-1926450.9844000004, 1457709.3859], [-1926390.9861999992, 1457623.7631], [-1926231.3731999993, 1457489.7584000006], [-1926136.6246000007, 1457445.5052000005], [-1925931.3658000007, 1457409.3784999996], [-1924637.9309999999, 1457573.8781000003], [-1923266.1150000002, 1457748.2488000002], [-1923070.3589999992, 1457819.5028000008], [-1922895.2467999998, 1457964.5011999998], [-1922802.3659000006, 1458116.1350999996]]], [[[-1893543.8677999992, 1455642.1347000003], [-1894953.6127000004, 1455468.2512999997], [-1895894.9881999996, 1455118.8789000008], [-1895961.114, 1455467.1371999998], [-1894690.4857, 1457062.8732999992], [-1893891.8491999991, 1457672.1215000004], [-1893408.2410000004, 1458041.0144999996], [-1891523.8681000005, 1459090.8848], [-1889899.3617000002, 1459572.2631], [-1887961.1181000005, 1459533.4986000005], [-1887272.2477000002, 1459796.1004000008], [-1885154.9976000004, 1460603.0132999998], [-1882367.3118999992, 1462432.9640999995], [-1881856.6198999994, 1462768.1261999998], [-1881184.9905999992, 1462189.5088], [-1881054.2463000007, 1460592.134299999], [-1881668.9677000009, 1459605.898600001], [-1883121.989, 1457274.2597000003], [-1884211.1153999995, 1456158.0013999995], [-1885508.7879000008, 1455327.6220999993], [-1886278.1207999997, 1454835.2555], [-1887754.3684, 1454600.2598], [-1890732.9959999993, 1454595.8852999993], [-1891457.988, 1455100.0044999998], [-1893543.8677999992, 1455642.1347000003]]], [[[-1906493.4865000006, 1463718.3817999996], [-1907660.7481999993, 1468857.3871999998], [-1906772.9153000005, 1469369.5322999991], [-1906137.9865000006, 1469735.7498000003], [-1905715.1153999995, 1469741.6316999998], [-1905058.3628000002, 1468626.8806999996], [-1904086.1197999995, 1467983.5138000008], [-1901755.5998999998, 1469079.7657999992], [-1901155.9889000002, 1469361.7522999998], [-1900556.7441000007, 1469838.5102999993], [-1898003.2485000007, 1470989.1258000005], [-1896134.3748000003, 1471607.8839999996], [-1895470.6097999997, 1468218.2638000008], [-1895277.6227000002, 1466414.5], [-1896035.1205000002, 1463260.7602999993], [-1897113.2913000006, 1462089.8084999993], [-1899234.7355000004, 1459785.2551000006], [-1900636.2392999995, 1458924.882099999], [-1903797.7451000009, 1459941.3783], [-1904488.6092000008, 1460313.0000999998], [-1906493.4865000006, 1463718.3817999996]]], [[[-1889071.4997000005, 1474714.1243999992], [-1885237.2453000005, 1475912.2556999996], [-1877955.3600999992, 1479387.7609], [-1876006.4705999997, 1481146.1949000005], [-1873628.4932000004, 1483291.1341999993], [-1873246.7459999993, 1484180.2610999998], [-1873116.1163999997, 1484502.2557999995], [-1872741.8729999997, 1484763.8756000008], [-1870123.1199999992, 1486004.2589999996], [-1869007.9922000002, 1485557.8770000003], [-1868930.4958999995, 1485160.0078999996], [-1869426.7345000003, 1479839.3858000003], [-1869650.6217999998, 1478933.137599999], [-1870303.4914999995, 1477519.0018000007], [-1870842.9837999996, 1476879.763699999], [-1876771.8619, 1472136.1369000003], [-1883375.9902, 1467435.7639000006], [-1884638.5555000007, 1466687.1865999997], [-1884944.741800001, 1466505.6279000007], [-1889028.2408000007, 1465738.1358000003], [-1893598.3609999996, 1463875.635399999], [-1894707.8691000007, 1464134.8794], [-1895306.2455000002, 1468523.5141000003], [-1895526.7413999997, 1471516.8872999996], [-1894887.617900001, 1472276.3839999996], [-1889681.0699000005, 1474458.7413999997], [-1889071.4997000005, 1474714.1243999992]]], [[[-1923341.25, 1518820.0], [-1923399.375, 1516043.875], [-1926159.625, 1512229.875], [-1926416.0, 1512143.125], [-1926626.0, 1512192.0], [-1926959.25, 1512551.0], [-1928021.3746000007, 1514650.7493999992], [-1928145.625, 1515182.75], [-1928122.0, 1516043.875], [-1927729.375, 1516767.25], [-1927287.875, 1517453.375], [-1927278.9991999995, 1517633.7508000005], [-1927166.0000999998, 1517851.0], [-1927103.25, 1517932.5], [-1926811.75, 1518196.0], [-1924146.5, 1519383.875], [-1923341.25, 1518820.0]]], [[[-1897462.75, 1535818.875], [-1897694.6239, 1535559.5013999995], [-1899034.75, 1534623.375], [-1900071.75, 1534306.625], [-1900668.625, 1534436.875], [-1900749.75, 1534823.25], [-1899542.0, 1538997.125], [-1899281.125, 1539820.625], [-1899138.25, 1540089.375], [-1898948.125, 1540333.5], [-1898023.375, 1540911.875], [-1897657.125, 1541086.625], [-1896869.625, 1540945.375], [-1896542.875, 1540835.875], [-1896439.0, 1540709.375], [-1897016.375, 1537195.875], [-1897189.6251999997, 1536335.1250999998], [-1897462.75, 1535818.875]]], [[[-1934838.625, 1546790.5], [-1936149.3615000006, 1549223.1204000004], [-1937403.5012999997, 1552459.6133999992], [-1938536.2752, 1554806.0702], [-1940056.625, 1556442.25], [-1940596.125, 1557786.25], [-1941206.75, 1559477.875], [-1940639.9974000007, 1562007.2685000002], [-1941853.6833999995, 1566336.0786000006], [-1942731.875, 1568569.625], [-1943229.1920999996, 1570017.5896000005], [-1942136.875, 1572040.3966000006], [-1939672.75, 1571928.375], [-1939167.5, 1571884.1250999998], [-1928188.5, 1576346.375], [-1925360.625, 1580234.625], [-1925220.25, 1580620.25], [-1925360.625, 1581005.875], [-1926570.75, 1581937.125], [-1927985.6247000005, 1583376.1243999992], [-1928132.625, 1586550.875], [-1925028.875, 1590607.5], [-1924303.1246000007, 1595714.1249000002], [-1923204.625, 1597296.0], [-1922295.875, 1597763.25], [-1918914.25, 1598725.625], [-1918396.25, 1598619.0], [-1917436.125, 1597952.125], [-1911096.3748000003, 1595668.4991999995], [-1908585.5, 1596006.0], [-1908125.875, 1596391.625], [-1908098.875, 1596701.125], [-1909197.0, 1600076.75], [-1909451.375, 1600255.0], [-1910142.125, 1600298.25], [-1910500.75, 1599939.625], [-1910667.75, 1598962.0], [-1912340.375, 1598771.0], [-1915674.75, 1599087.5], [-1916203.375, 1599416.75], [-1918251.375, 1601936.75], [-1918918.625, 1602992.125], [-1918555.7475000005, 1605463.1323000006], [-1918130.625, 1606374.125], [-1917781.75, 1606706.875], [-1917203.0, 1606648.25], [-1914447.0, 1605582.875], [-1913438.625, 1604351.0], [-1908962.375, 1602170.875], [-1906541.4999000002, 1601616.8754999992], [-1906060.875, 1601897.125], [-1905929.625, 1602387.0], [-1907142.125, 1603698.25], [-1908500.2486000005, 1609465.8749000002], [-1908343.375, 1610224.125], [-1907310.5000999998, 1611314.7500999998], [-1906662.75, 1611155.75], [-1906361.875, 1610568.25], [-1905046.0, 1609632.5], [-1902815.875, 1609300.375], [-1896411.375, 1609025.875], [-1891375.625, 1609388.75], [-1888135.125, 1609841.125], [-1887395.75, 1609705.875], [-1886105.625, 1609176.125], [-1885775.0, 1608195.625], [-1883588.875, 1598036.25], [-1882242.625, 1589584.25], [-1882574.75, 1585696.375], [-1883651.5, 1582707.0], [-1883714.375, 1580873.75], [-1882542.125, 1574487.875], [-1883243.875, 1569158.875], [-1884451.1248000003, 1565537.1261], [-1887010.125, 1560240.0], [-1887622.0, 1559419.25], [-1891691.375, 1555649.875], [-1895040.5, 1549579.75], [-1896774.1215000004, 1543799.5074000005], [-1897339.1237000003, 1542525.7497000005], [-1898016.125, 1541854.8740999997], [-1898938.5, 1541842.75], [-1899168.875, 1542885.375], [-1898685.8741999995, 1543928.6247000005], [-1898817.375, 1545016.0], [-1899478.375, 1545552.125], [-1900499.125, 1545181.875], [-1904748.25, 1537809.875], [-1908879.6249000002, 1531189.6248000003], [-1917268.1236000005, 1527177.2511], [-1919050.0, 1527219.75], [-1920136.0, 1527772.75], [-1922115.875, 1529881.5], [-1922640.875, 1530753.125], [-1923600.625, 1535204.25], [-1921279.924900001, 1536729.1498000007], [-1918925.9000000004, 1537771.5749999993], [-1916540.6142999995, 1539264.7602999993], [-1911052.75, 1545065.125], [-1910342.75, 1547876.625], [-1910474.0, 1548366.5], [-1911272.5, 1548985.25], [-1913350.0, 1550038.25], [-1915814.5, 1549277.375], [-1916694.0, 1547043.625], [-1916551.0, 1545617.25], [-1916155.0, 1544986.125], [-1916312.5, 1543409.875], [-1920488.2249999996, 1539927.0749999993], [-1921172.9749999996, 1539635.0999999996], [-1922245.4001000002, 1539496.9503000006], [-1924796.25, 1538398.5], [-1925136.875, 1538462.875], [-1928230.625, 1540224.375], [-1928721.75, 1540644.75], [-1930888.5, 1543363.375], [-1930850.25, 1545408.875], [-1930266.125, 1546177.375], [-1928714.125, 1547401.5], [-1924327.125, 1547869.75], [-1923358.375, 1548109.625], [-1918463.625, 1550633.375], [-1913814.75, 1554758.5], [-1912259.6232999992, 1558959.9996000007], [-1911157.625, 1563523.375], [-1911040.75, 1565734.875], [-1911168.625, 1566924.875], [-1911039.25, 1567692.125], [-1907173.125, 1578652.875], [-1907270.625, 1579060.375], [-1908429.625, 1577664.75], [-1910491.2486000005, 1573013.7512999997], [-1913159.0, 1562294.125], [-1914155.625, 1557687.125], [-1916745.5, 1554458.125], [-1924293.25, 1549043.375], [-1929811.5, 1548862.625], [-1929301.6246000007, 1549821.7498000003], [-1928085.0, 1550724.75], [-1926414.75, 1551116.375], [-1924525.2747000009, 1554886.6747999992], [-1924261.4250000007, 1559193.3249999993], [-1922600.1249000002, 1564892.75], [-1920990.25, 1565413.375], [-1920211.2500999998, 1566094.8750999998], [-1920343.75, 1566418.375], [-1920900.25, 1566814.25], [-1922944.625, 1568037.875], [-1925610.875, 1565151.5], [-1926198.9990999997, 1563295.5004999992], [-1926315.6999999993, 1555966.0500000007], [-1927573.7499000002, 1552047.7513999995], [-1931147.625, 1549790.75], [-1932094.125, 1548284.75], [-1933544.875, 1546528.625], [-1933789.0, 1546370.5001999997], [-1934413.625, 1546348.0], [-1934838.625, 1546790.5]]], [[[-1910599.875, 1612591.375], [-1909987.125, 1612342.125], [-1909644.625, 1610906.0], [-1909189.5, 1607699.5], [-1909578.625, 1606434.875], [-1909871.0, 1605789.375], [-1910555.0, 1605338.625], [-1910713.625, 1605409.5], [-1913064.625, 1607248.375], [-1914073.75, 1608183.5], [-1914656.5, 1609112.0], [-1915297.75, 1609153.125], [-1915359.125, 1609252.5], [-1915233.5, 1609693.5], [-1914014.25, 1611477.5], [-1911867.625, 1612610.5], [-1911533.75, 1612679.375], [-1910599.875, 1612591.375]]], [[[-1897120.75, 1610838.625], [-1897733.75, 1611581.75], [-1898366.25, 1611726.375], [-1901191.0, 1610678.75], [-1902354.625, 1610043.75], [-1904654.75, 1610476.125], [-1904989.75, 1610590.625], [-1905659.625, 1611233.375], [-1905631.0000999998, 1611777.375], [-1905989.0, 1612436.0], [-1906239.5, 1612557.625], [-1907198.625, 1612521.875], [-1907812.0, 1612617.5], [-1907974.75, 1612818.0], [-1908025.625, 1613249.5], [-1907977.7503999993, 1613339.1251999997], [-1905361.625, 1614165.5], [-1902371.375, 1614647.5], [-1898306.25, 1615361.375], [-1896986.75, 1615858.5], [-1895088.9999000002, 1616110.7493999992], [-1894759.75, 1615883.5], [-1894484.75, 1615457.375], [-1894333.0, 1614691.375], [-1894222.75, 1613392.375], [-1894314.875, 1612709.875], [-1894493.125, 1612441.375], [-1894733.5, 1611924.875], [-1895043.3751999997, 1611642.5004999992], [-1896105.2443000004, 1611173.2517000008], [-1897120.75, 1610838.625]]], [[[-1928372.25, 1635265.125], [-1927894.375, 1636686.875], [-1927450.875, 1637285.625], [-1923886.9865000006, 1640890.3866000008], [-1923384.0, 1641285.875], [-1923303.5000999998, 1641331.1251999997], [-1923115.125, 1641398.625], [-1922910.25, 1641295.875], [-1922895.875, 1641282.25], [-1922631.0, 1638844.0], [-1922776.625, 1637400.875], [-1923961.1258000005, 1632826.1251999997], [-1924130.25, 1632232.5], [-1925269.1247000005, 1630738.1237000003], [-1927537.875, 1629161.5], [-1928431.125, 1628828.375], [-1929074.5, 1628989.0], [-1929161.75, 1629140.625], [-1928945.875, 1629506.5], [-1928646.6247000005, 1629925.7498000003], [-1928238.6251999997, 1630116.3756000008], [-1928098.375, 1630204.25], [-1927964.375, 1630363.875], [-1927830.3701000009, 1630609.8857000005], [-1927768.5, 1630781.875], [-1927606.5006000008, 1631671.0000999998], [-1927631.25, 1631841.625], [-1927834.25, 1632526.5], [-1927537.125, 1633055.875], [-1927501.0, 1633261.125], [-1927510.125, 1633365.375], [-1927537.125, 1633466.375], [-1928029.25, 1634563.25], [-1928163.25, 1634722.875], [-1928389.875, 1634888.625], [-1928400.5, 1634911.0], [-1928372.25, 1635265.125]]], [[[-1931723.25, 1669757.375], [-1931134.75, 1670037.0], [-1930534.2498000003, 1670633.2498000003], [-1928322.0, 1674180.75], [-1925262.125, 1682666.5], [-1925371.25, 1686203.0], [-1925172.5, 1687377.75], [-1924130.75, 1690372.625], [-1923399.9995000008, 1690997.4995000008], [-1922009.875, 1690225.375], [-1921512.875, 1689553.75], [-1918528.75, 1684669.5], [-1917874.875, 1683136.75], [-1917834.125, 1681508.0], [-1918167.625, 1680122.375], [-1918615.25, 1679064.875], [-1919030.6258000005, 1678774.0001999997], [-1919554.0, 1677399.75], [-1919438.75, 1675213.25], [-1918018.375, 1670599.625], [-1917133.7482999992, 1669758.7497000005], [-1916748.125, 1669618.375], [-1915227.375, 1669734.625], [-1914127.625, 1670590.125], [-1913305.0, 1670899.125], [-1912528.375, 1670749.125], [-1910321.875, 1667587.5], [-1909922.5, 1665713.25], [-1910261.0, 1663708.375], [-1910759.25, 1663085.5], [-1911412.0, 1661089.875], [-1911961.0, 1653113.375], [-1911935.5, 1651097.0], [-1920810.4985000007, 1644976.3760000002], [-1924121.25, 1644476.625], [-1924458.125, 1644474.875], [-1924592.625, 1646338.75], [-1924518.75, 1650576.625], [-1925545.0, 1650934.25], [-1925970.375, 1651478.75], [-1930585.0, 1658580.625], [-1930957.0, 1659370.625], [-1931857.25, 1661649.75], [-1932250.875, 1663309.0], [-1932335.0, 1669081.25], [-1931723.25, 1669757.375]]], [[[-1932225.5, 1688454.375], [-1931230.625, 1688291.0], [-1930714.75, 1687910.875], [-1928186.625, 1682730.375], [-1929189.2501999997, 1680233.6256000008], [-1929359.25, 1680145.0], [-1929837.0, 1680279.625], [-1930556.6248000003, 1681581.6257000007], [-1931120.5, 1681786.875], [-1934420.625, 1680491.5], [-1935487.75, 1679634.75], [-1936239.375, 1679737.0], [-1938736.375, 1680960.125], [-1938880.375, 1681200.5], [-1938889.25, 1681613.625], [-1937635.125, 1684580.375], [-1936428.75, 1686091.75], [-1932225.5, 1688454.375]]], [[[-1925429.2456, 1698362.0014999993], [-1925080.0, 1698448.125], [-1924827.5, 1698397.75], [-1923877.0, 1697792.25], [-1923801.125, 1697653.375], [-1923792.875, 1697621.625], [-1923837.9990999997, 1697035.1262999997], [-1924248.6243999992, 1695745.4993999992], [-1924512.5, 1695458.875], [-1925701.8748000003, 1694912.6243999992], [-1925909.2474000007, 1694846.7490999997], [-1926192.75, 1694872.125], [-1926549.5, 1695163.625], [-1926614.5, 1695238.5], [-1926864.0, 1695653.0], [-1926858.25, 1695916.75], [-1926448.75, 1696367.75], [-1925950.75, 1697028.625], [-1925887.125, 1697188.0], [-1925698.5, 1697968.625], [-1925429.2456, 1698362.0014999993]]], [[[-1932889.625, 1698243.375], [-1932482.0, 1697816.75], [-1932290.25, 1697460.875], [-1932257.75, 1697343.75], [-1932398.0, 1695607.125], [-1932492.0001999997, 1695435.7504999992], [-1932652.8692000005, 1695345.0030000005], [-1933592.5, 1694960.625], [-1933828.125, 1695021.875], [-1934636.75, 1695435.875], [-1935530.75, 1696342.5], [-1935449.25, 1696653.375], [-1935455.25, 1697605.5], [-1935386.125, 1697933.375], [-1935128.125, 1698410.375], [-1934530.625, 1698754.75], [-1934359.875, 1698770.5], [-1933424.75, 1698636.875], [-1932889.625, 1698243.375]]], [[[-1928490.8745000008, 1698709.3751999997], [-1929173.2499000002, 1698347.1241999995], [-1930692.5, 1698218.75], [-1931239.375, 1698477.375], [-1931199.0, 1699131.125], [-1928679.1251999997, 1701293.2501999997], [-1927642.375, 1701691.5], [-1926866.5, 1701229.75], [-1927977.875, 1699302.3769000005], [-1928490.8745000008, 1698709.3751999997]]], [[[-1920096.2502999995, 1700681.0006000008], [-1921404.25, 1699832.625], [-1922132.25, 1699962.375], [-1922264.0, 1700702.625], [-1922022.3741999995, 1702558.6249000002], [-1921543.5, 1703071.125], [-1918401.25, 1703012.875], [-1918160.875, 1702801.0], [-1918565.125, 1702101.75], [-1920096.2502999995, 1700681.0006000008]]], [[[-1693678.7501999997, 500135.34420000017], [-1694469.25, 499697.875], [-1696130.0, 498221.53130000085], [-1697126.75, 494815.75], [-1696216.125, 490637.40630000085], [-1696325.375, 489821.25], [-1697375.375, 488215.78130000085], [-1698276.25, 487437.71880000085], [-1699300.0, 486987.25], [-1700023.625, 486867.21880000085], [-1700040.3738000002, 488941.74980000034], [-1700550.625, 492396.53130000085], [-1701270.0, 494688.5625], [-1700282.875, 496124.4375], [-1699422.875, 498642.9375], [-1698737.0003999993, 499339.09410000034], [-1693835.5, 500493.71880000085], [-1693678.7501999997, 500135.34420000017]]], [[[-1667222.875, 496097.4375], [-1668091.375, 496119.15630000085], [-1668953.5, 496786.71880000085], [-1669305.125, 497630.46880000085], [-1669419.125, 498462.1875], [-1668652.5004999992, 500357.7815000005], [-1667945.125, 500878.6875], [-1667528.375, 501611.6875], [-1665035.125, 509479.5], [-1660441.25, 515157.5], [-1659859.125, 514841.28130000085], [-1659485.75, 514389.625], [-1660022.125, 512090.3125], [-1660163.3732999992, 502123.56240000017], [-1659431.375, 499417.4375], [-1662069.125, 498725.9375], [-1665578.5, 498219.0625], [-1667222.875, 496097.4375]]], [[[-1661903.0, 522884.4375], [-1662015.8507000003, 524633.4039999992], [-1662561.1164999995, 525707.8977000006], [-1663635.6100999992, 526028.6416999996], [-1664646.625, 525710.75], [-1664833.375, 526406.5625], [-1664773.7492999993, 527125.4999000002], [-1663506.375, 531565.75], [-1660724.5, 537250.125], [-1658878.8749000002, 537856.6870000008], [-1657908.125, 537068.625], [-1656755.0, 536678.6875], [-1656582.625, 536356.4375], [-1656627.875, 535642.25], [-1657782.875, 532724.875], [-1658776.4996000007, 526752.1875999998], [-1659005.4993999992, 522913.5636], [-1660113.5, 522455.71880000085], [-1661378.125, 522641.71880000085], [-1661903.0, 522884.4375]]], [[[-1655322.375, 620209.875], [-1660300.9987000003, 621240.5011], [-1660812.5, 621808.25], [-1662952.5, 626742.5625], [-1662809.375, 627817.0625], [-1661641.625, 630926.125], [-1658474.75, 636165.9375], [-1655601.875, 636661.6875], [-1654059.125, 633932.625], [-1654211.6258000005, 633383.5631000008], [-1656191.0, 630699.9375], [-1656926.25, 625429.5625], [-1656683.75, 624978.0], [-1656627.625, 624113.3125], [-1656312.0, 623714.0625], [-1655808.5, 623737.6875], [-1654949.7503999993, 624526.5628999993], [-1654133.375, 623482.375], [-1653680.5, 622411.1875], [-1654371.0, 620328.9375], [-1655322.375, 620209.875]]], [[[-1651434.625, 636701.3125], [-1651087.375, 637582.25], [-1649853.8751999997, 637944.9384000003], [-1649517.625, 637852.0], [-1648183.875, 636285.6875], [-1647880.625, 634681.4375], [-1647757.5, 633996.375], [-1647982.375, 633566.6875], [-1648894.75, 632855.0], [-1650988.625, 631811.375], [-1651431.625, 631878.3125], [-1651871.75, 633820.0625], [-1651434.625, 636701.3125]]], [[[-1669313.5, 628771.375], [-1674168.25, 634033.5625], [-1675635.3739, 637179.9381000008], [-1676054.125, 639479.25], [-1675641.625, 643563.1875], [-1674511.75, 646148.3125], [-1672141.6243999992, 648933.4995000008], [-1671150.5, 648750.25], [-1669118.125, 647963.75], [-1668785.375, 647499.75], [-1668278.125, 644251.5], [-1666712.875, 641614.9375], [-1665150.875, 639827.8125], [-1662626.2485000007, 635023.6884000003], [-1662903.0, 634430.25], [-1663859.25, 633700.5625], [-1664862.125, 634130.625], [-1665057.125, 634538.875], [-1665556.25, 634941.4375], [-1665856.25, 635021.8125], [-1666241.875, 634881.4375], [-1667022.375, 632890.4375], [-1667152.625, 631817.125], [-1666990.25, 629321.9375], [-1665958.25, 628041.5625], [-1665259.625, 627875.75], [-1664855.375, 627947.0], [-1665308.9967999998, 626888.6890999991], [-1669313.5, 628771.375]]], [[[-1651751.25, 645127.9375], [-1652586.0001999997, 645455.1251999997], [-1652960.9990999997, 645186.5], [-1653041.875, 642890.5], [-1652400.0, 641592.125], [-1652823.25, 640698.6875], [-1653800.375, 639879.375], [-1655073.375, 639742.0], [-1657937.9993999992, 641111.3763999995], [-1658648.6232999992, 641740.3752999995], [-1659007.375, 642637.0625], [-1658514.875, 643409.1875], [-1658260.875, 644658.75], [-1658298.375, 645363.125], [-1659913.375, 647170.4375], [-1660301.5, 647098.6875], [-1660581.5, 646667.8125], [-1660563.125, 643167.125], [-1660760.875, 642842.9375], [-1661775.125, 642365.8125], [-1662220.75, 642384.125], [-1662766.75, 642639.9375], [-1663839.0, 645432.4375], [-1663585.875, 647105.5625], [-1661072.625, 649483.4375], [-1654860.7501999997, 653664.2501999997], [-1652892.25, 653657.1875], [-1651325.0, 653441.625], [-1650108.375, 652627.6875], [-1647996.4993999992, 650695.3126999997], [-1642346.7509000003, 644233.4386], [-1644752.875, 642792.875], [-1645765.8751999997, 642777.9383000005], [-1647126.875, 642324.25], [-1648381.5, 641192.6875], [-1648287.875, 639882.0], [-1648277.75, 639183.5], [-1648399.0, 639110.75], [-1650519.625, 639632.75], [-1650559.8743999992, 639856.9366999995], [-1649964.8748000003, 640963.9999000002], [-1649981.7489, 641434.1256000008], [-1651583.625, 644915.3125], [-1651751.25, 645127.9375]]], [[[-1677594.3589999992, 671095.4408999998], [-1677846.1154999994, 671288.0676000006], [-1678192.7354000006, 671904.6958000008], [-1678258.6154999994, 672377.8820999991], [-1677686.6173, 673490.9454999994], [-1676557.9891, 673419.3802000005], [-1675528.9919000007, 672575.6370000001], [-1674901.9926999994, 671798.7567999996], [-1673934.2389000002, 669357.7537999991], [-1673671.7345000003, 666619.5614], [-1674934.1217, 667515.1928000003], [-1675326.3709999993, 667514.2588999998], [-1675504.1209999993, 667300.5624000002], [-1675559.2368, 665543.0670999996], [-1673694.7376000006, 662503.0650999993], [-1675414.4842000008, 663713.9409999996], [-1677744.7477000002, 666706.7570999991], [-1678626.7476000004, 668118.6318999995], [-1678791.4887000006, 668978.6936000008], [-1678126.1181000005, 669272.5734000001], [-1677554.7424999997, 670821.5003999993], [-1677594.3589999992, 671095.4408999998]]], [[[-1669641.9913999997, 668746.6305999998], [-1669604.6195, 670100.3258999996], [-1669822.3628000002, 671129.6342999991], [-1671140.7342000008, 672341.7554000001], [-1670766.9987000003, 673152.5011999998], [-1670491.4854000006, 673043.3182999995], [-1669602.7353000008, 671664.1294999998], [-1668003.4931000005, 669888.6282000002], [-1662547.3588999994, 665296.0128000006], [-1662662.112400001, 664146.1999999993], [-1663518.6187999994, 662876.8824000005], [-1668124.3741999995, 664206.5750999991], [-1670565.8686999995, 666221.1352999993], [-1670823.6217999998, 668053.6366000008], [-1670697.6125000007, 668465.9398999996], [-1670133.2491999995, 668391.9497999996], [-1669641.9913999997, 668746.6305999998]]], [[[-1677702.8702000007, 678098.6341999993], [-1676820.2149999999, 677709.0881999992], [-1675955.418299999, 676572.0385999996], [-1675042.5673999991, 676443.9157999996], [-1674738.2837000005, 677020.4522999991], [-1674914.4608999994, 678013.3718999997], [-1674417.992900001, 678445.7620000001], [-1673548.6086999997, 678750.0129000004], [-1671328.1180000007, 676240.0659999996], [-1672275.3588999994, 672710.0022], [-1673780.7371999994, 673021.5110999998], [-1676023.8706999999, 674147.2557999995], [-1676521.4855000004, 674743.2566], [-1677704.9837999996, 675063.2524999995], [-1677905.1142999995, 677946.8856000006], [-1677702.8702000007, 678098.6341999993]]], [[[-1685384.2465000004, 674917.7624999993], [-1683276.6086999997, 672514.8850999996], [-1682535.6096, 669872.4408], [-1682983.4989999998, 668987.6392999999], [-1683919.1237000003, 667977.5000999998], [-1687729.7471999992, 666304.9395000003], [-1690948.6132999994, 665721.5708000008], [-1692563.8627000004, 665647.6297999993], [-1692946.117900001, 665874.0731000006], [-1693442.6185999997, 666533.7584000006], [-1695784.4984000009, 670884.3167000003], [-1696298.3662, 672110.7574000005], [-1696384.1199999992, 672695.6988999993], [-1696184.8741999995, 673012.0739999991], [-1695185.8597999997, 673313.3757000007], [-1693416.9678000007, 674766.5622000005], [-1693054.2358999997, 675064.5140000004], [-1692848.9934999999, 675419.9484999999], [-1692920.2475000005, 675824.1253999993], [-1693903.8609999996, 677533.3206999991], [-1693861.2462000009, 682058.8763999995], [-1693141.1202000007, 685783.6969000008], [-1693873.4849999994, 687713.5682999995], [-1693219.9927999992, 691506.5133999996], [-1692775.1180000007, 692281.1325000003], [-1692396.4837999996, 692552.7629000004], [-1692073.9975000005, 692262.1926000006], [-1684147.8607, 679709.5745999999], [-1684259.4848999996, 678105.9415000007], [-1686753.6212000009, 679822.7553000003], [-1687344.4937999994, 679718.5694999993], [-1687549.7361999992, 679154.7632999998], [-1687231.2476000004, 677905.3849], [-1685384.2465000004, 674917.7624999993]]], [[[-1680191.1247000005, 682540.3202], [-1680198.1206999999, 682977.4453999996], [-1681065.489600001, 684352.6363999993], [-1683250.1158000007, 687087.1915000007], [-1684485.1088999994, 688471.1972000003], [-1685715.875, 689492.1334000006], [-1687212.9957999997, 691059.3121000007], [-1688563.4962000009, 693249.5744000003], [-1689800.111300001, 696049.9441], [-1690118.8619999997, 697670.8786999993], [-1690119.2389000002, 698446.4481000006], [-1689741.7350999992, 699430.3892999999], [-1689335.6249000002, 699654.8827999998], [-1688661.3741999995, 699373.1272], [-1687836.1120999996, 696508.6305], [-1685956.9984000009, 692275.4473000001], [-1676496.3687999994, 682934.5683999993], [-1675350.1114000008, 680196.5726999994], [-1675553.9938999992, 677938.3168000001], [-1675964.7408000007, 677875.0089999996], [-1679112.4839999992, 678866.1919], [-1680500.8641999997, 680236.1892000008], [-1680669.734099999, 680489.5677000005], [-1680647.3698999994, 682115.1391000003], [-1680191.1247000005, 682540.3202]]], [[[-1697152.9883999992, 702958.2577], [-1695901.4965000004, 702714.9388999995], [-1694726.8619999997, 700169.4386999998], [-1693831.9843000006, 697359.7629000004], [-1694262.4902999997, 694033.3849999998], [-1694566.6100999992, 692865.8774999995], [-1694928.8604000006, 692369.8847000003], [-1695421.8713000007, 692623.6237000003], [-1696312.3745000008, 694377.3179000001], [-1696587.6093000006, 696695.8177000005], [-1697456.2398000006, 698474.3828999996], [-1697625.1097, 699676.2639000006], [-1697641.4936999995, 702718.0026999991], [-1697541.2400000002, 702880.8760000002], [-1697152.9883999992, 702958.2577]]], [[[-1657266.7466000002, 708768.8268999998], [-1655389.4842000008, 709548.1974], [-1652843.2467999998, 709748.6884000003], [-1648080.4999000002, 706652.1287999991], [-1645117.8630999997, 703912.0031000003], [-1649500.6159000006, 701004.1871000007], [-1650052.0518999994, 700890.0055], [-1652334.6218999997, 700417.1975999996], [-1654632.7400000002, 700229.9448000006], [-1656258.9995000008, 700863.1372999996], [-1657767.490700001, 702274.1929000001], [-1658592.7364000008, 703748.6381999999], [-1658701.6245000008, 705440.7613999993], [-1658393.4434999991, 706677.5040000007], [-1658175.7473000009, 707551.0042000003], [-1657266.7466000002, 708768.8268999998]]], [[[-1694447.7442000005, 712808.1382999998], [-1694596.4945999999, 714301.3268999998], [-1694333.4986000005, 714463.4464999996], [-1693306.2381999996, 714157.3114999998], [-1692651.6154999994, 713127.5116000008], [-1690455.2419000007, 706310.7518000007], [-1690034.6154999994, 704198.9361000005], [-1689628.3741999995, 700761.3106999993], [-1689781.1223000009, 700353.2508000005], [-1690502.9848999996, 700036.3187000006], [-1690965.2431000005, 700575.8765999991], [-1692331.6195, 703934.2525999993], [-1694447.7442000005, 712808.1382999998]]], [[[-1701839.9920000006, 725574.5019000005], [-1699087.7422000002, 724858.6358000003], [-1699343.6110999994, 723928.5653000008], [-1696359.8717, 719932.3765999991], [-1692600.4974000007, 717771.3761999998], [-1692355.1141999997, 715396.2532000002], [-1692928.3739999998, 714712.5653000008], [-1693174.8713000007, 714677.9459000006], [-1695600.2438999992, 714739.5660999995], [-1702118.8641, 719737.7018999998], [-1703159.2480999995, 720826.943], [-1703434.1225000005, 721507.8128999993], [-1703443.363, 722752.3742999993], [-1702793.9996000007, 724979.9429000001], [-1702065.8619, 725564.9499999993], [-1701839.9920000006, 725574.5019000005]]], [[[-1792419.1162999999, 724468.3852999993], [-1792427.9965000004, 724438.7630000003], [-1792554.8741999995, 724235.6996999998], [-1793313.8116999995, 723301.3377999999], [-1794308.8632999994, 722076.1247000005], [-1794735.486300001, 721722.6235000007], [-1794818.6186999995, 721673.9466999993], [-1795257.3658000007, 721504.9456999991], [-1796509.611300001, 721134.9458000008], [-1798202.8650000002, 720702.5721000005], [-1798505.4937999994, 721170.8759000003], [-1798607.6152999997, 721864.1320999991], [-1798461.4864000008, 722185.5698000006], [-1796849.6120999996, 724393.6250999998], [-1794638.4495, 725619.8099000007], [-1793519.1217, 726240.3804000001], [-1793259.1239999998, 726242.1335000005], [-1792518.9932000004, 725594.7524999995], [-1792419.1162999999, 724468.3852999993]]], [[[-1666892.2482999992, 734123.0669], [-1665585.2919999994, 735107.4447000008], [-1663444.9891, 736719.1281000003], [-1660643.1120999996, 737768.8838], [-1659545.3676999994, 737813.8250999991], [-1657152.3698999994, 737408.8125999998], [-1657154.3686999995, 736462.9478999991], [-1659103.9991999995, 733327.3780000005], [-1661050.4838999994, 730706.9374000002], [-1661701.616800001, 730321.1269000005], [-1663746.2416999992, 729613.5020000003], [-1667408.1149000004, 730614.2531000003], [-1667805.6235000007, 730923.3863999993], [-1668005.7377000004, 731462.0758999996], [-1666892.2482999992, 734123.0669]]], [[[-1662966.8712000009, 744086.8817999996], [-1663322.2402, 743881.6886], [-1664093.8610999994, 742752.5033], [-1664955.7413999997, 741988.3208000008], [-1665397.9946999997, 742155.2574000005], [-1664403.109099999, 746891.0690000001], [-1663521.4859999996, 749823.4444999993], [-1662028.9855000004, 751211.6936000008], [-1660778.3619999997, 751512.6349], [-1657780.8600999992, 751000.7496000007], [-1656759.1210999992, 750598.1947000008], [-1656007.6197999995, 745755.8215999994], [-1655829.1161000002, 742460.4421999995], [-1656401.7369, 740375.5617999993], [-1656954.7564000003, 740325.3334999997], [-1660227.6139000002, 740027.7621999998], [-1660659.7419000007, 740207.2489], [-1660774.9869, 740882.8267999999], [-1659618.7353000008, 742232.1311000008], [-1659749.9875000007, 742722.0127000008], [-1660209.6242999993, 742936.8233000003], [-1660646.8641, 743259.6372999996], [-1662966.8712000009, 744086.8817999996]]], [[[-1721978.4839999992, 762520.4383000005], [-1724041.8684999999, 763526.3176000006], [-1725747.1152999997, 765901.3258999996], [-1726882.6248000003, 769391.0687000006], [-1726699.1239999998, 770409.1868999992], [-1726448.6126000006, 770700.9367999993], [-1724734.616800001, 771582.6253999993], [-1723967.485200001, 770944.6324000005], [-1724431.2343000006, 770502.7558999993], [-1724319.6100999992, 769880.3114], [-1719919.3592000008, 766754.6373999994], [-1718718.8707999997, 766726.7518000007], [-1718129.3745000008, 767034.4432999995], [-1717319.6116000004, 766611.3757000007], [-1716673.8690000009, 764845.3771000002], [-1715478.7381999996, 762722.0107000005], [-1714168.1164999995, 761120.8188000005], [-1713664.9966000002, 759164.6347000003], [-1713981.5494, 758833.4800000004], [-1714630.4892999995, 758154.5611000005], [-1715143.6197999995, 758100.1334000006], [-1715792.6228, 758475.8186000008], [-1717065.6105000004, 760227.3172999993], [-1717358.3597999997, 760574.4451000001], [-1719210.2433000002, 761828.5747999996], [-1721978.4839999992, 762520.4383000005]]], [[[-1740458.1122999992, 775813.4984000009], [-1740703.6100999992, 775594.7556999996], [-1746500.1218999997, 774737.6921999995], [-1747218.986300001, 774894.5034999996], [-1747914.8639000002, 777013.8231000006], [-1748252.7347, 780160.3211000003], [-1747647.2476000004, 781021.9393000007], [-1746211.9927999992, 781447.3826000001], [-1744988.8617000002, 780920.1945999991], [-1743013.8687999994, 779009.8202], [-1740537.9843000006, 776127.6943999995], [-1740458.1122999992, 775813.4984000009]]], [[[-1752902.1206999999, 776397.2603999991], [-1752974.7346, 778187.6875], [-1754384.7416999992, 781254.0022999998], [-1756198.6142999995, 784118.1875999998], [-1756417.3735000007, 785498.5724], [-1755850.2412999999, 787174.7539000008], [-1754182.6121999994, 790114.6333000008], [-1751311.6111999992, 785174.0053000003], [-1751056.987400001, 783321.7613999993], [-1751148.7378000002, 781045.8762999997], [-1750977.3611999992, 779145.0702], [-1750423.3690000009, 777220.6874000002], [-1748684.9937999994, 774967.6252999995], [-1748544.9924999997, 773656.3809999991], [-1748897.3631999996, 773601.7566999998], [-1750714.9878000002, 775180.1258000005], [-1751362.2377000004, 775176.2590999994], [-1752629.4910000004, 775985.6286999993], [-1752902.1206999999, 776397.2603999991]]], [[[-1721010.7466000002, 776322.8770000003], [-1725550.4909000006, 782895.7609999999], [-1726036.8662999999, 784197.8137999997], [-1725932.7459999993, 785373.9393000007], [-1727204.6195, 790217.8852999993], [-1734191.9858999997, 796870.7558999993], [-1735204.3696999997, 797909.8783999998], [-1735474.6237000003, 798387.3737000003], [-1735808.7426999994, 799856.5106000006], [-1735846.8682000004, 801528.5141000003], [-1733811.8607, 806972.6879999992], [-1731383.3586999997, 806188.6316999998], [-1730684.2370999996, 802739.5046999995], [-1730047.3746000007, 801680.1316999998], [-1726548.2436999995, 797230.2536999993], [-1725856.8717, 797024.2576000001], [-1724152.8701000009, 796116.3873999994], [-1721332.6103000008, 794227.0009000003], [-1718394.6150000002, 791704.7497000005], [-1717794.125, 790670.2639000006], [-1717807.4944000002, 789570.8156000003], [-1717041.1163999997, 785587.3737000003], [-1715775.7473000009, 781355.8124000002], [-1714756.9902, 778621.7488000002], [-1712366.6137000006, 774257.8868000004], [-1710505.1128000002, 770392.5079999994], [-1709878.7360999994, 768231.6385999992], [-1709547.7465000004, 766518.1998999994], [-1709710.1119999997, 763137.8202], [-1709967.9960999992, 762961.7577999998], [-1710754.116800001, 762863.7487000003], [-1711485.6132999994, 763137.1320999991], [-1715641.8736000005, 768912.443], [-1717185.738, 771758.4420999996], [-1719544.3621999994, 775090.3741999995], [-1720225.8710999992, 775352.0102999993], [-1721010.7466000002, 776322.8770000003]]], [[[-1692579.3619999997, 789723.6291000005], [-1692950.9838999994, 789685.9459000006], [-1693136.7509000003, 789586.5098000001], [-1696184.7431000005, 787954.6323000006], [-1696567.3586999997, 787605.8169], [-1698646.8651, 784563.8159999996], [-1701651.6087999996, 779143.4481000006], [-1702127.8588999994, 778575.5623000003], [-1706449.1225000005, 782178.7643999998], [-1708567.8686999995, 784493.8891000003], [-1707269.2400000002, 787124.7007999998], [-1706631.4927999992, 787927.6314000003], [-1704929.8670000006, 788399.5069999993], [-1703945.8603000008, 789153.4495999999], [-1703651.1121999994, 789634.4509999994], [-1703651.1121999994, 790044.8211000003], [-1703914.992900001, 790359.2628000006], [-1705118.9875000007, 790595.5691999998], [-1708442.8586999997, 790038.0053000003], [-1708483.867900001, 790411.8881999999], [-1707611.9933000002, 792420.1897999998], [-1707252.6103000008, 792725.2599], [-1706434.8684999999, 791980.5743000004], [-1700008.2445, 791701.7513999995], [-1697069.3643999994, 792588.5025999993], [-1691780.4945999999, 791588.1939000003], [-1691573.7448999994, 791363.4382000007], [-1691157.4930000007, 789828.0116000008], [-1691536.3729999997, 789352.5643000007], [-1692579.3619999997, 789723.6291000005]]], [[[-1907385.3659000006, 995469.6250999998], [-1907191.9856000002, 994005.6983000003], [-1905515.2469999995, 992189.2533999998], [-1902117.7460999992, 990328.4406000003], [-1899573.6221999992, 988182.2512999997], [-1892354.4877000004, 980683.2617000006], [-1888512.865700001, 977239.8856000006], [-1886639.9943000004, 974991.2634999994], [-1887533.2499000002, 973170.4440000001], [-1887915.5078999996, 972626.5352999996], [-1888295.3681000005, 972086.0034999996], [-1888311.3588999994, 970660.0712000001], [-1888170.9970999993, 970274.3753999993], [-1876025.4888000004, 957138.1920999996], [-1873949.9964000005, 954200.9505000003], [-1873490.6217999998, 951886.1862000003], [-1870032.8605000004, 950300.1330999993], [-1869431.2401, 950256.6991000008], [-1868850.8695999999, 950467.1351999994], [-1868548.9944000002, 950378.5633000005], [-1867320.3747000005, 949659.7644999996], [-1866389.8618, 948478.8221000005], [-1866322.3597, 948079.3147], [-1867539.9858, 948359.0714999996], [-1868320.2410000004, 948256.1963], [-1868620.2484000009, 947736.5614], [-1868405.8638000004, 947276.9409999996], [-1861305.8738000002, 944046.4421999995], [-1860489.1150000002, 942971.5699000005], [-1860662.2446999997, 941920.7000999991], [-1858925.1147000007, 940218.8121000007], [-1854660.7364000008, 938404.0711000003], [-1847899.7477000002, 933310.8261999991], [-1843259.8643999994, 929257.1952], [-1837867.4967999998, 923628.5702999998], [-1837182.3671000004, 923984.5618999992], [-1834822.2355000004, 923040.1390000004], [-1828105.8604000006, 919366.2563000005], [-1827239.2451000009, 919305.1275999993], [-1826147.7431000005, 919557.9491000008], [-1823563.2489999998, 918597.0767000001], [-1816752.616800001, 914863.4416000005], [-1809816.7453000005, 910780.0080999993], [-1806687.4996000007, 908560.5659999996], [-1805120.2389000002, 906925.9506999999], [-1802615.1088999994, 904017.6923999991], [-1800493.1187999994, 900216.1292000003], [-1790952.863, 894354.4419], [-1789352.6214000005, 892421.7524999995], [-1785327.4985000007, 889993.0702999998], [-1784857.8675999995, 889899.5668000001], [-1783776.8675999995, 890045.9414000008], [-1776730.8629, 888574.1995000001], [-1776188.4869999997, 888111.1384999994], [-1770950.6205000002, 881731.3235999998], [-1770534.2375000007, 881570.318], [-1769481.2378000002, 881638.3771000002], [-1768643.1142999995, 881039.6894000005], [-1768646.3747000005, 871192.9381000008], [-1769696.8675999995, 860614.3792000003], [-1770086.9869999997, 858370.5739999991], [-1770852.2837000005, 858432.6366000008], [-1771286.2467, 859288.3892999999], [-1771783.7468999997, 859553.0073000006], [-1772243.3672000002, 859338.6882000007], [-1772433.4870999996, 858448.5127000008], [-1771446.6623999998, 856847.5337000005], [-1769034.8720999993, 854740.0761999991], [-1767155.3652, 850490.6236000005], [-1765901.9891999997, 846308.8861999996], [-1766032.1108999997, 842937.6978999991], [-1766496.2820999995, 841456.5526], [-1766676.6247000005, 840881.0143999998], [-1766792.8692000005, 839920.8136999998], [-1766319.2404999994, 831610.7014000006], [-1762999.2358999997, 823169.1239999998], [-1762585.8674999997, 822610.5114999991], [-1761734.7350999992, 822083.7003000006], [-1759612.3682000004, 817179.8871999998], [-1759031.4898000006, 815125.3827999998], [-1756902.6184, 809967.2572000008], [-1755684.4844000004, 807453.8860999998], [-1755294.9875000007, 807071.3851999994], [-1754633.614600001, 806753.6994000003], [-1753675.3636000007, 805104.6989999991], [-1752552.7482999992, 801844.5123999994], [-1752606.8647000007, 801499.6292000003], [-1753017.3658000007, 801064.5683999993], [-1753435.5222999994, 800728.8639000002], [-1755227.7476000004, 799289.8208000008], [-1757342.2338999994, 798170.7608000003], [-1758117.4920000006, 798437.4759], [-1758439.6177999992, 798878.1892000008], [-1758088.8691000007, 799153.9483000003], [-1758008.4891999997, 799453.9393000007], [-1758402.1148000006, 800058.0665000007], [-1760608.7446999997, 801365.9356999993], [-1761113.9945, 801321.7644999996], [-1761404.8597, 800906.3154000007], [-1761071.9858999997, 799537.6287999991], [-1760089.7488000002, 797397.5670999996], [-1758767.7402, 796196.0136999991], [-1758098.9945, 789962.0], [-1758619.2356000002, 788893.1241999995], [-1758518.8672000002, 785979.0003999993], [-1757992.1216000002, 782681.5728999991], [-1757258.1184, 779538.9415000007], [-1755770.4839999992, 777517.5655000005], [-1756227.8597, 776717.2563000005], [-1756248.864, 774785.4516000003], [-1753890.2398000006, 772685.8256000001], [-1753168.1150000002, 772614.5715999994], [-1752812.7459999993, 772819.7484000009], [-1751535.6131999996, 772349.1344000008], [-1750067.3609999996, 770890.8764999993], [-1749200.7456999999, 768721.1270000003], [-1748999.8615000006, 767346.0014999993], [-1747633.2392999995, 764373.2556999996], [-1744768.7426999994, 760783.2591999993], [-1738577.3600999992, 757108.3771000002], [-1738140.3661000002, 756569.7531000003], [-1737989.9936999995, 756015.3186000008], [-1737479.6158000007, 755397.6253999993], [-1736648.6193000004, 755112.8223000001], [-1734636.6149000004, 754951.5055], [-1733798.7371999994, 754686.7564000003], [-1731029.3660000004, 753022.1256000008], [-1727625.7375000007, 748890.8180999998], [-1722706.9985000007, 744807.8761], [-1720661.865700001, 744718.9438000005], [-1716874.9989999998, 739914.1883000005], [-1717199.7463000007, 738531.3132000007], [-1717811.7378000002, 737036.3223000001], [-1708539.2457999997, 732221.9986000005], [-1707633.2434, 731664.7623999994], [-1706782.1109999996, 730628.8839999996], [-1706824.7421000004, 729139.0704999994], [-1707008.4887000006, 728791.9427000005], [-1708613.1213000007, 728883.2507000007], [-1708968.4902, 728678.0738999993], [-1709129.7414999995, 728324.1959000006], [-1708249.117900001, 721780.3115999997], [-1705691.3625000007, 719791.6380000003], [-1704445.9982999992, 719911.1265999991], [-1701250.4956999999, 717499.2543000001], [-1700918.113500001, 716979.4390999991], [-1700793.1199999992, 716273.6983000003], [-1700205.8683000002, 708600.5632000007], [-1699528.8650000002, 706113.3737000003], [-1699626.9888000004, 705958.5120999999], [-1702940.2432000004, 705065.9445999991], [-1702121.6165999994, 704017.8764999993], [-1701722.2402, 703084.3161999993], [-1701591.7416999992, 702000.318], [-1701887.112400001, 700514.0761999991], [-1702073.2347, 700401.3870000001], [-1702518.9941000007, 700561.3768000007], [-1703505.7369, 701782.4434999991], [-1704592.2419000007, 702668.8835000005], [-1704996.4843000006, 702740.1374999993], [-1705411.867900001, 702449.2558999993], [-1705546.9867000002, 701928.6871000007], [-1705106.240700001, 700117.2556999996], [-1703914.992900001, 698527.1392999999], [-1703449.1138000004, 698224.6907000002], [-1702578.6154999994, 696932.2552000005], [-1701227.7382999994, 693503.3789000008], [-1700350.8666999992, 689729.3245000001], [-1699841.6192000005, 688251.7499000002], [-1698786.3749000002, 687344.3220000006], [-1695371.6216000002, 681895.5606999993], [-1695218.8736000005, 675964.0612000003], [-1695553.1832999997, 675066.0878999997], [-1695858.9964000005, 674244.5767999999], [-1697251.3742999993, 672965.0026999991], [-1698384.7375000007, 672658.4417000003], [-1700931.6139000002, 674421.2618000004], [-1702027.2447999995, 674045.1998999994], [-1702318.1098999996, 673629.7508000005], [-1702391.2480999995, 672862.0621000007], [-1702250.8699999992, 672476.3827], [-1700621.9891, 671155.0131000001], [-1699337.2377000004, 670584.1944999993], [-1697328.739600001, 667852.6377000008], [-1697140.6184999999, 667468.2525999993], [-1696592.4916999992, 664512.8739999998], [-1699784.3735000007, 650003.1380000003], [-1699324.7367000002, 649617.4422999993], [-1698417.8660000004, 649722.4473000001], [-1696031.9951000009, 650799.9410999995], [-1695647.1185999997, 651239.0649999995], [-1693117.1176999994, 660414.1378000006], [-1693516.4940000009, 661725.3820999991], [-1693266.1138000004, 663281.2558999993], [-1692844.4879, 663531.8164000008], [-1691993.2408000007, 663625.3853999991], [-1689974.1094000004, 663361.2589999996], [-1689345.9959999993, 662844.4420999996], [-1687805.7361999992, 660680.7546999995], [-1687765.4969999995, 659573.5076000001], [-1688241.1246000007, 656558.0650999993], [-1688676.7205999997, 656135.6897], [-1689683.3588999994, 655159.5105000008], [-1689923.8597, 654499.4483000003], [-1689723.7455000002, 651867.1293000001], [-1689341.3593000006, 650774.5623000003], [-1688985.9903999995, 650569.3853999991], [-1688676.4966000002, 650596.4517999999], [-1688563.6108, 649738.5035999995], [-1689074.4967, 647136.3804000001], [-1690414.2491999995, 642353.6941999998], [-1690233.861300001, 641458.4396000002], [-1686553.4905999992, 635205.7481999993], [-1685947.9871999994, 633418.3848000001], [-1685869.8682000004, 632720.7541000005], [-1689216.9883999992, 629080.1964999996], [-1691170.3707999997, 629053.2612999994], [-1693080.9909000006, 629485.8151999991], [-1694507.1197999995, 630232.0736999996], [-1697863.4968999997, 633507.3827], [-1698716.4970999993, 634567.0014999993], [-1698970.8586999997, 634745.1283999998], [-1699568.6126000006, 634741.8844000008], [-1701196.5798000004, 633724.1246000007], [-1705763.2391, 630868.0022], [-1708249.3637000006, 628885.9477999993], [-1709257.8643999994, 626459.9362000003], [-1709459.7480999995, 625103.0625], [-1709714.7715000007, 624990.7368999999], [-1711094.2487000003, 624383.0676000006], [-1711662.2491999995, 624390.2601999994], [-1717486.1221999992, 626354.3248999994], [-1718343.4968999997, 627279.2017000001], [-1721230.865700001, 632443.1272], [-1723766.8630999997, 634698.3192999996], [-1728552.1216000002, 635932.2639000006], [-1735024.7355000004, 639813.5023999996], [-1736773.8749000002, 641922.1231999993], [-1740667.3686999995, 645909.3826000001], [-1744469.3741999995, 649154.8235999998], [-1751684.8714000005, 654537.5738999993], [-1752855.8686999995, 655606.8756000008], [-1755937.7481999993, 658773.5096000005], [-1756202.4973000009, 659321.1283999998], [-1756177.8721999992, 660587.8245999999], [-1756878.4847999997, 661767.5709000006], [-1760189.2488000002, 663288.5632000007], [-1765899.7445, 667529.8236999996], [-1766154.2371999994, 667827.3244000003], [-1765986.7435999997, 668248.5734000001], [-1765237.7489999998, 668955.6249000002], [-1764562.8593000006, 669319.0056999996], [-1762700.9978999998, 669899.0647999998], [-1761930.3600999992, 669841.4422999993], [-1761544.7463000007, 669981.8203999996], [-1761264.5032000002, 670893.2452000007], [-1761478.8662, 671352.8827], [-1761968.7478, 671484.1349], [-1768234.7431000005, 670117.4471000005], [-1770235.4915999994, 670794.1391000003], [-1775730.6196999997, 674602.3213999998], [-1781275.7353000008, 679525.5003999993], [-1783550.8666999992, 682796.3202], [-1785069.4833000004, 686080.0670999996], [-1785967.5723, 687940.3882999998], [-1787250.5377999991, 689672.4065000005], [-1787378.8409000002, 691019.5318], [-1784363.8408000004, 692302.5136999991], [-1782771.7273999993, 693679.5436000004], [-1781990.3399, 694355.2650000006], [-1779167.7862999998, 695574.1035999991], [-1776179.0988999996, 698721.1259000003], [-1774749.1361999996, 699323.4836999997], [-1771017.7456999999, 702133.5690000001], [-1770711.9875000007, 702526.6375999991], [-1770815.8620999996, 703268.7017000001], [-1771392.3659000006, 703661.5080999993], [-1771943.7366000004, 703486.7564000003], [-1774732.1187999994, 701395.0844999999], [-1776620.6477000006, 699977.9916999992], [-1780509.6195, 696678.9421999995], [-1782824.2690999992, 695830.6933999993], [-1784418.2357, 693843.2486000005], [-1785211.2337999996, 693697.8045000006], [-1787571.2873, 693264.7459999993], [-1789010.2448999994, 691466.7493999992], [-1791341.3604000006, 692820.2643999998], [-1797803.1117000002, 698550.4374000002], [-1799902.9999000002, 700887.1889999993], [-1801777.6243999992, 702006.7568999995], [-1802375.492900001, 702154.9502000008], [-1802845.8611999992, 702082.2543000001], [-1804059.8663999997, 703256.7577999998], [-1804761.7405999992, 705490.2574000005], [-1804798.1130999997, 706466.6947000008], [-1804051.6088999994, 708788.3238999993], [-1804015.2364000008, 708993.4515000004], [-1804051.3630999997, 709198.6283999998], [-1804155.6144999992, 709379.1308999993], [-1804229.6210999992, 709453.0719000008], [-1806764.2422000002, 710940.0672999993], [-1806959.9982999992, 711011.3213999998], [-1808490.6242999993, 711276.4472000003], [-1809140.6104000006, 711240.1239], [-1809231.8693000004, 711765.7554000001], [-1809227.7404999994, 711813.0068999995], [-1809097.1108999997, 712157.2511], [-1808764.9908000007, 712649.3117999993], [-1808200.2343000006, 712946.7632999998], [-1806014.2482999992, 713927.4440000001], [-1805578.2372999992, 713890.4488999993], [-1800401.7452000007, 716804.6381999999], [-1798933.6844999995, 717847.2887999993], [-1797805.1106000002, 718648.6901999991], [-1797260.2773000002, 718821.7916000001], [-1796324.8652999997, 719118.9438000005], [-1794686.2359999996, 718269.6954999994], [-1793261.9912, 718339.1963999998], [-1792000.9657000005, 718853.1292000003], [-1791412.6144999992, 719092.8768000007], [-1791148.7337999996, 719407.3186000008], [-1790992.987400001, 720570.7628000006], [-1791391.9869999997, 721750.8203999996], [-1791651.7389000002, 723247.1382999998], [-1790459.9995000008, 723921.2579999994], [-1788284.5281000007, 724903.7326999996], [-1786474.739, 725720.8110000007], [-1785225.2858000007, 725742.3079000004], [-1784094.9957999997, 725761.6890999991], [-1780757.3619999997, 725381.2525999993], [-1779390.9591000006, 726049.6151999999], [-1777594.3652, 726928.1972000003], [-1774541.1249000002, 730785.4987000003], [-1773780.8745000008, 732862.1870000008], [-1767792.4898000006, 740263.0036999993], [-1767547.3686999995, 741931.4518999998], [-1767933.9984000009, 742984.7629000004], [-1767801.615700001, 745469.1344000008], [-1766392.9848999996, 749517.6863000002], [-1765894.4853000008, 751673.2636999991], [-1766325.4991999995, 752578.9384000003], [-1766829.2415999994, 752729.9497999996], [-1767081.1129, 752590.6857999992], [-1767710.4878000002, 751036.8762999997], [-1767690.6141, 749209.1919999998], [-1768458.5156999994, 746682.9265999999], [-1769384.7359999996, 744409.7612999994], [-1769417.1108, 743615.5633000005], [-1768620.1110999994, 741930.6327], [-1770157.7495000008, 738505.0659999996], [-1771597.1295999996, 736746.1436999999], [-1773152.4989999998, 734845.0605999995], [-1773911.4601000007, 734160.1271000002], [-1775962.7481999993, 732308.5716999993], [-1776219.9934, 730858.3747000005], [-1777184.863500001, 729056.3804000001], [-1778008.3725000005, 728150.6238000002], [-1780251.9975000005, 726704.0639999993], [-1781536.6177999992, 726176.5647999998], [-1782792.2383999992, 726176.5647999998], [-1783648.1221999992, 726458.5006000008], [-1784012.7480999995, 726808.6922999993], [-1785927.4969999995, 727295.6247000005], [-1787184.739600001, 727410.0669999998], [-1787540.125, 727204.8738000002], [-1787999.9911000002, 726481.3891000003], [-1789464.8682000004, 725669.7585000005], [-1790714.6232999992, 725571.6347000003], [-1796094.7357, 729480.3819999993], [-1796498.1097999997, 730215.7613999993], [-1796228.7403999995, 731049.6250999998], [-1796477.859099999, 731996.3746000007], [-1796782.1099999994, 732607.6287999991], [-1797137.4954000004, 732812.8221000005], [-1800443.9996000007, 732478.2608000003], [-1800838.8227999993, 731860.0062000006], [-1801178.7400000002, 731327.6943999995], [-1802184.2424999997, 730586.5640999991], [-1802973.7524999995, 730154.5441999994], [-1805019.6248000003, 729034.8191], [-1805471.7412999999, 729169.4463999998], [-1806618.2444000002, 730990.9375999998], [-1807384.3603000008, 732353.0051000006], [-1807997.859099999, 734227.0725999996], [-1807292.4952000007, 736088.8848000001], [-1806559.9992999993, 738522.1873000003], [-1806559.9992999993, 738932.5736999996], [-1807471.4903999995, 740355.5733000003], [-1809811.7481999993, 741703.0098000001], [-1810271.3684999999, 741488.6907000002], [-1810795.2468999997, 740696.7536999993], [-1811201.4881999996, 739290.1873000003], [-1811760.2480999995, 738468.0710000005], [-1814962.1240999997, 736237.5040000007], [-1818755.8720999993, 734628.0710000005], [-1821115.4957999997, 733249.8160999995], [-1822645.6139000002, 732036.9412999991], [-1823598.8677999992, 732686.6980000008], [-1825009.7432000004, 733281.7485000007], [-1825595.4876000006, 733184.0015999991], [-1826723.8699999992, 733574.1373999994], [-1828886.8693000004, 737139.2630000003], [-1831308.4901, 744893.4989], [-1834406.9993999992, 751291.4508999996], [-1836048.7416999992, 753870.4399999995], [-1837424.7356000002, 754840.9462000001], [-1839893.8698999994, 755569.1330999993], [-1840470.8652999997, 755360.6959000006], [-1840994.8747000005, 755516.2619000003], [-1842006.6195, 756487.6364999991], [-1844093.2366000004, 759866.8202], [-1843935.7371999994, 764205.0739999991], [-1842317.4894999992, 764454.1272], [-1839918.8718999997, 760535.8115999997], [-1835783.8616000004, 757371.0617999993], [-1835278.6118, 757326.8741999995], [-1829917.1279000007, 759529.4296000004], [-1825788.9989999998, 761224.0052000005], [-1825005.3686999995, 762261.0141000003], [-1825049.6217999998, 762766.1983000003], [-1826474.2434, 764717.8113000002], [-1827038.1152, 764923.0044999998], [-1834001.2496000007, 762344.8181999996], [-1834220.8608, 762125.1907000002], [-1834567.8739, 761135.1383999996], [-1835481.4948999994, 761654.5767000001], [-1835901.3675999995, 762656.1305999998], [-1835746.4897000007, 763168.9497999996], [-1834459.7394999992, 763709.8183999993], [-1832616.7040999997, 765653.0023999996], [-1831628.6171000004, 766694.5735999998], [-1831377.8598999996, 768172.0664000008], [-1830735.8693000004, 770271.2007999998], [-1830379.7467, 770854.7006000001], [-1828625.0121999998, 772725.8309000004], [-1827997.2345000003, 773395.1381000001], [-1828128.4867000002, 773885.0033], [-1828777.2440000009, 774199.4451000001], [-1830485.1121999994, 773371.0700000003], [-1831591.4909000006, 773090.3137999997], [-1832145.1227000002, 773128.1281000003], [-1832798.3691000007, 773384.3246999998], [-1833316.7424999997, 773812.3894999996], [-1833545.2337999996, 774612.6331999991], [-1831389.984099999, 779188.1928000003], [-1830080.3618, 780795.3158], [-1829624.3622999992, 782315.6362999994], [-1829695.6162999999, 782719.8132000007], [-1830110.9999000002, 783010.6947000008], [-1830600.8651, 782879.4425000008], [-1833862.3625000007, 779615.1927000005], [-1834738.5952000003, 777226.8150999993], [-1836279.6086999997, 776418.7562000006], [-1836813.4977000002, 776710.8828999996], [-1836002.1129, 777645.9997000005], [-1835897.615700001, 778330.6871000007], [-1836037.9937999994, 778716.3827999998], [-1837307.6228, 779717.9366999995], [-1839181.7393999994, 780458.6900999993], [-1839701.3742999993, 780158.6991000008], [-1839763.3714000005, 779347.3143000007], [-1839982.7367000002, 779110.1886], [-1842308.3375000004, 777752.7162999995], [-1844945.1227000002, 776213.0713999998], [-1845494.4945999999, 776536.3769000005], [-1846774.8714000005, 778121.9385000002], [-1847249.237400001, 780938.6921999995], [-1847035.9996000007, 783428.0116000008], [-1845382.2478, 785136.2566], [-1844634.3673, 785089.8243000004], [-1843994.6213000007, 784852.0760999992], [-1843277.9850999992, 783773.8778000008], [-1842768.8686999995, 783484.5691999998], [-1841129.4857, 784102.5736999996], [-1838424.8641, 788385.1874000002], [-1836987.3647000007, 791163.4386999998], [-1836938.7369999997, 792012.1953999996], [-1836938.7369999997, 792422.5655000005], [-1837116.9948999994, 792677.0089999996], [-1837502.6086999997, 792817.3870999999], [-1837802.6162, 792737.0072000008], [-1838076.2453000005, 792477.0095000006], [-1839223.2400000002, 789978.0726999994], [-1840696.9988000002, 788907.784], [-1842926.2369999997, 787288.4425000008], [-1843775.9932000004, 786859.0669999998], [-1844339.6192000005, 786973.3781000003], [-1845567.4853000008, 788009.8136], [-1846710.9902, 790026.8150999993], [-1846646.7485000007, 791133.6361999996], [-1845732.8653999995, 794955.1877999995], [-1844479.7739000004, 797306.7324000001], [-1844282.9960999992, 797675.9475999996], [-1843802.2403999995, 799573.6243999992], [-1843873.4944000002, 799977.8177000005], [-1844502.9839999992, 800767.5756999999], [-1844962.6207999997, 800981.8783999998], [-1847834.4902, 800950.9453999996], [-1849816.4636000004, 800097.5225000009], [-1850479.9982999992, 799811.7495000008], [-1850743.8626000006, 799497.3241000008], [-1850752.3659000006, 799099.9465999994], [-1851242.9847999997, 798817.3225999996], [-1854032.3608, 799647.9421999995], [-1855334.4956, 800414.2546999995], [-1855867.4999000002, 801083.2625999991], [-1855853.9995000008, 802004.9444999993], [-1856170.112400001, 802696.9390999991], [-1856629.7490999997, 802911.2581999991], [-1857149.3676999994, 802611.2508000005], [-1858411.4926999994, 801207.3222000003], [-1858878.3712000009, 799642.3224999998], [-1859419.1086999997, 796738.193], [-1859846.239600001, 796156.8231000006], [-1861999.1136000007, 798141.0730000008], [-1863594.2434999999, 800049.5141000003], [-1867637.7490999997, 805877.8762999997], [-1867960.3664999995, 810397.3862999994], [-1867206.8662999999, 811162.5682999995], [-1866513.9869, 811311.0728999991], [-1865772.3652, 812517.0008000005], [-1866072.3726000004, 813036.6358000003], [-1867238.9953000005, 813534.5618999992], [-1867808.8636000007, 813430.1958000008], [-1868148.0528999995, 813204.4914999995], [-1871457.2364000008, 811001.9396000002], [-1872607.8683000002, 809560.6882000007], [-1872723.359099999, 809143.8136999998], [-1872633.3618, 808809.6948000006], [-1871903.8641999997, 808105.0025999993], [-1871739.2378000002, 806423.2014000006], [-1872194.8604000006, 805562.1239], [-1873544.7381999996, 804259.3828999996], [-1877303.3588999994, 805486.7575000003], [-1878565.6150000002, 810765.8134000003], [-1876830.7459999993, 815266.2523999996], [-1876236.2361999992, 816358.2623999994], [-1873414.6164999995, 820431.5050000008], [-1873184.3720999993, 823227.5001999997], [-1872665.114, 825765.7586000003], [-1871719.6097, 827713.7507000007], [-1870446.2452000007, 828172.0767000001], [-1869041.6121999994, 828016.8873999994], [-1867717.6210999992, 828540.7493999992], [-1866274.1087999996, 829399.3202], [-1864466.1180000007, 831181.5062000006], [-1863967.1105000004, 831906.3835000005], [-1862056.818, 831806.7031999994], [-1858685.3676999994, 830428.0715999994], [-1857834.6120999996, 829853.8779000007], [-1857426.7488000002, 828986.5745000001], [-1857112.3726000004, 828722.7592999991], [-1855580.3703000005, 828671.3791000005], [-1855002.012599999, 829372.6794000007], [-1855173.9978999998, 830125.0002999995], [-1856673.3632999994, 832299.0097000003], [-1857969.3705000002, 832920.6349999998], [-1860745.6228999998, 833389.2337999996], [-1861903.2344000004, 834712.5694999993], [-1863129.1181000005, 837746.0014999993], [-1862023.3619, 839280.3139999993], [-1861882.9837999996, 839666.0097000003], [-1862023.3619, 840051.6890999991], [-1863049.3608, 840425.3753999993], [-1865625.8595000003, 840270.7596000005], [-1866417.9931000005, 839916.1279000007], [-1867009.8651, 839910.1313000005], [-1868869.2360999994, 840456.6359999999], [-1869671.6097, 843988.5022], [-1869710.8658000007, 846720.1246000007], [-1868619.3637000006, 854590.5722000003], [-1865789.6174999997, 862120.5767000001], [-1865897.7355000004, 862700.1933999993], [-1866357.3723000009, 862914.5124999993], [-1866742.9860999994, 862774.1344000008], [-1868262.8642999995, 860625.0123999994], [-1869626.3735000007, 861002.6307999995], [-1871895.8687999994, 862512.3180999998], [-1872632.1165999994, 863338.8745000008], [-1873137.3663999997, 864214.5010000002], [-1874013.9923, 866444.3797999993], [-1873531.8604000006, 868663.4452], [-1873625.3638000004, 870160.1890999991], [-1874084.9842000008, 870545.8848000001], [-1874489.2430000007, 870474.6307999995], [-1874753.1237000003, 870160.1890999991], [-1874844.8740999997, 869074.3231000006], [-1875159.4960999992, 867924.2481999993], [-1875969.068, 866965.7441000007], [-1876679.2431000005, 866124.8263000008], [-1877629.3676999994, 865858.8156000003], [-1881679.7382999994, 865640.7609999999], [-1883372.8608, 866252.6379000004], [-1883537.8641, 866587.3137999997], [-1882875.2622999996, 870042.7650000006], [-1881458.8654999994, 872716.0767000001], [-1881582.6139000002, 874422.4375], [-1881902.6097999997, 875102.0131000001], [-1882257.9951000009, 875307.1898999996], [-1882662.2376000006, 875235.9359000009], [-1882926.1183000002, 874921.5106000006], [-1884098.3115999997, 872066.2873], [-1885093.3446999993, 868830.1524], [-1886290.2449999992, 866305.5745999999], [-1891374.1183000002, 866974.0089999996], [-1893027.9847999997, 867520.1860000007], [-1895019.4927999992, 869415.5034999996], [-1896614.3605000004, 870521.7511999998], [-1897529.3740999997, 870768.8219000008], [-1898745.7387000006, 870304.3191], [-1900349.1097, 871446.0709000006], [-1900959.2498000003, 873898.1986999996], [-1901888.3701000009, 883976.7016000003], [-1901438.6129, 885177.1900999993], [-1899375.9984000009, 886669.625], [-1895606.1218999997, 886461.6301000006], [-1895146.4850999992, 886075.9507999998], [-1894656.6198999994, 886207.1865999997], [-1893956.1219999995, 888319.3791000005], [-1894161.3643999994, 888883.2017000001], [-1894795.2449999992, 889096.5705999993], [-1894603.1097999997, 890780.7638000008], [-1894004.4876000006, 892625.8151999991], [-1892912.6072000004, 893612.6045999993], [-1892584.7484000009, 893908.8790000007], [-1888573.7486000005, 895721.3263000008], [-1888386.6106000002, 896267.0609000009], [-1888772.2408000007, 896726.6976999994], [-1891814.8642999995, 896917.0142000001], [-1895578.236300001, 899021.8830999993], [-1895430.9933000002, 900493.5102999993], [-1896344.3684999999, 902034.1962000001], [-1896908.2402999997, 902239.3893999998], [-1897323.6238000002, 901948.5077999998], [-1899401.2973999996, 898621.4719999991], [-1900661.2412, 896603.2606000006], [-1904100.4886000007, 894455.0724], [-1906800.3587999996, 892983.8874999993], [-1907365.8690000009, 894085.1381000001], [-1908838.9871999994, 894874.3225999996], [-1910913.6111999992, 896893.2574000005], [-1911835.8664999995, 898233.8126999997], [-1913043.4984000009, 903585.0073000006], [-1912884.2458999995, 904253.1304000001], [-1911044.2408000007, 906380.4453999996], [-1910963.8608999997, 906680.4364], [-1911104.239, 907066.1322000008], [-1913069.1229999997, 909372.7535999995], [-1914703.2467999998, 909644.9409999996], [-1915558.1147000007, 909098.6328999996], [-1916524.6232999992, 908869.0110999998], [-1919469.7456, 909400.1967999991], [-1921231.4843000006, 910007.3878000006], [-1921556.2479999997, 910997.5713], [-1921748.2357, 913559.9470000006], [-1920586.9869, 914150.6392999999], [-1919805.1097, 915256.3136], [-1919805.1097, 915666.6999999993], [-1919983.3675999995, 915921.1271000002], [-1921346.1231999993, 916156.2539000008], [-1924480.7427999992, 914814.9450000003], [-1926493.861300001, 913519.8881000001], [-1929502.8648000006, 912088.1394999996], [-1933273.353599999, 910663.1811999995], [-1934097.7412, 910351.5010000002], [-1934632.2365000006, 910393.3129999992], [-1938252.1173999999, 913488.3160999995], [-1938974.9958999995, 914274.5679000001], [-1940410.7422000002, 917312.7512999997], [-1940358.116800001, 918155.9375], [-1940122.2364000008, 918441.9365999997], [-1937193.1212000009, 919639.0008000005], [-1935668.9996000007, 919747.3154000007], [-1932954.4985000007, 920754.7511999998], [-1926418.8717, 924974.2537999991], [-1927301.2484000009, 927768.0699000005], [-1927775.7455000002, 927946.7537999991], [-1929372.8741999995, 930848.3110000007], [-1929966.6139000002, 933877.5651999991], [-1929387.3739999998, 934077.0076000001], [-1928642.491800001, 933732.8125], [-1926455.7357, 933546.1987999994], [-1925689.4888000004, 934170.8879000004], [-1925255.6240999997, 934945.6873000003], [-1925299.8608999997, 935450.8879000004], [-1928883.7462000009, 940147.0011], [-1930284.4963000007, 940274.6980000008], [-1934070.4946999997, 939028.6292000003], [-1934444.9836999997, 939220.0107000005], [-1935487.9891999997, 940283.5616999995], [-1935904.2411000002, 942621.1981000006], [-1935903.9953000005, 943616.1327999998], [-1935705.2410000004, 943838.6275999993], [-1935321.1181000005, 943800.3217999991], [-1930028.9878000002, 949418.6248000003], [-1929042.2449999992, 951660.5130000003], [-1927649.9982999992, 954140.5755000003], [-1927372.3714000005, 954305.9392000008], [-1926202.6193000004, 953845.4505000003], [-1925722.863, 952993.6298999991], [-1924872.1238000002, 952233.3795999996], [-1919654.0, 950776.1865999997], [-1915598.8617000002, 951329.3760000002], [-1912764.7410000004, 951125.7555999998], [-1909938.7467999998, 950497.0688000005], [-1903283.6151, 947358.5660999995], [-1902241.7402, 943474.4440000001], [-1902238.8729999997, 940599.0683999993], [-1901669.234099999, 935486.1298999991], [-1900164.7404999994, 928289.6381000001], [-1899688.4903999995, 929092.3230000008], [-1898860.3610999994, 932713.2525999993], [-1899721.3730999995, 938665.2485000007], [-1900402.3739999998, 942737.0001999997], [-1901255.9967999998, 946161.8132000007], [-1902484.862400001, 949673.6252999995], [-1903517.365700001, 951005.8247999996], [-1901948.8269999996, 952233.6908999998], [-1899575.3260999992, 953067.6201000009], [-1897907.4513000008, 954029.8523999993], [-1896657.5814999994, 954243.5161000006], [-1892623.9101, 954502.3301999997], [-1891619.8619, 954566.625], [-1889333.867900001, 954339.9360000007], [-1888885.4869999997, 954689.7016000003], [-1888877.1148000006, 956060.9441], [-1889294.4971999992, 956337.6370999999], [-1894003.3735000007, 957136.8650000002], [-1897128.4411999993, 956829.5503000002], [-1899454.1173, 957928.4416000005], [-1901314.7499000002, 960123.1274999995], [-1903223.6169000007, 961822.0009000003], [-1910275.7492999993, 964492.6257000007], [-1912455.3619999997, 965654.1366000008], [-1913354.3684, 966809.3233000003], [-1917264.2462000009, 969295.7590999994], [-1918118.3605000004, 969682.7491999995], [-1911091.2957000006, 963580.6757999994], [-1909839.1484999992, 962112.6039000005], [-1907016.5949000008, 961278.6746999994], [-1904701.8632999994, 960087.2630000003], [-1901074.2490999997, 957767.6982000005], [-1899547.4897000007, 955000.9484999999], [-1899604.489600001, 954561.3820999991], [-1900665.8452000003, 953773.2625999991], [-1901591.4920000006, 953164.2529000007], [-1902152.2344000004, 953973.1964999996], [-1902507.6196999997, 954178.3734000009], [-1906897.237400001, 954866.4357999992], [-1911118.4037999995, 954270.8328000009], [-1917482.4975000005, 953371.0680999998], [-1920061.8632999994, 955506.8863999993], [-1922436.3637000006, 956498.3805], [-1930091.8695999999, 955743.4386], [-1931430.1147000007, 956111.0627999995], [-1937215.7475000005, 959841.1917000003], [-1940486.125, 964338.3211000003], [-1942637.3606000002, 968159.2501999997], [-1942852.8593000006, 969296.5618999992], [-1942537.3690000009, 973825.5746999998], [-1942035.6089999992, 974415.0710000005], [-1941991.3721999992, 974920.2552000005], [-1944273.6142999995, 977895.9991999995], [-1945619.8712000009, 978733.5657000002], [-1946363.2459999993, 981681.1948000006], [-1946396.7348999996, 981941.0614], [-1946019.8702000007, 982758.5083000008], [-1944995.8702000007, 982795.5689000003], [-1942764.8608999997, 983225.6325000003], [-1941703.489, 984604.2642000001], [-1941623.109099999, 984904.2552000005], [-1941987.6203000005, 985540.3148999996], [-1942447.2405999992, 985754.6339999996], [-1943860.4916999992, 984925.3250999991], [-1947174.2376000006, 987227.0640999991], [-1947421.8653999995, 987813.6931999996], [-1947441.4934, 988217.5097000003], [-1946886.9934, 989401.1390000004], [-1946296.1207999997, 989505.3247999996], [-1945881.1141, 990241.9986000005], [-1946145.7484000009, 996347.6272999998], [-1945805.4855000004, 999430.3259999994], [-1941138.2410000004, 999403.1941], [-1933598.7337999996, 998269.8146000002], [-1932662.4865000006, 998578.5055], [-1932130.4521999992, 998888.6787999999], [-1931504.6128000002, 999253.5099], [-1930536.859099999, 1000051.3779000007], [-1929993.1232999992, 1000233.8793000001], [-1927773.4845000003, 1000335.1980000008], [-1918524.6182000004, 1000120.1907000002], [-1917892.8674999997, 999375.0136999991], [-1915969.8609999996, 997819.7624999993], [-1914962.9987000003, 997407.3115999997], [-1914116.8633999992, 997443.8806999996], [-1913107.9858, 997933.0742000006], [-1911489.6235000007, 997610.1947000008], [-1908387.9847999997, 996175.8246999998], [-1907385.3659000006, 995469.6250999998]]], [[[-1743701.3741999995, 832594.1347000003], [-1746213.1232999992, 830541.4487999994], [-1746644.3665999994, 831501.8789000008], [-1746991.9858999997, 832586.0736999996], [-1747357.2344000004, 834208.0077999998], [-1747294.7458999995, 835027.6338], [-1747307.8695, 835235.2518000007], [-1747104.6096, 835569.9441999998], [-1744449.1236000005, 833411.1884000003], [-1743701.3741999995, 832594.1347000003]]], [[[-1720268.8627000004, 861135.0134999994], [-1718714.3652, 857854.3796999995], [-1718795.9902999997, 853510.2603999991], [-1720118.8672000002, 850583.8158], [-1720443.2042999994, 850222.0987], [-1721212.4991999995, 849364.0761999991], [-1725062.2477000002, 847341.9464999996], [-1725491.6231999993, 847186.6261999998], [-1726312.7401, 847194.6871000007], [-1727001.6217999998, 847559.3785999995], [-1726889.375, 851921.8806999996], [-1726470.8289, 852558.8079000004], [-1725768.1195, 853628.0613000002], [-1721834.3703000005, 857698.8136], [-1721281.2465000004, 858634.2580999993], [-1721432.9951000009, 860043.7572000008], [-1722074.1173999999, 860922.7588], [-1722664.3673999999, 860638.8731999993], [-1723443.6231999993, 858007.2588], [-1723839.1164999995, 857408.7512999997], [-1727097.8614000008, 853380.5646000002], [-1728251.8684, 854001.125], [-1729976.9889000002, 856792.6964999996], [-1729938.4865000006, 857250.6948000006], [-1729321.7435999997, 858040.6984999999], [-1729373.7464000005, 858442.9420999996], [-1730110.3710999992, 858737.0021000002], [-1730454.1238000002, 858636.6993000004], [-1730800.8748000003, 858128.9427000005], [-1731294.1151, 855526.5081999991], [-1730958.6198999994, 854204.7617000006], [-1730551.3628000002, 853407.9422999993], [-1728527.8732999992, 851204.3761999998], [-1728549.7458999995, 848586.3768000007], [-1728879.4902999997, 847540.5697000008], [-1729848.2434999999, 847491.0736999996], [-1731044.6064999998, 846852.4856000002], [-1732545.9836999997, 846050.9364999998], [-1734460.1100999992, 844464.9488999993], [-1736332.2442000005, 845107.3164000008], [-1737167.8609999996, 846328.6289000008], [-1738315.3636000007, 852030.1297999993], [-1738152.9981999993, 852382.1892000008], [-1735437.2355000004, 852441.3846000005], [-1736657.2372999992, 853462.8123000003], [-1738925.6184, 854434.875], [-1739639.616800001, 853955.5611000005], [-1739047.1221999992, 848734.0131000001], [-1740184.7452000007, 848008.2018999998], [-1740975.863, 847263.1394999996], [-1740656.1129, 843142.3177000005], [-1740762.8709999993, 840429.9464999996], [-1740996.2446999997, 840180.0741000008], [-1741718.9921000004, 840741.7503999993], [-1742711.9935999997, 841274.1320999991], [-1743232.4968999997, 841387.3127999995], [-1746303.989, 840525.8748000003], [-1747958.6092000008, 839641.5647999998], [-1748761.2448999994, 838951.7492999993], [-1749173.1223000009, 837886.9366999995], [-1749484.8607, 837714.6917000003], [-1749717.4970999993, 837809.0143999998], [-1749951.2476000004, 838415.8122000005], [-1749852.6160000004, 839586.5636999998], [-1749049.242900001, 841603.3849999998], [-1748587.1158000007, 842314.1884000003], [-1747949.6981000006, 842988.2653999999], [-1747442.8736000005, 843524.1960000005], [-1749981.9839999992, 846497.1875], [-1751807.6204000004, 850101.2578999996], [-1750056.4116999991, 851064.1052000001], [-1747709.3594000004, 852354.1888999995], [-1747301.3650000002, 852335.3801000006], [-1745207.4898000006, 853376.7634999994], [-1743890.4142000005, 854384.4132000003], [-1742835.234099999, 855191.5701000001], [-1742212.9860999994, 856868.0628999993], [-1742512.6166999992, 857621.4483000003], [-1742930.9985000007, 857895.3888000008], [-1743439.7380999997, 860248.0001999997], [-1743319.3649000004, 860889.0077999998], [-1742863.4965000004, 861521.3155000005], [-1736716.4981999993, 864925.6976999994], [-1736328.1154999994, 865618.6917000003], [-1735209.6125000007, 866784.1348000001], [-1734707.2463000007, 866929.5756000001], [-1733653.1162, 866685.6341999993], [-1732395.7424999997, 865520.6989999991], [-1731214.7346, 863748.5073000006], [-1730484.1228999998, 863159.8793000001], [-1728745.1086999997, 862455.6294999998], [-1726762.4973000009, 861965.8134000003], [-1724577.4943000004, 862022.5676000006], [-1723866.9201999996, 862416.5372000001], [-1723366.6184, 863007.3114999998], [-1722638.4969999995, 863325.7017999999], [-1722136.1143999994, 863254.9393000007], [-1720268.8627000004, 861135.0134999994]]], [[[-1756300.3588999994, 858245.5640999991], [-1760547.8618, 855485.8759000003], [-1761772.1234000009, 854061.1231999993], [-1761926.2477000002, 852922.1895000003], [-1761672.9837999996, 852043.8760000002], [-1761190.3138999995, 852131.4854000006], [-1760077.7392999995, 852333.3813000005], [-1759829.9967999998, 851962.6932999995], [-1759594.4932000004, 850822.9403000008], [-1759613.1217999998, 849393.0102999993], [-1760429.6184999999, 846292.2564000003], [-1760727.9875000007, 843474.5688000005], [-1760426.7348999996, 840753.3175000008], [-1760676.115700001, 840471.3816], [-1761266.9704, 840167.8827], [-1761791.1125000007, 839898.6297999993], [-1762675.7337999996, 839739.2625999991], [-1763441.112400001, 839888.3242000006], [-1764300.4858999997, 840843.0034999996], [-1764315.8705000002, 845057.5745000001], [-1764073.7477000002, 848291.0061000008], [-1764990.989600001, 852073.4982999992], [-1765427.6231999993, 852292.1919], [-1769190.3726000004, 858777.3886999991], [-1769320.1174999997, 859458.2586000003], [-1768127.1165999994, 862170.1874000002], [-1766862.7468999997, 870415.5665000007], [-1764244.6164999995, 869817.1900999993], [-1764387.992900001, 871472.6294], [-1766152.484099999, 873930.0], [-1764715.4925999995, 874491.6272], [-1760015.8732999992, 875118.8231000006], [-1756558.4889000002, 874698.4423999991], [-1755466.6098999996, 873887.3852999993], [-1755517.6132999994, 873125.6930999998], [-1755904.8655999992, 871446.5625], [-1756884.9891999997, 870561.2530000005], [-1756106.3724000007, 867498.6247000005], [-1755364.3738000002, 866957.7561000008], [-1753351.1241999995, 864355.2559999991], [-1752875.7424999997, 861198.6981000006], [-1753064.4861999992, 860179.1874000002], [-1753366.8693000004, 859607.6315000001], [-1755256.3705000002, 857977.2597000003], [-1756300.3588999994, 858245.5640999991]]], [[[-1750937.9903999995, 856695.1952999998], [-1752992.7405999992, 854307.2600999996], [-1754798.9946999997, 852824.4425000008], [-1755116.4838999994, 852891.9445999991], [-1755904.2430000007, 853745.6328999996], [-1756055.9915999994, 854781.3802000005], [-1755474.8674999997, 855717.6930999998], [-1753251.2474000007, 857708.3162999991], [-1750253.1228, 862877.7631999999], [-1750005.1235000007, 863530.1752000004], [-1749704.2423999999, 864321.6359999999], [-1749830.9891, 864634.7015000004], [-1750077.9943000004, 864730.0726999994], [-1751817.614600001, 864648.8245000001], [-1752944.2440000009, 865745.1926000006], [-1754039.2358999997, 868096.6897999998], [-1753997.8662999999, 870209.0133999996], [-1754409.2357, 872104.9371000007], [-1753873.4953000005, 872485.5046999995], [-1752866.9114999995, 872897.5295000002], [-1751648.0730000008, 872769.2263999991], [-1750653.7772000004, 873089.9759999998], [-1749705.4876000006, 873959.3110000007], [-1747487.3726000004, 873824.7000999991], [-1746590.6107, 872403.3224999998], [-1745382.8641, 865737.1316999998], [-1745212.7490999997, 861994.5018000007], [-1745839.6173, 858786.1378000006], [-1746240.2389000002, 858077.0710000005], [-1746667.5384, 857653.7254000008], [-1747429.6190000009, 856898.6353999991], [-1750937.9903999995, 856695.1952999998]]], [[[-1740046.2348999996, 870160.7624999993], [-1739965.1176999994, 870240.6345000006], [-1739860.8662999999, 870421.1370999999], [-1739833.8654999994, 870522.1280000005], [-1739808.3719999995, 870820.7591999993], [-1739552.7488000002, 871062.3740999997], [-1738534.237400001, 870382.3889000006], [-1737806.6239999998, 868411.6394999996], [-1738274.4820000008, 867528.1865999997], [-1738620.990700001, 866873.8208000008], [-1739237.3731999993, 866682.3245999999], [-1739890.9308000002, 866274.4411999993], [-1740458.1122999992, 865920.4359000009], [-1741322.8597999997, 865290.2580999993], [-1742551.9875000007, 866606.8107999992], [-1743001.9903999995, 868884.2522999998], [-1742085.1089999992, 869113.2514999993], [-1741589.4436000008, 869320.4664999992], [-1740565.1162, 869748.6393999998], [-1740046.2348999996, 870160.7624999993]]], [[[-1753932.7399000004, 875044.3249999993], [-1753947.3707999997, 875388.5036999993], [-1756700.2432000004, 876700.8129999992], [-1762110.3710999992, 876345.5095000006], [-1762712.4995000008, 875932.5671999995], [-1763294.8687999994, 875135.6330999993], [-1764131.6160000004, 875043.2600999996], [-1765913.2449999992, 875630.2496000007], [-1766399.4892999995, 875947.6896000002], [-1767053.735200001, 877958.3833000008], [-1766025.1149000004, 880868.0014999993], [-1765151.4791, 881600.2126000002], [-1764402.1159000006, 882228.2010999992], [-1763640.9971999992, 882403.8868000004], [-1763005.8714000005, 882240.5711000003], [-1760332.8708999995, 879962.1955999993], [-1759895.7457999997, 880084.0761999991], [-1759823.1154999994, 880515.9420999996], [-1760100.3655999992, 881773.6271000002], [-1759450.3631999996, 884501.1370999999], [-1755117.4997000005, 889317.0009000003], [-1754697.6105000004, 889617.9421999995], [-1753731.2493999992, 889943.5087000001], [-1747469.4976000004, 880257.8121000007], [-1747618.985200001, 874847.7006000001], [-1747889.1246000007, 874306.5044], [-1750750.0003999993, 874340.8780000005], [-1751386.488500001, 873988.5618999992], [-1752546.1619000006, 873346.5658], [-1753352.727499999, 873178.0307999998], [-1754777.9903999995, 872880.1296999995], [-1753932.7399000004, 875044.3249999993]]], [[[-1760331.6094000004, 885814.0689000003], [-1761669.4940000009, 886469.9367999993], [-1761991.6198999994, 886380.3162999991], [-1762143.237400001, 886066.9396000002], [-1761936.8644999992, 885033.1910999995], [-1762506.8639000002, 884373.7514999993], [-1763553.7359999996, 883636.1929000001], [-1763959.7478999998, 883519.2602999993], [-1768419.1121999994, 883185.0758999996], [-1768785.9990999997, 883351.3243000004], [-1770196.1208999995, 884302.0714999996], [-1770976.3597, 885271.7585000005], [-1771120.3586999997, 885588.6250999998], [-1771013.2401, 885805.8769000005], [-1771021.8745000008, 886016.7554000001], [-1771335.2348999996, 886683.6988999993], [-1772509.7382999994, 887727.9986000005], [-1773850.4902, 888368.0067999996], [-1773993.7355000004, 888599.5128000006], [-1773364.8684, 889536.1369000003], [-1771998.6229999997, 889118.5743000004], [-1770017.6172000002, 889314.1337000001], [-1768842.1142999995, 889648.5638999995], [-1768689.3662999999, 889962.0062000006], [-1768816.8665999994, 890504.3166000005], [-1768761.7344000004, 891025.8192999996], [-1768481.7482999992, 892524.6275999993], [-1768263.4969999995, 892705.9494000003], [-1767898.3631999996, 892804.7612999994], [-1765104.8748000003, 892851.1280000005], [-1762820.4864000008, 892920.6944999993], [-1760974.0505999997, 893417.7684000004], [-1760650.8680000007, 893504.7512999997], [-1760137.4916999992, 893846.5706999991], [-1759489.6192000005, 893874.5709000006], [-1758620.8739999998, 893559.3754999992], [-1757814.3716000002, 893020.5057999995], [-1756423.3699999992, 890994.0015999991], [-1756352.1160000004, 890464.9458000008], [-1756825.7446999997, 889101.6331999991], [-1757285.6108, 888272.4389999993], [-1758243.2391999997, 887144.6298999991], [-1758528.6791999992, 886952.9381000008], [-1759841.4984000009, 886071.1994000003], [-1760331.6094000004, 885814.0689000003]]], [[[-1778584.7453000005, 890890.6349], [-1783087.3633999992, 892316.1249000002], [-1783877.875, 891993.5730000008], [-1786043.3647000007, 892670.3796999995], [-1787981.7392999995, 893519.3167000003], [-1788799.4975000005, 894303.7498000003], [-1788959.3726000004, 894885.0704999994], [-1788782.2452000007, 896309.8886999991], [-1788345.8737000003, 896446.8261999991], [-1785892.7465000004, 896675.7598000001], [-1784515.9989999998, 896451.4464999996], [-1783808.9967, 896211.6338999998], [-1783367.8738000002, 895592.4496999998], [-1781901.735200001, 895084.4474], [-1780287.6162999999, 894910.8752999995], [-1778716.3330000006, 895312.9154000003], [-1775114.8597999997, 896233.8833000008], [-1769622.7464000005, 895119.8859999999], [-1768658.8593000006, 893490.0712000001], [-1769432.2496000007, 890643.9409999996], [-1769851.4998000003, 890389.5139000006], [-1775915.1198999994, 890302.7606000006], [-1778584.7453000005, 890890.6349]]], [[[-1787984.9997000005, 897361.6923999991], [-1788883.8586999997, 897549.2564000003], [-1791139.8699999992, 898437.0725999996], [-1793259.4845000003, 900170.1885000002], [-1794655.8599999994, 900932.5032000002], [-1795229.8735000007, 901010.6876999997], [-1796069.1110999994, 900643.3748000003], [-1797114.3610999994, 901100.1279000007], [-1797736.9858999997, 901540.3824000005], [-1799689.5, 904359.5117000006], [-1799734.3594000004, 904639.2522], [-1798923.613500001, 905203.6973000001], [-1796631.9998000003, 904622.5733000003], [-1795360.1098999996, 904468.1867999993], [-1795081.3688999992, 904666.4988000002], [-1794770.6136000007, 905350.3833000008], [-1791781.7459999993, 905526.6915000007], [-1789319.9844000004, 905245.6895000003], [-1787530.8680000007, 904686.1922999993], [-1786631.8616000004, 903990.6260000002], [-1785706.6242999993, 902704.6950000003], [-1784335.4965000004, 899428.6977999993], [-1784197.7398000006, 898181.6295999996], [-1785031.9967, 897681.6391000003], [-1787984.9997000005, 897361.6923999991]]], [[[-1825857.3694000002, 923840.0713999998], [-1826454.3695999999, 923438.6962000001], [-1828259.739, 923982.5629999992], [-1831849.4898000006, 925271.0662999991], [-1836683.2448999994, 927524.5708000008], [-1840693.7368, 931840.2639000006], [-1840389.3712000009, 932409.8209000006], [-1836099.614, 930489.4359000009], [-1828496.864600001, 928851.3144000005], [-1821409.9981999993, 930192.3775999993], [-1819022.3741999995, 930926.8886999991], [-1815742.1172000002, 930509.3259999994], [-1813904.586100001, 929845.6756999996], [-1813808.3628000002, 928626.8535999991], [-1813166.8637000006, 927375.9516000003], [-1812397.0778, 926157.1294], [-1810265.2409000006, 925349.6930999998], [-1810222.9866000004, 924726.5112999994], [-1810398.1151, 924156.6921999995], [-1811398.3480999991, 923063.8336999994], [-1811863.3690000009, 922555.6969000008], [-1812350.7438999992, 922226.5750999991], [-1814910.2359999996, 922021.2016000003], [-1821411.4891, 922171.9507999998], [-1822983.239, 922855.9991999995], [-1823953.8598999996, 924016.0028000008], [-1825857.3694000002, 923840.0713999998]]], [[[-1831438.4970999993, 933306.4517000001], [-1830639.3674999997, 932504.3892999999], [-1830562.3627000004, 931059.0747999996], [-1832019.7358999997, 930609.6289000008], [-1839411.9836999997, 932342.0731000006], [-1840198.3665999994, 933175.5108000003], [-1840491.738500001, 933845.7638000008], [-1839338.6162, 936733.8861999996], [-1834178.8685999997, 935455.5736999996], [-1831438.4970999993, 933306.4517000001]]], [[[-1829305.4968999997, 932450.8136999998], [-1829977.2409000006, 933529.5690000001], [-1832566.1095000003, 935585.0073000006], [-1832063.1206999999, 936545.1261], [-1831828.6164999995, 936699.1357000005], [-1827930.2402999997, 936908.6379000004], [-1826146.366800001, 936797.1283999998], [-1823525.8607, 936118.3228999991], [-1818566.8662999999, 934440.1917000003], [-1817248.1181000005, 933778.6385999992], [-1817234.3718999997, 933399.693], [-1817520.616800001, 932827.8258999996], [-1817907.6231999993, 932072.8838999998], [-1822702.2369999997, 931342.6327], [-1825302.115700001, 931202.6314000003], [-1828379.7354000006, 931370.8786999993], [-1829128.4842000008, 931547.2523999996], [-1829305.4968999997, 932450.8136999998]]], [[[-1808912.3757000007, 939068.5010000002], [-1809225.987400001, 938868.7541000005], [-1809642.9930000007, 937699.9360000007], [-1809317.1152, 936716.0767999999], [-1809689.7365000006, 936169.8178000003], [-1811024.1150000002, 934923.1264999993], [-1815332.3696999997, 934900.5657000002], [-1815667.3734000009, 934973.3761999998], [-1816617.3669000007, 935645.3824000005], [-1817538.3607, 936513.0625999998], [-1818294.4986000005, 937581.7581999991], [-1821670.487400001, 940231.6243999992], [-1822244.1239999998, 940317.6896000002], [-1822599.492900001, 940112.5127000008], [-1822739.8710999992, 939726.8169999998], [-1822661.1131999996, 938571.0733000003], [-1823684.4905999992, 937703.3111000005], [-1825896.1175999995, 938068.9364], [-1832312.7474000007, 941736.1344000008], [-1832785.7370999996, 943393.0647], [-1830928.4959999993, 947264.6857999992], [-1830311.2451000009, 948126.0090999994], [-1827281.7467, 950223.5774000008], [-1826644.489600001, 950664.6934999991], [-1818612.364600001, 952256.0058999993], [-1816534.1197999995, 953219.3194999993], [-1816134.5304000005, 953715.9022000004], [-1815159.7478999998, 954337.3145000003], [-1814023.3701000009, 954604.3737000003], [-1813173.7206999995, 954677.8290999997], [-1809197.1187999994, 955021.1336000003], [-1807458.4978999998, 954866.6980000008], [-1802598.1186999995, 951924.6394999996], [-1802429.9860999994, 951476.9466999993], [-1802520.6224000007, 950948.1857999992], [-1803065.242900001, 949539.3748000003], [-1803301.1234000009, 948139.2636999991], [-1803074.8604000006, 946154.1947000008], [-1801940.612400001, 944427.2555], [-1800202.7452000007, 943547.7623999994], [-1799940.8632999994, 943028.5698000006], [-1800426.6161000002, 942051.8213], [-1803657.9997000005, 940651.1367000006], [-1805160.7402, 941247.3177000005], [-1806329.2469999995, 941050.5131000001], [-1806782.4940000009, 940656.2486000005], [-1807422.9936999995, 939383.9489999991], [-1808912.3757000007, 939068.5010000002]]], [[[-1827061.6097999997, 956810.5120999999], [-1829001.8685999997, 958165.6327999998], [-1835933.6114000008, 959467.5709000006], [-1838945.6131999996, 959675.3201000001], [-1838975.7433000002, 958869.4401999991], [-1840290.8706, 958278.3219000008], [-1841109.7430000007, 958844.5037999991], [-1843697.1206, 961483.0650999993], [-1847068.6201000009, 968740.6363999993], [-1845626.7462000009, 968547.125], [-1841584.8298000004, 966570.9033000004], [-1837351.0076000001, 965031.3315999992], [-1831962.5066, 964133.2425999995], [-1827788.3713000007, 963681.2572000008], [-1826642.2449999992, 963579.2013000008], [-1824465.7452000007, 960886.1960000005], [-1823745.1114000008, 957124.8882999998], [-1823809.6152, 956377.1389000006], [-1823206.3727000002, 955567.0647999998], [-1823223.8707999997, 955090.3886999991], [-1823545.8655999992, 954631.6859000009], [-1823985.1206, 954592.4462000001], [-1825145.4846, 954970.8838], [-1827061.6097999997, 956810.5120999999]]], [[[-1817784.6121999994, 1129051.8834000006], [-1821799.7408000007, 1129158.0025999993], [-1822636.6459, 1128940.4670000002], [-1834433.7380999997, 1125869.7501999997], [-1837550.4747000001, 1124292.0072000008], [-1840754.8654999994, 1122669.1358000003], [-1841200.0965999998, 1122216.2727000006], [-1843220.985200001, 1120160.3849], [-1850298.4964000005, 1109040.6295999996], [-1852547.8720999993, 1106568.2512999997], [-1852941.9891999997, 1106456.8892], [-1855004.9969999995, 1107792.5129000004], [-1856180.1229999997, 1107961.3827999998], [-1859504.7478999998, 1107834.8818999995], [-1860777.2598, 1107323.4694999997], [-1862081.361300001, 1106799.2492999993], [-1864774.9891999997, 1107856.6235000007], [-1863698.1180000007, 1112507.3857000005], [-1862464.3699999992, 1116166.6373999994], [-1861921.2502999995, 1117106.6493999995], [-1858455.8606000002, 1123102.0010000002], [-1854488.3603000008, 1128722.8762999997], [-1852266.3621999994, 1130814.3758000005], [-1847366.9803, 1134993.5304000005], [-1844543.1248000003, 1137401.0059999991], [-1836549.9937999994, 1137137.8789000008], [-1836093.9943000004, 1137050.7488000002], [-1835398.4934999999, 1136502.884299999], [-1825612.9857, 1138409.1298999991], [-1823923.8772, 1137824.4996000007], [-1821132.4041000009, 1139159.549900001], [-1820823.7673000004, 1139625.8510999996], [-1819230.958900001, 1142031.9272000007], [-1818069.9152000006, 1143110.6401000004], [-1817650.2469999995, 1143500.5069999993], [-1812551.3566999994, 1143804.9394000005], [-1812092.8597, 1143832.2502999995], [-1809637.6028000005, 1144624.6546], [-1805716.8622999992, 1145889.261499999], [-1805391.361300001, 1145730.1237000003], [-1803780.9944000002, 1143636.5106000006], [-1803580.7490999997, 1143123.8880000003], [-1803604.4980999995, 1142850.3751999997], [-1804251.4936999995, 1135390.0011], [-1806466.6105000004, 1131964.1393999998], [-1810031.8672000002, 1130245.6380000003], [-1812730.8184999991, 1129158.1306999996], [-1813763.8639000002, 1128741.7507000007], [-1814964.4998000003, 1128513.6361999996], [-1817784.6121999994, 1129051.8834000006]]], [[[-1654107.0, 3352382.5], [-1654029.625, 3352194.75], [-1653880.875, 3351692.0], [-1653863.875, 3351376.0], [-1653917.8749000002, 3351049.5], [-1654036.75, 3350528.25], [-1654219.375, 3350062.75], [-1654604.25, 3349389.0], [-1654804.2484000009, 3349173.751599999], [-1654872.25, 3349172.0], [-1654943.5, 3349231.0], [-1654949.9995000008, 3349422.25], [-1654758.75, 3349752.25], [-1654582.875, 3350606.75], [-1656157.75, 3350792.0], [-1656767.875, 3350614.0], [-1656912.375, 3350791.5], [-1657353.875, 3351719.0], [-1657353.4999000002, 3351781.2491999995], [-1657225.25, 3351919.25], [-1657019.75, 3352004.75], [-1654383.625, 3352553.5], [-1654319.625, 3352558.25], [-1654107.0, 3352382.5]]], [[[-1646364.75, 566873.3751999997], [-1647567.875, 566814.625], [-1648253.5, 566509.625], [-1650149.875, 567980.25], [-1652176.625, 571155.8125], [-1653357.75, 573988.4375], [-1651846.0, 577011.4375], [-1649955.875, 582707.1875], [-1649531.5000999998, 586678.875], [-1649763.75, 587605.5], [-1650994.625, 588743.75], [-1652154.25, 589103.125], [-1653117.0, 588996.875], [-1658555.625, 597478.6875], [-1658433.25, 598065.375], [-1656956.5, 600654.375], [-1653521.4954000004, 604334.7533999998], [-1647147.375, 610482.875], [-1645973.1246000007, 612561.1261999998], [-1645608.875, 614074.9375], [-1645265.875, 614250.625], [-1640573.0, 614058.1875], [-1639874.125, 612747.9375], [-1641012.375, 609474.8125], [-1640691.875, 607487.8125], [-1639406.4992999993, 606009.3125999998], [-1637715.0, 603361.875], [-1637267.875, 601548.25], [-1637331.5, 600835.25], [-1637614.5, 600380.1875], [-1639133.125, 599559.625], [-1640048.625, 599338.75], [-1641564.1245000008, 599574.5623000003], [-1642067.625, 600060.25], [-1642185.125, 600621.3125], [-1643121.625, 601879.25], [-1643868.375, 602272.0625], [-1645208.375, 602284.875], [-1649243.25, 601373.625], [-1650314.625, 597664.375], [-1649967.5, 595739.5625], [-1647867.0, 593346.875], [-1646874.0, 590142.625], [-1646801.375, 585873.75], [-1646940.1245000008, 582735.2506000008], [-1648788.75, 571506.4375], [-1648717.5, 571102.25], [-1648302.125, 570811.375], [-1647640.4999000002, 570935.3123000003], [-1646107.25, 572807.125], [-1645409.1242999993, 576265.9999000002], [-1645362.75, 579381.6875], [-1643459.125, 578618.4375], [-1642874.75, 577757.1875], [-1642020.0, 575903.0], [-1641188.625, 572973.9375], [-1640362.0, 571790.0], [-1638469.0, 570173.1875], [-1636883.0, 569373.6875], [-1636886.6239999998, 563318.5724], [-1637220.0, 560787.125], [-1638236.2498000003, 558765.7493999992], [-1639254.875, 558331.375], [-1640347.375, 557448.0], [-1641003.75, 555444.625], [-1644534.125, 557790.875], [-1644911.25, 559103.75], [-1644922.875, 560140.375], [-1644235.375, 561060.5625], [-1643927.0, 562482.625], [-1644281.75, 564118.0], [-1645064.0, 566196.6875], [-1645459.0, 566636.0625], [-1646364.75, 566873.3751999997]]], [[[-1640211.875, 628214.875], [-1640273.25, 628816.375], [-1638998.25, 632703.3125], [-1638548.0, 634458.6875], [-1638004.25, 634618.6875], [-1637603.125, 634102.75], [-1635691.125, 629989.4375], [-1636063.875, 627943.5625], [-1639106.625, 627462.3125], [-1640211.875, 628214.875]]], [[[-1644807.0, 631044.3125], [-1645072.4954000004, 634929.5136999991], [-1644597.375, 636087.75], [-1642420.625, 638040.3125], [-1641948.125, 638051.6875], [-1640874.25, 636750.1875], [-1640271.125, 632764.3125], [-1642153.625, 630601.0], [-1644654.75, 630846.3125], [-1644807.0, 631044.3125]]], [[[-1636431.0, 651274.9375], [-1636548.25, 650521.125], [-1635811.0, 646907.375], [-1635322.0, 646102.5625], [-1634642.0, 645553.1875], [-1633602.875, 643053.0625], [-1633519.75, 640587.8125], [-1633722.8753999993, 639486.0006000008], [-1633879.375, 639382.875], [-1635237.0, 640988.3125], [-1636833.875, 644719.25], [-1637217.25, 646815.0625], [-1637306.625, 648372.4375], [-1638019.0, 649320.0], [-1638521.5, 649527.625], [-1638996.625, 649613.25], [-1638977.625, 650786.9375], [-1638750.1247000005, 651599.9999000002], [-1637746.75, 653189.0], [-1637478.5, 653062.9375], [-1636966.625, 652340.0625], [-1636431.0, 651274.9375]]], [[[-1384157.4922000002, 2999549.7590999994], [-1384856.1714999992, 2997881.867900001], [-1384888.579, 2995807.6207], [-1384467.2480999995, 2992242.495100001], [-1384305.1939000003, 2989779.3245], [-1383852.2419000007, 2986799.5009000003], [-1384303.6210999992, 2986711.7481999993], [-1389399.9953000005, 2988571.2502999995], [-1390257.1242999993, 2989249.4987000003], [-1391238.7389000002, 2990383.7630000003], [-1393193.4975000005, 2993861.2507000007], [-1394531.3658000007, 2997249.511], [-1394191.6108, 3003818.7577], [-1393579.3735000007, 3005547.0076], [-1393173.7383999992, 3005973.761600001], [-1392807.8673, 3005982.5107000005], [-1392430.1177999992, 3005387.7551000006], [-1391721.7391999997, 3004844.2487000003], [-1389426.1114000008, 3003613.499], [-1389021.8690000009, 3003541.9991999995], [-1388646.2493999992, 3003776.2576], [-1387808.6826000009, 3004875.7715000007], [-1387425.8707999997, 3005378.2523999996], [-1386719.9989, 3005777.7598], [-1386137.9901, 3005780.0045], [-1384821.9944000002, 3003285.7534], [-1384157.4922000002, 2999549.7590999994]]], [[[-1275263.3660000004, 3007019.0117000006], [-1274801.2389000002, 3005668.757099999], [-1275041.6249000002, 3005108.260500001], [-1275950.363500001, 3004519.2556999996], [-1278604.6206, 3004140.261], [-1279581.1234000009, 3005291.2534], [-1279546.4876000006, 3005750.2511], [-1277999.7397000007, 3007009.0011], [-1276967.4986000005, 3007607.2628000006], [-1276148.9867000002, 3007716.757099999], [-1275263.3660000004, 3007019.0117000006]]], [[[-1389212.6115000006, 3013992.009299999], [-1389967.6190000009, 3015414.7631], [-1390411.8712000009, 3017309.9987000003], [-1390721.741800001, 3020249.7633999996], [-1390575.1213000007, 3020756.7499], [-1390156.8706, 3021313.7567999996], [-1389739.8650000002, 3021218.7623999994], [-1388756.235200001, 3019224.7640000004], [-1387676.8737000003, 3013218.5043], [-1387763.1190000009, 3012893.5112999994], [-1388036.7481999993, 3012792.7497000005], [-1388413.7441000007, 3012973.0064000003], [-1389212.6115000006, 3013992.009299999]]], [[[-1286561.739600001, 3020597.251700001], [-1284072.8626000006, 3021784.256100001], [-1282431.1202000007, 3022381.7642], [-1280584.6107, 3021694.5045999996], [-1280036.4838999994, 3021138.759299999], [-1279393.6249000002, 3018025.7501], [-1280497.6116000004, 3016582.2542000003], [-1284850.8731999993, 3016097.5008000005], [-1286998.3731999993, 3016421.7565], [-1287476.9989999998, 3016727.498400001], [-1288030.1228999998, 3018965.2578], [-1287908.2423, 3019556.261499999], [-1287281.7159000002, 3020040.6565000005], [-1286561.739600001, 3020597.251700001]]], [[[-1387095.487400001, 3025364.7499], [-1386812.9945, 3025212.2641000003], [-1385596.7445999999, 3023665.7619000003], [-1384411.9847999997, 3021073.5018000007], [-1383899.8701000009, 3018811.756100001], [-1384022.9958999995, 3018482.0118000004], [-1384435.987400001, 3018226.0118000004], [-1384711.6153999995, 3018329.263699999], [-1385129.1125000007, 3019131.5063000005], [-1385642.9967, 3019673.5054], [-1386875.7452000007, 3020348.7556], [-1387517.9979999997, 3022612.0086000003], [-1387557.4998000003, 3024154.2509000003], [-1387409.8636000007, 3025154.0025999993], [-1387095.487400001, 3025364.7499]]], [[[-1287611.4953000005, 3022225.0021], [-1291356.2387000006, 3024886.501], [-1291356.7466000002, 3025146.4987000003], [-1290959.9916999992, 3025486.761600001], [-1290616.3699999992, 3025545.2524999995], [-1289021.7480999995, 3025327.0012], [-1287043.3637000006, 3024178.2534], [-1286639.1213000007, 3024249.7532], [-1286192.7391999997, 3024641.511], [-1284686.2467999998, 3024152.7599], [-1284767.1182000004, 3023793.999500001], [-1286785.1191000007, 3022334.004899999], [-1287611.4953000005, 3022225.0021]]], [[[-1342771.2459999993, 3023471.7589999996], [-1343815.9880999997, 3020440.2601999994], [-1344652.9975000005, 3019406.003799999], [-1346516.4973000009, 3017903.754899999], [-1347284.4973000009, 3017579.4990999997], [-1347547.2475000005, 3017627.5042000003], [-1348113.9865000006, 3024469.5118000004], [-1349716.8659000006, 3026398.252699999], [-1351167.7347, 3027620.0076], [-1352041.3622999992, 3030974.500499999], [-1351840.7402999997, 3031784.5090999994], [-1351376.3684999999, 3032062.5128000006], [-1350198.6210999992, 3032113.008300001], [-1348720.8662, 3031188.9998000003], [-1348191.4991999995, 3029275.5123999994], [-1347768.8739, 3029504.0036999993], [-1346599.7444000002, 3029512.9985000007], [-1346018.6203000005, 3029340.9992999993], [-1344131.986300001, 3027253.0058999993], [-1342788.1215000004, 3023805.5011], [-1342771.2459999993, 3023471.7589999996]]], [[[-1352958.8662999999, 3044580.5113999993], [-1353346.4954000004, 3045922.7542000003], [-1353141.8592000008, 3046383.0134999994], [-1352584.8687999994, 3046685.0034], [-1351409.8738000002, 3046981.0131], [-1350667.1216000002, 3046855.003799999], [-1350021.116800001, 3046506.4997000005], [-1348127.1099999994, 3042873.0036999993], [-1347517.7399000004, 3039818.255999999], [-1347990.1234000009, 3036738.7521], [-1348276.9909000006, 3036591.5090999994], [-1348583.8631999996, 3036761.263800001], [-1348704.9901, 3037849.5054], [-1349389.4971999992, 3040257.0031000003], [-1349982.2376000006, 3041717.7513999995], [-1351762.3592000008, 3044023.0130000003], [-1352958.8662999999, 3044580.5113999993]]], [[[-1284379.6202000007, 3044862.250600001], [-1285434.2419000007, 3045692.7556], [-1287512.3720999993, 3045199.2531000003], [-1288833.8727000002, 3044543.7621], [-1288299.8690000009, 3047071.7641000003], [-1286488.6177999992, 3047820.005000001], [-1286037.7465000004, 3047659.5073000006], [-1283989.6154999994, 3045503.7498000003], [-1283995.7431000005, 3044920.5121], [-1284379.6202000007, 3044862.250600001]]], [[[-1311435.0, 3048801.7498000003], [-1310304.7443000004, 3048717.7499], [-1307138.1103000008, 3047486.2629000004], [-1306168.2431000005, 3046927.7488], [-1305116.9965000004, 3045923.0], [-1304488.3587999996, 3044832.0057999995], [-1304668.4845000003, 3044716.007099999], [-1307256.1242999993, 3046739.0051000006], [-1311390.2498000003, 3046750.7523999996], [-1313127.6092000008, 3046044.0121999998], [-1313317.6144999992, 3048064.2577], [-1313229.3702000007, 3048350.2567999996], [-1312784.9869999997, 3048567.0007000007], [-1311435.0, 3048801.7498000003]]], [[[-1340151.9849999994, 3050593.2591999993], [-1333910.2380999997, 3053294.2599], [-1333205.4967, 3053274.7629000004], [-1331287.3727000002, 3052372.758199999], [-1331032.2410000004, 3052020.5022], [-1331040.7443000004, 3051504.0129000004], [-1331376.3706, 3050898.7552000005], [-1332045.2474000007, 3050266.5130000003], [-1336680.625, 3046922.5058999993], [-1338594.4891999997, 3046606.7534], [-1340234.4948999994, 3046661.5088], [-1340654.7445, 3047887.2612999994], [-1340801.2337999996, 3049146.0112999994], [-1340634.4937999994, 3050153.7584000006], [-1340151.9849999994, 3050593.2591999993]]], [[[-1451253.8699999992, 3113203.008199999], [-1450986.6158000007, 3113639.0058999993], [-1451117.8680000007, 3114129.0022], [-1452791.2478999998, 3115144.4989], [-1453517.9930000007, 3115029.4996000007], [-1460439.364600001, 3112178.5034], [-1460946.8589999992, 3119890.2556], [-1461402.2358999997, 3120354.512599999], [-1461787.8661000002, 3120494.7596000005], [-1465109.9843000006, 3119414.0055], [-1465222.3620999996, 3119779.008199999], [-1458922.8616000004, 3122741.5139000006], [-1456302.6175999995, 3123601.7558999993], [-1453662.3687999994, 3124088.2623999994], [-1452823.8684, 3123895.2588], [-1451630.7364000008, 3122971.2503999993], [-1448792.9947999995, 3119043.2519000005], [-1448434.2344000004, 3118211.5018000007], [-1448018.113500001, 3114633.0067999996], [-1448438.4942000005, 3112269.2543], [-1448785.4909000006, 3112177.258199999], [-1450190.2387000006, 3112437.0100999996], [-1451035.2434999999, 3112775.5035999995], [-1451253.8699999992, 3113203.008199999]]], [[[-1556223.9971999992, 3262800.498299999], [-1555411.7508000005, 3261944.001], [-1556078.875, 3261339.5], [-1561417.5, 3260768.75], [-1561891.0, 3261178.75], [-1561612.4992999993, 3262032.2498000003], [-1561946.75, 3264799.75], [-1562362.125, 3265090.75], [-1563645.0, 3265077.0], [-1563286.5, 3265403.0], [-1562050.25, 3265822.0], [-1561649.875, 3265775.5], [-1557913.625, 3264121.5], [-1556223.9971999992, 3262800.498299999]]]]}}]}