{"type":"FeatureCollection","name":"Upper_Columbia_Basin_Canada","features":[{"type":"Feature","properties":{"Label":"Upper Columbia Basin","Region":"Canada (British Columbia)","OBJECTID":1},"geometry":{"type":"Polygon","coordinates":[[[-120.8519,49.00002],[-120.84831,49.00489],[-120.84974,49.01127],[-120.84864,49.0132],[-120.84364,49.01285],[-120.84063,49.0112],[-120.83588,49.01053],[-120.83385,49.01037],[-120.83159,49.01168],[-120.83234,49.01442],[-120.83158,49.02088],[-120.83056,49.02168],[-120.82952,49.02513],[-120.82644,49.02618],[-120.82815,49.02769],[-120.82849,49.02972],[-120.83053,49.03277],[-120.83052,49.0358],[-120.82961,49.03644],[-120.8295,49.03859],[-120.82584,49.04065],[-120.82538,49.04197],[-120.82244,49.0443],[-120.81912,49.04506],[-120.81818,49.0472],[-120.81912,49.04786],[-120.82142,49.05344],[-120.82344,49.05553],[-120.8265,49.05729],[-120.83858,49.05732],[-120.85969,49.05121],[-120.86694,49.04795],[-120.86912,49.0481],[-120.87306,49.04992],[-120.88113,49.04948],[-120.88411,49.05279],[-120.88432,49.05571],[-120.88628,49.06141],[-120.88414,49.06769],[-120.88676,49.07169],[-120.89123,49.07548],[-120.89121,49.07744],[-120.89839,49.07837],[-120.9044,49.07621],[-120.91072,49.0783],[-120.91071,49.07894],[-120.9147,49.07968],[-120.91956,49.08371],[-120.92142,49.08632],[-120.92407,49.08558],[-120.93116,49.08607],[-120.93381,49.08726],[-120.93729,49.08743],[-120.94031,49.08902],[-120.94891,49.08899],[-120.94991,49.0901],[-120.95008,49.09211],[-120.95617,49.09278],[-120.95942,49.09529],[-120.96518,49.09672],[-120.96644,49.09812],[-120.96555,49.10094],[-120.96609,49.10272],[-120.9654,49.10414],[-120.958,49.10551],[-120.95617,49.10395],[-120.94403,49.10463],[-120.94127,49.10511],[-120.93634,49.10872],[-120.93287,49.10949],[-120.92918,49.10878],[-120.92699,49.11117],[-120.92345,49.11255],[-120.92362,49.11656],[-120.92056,49.11732],[-120.91109,49.11808],[-120.9038,49.11645],[-120.90122,49.11453],[-120.89901,49.11454],[-120.89531,49.11243],[-120.88943,49.11441],[-120.88885,49.11534],[-120.88503,49.1161],[-120.87331,49.11471],[-120.86983,49.11557],[-120.86844,49.11808],[-120.86549,49.11968],[-120.86347,49.12353],[-120.86446,49.12606],[-120.85985,49.12877],[-120.85758,49.13252],[-120.85655,49.13241],[-120.85535,49.13397],[-120.85779,49.13652],[-120.86522,49.14088],[-120.86301,49.14396],[-120.86704,49.14645],[-120.86883,49.14866],[-120.86855,49.1496],[-120.87376,49.15133],[-120.87524,49.15462],[-120.87753,49.15644],[-120.87827,49.1582],[-120.88067,49.15895],[-120.88844,49.1648],[-120.89099,49.16564],[-120.89731,49.17104],[-120.88861,49.17642],[-120.88207,49.17874],[-120.88626,49.18192],[-120.88818,49.18449],[-120.89078,49.1858],[-120.8938,49.18927],[-120.89743,49.19077],[-120.89335,49.19443],[-120.891,49.1954],[-120.88983,49.203],[-120.89188,49.20689],[-120.89202,49.21066],[-120.87939,49.20859],[-120.87238,49.20531],[-120.86592,49.20578],[-120.85959,49.20886],[-120.85484,49.21426],[-120.85595,49.21615],[-120.85597,49.21898],[-120.84794,49.22002],[-120.84561,49.22348],[-120.84805,49.22521],[-120.84727,49.22675],[-120.84822,49.22803],[-120.84752,49.23074],[-120.84939,49.23257],[-120.84955,49.23493],[-120.84611,49.23843],[-120.84698,49.23966],[-120.84552,49.24071],[-120.8492,49.24332],[-120.84833,49.24564],[-120.83833,49.25275],[-120.83401,49.25245],[-120.83181,49.25323],[-120.83181,49.25267],[-120.82624,49.25243],[-120.82392,49.25078],[-120.82105,49.25013],[-120.81845,49.25711],[-120.8156,49.25866],[-120.81767,49.26166],[-120.81871,49.26204],[-120.81868,49.26403],[-120.81771,49.26543],[-120.81877,49.26926],[-120.82057,49.27078],[-120.82271,49.27521],[-120.82188,49.27612],[-120.82266,49.27712],[-120.82141,49.27847],[-120.82106,49.28158],[-120.82121,49.28301],[-120.82207,49.28334],[-120.81303,49.28359],[-120.81405,49.28559],[-120.81389,49.2882],[-120.81079,49.29041],[-120.81392,49.29298],[-120.82631,49.2946],[-120.83081,49.29644],[-120.83635,49.29521],[-120.83689,49.29551],[-120.83519,49.29702],[-120.83635,49.29747],[-120.84077,49.29646],[-120.84735,49.29647],[-120.84968,49.29738],[-120.84966,49.29852],[-120.85268,49.2969],[-120.85915,49.29626],[-120.86453,49.29954],[-120.86698,49.30205],[-120.86975,49.30325],[-120.87807,49.30231],[-120.88028,49.30455],[-120.8822,49.30525],[-120.88715,49.31057],[-120.89512,49.31088],[-120.90084,49.30968],[-120.90514,49.30719],[-120.90756,49.30677],[-120.90886,49.3026],[-120.91156,49.30081],[-120.91444,49.30164],[-120.91636,49.3004],[-120.91538,49.30001],[-120.92043,49.29851],[-120.92203,49.29723],[-120.92102,49.29638],[-120.92499,49.29518],[-120.92334,49.29335],[-120.92696,49.28969],[-120.92592,49.28894],[-120.92651,49.28815],[-120.92859,49.2873],[-120.92848,49.28565],[-120.92981,49.28246],[-120.93333,49.28112],[-120.93516,49.27928],[-120.93439,49.27568],[-120.93491,49.27468],[-120.93783,49.27391],[-120.94159,49.27114],[-120.94439,49.27038],[-120.95657,49.27762],[-120.96274,49.27888],[-120.96496,49.27772],[-120.96416,49.27491],[-120.97466,49.2727],[-120.97574,49.27183],[-120.9792,49.27242],[-120.98317,49.27429],[-120.98789,49.27419],[-120.99578,49.27708],[-121.00029,49.27716],[-121.00105,49.27999],[-120.99915,49.28126],[-120.99987,49.28389],[-120.99875,49.28515],[-120.99933,49.28698],[-120.99742,49.29002],[-120.99741,49.29262],[-120.99398,49.29414],[-120.99461,49.29719],[-120.99727,49.2985],[-120.99858,49.30081],[-120.99968,49.30125],[-120.99849,49.30444],[-120.99823,49.31312],[-121.00036,49.31321],[-121.00575,49.31098],[-121.00716,49.31128],[-121.00635,49.30947],[-121.00942,49.30623],[-121.02302,49.3029],[-121.026,49.30389],[-121.02598,49.30461],[-121.02709,49.30434],[-121.03133,49.30945],[-121.0335,49.31023],[-121.03453,49.31279],[-121.03782,49.31543],[-121.03808,49.31762],[-121.04168,49.31825],[-121.04204,49.31969],[-121.04312,49.32007],[-121.03993,49.32298],[-121.0414,49.32613],[-121.04133,49.32799],[-121.04976,49.33284],[-121.05558,49.33361],[-121.06031,49.3318],[-121.0659,49.33169],[-121.07611,49.3276],[-121.0801,49.32796],[-121.08927,49.3378],[-121.09163,49.33836],[-121.0926,49.34195],[-121.09486,49.34254],[-121.09438,49.34537],[-121.09812,49.34724],[-121.09769,49.34878],[-121.09592,49.3512],[-121.08567,49.34774],[-121.07648,49.35149],[-121.07294,49.3558],[-121.06864,49.35798],[-121.06419,49.35785],[-121.06187,49.35933],[-121.06183,49.36081],[-121.05963,49.36143],[-121.06065,49.36393],[-121.05997,49.36728],[-121.06708,49.36844],[-121.07197,49.36798],[-121.07446,49.369],[-121.08051,49.36833],[-121.08023,49.36965],[-121.08578,49.37076],[-121.08682,49.37154],[-121.08681,49.37292],[-121.08865,49.37258],[-121.09121,49.37362],[-121.09137,49.37298],[-121.09339,49.37295],[-121.09766,49.37414],[-121.10037,49.37579],[-121.10345,49.37619],[-121.10655,49.37918],[-121.10798,49.37922],[-121.111,49.38131],[-121.11645,49.38762],[-121.11636,49.38959],[-121.11402,49.39189],[-121.1107,49.39338],[-121.10863,49.39245],[-121.10224,49.39242],[-121.09698,49.39599],[-121.09748,49.39833],[-121.09644,49.3998],[-121.09631,49.4028],[-121.09986,49.40786],[-121.09909,49.40951],[-121.09961,49.41101],[-121.09213,49.41421],[-121.09256,49.41548],[-121.09112,49.416],[-121.09176,49.41682],[-121.08944,49.41945],[-121.08992,49.42104],[-121.08764,49.42441],[-121.08761,49.42538],[-121.09039,49.4262],[-121.09021,49.4307],[-121.09183,49.43387],[-121.09542,49.43417],[-121.09492,49.43684],[-121.09362,49.43763],[-121.09447,49.43885],[-121.08941,49.44161],[-121.08947,49.44457],[-121.08767,49.44541],[-121.08803,49.44714],[-121.08521,49.44995],[-121.08625,49.45179],[-121.0854,49.45258],[-121.08559,49.45387],[-121.07868,49.45728],[-121.07949,49.46096],[-121.07886,49.4621],[-121.08039,49.46511],[-121.08159,49.46484],[-121.08698,49.46647],[-121.09011,49.47181],[-121.08405,49.47247],[-121.0801,49.47158],[-121.074,49.47365],[-121.07298,49.47311],[-121.07356,49.47223],[-121.07284,49.47112],[-121.06872,49.46925],[-121.06058,49.46908],[-121.05622,49.47157],[-121.05103,49.47222],[-121.04897,49.47348],[-121.04932,49.47472],[-121.05498,49.4756],[-121.05743,49.4788],[-121.05911,49.47972],[-121.06027,49.48314],[-121.06146,49.48421],[-121.06297,49.4897],[-121.06578,49.49001],[-121.06808,49.49323],[-121.07107,49.49377],[-121.0737,49.49599],[-121.07203,49.49948],[-121.07133,49.5041],[-121.07333,49.50488],[-121.07363,49.50768],[-121.07662,49.50998],[-121.08062,49.51535],[-121.0792,49.5178],[-121.0779,49.51818],[-121.07803,49.52015],[-121.0676,49.52529],[-121.06332,49.52635],[-121.05894,49.52519],[-121.05616,49.52596],[-121.05318,49.52556],[-121.0512,49.52626],[-121.04994,49.52828],[-121.04529,49.52932],[-121.04544,49.53083],[-121.04715,49.53191],[-121.04659,49.53392],[-121.04837,49.53593],[-121.04867,49.53948],[-121.04748,49.53982],[-121.0487,49.54078],[-121.0487,49.54267],[-121.04643,49.54532],[-121.04643,49.54628],[-121.04482,49.54732],[-121.03559,49.54971],[-121.03497,49.55167],[-121.03626,49.55533],[-121.03716,49.55569],[-121.03488,49.55847],[-121.03465,49.55994],[-121.03557,49.56124],[-121.03297,49.56485],[-121.03324,49.56778],[-121.03457,49.56735],[-121.039,49.56878],[-121.03704,49.56971],[-121.03913,49.57102],[-121.03941,49.57469],[-121.04134,49.57571],[-121.0427,49.57815],[-121.04008,49.57981],[-121.04125,49.58348],[-121.03848,49.58382],[-121.03709,49.587],[-121.03546,49.5864],[-121.02593,49.58999],[-121.0164,49.5871],[-121.00834,49.59073],[-121.00675,49.5927],[-121.00405,49.59405],[-120.98961,49.59756],[-120.99312,49.60118],[-120.99267,49.60303],[-120.98296,49.60965],[-120.98265,49.61142],[-120.97501,49.61052],[-120.97268,49.60905],[-120.97216,49.6077],[-120.96993,49.60694],[-120.96049,49.61399],[-120.96146,49.61649],[-120.96036,49.61806],[-120.96167,49.62028],[-120.96453,49.62226],[-120.96951,49.62801],[-120.96715,49.63316],[-120.96554,49.63418],[-120.96737,49.63587],[-120.95744,49.6418],[-120.95814,49.64428],[-120.96055,49.64496],[-120.96165,49.64755],[-120.9612,49.64851],[-120.96348,49.65102],[-120.95966,49.6544],[-120.95905,49.65795],[-120.96134,49.66277],[-120.96041,49.66516],[-120.95837,49.66605],[-120.96056,49.66864],[-120.95857,49.67061],[-120.95862,49.67279],[-120.95667,49.67601],[-120.95759,49.67775],[-120.96383,49.67932],[-120.96579,49.68113],[-120.96819,49.68113],[-120.97178,49.68508],[-120.97079,49.68634],[-120.97268,49.68742],[-120.97254,49.68845],[-120.96995,49.69012],[-120.96291,49.69158],[-120.96201,49.69384],[-120.96276,49.69684],[-120.95867,49.70074],[-120.95969,49.70221],[-120.95924,49.70461],[-120.95696,49.70674],[-120.95622,49.70871],[-120.95306,49.71111],[-120.95275,49.71245],[-120.95072,49.71285],[-120.95077,49.71395],[-120.94853,49.7151],[-120.94852,49.71589],[-120.94048,49.71515],[-120.93334,49.71596],[-120.93116,49.71831],[-120.93366,49.72076],[-120.93252,49.72232],[-120.93272,49.72472],[-120.93172,49.72531],[-120.93142,49.72693],[-120.92341,49.7296],[-120.91699,49.7301],[-120.9152,49.73366],[-120.91598,49.73876],[-120.91669,49.73941],[-120.91475,49.74813],[-120.9164,49.74946],[-120.92085,49.74959],[-120.92036,49.75071],[-120.92184,49.75129],[-120.92175,49.75261],[-120.92624,49.75331],[-120.92529,49.75442],[-120.92035,49.75754],[-120.92012,49.75853],[-120.91642,49.76034],[-120.91093,49.76175],[-120.90401,49.76562],[-120.89776,49.7667],[-120.89522,49.76873],[-120.89258,49.76889],[-120.8942,49.77082],[-120.89301,49.77504],[-120.89446,49.77702],[-120.89173,49.78074],[-120.89375,49.78214],[-120.88984,49.78365],[-120.8869,49.78259],[-120.88241,49.7854],[-120.87784,49.78614],[-120.87718,49.788],[-120.87876,49.79008],[-120.87885,49.79184],[-120.87666,49.79284],[-120.87664,49.79364],[-120.88075,49.7978],[-120.88046,49.80251],[-120.88399,49.8055],[-120.88427,49.80817],[-120.8773,49.81222],[-120.87438,49.81543],[-120.87084,49.82205],[-120.86751,49.82415],[-120.86591,49.82652],[-120.86311,49.8279],[-120.86613,49.83255],[-120.86601,49.8336],[-120.86801,49.83343],[-120.87009,49.83786],[-120.86986,49.83907],[-120.87474,49.8436],[-120.87372,49.84491],[-120.87469,49.84605],[-120.87271,49.84683],[-120.87457,49.84819],[-120.87335,49.85057],[-120.86961,49.85271],[-120.86664,49.85323],[-120.86617,49.85436],[-120.86202,49.85594],[-120.85763,49.85998],[-120.85173,49.86245],[-120.85132,49.86349],[-120.84852,49.86366],[-120.84477,49.86538],[-120.84225,49.86839],[-120.83499,49.86935],[-120.83399,49.86811],[-120.83087,49.8668],[-120.8309,49.86615],[-120.82574,49.86496],[-120.82217,49.86627],[-120.82031,49.86462],[-120.81628,49.86305],[-120.81243,49.86415],[-120.81047,49.86313],[-120.8076,49.8635],[-120.80645,49.86271],[-120.80495,49.86352],[-120.80389,49.86582],[-120.79402,49.86826],[-120.79324,49.86979],[-120.79133,49.87],[-120.78806,49.87238],[-120.78252,49.87398],[-120.77649,49.87848],[-120.77549,49.8782],[-120.77759,49.87977],[-120.77367,49.88354],[-120.77668,49.88402],[-120.77926,49.88631],[-120.78092,49.88672],[-120.78637,49.89134],[-120.78617,49.89292],[-120.78865,49.89428],[-120.79134,49.89107],[-120.79154,49.88969],[-120.79313,49.89014],[-120.79732,49.8942],[-120.79475,49.89647],[-120.79584,49.89904],[-120.78991,49.89935],[-120.78755,49.9009],[-120.7808,49.9021],[-120.7803,49.90361],[-120.78208,49.90769],[-120.77788,49.90828],[-120.77625,49.90769],[-120.77376,49.90858],[-120.77057,49.90814],[-120.769,49.90992],[-120.76467,49.91159],[-120.76301,49.91074],[-120.76001,49.91064],[-120.75641,49.90611],[-120.75638,49.90459],[-120.75399,49.90287],[-120.74978,49.90264],[-120.75105,49.90135],[-120.7507,49.9009],[-120.74785,49.89961],[-120.74652,49.89732],[-120.74366,49.8965],[-120.73675,49.89251],[-120.73293,49.88749],[-120.72531,49.88613],[-120.72453,49.88529],[-120.72535,49.88322],[-120.72338,49.88167],[-120.72359,49.88115],[-120.72245,49.88095],[-120.72248,49.87909],[-120.71628,49.87934],[-120.71099,49.8822],[-120.70906,49.88231],[-120.70818,49.8855],[-120.71048,49.88979],[-120.70927,49.8905],[-120.6973,49.8908],[-120.69715,49.89221],[-120.69583,49.89364],[-120.68892,49.89299],[-120.68818,49.8938],[-120.68865,49.8965],[-120.68797,49.89815],[-120.68958,49.90027],[-120.68719,49.90192],[-120.68616,49.90379],[-120.68662,49.90705],[-120.68577,49.90791],[-120.68595,49.90912],[-120.68789,49.91387],[-120.69405,49.91677],[-120.69387,49.91744],[-120.69279,49.91809],[-120.69053,49.91685],[-120.67508,49.91601],[-120.66986,49.91696],[-120.66683,49.92026],[-120.66703,49.92275],[-120.6658,49.92407],[-120.66627,49.92633],[-120.66468,49.92804],[-120.66298,49.92842],[-120.66301,49.93015],[-120.6619,49.93029],[-120.66166,49.93291],[-120.65854,49.93921],[-120.6602,49.94009],[-120.65833,49.94176],[-120.65782,49.9449],[-120.65284,49.9472],[-120.65159,49.94897],[-120.65149,49.95099],[-120.65267,49.95279],[-120.65237,49.95438],[-120.65491,49.95713],[-120.65527,49.95916],[-120.66008,49.96076],[-120.66211,49.96275],[-120.66071,49.96582],[-120.65798,49.96799],[-120.65824,49.96979],[-120.65763,49.97053],[-120.65465,49.97197],[-120.64966,49.97245],[-120.64951,49.97501],[-120.64766,49.97898],[-120.64377,49.98052],[-120.64567,49.98461],[-120.64459,49.98526],[-120.63989,49.984],[-120.63999,49.98216],[-120.63732,49.98096],[-120.6339,49.98279],[-120.63005,49.98294],[-120.62997,49.97956],[-120.6313,49.97892],[-120.63035,49.97799],[-120.63712,49.97305],[-120.63726,49.97161],[-120.63869,49.97057],[-120.63875,49.96773],[-120.62742,49.96499],[-120.6267,49.966],[-120.62333,49.96627],[-120.61232,49.96316],[-120.61059,49.9644],[-120.60853,49.96364],[-120.60274,49.96416],[-120.6029,49.9636],[-120.59964,49.96305],[-120.59648,49.96366],[-120.59231,49.96106],[-120.59499,49.95822],[-120.58975,49.95534],[-120.58987,49.95296],[-120.59199,49.95071],[-120.59398,49.94994],[-120.59407,49.94629],[-120.59524,49.94409],[-120.59486,49.94085],[-120.59569,49.93992],[-120.59595,49.93721],[-120.59846,49.9342],[-120.60317,49.93449],[-120.59937,49.9317],[-120.59978,49.92968],[-120.59881,49.92892],[-120.59104,49.92684],[-120.59065,49.92556],[-120.59134,49.92452],[-120.59076,49.92359],[-120.5928,49.92152],[-120.58598,49.91867],[-120.58462,49.91741],[-120.5837,49.91556],[-120.58576,49.91494],[-120.58211,49.91076],[-120.58259,49.9092],[-120.58158,49.90763],[-120.5768,49.90663],[-120.5707,49.90108],[-120.57088,49.9001],[-120.56867,49.8977],[-120.57151,49.89379],[-120.56961,49.89281],[-120.56863,49.89015],[-120.56962,49.88921],[-120.57199,49.889],[-120.5714,49.88709],[-120.5694,49.88585],[-120.56634,49.88607],[-120.56117,49.88385],[-120.55034,49.88375],[-120.54906,49.88249],[-120.5458,49.88171],[-120.54529,49.87934],[-120.54407,49.87824],[-120.53764,49.87674],[-120.53615,49.8749],[-120.53491,49.87134],[-120.53497,49.87029],[-120.5361,49.86971],[-120.53409,49.86914],[-120.52781,49.86879],[-120.52221,49.87055],[-120.51849,49.86908],[-120.51599,49.87032],[-120.51112,49.87571],[-120.51117,49.88343],[-120.50839,49.88705],[-120.50348,49.88719],[-120.49926,49.8889],[-120.4922,49.88818],[-120.48502,49.88443],[-120.4861,49.88007],[-120.47429,49.87936],[-120.47121,49.88001],[-120.47191,49.88551],[-120.46866,49.88607],[-120.46826,49.88524],[-120.46497,49.88559],[-120.46269,49.88452],[-120.46153,49.88302],[-120.4548,49.88249],[-120.45372,49.88506],[-120.45123,49.8856],[-120.44606,49.88937],[-120.44564,49.89168],[-120.4442,49.89253],[-120.4373,49.89314],[-120.43768,49.89471],[-120.43512,49.8955],[-120.42545,49.89575],[-120.42075,49.89475],[-120.4203,49.8958],[-120.41785,49.89608],[-120.41697,49.89764],[-120.41486,49.8984],[-120.41433,49.89994],[-120.41231,49.8998],[-120.41022,49.90183],[-120.40974,49.90337],[-120.40715,49.90429],[-120.40518,49.90428],[-120.40307,49.90294],[-120.4009,49.90335],[-120.39876,49.90104],[-120.39518,49.90077],[-120.39512,49.9016],[-120.39416,49.90181],[-120.38577,49.90124],[-120.37934,49.90293],[-120.37843,49.9018],[-120.37802,49.90306],[-120.37886,49.90435],[-120.37547,49.90487],[-120.37322,49.90456],[-120.37226,49.90267],[-120.36827,49.90272],[-120.36629,49.90363],[-120.36328,49.90341],[-120.36298,49.9046],[-120.35898,49.90671],[-120.35348,49.90489],[-120.35339,49.90761],[-120.35193,49.90948],[-120.35009,49.90946],[-120.3468,49.90722],[-120.33937,49.9098],[-120.3399,49.91162],[-120.33898,49.91241],[-120.33591,49.91197],[-120.33199,49.91339],[-120.33084,49.91199],[-120.32687,49.91364],[-120.31948,49.91093],[-120.32048,49.91],[-120.31936,49.90875],[-120.31913,49.90585],[-120.31712,49.90516],[-120.31798,49.90276],[-120.31719,49.90127],[-120.30946,49.8995],[-120.30857,49.89771],[-120.30658,49.89744],[-120.30544,49.89908],[-120.29725,49.89979],[-120.29295,49.90166],[-120.29022,49.90067],[-120.28836,49.8989],[-120.28742,49.89654],[-120.28948,49.89209],[-120.28872,49.88864],[-120.28571,49.8883],[-120.2846,49.88935],[-120.28543,49.89182],[-120.28481,49.8938],[-120.27796,49.89694],[-120.27619,49.8938],[-120.27309,49.89487],[-120.27313,49.89216],[-120.27076,49.89032],[-120.26963,49.88544],[-120.2669,49.88177],[-120.2653,49.8836],[-120.26117,49.88487],[-120.25546,49.88293],[-120.25474,49.88065],[-120.24915,49.87981],[-120.246,49.87415],[-120.24921,49.87113],[-120.24779,49.86645],[-120.2508,49.86324],[-120.24731,49.8573],[-120.24791,49.8551],[-120.24743,49.85391],[-120.24543,49.85223],[-120.24591,49.84952],[-120.24778,49.84806],[-120.24789,49.84602],[-120.23861,49.84582],[-120.23654,49.84454],[-120.2247,49.84612],[-120.21881,49.8485],[-120.21772,49.85088],[-120.21635,49.85066],[-120.2155,49.85189],[-120.21424,49.8521],[-120.21447,49.85307],[-120.2127,49.85486],[-120.21265,49.85674],[-120.20835,49.85642],[-120.20832,49.85793],[-120.20462,49.8566],[-120.20049,49.86016],[-120.19934,49.86242],[-120.19412,49.86051],[-120.19264,49.85922],[-120.19026,49.85922],[-120.18956,49.85763],[-120.19012,49.85636],[-120.18825,49.85538],[-120.18671,49.85654],[-120.17411,49.85555],[-120.17173,49.85739],[-120.17056,49.86145],[-120.16969,49.86206],[-120.16624,49.86152],[-120.16395,49.85877],[-120.1615,49.85831],[-120.15993,49.85987],[-120.15835,49.86016],[-120.15119,49.85899],[-120.14325,49.86016],[-120.1425,49.85926],[-120.14577,49.85656],[-120.14589,49.85455],[-120.14229,49.85391],[-120.14036,49.85091],[-120.14105,49.85032],[-120.13526,49.84894],[-120.13298,49.84766],[-120.13009,49.84859],[-120.12263,49.84905],[-120.12014,49.84633],[-120.1195,49.84414],[-120.11056,49.84298],[-120.10271,49.8437],[-120.10086,49.84267],[-120.09747,49.84324],[-120.09555,49.84433],[-120.09567,49.8449],[-120.0942,49.84506],[-120.0924,49.84348],[-120.08709,49.84343],[-120.08419,49.84168],[-120.08156,49.83873],[-120.08087,49.83482],[-120.07581,49.83444],[-120.06927,49.83705],[-120.06642,49.83903],[-120.05972,49.84052],[-120.06328,49.84147],[-120.06564,49.84342],[-120.05773,49.84547],[-120.05758,49.84735],[-120.0604,49.84883],[-120.06081,49.84985],[-120.05731,49.851],[-120.05735,49.85252],[-120.05511,49.85465],[-120.05524,49.85675],[-120.05427,49.85737],[-120.05399,49.85962],[-120.05112,49.86097],[-120.05208,49.86327],[-120.05677,49.86518],[-120.05945,49.86775],[-120.05978,49.87327],[-120.05866,49.87449],[-120.05865,49.87572],[-120.05473,49.87744],[-120.05181,49.87737],[-120.04626,49.87569],[-120.03609,49.87814],[-120.02878,49.87657],[-120.02786,49.87796],[-120.0286,49.87866],[-120.02843,49.88371],[-120.03377,49.88496],[-120.03457,49.88627],[-120.03387,49.88774],[-120.03629,49.8907],[-120.03205,49.89406],[-120.02452,49.89543],[-120.02813,49.89832],[-120.0272,49.90004],[-120.02752,49.90215],[-120.03146,49.90172],[-120.03875,49.90722],[-120.03405,49.91075],[-120.03215,49.91065],[-120.03003,49.91247],[-120.02408,49.91191],[-120.01613,49.91406],[-120.01741,49.91644],[-120.01503,49.91808],[-120.01449,49.92042],[-120.00808,49.91999],[-120.00252,49.92149],[-120.00104,49.92261],[-119.99954,49.92243],[-119.99632,49.92919],[-119.99667,49.93173],[-119.99568,49.93396],[-119.99217,49.93479],[-119.99053,49.93668],[-119.98388,49.9363],[-119.98188,49.93917],[-119.97716,49.94176],[-119.96713,49.94065],[-119.96157,49.94134],[-119.9536,49.94639],[-119.95174,49.94451],[-119.9436,49.94013],[-119.94309,49.9373],[-119.93937,49.93799],[-119.93662,49.93661],[-119.93773,49.93552],[-119.93648,49.93475],[-119.93416,49.93537],[-119.93109,49.9341],[-119.92773,49.93661],[-119.92887,49.93703],[-119.92389,49.939],[-119.92246,49.94092],[-119.92323,49.94098],[-119.92082,49.94192],[-119.91876,49.94683],[-119.91863,49.94839],[-119.91949,49.94901],[-119.91538,49.95005],[-119.91527,49.95115],[-119.91313,49.95143],[-119.91198,49.95392],[-119.9063,49.95641],[-119.89479,49.95886],[-119.89405,49.95934],[-119.89394,49.96365],[-119.89155,49.96504],[-119.88379,49.96767],[-119.87827,49.96591],[-119.87276,49.9658],[-119.86812,49.96902],[-119.86107,49.96908],[-119.85927,49.97133],[-119.8586,49.97396],[-119.85553,49.97555],[-119.85372,49.97555],[-119.85179,49.9721],[-119.84755,49.97325],[-119.84639,49.97499],[-119.84336,49.97657],[-119.84165,49.97942],[-119.84212,49.98086],[-119.83263,49.9805],[-119.82933,49.98119],[-119.82882,49.98341],[-119.82635,49.98414],[-119.82626,49.98687],[-119.82414,49.9876],[-119.82409,49.99043],[-119.82843,49.99223],[-119.82679,49.99673],[-119.82405,49.99763],[-119.82337,49.99891],[-119.82127,49.99936],[-119.81862,49.99783],[-119.81784,49.99962],[-119.81488,50.001],[-119.81353,50.00289],[-119.80819,50.00237],[-119.80409,50.00342],[-119.7958,50.00281],[-119.78777,50.00323],[-119.78403,50.00229],[-119.78233,50.0033],[-119.78151,50.00534],[-119.77976,50.00615],[-119.77952,50.00739],[-119.77565,50.01114],[-119.77288,50.01258],[-119.77205,50.01429],[-119.77252,50.01449],[-119.78712,50.0174],[-119.79034,50.01974],[-119.79675,50.02243],[-119.80118,50.02117],[-119.80377,50.02296],[-119.80676,50.03072],[-119.80444,50.03235],[-119.80166,50.03663],[-119.79734,50.0376],[-119.79469,50.03981],[-119.78445,50.04053],[-119.78331,50.04135],[-119.78329,50.04406],[-119.77735,50.04325],[-119.77263,50.04532],[-119.76845,50.04496],[-119.7668,50.04673],[-119.76449,50.04558],[-119.76253,50.04623],[-119.76026,50.05096],[-119.76097,50.05291],[-119.75913,50.05599],[-119.75932,50.05756],[-119.76077,50.06091],[-119.76802,50.06519],[-119.75957,50.07003],[-119.75529,50.07002],[-119.75624,50.07291],[-119.75104,50.07445],[-119.75103,50.07547],[-119.74452,50.07825],[-119.74475,50.07911],[-119.7526,50.08359],[-119.75954,50.08122],[-119.76174,50.0826],[-119.76138,50.08624],[-119.75489,50.08558],[-119.75444,50.08626],[-119.75016,50.08666],[-119.74793,50.08608],[-119.74397,50.08702],[-119.74333,50.08749],[-119.74579,50.08979],[-119.74137,50.09075],[-119.74289,50.09216],[-119.74241,50.09388],[-119.74588,50.09645],[-119.74331,50.09705],[-119.74305,50.09861],[-119.73531,50.09864],[-119.73285,50.10367],[-119.72971,50.10617],[-119.72994,50.10683],[-119.73485,50.10699],[-119.73844,50.10966],[-119.73899,50.11214],[-119.73998,50.11244],[-119.74138,50.11555],[-119.74028,50.11683],[-119.74041,50.11788],[-119.74685,50.11883],[-119.74669,50.12012],[-119.74463,50.12151],[-119.74524,50.12293],[-119.74473,50.12393],[-119.74882,50.12566],[-119.75146,50.1257],[-119.75391,50.12176],[-119.76291,50.12257],[-119.76481,50.12496],[-119.77762,50.12049],[-119.77739,50.12153],[-119.77837,50.12256],[-119.77807,50.1254],[-119.77953,50.12837],[-119.78055,50.12882],[-119.78027,50.13051],[-119.78101,50.1317],[-119.77938,50.13179],[-119.77895,50.13284],[-119.7805,50.13598],[-119.77876,50.14234],[-119.77898,50.14502],[-119.77699,50.14658],[-119.77753,50.14764],[-119.78054,50.14899],[-119.7892,50.14941],[-119.79216,50.15041],[-119.80022,50.14788],[-119.80386,50.14917],[-119.8042,50.15028],[-119.80739,50.1501],[-119.79882,50.15648],[-119.79964,50.15948],[-119.80228,50.16328],[-119.80211,50.16615],[-119.81005,50.16964],[-119.80902,50.17074],[-119.81022,50.17072],[-119.81043,50.17161],[-119.80934,50.17553],[-119.81025,50.17697],[-119.81409,50.17739],[-119.81283,50.17827],[-119.81271,50.17993],[-119.81541,50.18015],[-119.81576,50.18158],[-119.81802,50.18256],[-119.82948,50.18152],[-119.83093,50.18239],[-119.83103,50.18404],[-119.82831,50.18636],[-119.82648,50.18535],[-119.82416,50.18707],[-119.82135,50.18717],[-119.81983,50.18893],[-119.81693,50.18989],[-119.81315,50.19354],[-119.80953,50.19452],[-119.8091,50.19548],[-119.80613,50.19654],[-119.80444,50.19972],[-119.80353,50.20396],[-119.79999,50.20454],[-119.79621,50.20365],[-119.79509,50.20534],[-119.79157,50.2056],[-119.79141,50.20401],[-119.79002,50.20314],[-119.78759,50.20277],[-119.7838,50.20357],[-119.77977,50.20088],[-119.77482,50.19951],[-119.76494,50.20225],[-119.76276,50.20108],[-119.75774,50.20124],[-119.75718,50.2025],[-119.75446,50.20392],[-119.74677,50.20526],[-119.74586,50.20939],[-119.74712,50.21577],[-119.74806,50.217],[-119.7505,50.21772],[-119.7498,50.22113],[-119.75074,50.22116],[-119.75195,50.22471],[-119.75301,50.22596],[-119.7551,50.22602],[-119.75553,50.2274],[-119.75335,50.22805],[-119.75522,50.23082],[-119.75532,50.23231],[-119.75892,50.23203],[-119.76091,50.23624],[-119.76405,50.2379],[-119.76252,50.24062],[-119.7579,50.24265],[-119.7561,50.24598],[-119.75645,50.24803],[-119.75412,50.24918],[-119.75227,50.25144],[-119.75301,50.25494],[-119.75437,50.25678],[-119.75305,50.2596],[-119.74586,50.26233],[-119.73571,50.26183],[-119.73171,50.26057],[-119.72508,50.26098],[-119.72438,50.26336],[-119.72234,50.26437],[-119.71932,50.26994],[-119.71471,50.27255],[-119.71506,50.27442],[-119.70631,50.27955],[-119.70329,50.28247],[-119.70141,50.28803],[-119.69489,50.28718],[-119.69233,50.2891],[-119.68766,50.28943],[-119.68821,50.29027],[-119.68752,50.29185],[-119.68358,50.29545],[-119.68369,50.29854],[-119.68516,50.29964],[-119.68092,50.30422],[-119.68169,50.30524],[-119.68406,50.30638],[-119.69002,50.3073],[-119.69338,50.30704],[-119.69374,50.30592],[-119.6989,50.3066],[-119.69836,50.30876],[-119.70059,50.30947],[-119.70104,50.31091],[-119.70269,50.31122],[-119.70606,50.31415],[-119.71038,50.31517],[-119.71258,50.32019],[-119.71236,50.32115],[-119.70951,50.32096],[-119.70187,50.32458],[-119.69881,50.32525],[-119.69316,50.32393],[-119.68931,50.32795],[-119.68552,50.32902],[-119.68141,50.32833],[-119.68126,50.32969],[-119.68225,50.3312],[-119.68199,50.33337],[-119.68013,50.3337],[-119.67912,50.33555],[-119.66914,50.33562],[-119.67718,50.34032],[-119.67748,50.3418],[-119.682,50.34472],[-119.67908,50.34528],[-119.67446,50.34821],[-119.67227,50.34825],[-119.66888,50.34688],[-119.66353,50.34754],[-119.66362,50.34872],[-119.66063,50.35131],[-119.66318,50.35216],[-119.66301,50.35317],[-119.65978,50.35421],[-119.6598,50.35552],[-119.6583,50.35629],[-119.65994,50.35954],[-119.66283,50.36151],[-119.66185,50.36371],[-119.65561,50.36041],[-119.64702,50.36133],[-119.64582,50.36365],[-119.64837,50.36631],[-119.64834,50.37042],[-119.6392,50.37052],[-119.63626,50.37151],[-119.63383,50.37514],[-119.63377,50.37636],[-119.63652,50.38072],[-119.6399,50.38187],[-119.64127,50.38604],[-119.64332,50.38811],[-119.64151,50.3895],[-119.64116,50.39355],[-119.64173,50.40062],[-119.6412,50.40241],[-119.64342,50.40487],[-119.64291,50.40993],[-119.64922,50.41061],[-119.65829,50.40929],[-119.66613,50.41401],[-119.67064,50.41414],[-119.66972,50.41533],[-119.6697,50.41746],[-119.66738,50.41843],[-119.66609,50.42105],[-119.66353,50.42179],[-119.662,50.42392],[-119.65906,50.42447],[-119.66071,50.42735],[-119.66574,50.42942],[-119.6676,50.43112],[-119.6677,50.43286],[-119.66611,50.43513],[-119.66706,50.43685],[-119.66627,50.43794],[-119.66161,50.44018],[-119.65812,50.43992],[-119.65699,50.4386],[-119.64866,50.43749],[-119.64861,50.43844],[-119.64614,50.4394],[-119.64373,50.44179],[-119.64091,50.44281],[-119.6383,50.44258],[-119.63361,50.4398],[-119.6236,50.43867],[-119.62344,50.44005],[-119.62189,50.44123],[-119.61283,50.44285],[-119.61348,50.44369],[-119.60975,50.44649],[-119.60996,50.44856],[-119.60362,50.45049],[-119.60092,50.45332],[-119.59677,50.45317],[-119.59463,50.45138],[-119.58887,50.4527],[-119.58908,50.45395],[-119.58542,50.45552],[-119.58617,50.4571],[-119.58515,50.46017],[-119.58129,50.46437],[-119.57959,50.46391],[-119.57779,50.46476],[-119.56987,50.46521],[-119.56799,50.46454],[-119.5666,50.46126],[-119.56756,50.45803],[-119.56164,50.45422],[-119.56135,50.45282],[-119.56315,50.45125],[-119.5638,50.45159],[-119.56501,50.44967],[-119.56481,50.44631],[-119.5601,50.4404],[-119.55861,50.43605],[-119.55673,50.43687],[-119.5485,50.43649],[-119.5475,50.43363],[-119.54521,50.43241],[-119.54542,50.43038],[-119.54151,50.4273],[-119.53692,50.42647],[-119.53648,50.42829],[-119.53389,50.43016],[-119.5267,50.42714],[-119.51891,50.42599],[-119.51541,50.4267],[-119.51223,50.42537],[-119.51224,50.42445],[-119.51105,50.42353],[-119.50924,50.42437],[-119.50173,50.42329],[-119.49655,50.42111],[-119.49506,50.42218],[-119.49114,50.42142],[-119.4903,50.42057],[-119.48237,50.42175],[-119.47494,50.41975],[-119.47062,50.42091],[-119.46739,50.41951],[-119.46805,50.41858],[-119.46764,50.41789],[-119.46555,50.41656],[-119.46466,50.41889],[-119.45195,50.42034],[-119.45115,50.41883],[-119.45241,50.4161],[-119.45066,50.41072],[-119.44918,50.41096],[-119.44769,50.40995],[-119.44414,50.41038],[-119.44171,50.40549],[-119.44108,50.40184],[-119.43867,50.4009],[-119.43406,50.40456],[-119.42916,50.40399],[-119.42692,50.40665],[-119.42795,50.40836],[-119.41304,50.40574],[-119.41077,50.40632],[-119.40954,50.40822],[-119.4094,50.41034],[-119.40559,50.41008],[-119.40173,50.4117],[-119.39712,50.41067],[-119.39607,50.41086],[-119.39645,50.41165],[-119.38838,50.41351],[-119.39099,50.41716],[-119.3905,50.41935],[-119.3915,50.42121],[-119.3902,50.42269],[-119.388,50.42314],[-119.38158,50.42277],[-119.37858,50.42141],[-119.37564,50.42144],[-119.37106,50.41928],[-119.36499,50.41805],[-119.35928,50.41524],[-119.35343,50.41428],[-119.34043,50.41399],[-119.32809,50.41712],[-119.32706,50.41549],[-119.32479,50.41711],[-119.32582,50.42092],[-119.32336,50.42139],[-119.32105,50.41992],[-119.32075,50.41801],[-119.3074,50.41726],[-119.30391,50.41624],[-119.3035,50.41455],[-119.30252,50.41431],[-119.2992,50.41939],[-119.30108,50.42131],[-119.29953,50.42239],[-119.29901,50.42708],[-119.29445,50.4283],[-119.29302,50.43232],[-119.29367,50.43401],[-119.29181,50.43588],[-119.29199,50.43701],[-119.28853,50.43724],[-119.28963,50.43867],[-119.28649,50.44603],[-119.28735,50.44902],[-119.28306,50.45073],[-119.28503,50.45453],[-119.2782,50.45653],[-119.27395,50.46063],[-119.26105,50.46543],[-119.26312,50.47687],[-119.26031,50.47922],[-119.26499,50.4819],[-119.25967,50.48482],[-119.25857,50.48808],[-119.25312,50.49336],[-119.25021,50.49317],[-119.24642,50.49415],[-119.24136,50.49164],[-119.23909,50.49187],[-119.23274,50.49638],[-119.22899,50.49579],[-119.22512,50.49705],[-119.22629,50.49892],[-119.22647,50.5017],[-119.23011,50.50442],[-119.23153,50.50718],[-119.22786,50.50722],[-119.22642,50.50801],[-119.22648,50.51274],[-119.22484,50.5151],[-119.22483,50.51693],[-119.22535,50.51784],[-119.22725,50.51712],[-119.23234,50.52147],[-119.23702,50.52358],[-119.23775,50.52523],[-119.23705,50.52642],[-119.23828,50.52785],[-119.24322,50.5294],[-119.25102,50.52922],[-119.25595,50.52705],[-119.26412,50.52858],[-119.27105,50.52771],[-119.27728,50.52845],[-119.27868,50.52759],[-119.28058,50.52952],[-119.28117,50.53303],[-119.28532,50.53552],[-119.28551,50.54026],[-119.28732,50.54346],[-119.28994,50.54388],[-119.29256,50.54327],[-119.29249,50.54501],[-119.29385,50.54602],[-119.29381,50.54695],[-119.29651,50.54774],[-119.29623,50.55476],[-119.29357,50.55723],[-119.29464,50.56102],[-119.29396,50.56306],[-119.29176,50.56395],[-119.28647,50.56184],[-119.28548,50.56219],[-119.28459,50.56293],[-119.28372,50.56629],[-119.28064,50.56645],[-119.2809,50.56823],[-119.27799,50.57413],[-119.27927,50.57412],[-119.28559,50.57798],[-119.28588,50.58064],[-119.28841,50.58343],[-119.28687,50.58551],[-119.28755,50.58873],[-119.29216,50.5903],[-119.29612,50.59037],[-119.30643,50.59403],[-119.30536,50.59479],[-119.30458,50.59721],[-119.30335,50.59726],[-119.30188,50.60101],[-119.29862,50.60474],[-119.29722,50.61235],[-119.29408,50.61585],[-119.29208,50.62005],[-119.29242,50.62301],[-119.29782,50.62296],[-119.29805,50.62358],[-119.29788,50.62533],[-119.29493,50.62668],[-119.29447,50.62765],[-119.29679,50.63017],[-119.2961,50.63175],[-119.29753,50.63324],[-119.29739,50.63472],[-119.29088,50.63234],[-119.28079,50.63243],[-119.28062,50.63013],[-119.27723,50.62793],[-119.27637,50.62611],[-119.27269,50.62636],[-119.26769,50.62894],[-119.25679,50.62957],[-119.22948,50.62504],[-119.22692,50.62398],[-119.22395,50.62467],[-119.21787,50.61918],[-119.2083,50.61652],[-119.20873,50.61502],[-119.2065,50.61242],[-119.20827,50.60898],[-119.21115,50.60768],[-119.21137,50.60358],[-119.21265,50.60225],[-119.21314,50.59934],[-119.21437,50.59744],[-119.21355,50.59137],[-119.21505,50.5886],[-119.21043,50.58558],[-119.20324,50.58704],[-119.20207,50.58904],[-119.19621,50.58826],[-119.19616,50.58895],[-119.18988,50.58989],[-119.18869,50.58963],[-119.18846,50.58825],[-119.18378,50.58515],[-119.18538,50.58409],[-119.18679,50.5816],[-119.18409,50.57854],[-119.18481,50.57448],[-119.18368,50.5719],[-119.18582,50.56755],[-119.19455,50.56794],[-119.19869,50.56567],[-119.19979,50.56252],[-119.20826,50.55587],[-119.20465,50.55316],[-119.20984,50.55218],[-119.21243,50.55064],[-119.20646,50.53682],[-119.20812,50.53569],[-119.21123,50.53537],[-119.21206,50.53434],[-119.21405,50.52604],[-119.21307,50.525],[-119.20796,50.52366],[-119.2054,50.5188],[-119.2016,50.51611],[-119.20238,50.5151],[-119.20432,50.51474],[-119.20316,50.51255],[-119.20325,50.51076],[-119.19992,50.50781],[-119.20157,50.50205],[-119.20122,50.49884],[-119.20219,50.49699],[-119.20147,50.49605],[-119.1998,50.4961],[-119.20057,50.49467],[-119.19943,50.49283],[-119.20004,50.49124],[-119.19951,50.48801],[-119.20303,50.48367],[-119.20295,50.48066],[-119.2005,50.48046],[-119.20169,50.47863],[-119.19053,50.47739],[-119.18464,50.47493],[-119.17849,50.47592],[-119.17582,50.47435],[-119.17449,50.47235],[-119.17423,50.46833],[-119.17051,50.46738],[-119.17041,50.46421],[-119.17529,50.46337],[-119.17537,50.45952],[-119.17678,50.45751],[-119.17568,50.45397],[-119.16977,50.45165],[-119.16607,50.4475],[-119.16546,50.44491],[-119.1632,50.44304],[-119.1645,50.44156],[-119.16232,50.44117],[-119.15697,50.43777],[-119.1556,50.43473],[-119.15695,50.43278],[-119.15676,50.43189],[-119.15525,50.43042],[-119.15027,50.42816],[-119.14704,50.42177],[-119.14034,50.41991],[-119.13824,50.42056],[-119.13697,50.41754],[-119.13735,50.41567],[-119.13584,50.41305],[-119.13537,50.408],[-119.13392,50.40681],[-119.13605,50.40501],[-119.13654,50.40245],[-119.13991,50.39893],[-119.14013,50.39722],[-119.13927,50.39504],[-119.14053,50.39141],[-119.14501,50.38843],[-119.14287,50.38708],[-119.14344,50.38515],[-119.13868,50.38436],[-119.13929,50.38229],[-119.14147,50.37975],[-119.13959,50.3735],[-119.13463,50.36772],[-119.13438,50.3625],[-119.1315,50.36085],[-119.13122,50.35976],[-119.12535,50.35838],[-119.12431,50.35747],[-119.12392,50.35493],[-119.1199,50.35511],[-119.11768,50.3557],[-119.11614,50.36073],[-119.11214,50.36128],[-119.11008,50.36331],[-119.10745,50.3643],[-119.10762,50.36565],[-119.10656,50.36619],[-119.10441,50.36681],[-119.09913,50.36579],[-119.09202,50.36568],[-119.08887,50.36416],[-119.08262,50.36679],[-119.08124,50.36859],[-119.08128,50.36982],[-119.07635,50.37038],[-119.07418,50.3714],[-119.07221,50.37099],[-119.07216,50.36886],[-119.06503,50.36795],[-119.06499,50.36671],[-119.05838,50.35824],[-119.06016,50.35394],[-119.06202,50.35299],[-119.06116,50.35211],[-119.06341,50.35032],[-119.06055,50.34919],[-119.059,50.34765],[-119.05896,50.3459],[-119.05493,50.34481],[-119.05171,50.34213],[-119.04861,50.34222],[-119.04273,50.33864],[-119.03548,50.33873],[-119.03107,50.33567],[-119.02536,50.33858],[-119.02241,50.33644],[-119.01933,50.33651],[-119.01611,50.3396],[-119.01464,50.3396],[-119.01348,50.34081],[-119.01115,50.34052],[-119.01134,50.33585],[-119.01268,50.33315],[-119.01164,50.33082],[-119.01171,50.32736],[-119.00861,50.32388],[-119.00818,50.32213],[-119.01269,50.31641],[-119.0121,50.31045],[-119.0112,50.30949],[-119.01304,50.30762],[-119.01233,50.30567],[-119.01655,50.3044],[-119.01344,50.30296],[-119.01225,50.29997],[-119.01824,50.30055],[-119.02134,50.29978],[-119.02438,50.29384],[-119.02861,50.2912],[-119.0311,50.2926],[-119.03139,50.29372],[-119.03441,50.2903],[-119.03706,50.29022],[-119.03837,50.29179],[-119.04132,50.29288],[-119.04474,50.2927],[-119.046,50.29343],[-119.04884,50.29212],[-119.05121,50.28879],[-119.05068,50.28297],[-119.05158,50.27722],[-119.05082,50.27385],[-119.04447,50.27275],[-119.04278,50.27159],[-119.04814,50.26991],[-119.05145,50.26756],[-119.05248,50.26381],[-119.05152,50.26139],[-119.0563,50.25564],[-119.05567,50.25513],[-119.06081,50.25],[-119.06408,50.24917],[-119.06726,50.24645],[-119.07012,50.24539],[-119.07714,50.24407],[-119.07541,50.24161],[-119.07658,50.24163],[-119.07619,50.24046],[-119.07458,50.24008],[-119.07384,50.23829],[-119.07578,50.23644],[-119.07577,50.23435],[-119.07397,50.2343],[-119.06472,50.22943],[-119.06637,50.22546],[-119.06631,50.22278],[-119.07144,50.22055],[-119.07232,50.21857],[-119.0709,50.21778],[-119.07291,50.217],[-119.07477,50.21333],[-119.08104,50.21007],[-119.08114,50.20933],[-119.07666,50.20662],[-119.07443,50.2042],[-119.07463,50.20171],[-119.07177,50.1959],[-119.05969,50.19472],[-119.05711,50.19286],[-119.05796,50.19136],[-119.06084,50.19007],[-119.06005,50.18559],[-119.06312,50.18206],[-119.0616,50.18057],[-119.06246,50.17841],[-119.06071,50.17803],[-119.06059,50.176],[-119.05816,50.17583],[-119.05683,50.17413],[-119.06285,50.1729],[-119.06574,50.17414],[-119.06976,50.17399],[-119.06945,50.17276],[-119.0745,50.17086],[-119.07727,50.17248],[-119.08605,50.16817],[-119.08723,50.16579],[-119.09194,50.16436],[-119.09269,50.16345],[-119.09211,50.16308],[-119.09301,50.16268],[-119.10171,50.1631],[-119.10403,50.15884],[-119.10416,50.15528],[-119.10698,50.1552],[-119.11482,50.15209],[-119.12472,50.15107],[-119.12953,50.14637],[-119.13012,50.14838],[-119.13385,50.14905],[-119.13726,50.14416],[-119.14198,50.1427],[-119.14366,50.13501],[-119.14213,50.13446],[-119.14303,50.13237],[-119.14082,50.13049],[-119.14196,50.12696],[-119.14388,50.12471],[-119.14234,50.12379],[-119.14315,50.12262],[-119.13979,50.12098],[-119.14314,50.1194],[-119.14365,50.11716],[-119.14875,50.11309],[-119.15071,50.10983],[-119.15002,50.10557],[-119.15068,50.10423],[-119.15492,50.10209],[-119.15544,50.09973],[-119.15695,50.09821],[-119.15821,50.10066],[-119.16132,50.10054],[-119.16234,50.09799],[-119.16061,50.09716],[-119.16082,50.09611],[-119.1692,50.0919],[-119.16807,50.08729],[-119.17098,50.08513],[-119.17112,50.08223],[-119.17295,50.08084],[-119.17344,50.07745],[-119.17056,50.07596],[-119.1672,50.07557],[-119.16496,50.07319],[-119.16586,50.07251],[-119.16529,50.06999],[-119.16621,50.06798],[-119.16562,50.06558],[-119.17015,50.06311],[-119.17578,50.06239],[-119.17673,50.06043],[-119.17791,50.06035],[-119.17951,50.05837],[-119.17887,50.05533],[-119.18017,50.05454],[-119.17915,50.05335],[-119.17935,50.05209],[-119.17393,50.05214],[-119.17046,50.05085],[-119.16113,50.05141],[-119.15858,50.05283],[-119.15502,50.05053],[-119.16055,50.04764],[-119.16044,50.04463],[-119.15798,50.04177],[-119.14985,50.04101],[-119.14637,50.03778],[-119.14472,50.03724],[-119.14229,50.03727],[-119.14175,50.03911],[-119.13977,50.03919],[-119.13801,50.04113],[-119.13557,50.04122],[-119.13146,50.03678],[-119.12715,50.03786],[-119.12479,50.03617],[-119.12356,50.03834],[-119.12175,50.03915],[-119.11913,50.03972],[-119.11578,50.0389],[-119.11248,50.04025],[-119.10925,50.04038],[-119.10893,50.04227],[-119.11044,50.04466],[-119.10903,50.04711],[-119.11007,50.04958],[-119.10906,50.05079],[-119.10712,50.04968],[-119.10079,50.05025],[-119.09824,50.04952],[-119.09637,50.05063],[-119.09553,50.04903],[-119.08422,50.04662],[-119.0814,50.04518],[-119.07796,50.04592],[-119.07288,50.0449],[-119.07099,50.0474],[-119.06885,50.04761],[-119.06739,50.04632],[-119.06258,50.04537],[-119.05331,50.0463],[-119.04416,50.04527],[-119.0413,50.04341],[-119.03739,50.0439],[-119.03409,50.04698],[-119.0096,50.04844],[-119.00752,50.04823],[-119.00304,50.04501],[-118.99791,50.04666],[-118.99268,50.04718],[-118.99074,50.04675],[-118.98967,50.0452],[-118.98749,50.04653],[-118.98049,50.04496],[-118.97406,50.04567],[-118.97287,50.0447],[-118.9726,50.04624],[-118.96891,50.0447],[-118.96252,50.04935],[-118.95327,50.05169],[-118.95018,50.05549],[-118.9455,50.05169],[-118.94636,50.05093],[-118.94211,50.04906],[-118.93726,50.04542],[-118.93473,50.04542],[-118.93112,50.04398],[-118.92578,50.04389],[-118.92454,50.04422],[-118.91729,50.05153],[-118.90774,50.05464],[-118.90105,50.05505],[-118.88972,50.05065],[-118.88423,50.0538],[-118.87997,50.05422],[-118.87701,50.05263],[-118.87539,50.05284],[-118.86948,50.049],[-118.86121,50.04561],[-118.86076,50.04401],[-118.86266,50.04156],[-118.85814,50.03708],[-118.85194,50.03592],[-118.84737,50.03594],[-118.84698,50.03676],[-118.84269,50.03552],[-118.83867,50.03597],[-118.83672,50.03761],[-118.83555,50.03761],[-118.83544,50.03679],[-118.83073,50.03645],[-118.82885,50.0352],[-118.82999,50.03267],[-118.82982,50.03113],[-118.8271,50.03019],[-118.82561,50.0272],[-118.82206,50.02469],[-118.81872,50.02308],[-118.81656,50.02391],[-118.81693,50.02552],[-118.81397,50.02635],[-118.81293,50.02472],[-118.8108,50.02383],[-118.80905,50.02185],[-118.80272,50.02151],[-118.80165,50.02191],[-118.79979,50.02589],[-118.79685,50.02568],[-118.79676,50.02642],[-118.79337,50.02809],[-118.7914,50.02836],[-118.79173,50.03052],[-118.78888,50.03262],[-118.78826,50.03664],[-118.78697,50.03764],[-118.7868,50.03872],[-118.78819,50.04002],[-118.78855,50.04204],[-118.78733,50.0449],[-118.78442,50.04546],[-118.78241,50.04477],[-118.78036,50.04802],[-118.77384,50.05006],[-118.76898,50.05421],[-118.76782,50.05418],[-118.76647,50.05158],[-118.764,50.05151],[-118.76267,50.05294],[-118.75546,50.05002],[-118.74937,50.04534],[-118.74796,50.04676],[-118.74551,50.04742],[-118.74296,50.04518],[-118.73918,50.04575],[-118.74007,50.04802],[-118.73942,50.05015],[-118.73713,50.05226],[-118.73597,50.05222],[-118.73641,50.05513],[-118.73552,50.05631],[-118.7293,50.05834],[-118.72307,50.0577],[-118.723,50.0562],[-118.71611,50.05422],[-118.71402,50.05196],[-118.71036,50.05322],[-118.7094,50.05673],[-118.71378,50.05985],[-118.7143,50.06057],[-118.71324,50.06196],[-118.71496,50.06419],[-118.71363,50.06677],[-118.71041,50.06754],[-118.71002,50.06867],[-118.70573,50.07021],[-118.704,50.07013],[-118.70446,50.07087],[-118.7017,50.07218],[-118.70318,50.07297],[-118.70163,50.07576],[-118.70169,50.0784],[-118.70045,50.08002],[-118.70297,50.08283],[-118.69904,50.08439],[-118.69801,50.08692],[-118.70105,50.08849],[-118.70178,50.09139],[-118.69341,50.09026],[-118.68783,50.0871],[-118.68384,50.09053],[-118.67472,50.0908],[-118.67326,50.09217],[-118.67356,50.09363],[-118.6713,50.09494],[-118.66671,50.0937],[-118.66529,50.09179],[-118.66299,50.09136],[-118.66094,50.09014],[-118.66018,50.08865],[-118.65819,50.08785],[-118.65667,50.08994],[-118.65819,50.09216],[-118.65278,50.09264],[-118.65061,50.09506],[-118.6472,50.09521],[-118.64546,50.09369],[-118.633,50.08958],[-118.6244,50.08914],[-118.62411,50.0872],[-118.61156,50.09027],[-118.60244,50.09964],[-118.59814,50.10244],[-118.59705,50.10243],[-118.59508,50.10457],[-118.59239,50.10599],[-118.59089,50.10471],[-118.5887,50.10525],[-118.58785,50.10382],[-118.58535,50.10436],[-118.58226,50.10347],[-118.57835,50.10089],[-118.57761,50.09729],[-118.57401,50.09735],[-118.57204,50.09799],[-118.57262,50.10014],[-118.57054,50.10301],[-118.56787,50.103],[-118.56639,50.10515],[-118.55686,50.10942],[-118.55383,50.10941],[-118.55213,50.11094],[-118.54651,50.11191],[-118.5444,50.11079],[-118.53923,50.11082],[-118.53519,50.10858],[-118.53147,50.11258],[-118.52671,50.11233],[-118.52501,50.11314],[-118.52264,50.11219],[-118.52342,50.10773],[-118.52046,50.10482],[-118.5149,50.10073],[-118.50769,50.09759],[-118.50448,50.09892],[-118.5046,50.1],[-118.50154,50.10246],[-118.50108,50.10423],[-118.49801,50.10719],[-118.49329,50.10822],[-118.49234,50.10931],[-118.49216,50.11193],[-118.49008,50.11432],[-118.48642,50.11629],[-118.47892,50.11773],[-118.47771,50.11943],[-118.47803,50.12137],[-118.47615,50.12406],[-118.47664,50.12494],[-118.46796,50.12559],[-118.46746,50.12709],[-118.46515,50.12895],[-118.46436,50.12869],[-118.4625,50.12994],[-118.45967,50.1296],[-118.45723,50.13069],[-118.44888,50.1314],[-118.44488,50.13291],[-118.44231,50.13622],[-118.44077,50.13617],[-118.43713,50.13418],[-118.42583,50.13677],[-118.41871,50.13731],[-118.41677,50.13387],[-118.40666,50.13546],[-118.4051,50.13796],[-118.40445,50.14193],[-118.40054,50.14382],[-118.3974,50.14784],[-118.38989,50.15218],[-118.38149,50.1533],[-118.37556,50.15515],[-118.37543,50.15632],[-118.37638,50.15725],[-118.37586,50.16127],[-118.37649,50.16374],[-118.37484,50.16456],[-118.37227,50.16428],[-118.37073,50.1654],[-118.37015,50.16412],[-118.36106,50.16429],[-118.36103,50.16508],[-118.35405,50.16826],[-118.35142,50.16624],[-118.34779,50.16486],[-118.34198,50.16498],[-118.33928,50.16299],[-118.33786,50.1608],[-118.34017,50.15808],[-118.33945,50.15635],[-118.33748,50.1556],[-118.33151,50.15622],[-118.32645,50.15205],[-118.32371,50.15138],[-118.32128,50.14573],[-118.32185,50.14429],[-118.30631,50.14128],[-118.30217,50.13935],[-118.29607,50.13482],[-118.29421,50.13658],[-118.28847,50.13801],[-118.28749,50.14044],[-118.28516,50.1405],[-118.28031,50.14315],[-118.2799,50.14501],[-118.28057,50.14699],[-118.27628,50.15147],[-118.27866,50.15458],[-118.27876,50.15637],[-118.27473,50.15732],[-118.27242,50.16021],[-118.26966,50.16069],[-118.26823,50.16261],[-118.25958,50.16488],[-118.25188,50.16975],[-118.25555,50.17375],[-118.2616,50.18268],[-118.2568,50.18682],[-118.25373,50.18763],[-118.25323,50.19133],[-118.24866,50.19175],[-118.24232,50.19511],[-118.24048,50.19762],[-118.244,50.19989],[-118.24018,50.20339],[-118.23805,50.20608],[-118.23751,50.20805],[-118.23819,50.20945],[-118.24269,50.21245],[-118.24422,50.21482],[-118.24949,50.21727],[-118.249,50.21972],[-118.24958,50.22164],[-118.25738,50.22403],[-118.25891,50.22688],[-118.2609,50.22838],[-118.26085,50.23185],[-118.26237,50.23461],[-118.26178,50.23557],[-118.26462,50.23811],[-118.26348,50.23841],[-118.26611,50.24277],[-118.26547,50.24557],[-118.26262,50.24833],[-118.26993,50.25157],[-118.26874,50.25767],[-118.26949,50.26033],[-118.27282,50.26197],[-118.27154,50.26508],[-118.27457,50.27074],[-118.27387,50.27155],[-118.27466,50.27381],[-118.27366,50.27597],[-118.27483,50.27848],[-118.27482,50.28184],[-118.27333,50.28236],[-118.27104,50.28486],[-118.27066,50.28633],[-118.27133,50.28785],[-118.26857,50.28896],[-118.26984,50.28993],[-118.26714,50.29167],[-118.26662,50.29428],[-118.26762,50.29618],[-118.26654,50.29704],[-118.26286,50.29895],[-118.25969,50.29765],[-118.25388,50.29746],[-118.25349,50.30027],[-118.24845,50.30175],[-118.25232,50.30548],[-118.25875,50.30846],[-118.26102,50.31304],[-118.26052,50.3158],[-118.26148,50.31577],[-118.26195,50.31712],[-118.26119,50.31982],[-118.25901,50.324],[-118.25626,50.32644],[-118.25914,50.32684],[-118.26252,50.32901],[-118.25728,50.33436],[-118.25804,50.336],[-118.26182,50.33656],[-118.26333,50.33861],[-118.26769,50.34009],[-118.27718,50.33979],[-118.27959,50.34033],[-118.2796,50.34139],[-118.28267,50.34098],[-118.28333,50.34006],[-118.28547,50.34069],[-118.28883,50.3391],[-118.292,50.33941],[-118.29194,50.33851],[-118.29296,50.33844],[-118.29735,50.33963],[-118.29938,50.33884],[-118.30264,50.33931],[-118.30558,50.34131],[-118.30614,50.3426],[-118.3041,50.3428],[-118.30445,50.34476],[-118.29923,50.35047],[-118.29983,50.35656],[-118.2972,50.35955],[-118.29449,50.3658],[-118.29263,50.36725],[-118.29138,50.3709],[-118.29192,50.37333],[-118.29531,50.37611],[-118.29507,50.37747],[-118.29896,50.37953],[-118.29785,50.37973],[-118.29739,50.38219],[-118.29488,50.38359],[-118.2947,50.38528],[-118.2926,50.38538],[-118.29284,50.38676],[-118.28338,50.39034],[-118.28175,50.39345],[-118.28027,50.3944],[-118.27803,50.39366],[-118.26747,50.39396],[-118.26422,50.39621],[-118.25632,50.39686],[-118.25742,50.39737],[-118.25371,50.3998],[-118.2537,50.40045],[-118.25567,50.39961],[-118.2579,50.40017],[-118.25989,50.39939],[-118.26471,50.40197],[-118.27334,50.40196],[-118.27526,50.40296],[-118.27572,50.40501],[-118.27424,50.4064],[-118.27521,50.4078],[-118.27452,50.41091],[-118.27166,50.41499],[-118.27112,50.41775],[-118.27213,50.42063],[-118.27164,50.42418],[-118.2693,50.42623],[-118.27032,50.42943],[-118.26929,50.42929],[-118.26899,50.43063],[-118.26975,50.43521],[-118.27077,50.43673],[-118.26671,50.43753],[-118.26047,50.43599],[-118.25504,50.4374],[-118.2448,50.43626],[-118.23918,50.43737],[-118.23617,50.43635],[-118.23534,50.4353],[-118.23332,50.436],[-118.22922,50.43545],[-118.22497,50.43622],[-118.22306,50.4356],[-118.2201,50.43635],[-118.21875,50.43559],[-118.21633,50.4368],[-118.21562,50.43575],[-118.21466,50.43601],[-118.20836,50.43878],[-118.2098,50.44521],[-118.20773,50.44865],[-118.2019,50.45078],[-118.20284,50.45598],[-118.2073,50.46114],[-118.20546,50.46238],[-118.2076,50.46627],[-118.20911,50.46574],[-118.21398,50.46734],[-118.22026,50.47078],[-118.22198,50.47244],[-118.22047,50.47444],[-118.22108,50.47545],[-118.21981,50.47662],[-118.21781,50.47647],[-118.217,50.47822],[-118.21499,50.47803],[-118.21386,50.47908],[-118.21279,50.47895],[-118.21103,50.48091],[-118.2058,50.47833],[-118.20298,50.47867],[-118.19672,50.47688],[-118.19588,50.47549],[-118.19107,50.47657],[-118.1897,50.47773],[-118.18887,50.48116],[-118.1863,50.48458],[-118.18591,50.48591],[-118.18706,50.48721],[-118.18664,50.48827],[-118.18413,50.48866],[-118.18267,50.49056],[-118.1808,50.49128],[-118.1764,50.49102],[-118.1762,50.49312],[-118.17157,50.49542],[-118.17477,50.49877],[-118.18107,50.49937],[-118.18122,50.50067],[-118.18213,50.50002],[-118.18732,50.50037],[-118.18892,50.50133],[-118.18876,50.5033],[-118.19619,50.50804],[-118.20463,50.51128],[-118.20976,50.51158],[-118.21007,50.5143],[-118.21176,50.5161],[-118.20942,50.51711],[-118.20485,50.5215],[-118.20609,50.52362],[-118.20477,50.52486],[-118.2053,50.52715],[-118.2037,50.53119],[-118.20632,50.53376],[-118.21484,50.53725],[-118.21626,50.53896],[-118.21396,50.5409],[-118.21314,50.5429],[-118.21034,50.54358],[-118.20981,50.54531],[-118.21074,50.54724],[-118.20488,50.54919],[-118.2042,50.55151],[-118.19945,50.55279],[-118.18965,50.54939],[-118.18575,50.54988],[-118.1858,50.55065],[-118.18119,50.552],[-118.17877,50.55806],[-118.18129,50.56116],[-118.1804,50.56273],[-118.1814,50.56482],[-118.18044,50.56623],[-118.18367,50.5689],[-118.17705,50.57086],[-118.17656,50.57397],[-118.17736,50.5775],[-118.17859,50.57915],[-118.1698,50.58361],[-118.16889,50.585],[-118.16962,50.58651],[-118.16851,50.58745],[-118.16254,50.58969],[-118.16872,50.5936],[-118.16906,50.59741],[-118.16744,50.59993],[-118.16813,50.60227],[-118.16724,50.60401],[-118.1679,50.60569],[-118.16961,50.60662],[-118.16285,50.61166],[-118.16871,50.61659],[-118.1711,50.6167],[-118.17336,50.61798],[-118.17447,50.62087],[-118.18023,50.62559],[-118.18078,50.62724],[-118.18031,50.62998],[-118.18145,50.63255],[-118.18106,50.63529],[-118.18604,50.63588],[-118.18876,50.6345],[-118.19418,50.63383],[-118.19949,50.63504],[-118.19925,50.63803],[-118.20308,50.639],[-118.20318,50.63966],[-118.20097,50.64002],[-118.20192,50.64204],[-118.19968,50.64589],[-118.2065,50.65482],[-118.20025,50.65723],[-118.19401,50.65767],[-118.18616,50.6604],[-118.18538,50.66213],[-118.17977,50.66363],[-118.17644,50.66604],[-118.17343,50.66654],[-118.17498,50.66709],[-118.17689,50.67007],[-118.18042,50.67238],[-118.18557,50.67215],[-118.19022,50.67323],[-118.19275,50.67276],[-118.19675,50.67436],[-118.20026,50.67418],[-118.20356,50.67651],[-118.21434,50.68011],[-118.21417,50.6835],[-118.20808,50.68918],[-118.20672,50.69331],[-118.20278,50.69742],[-118.20425,50.69932],[-118.20276,50.70196],[-118.20879,50.70137],[-118.21327,50.70286],[-118.21173,50.70421],[-118.20813,50.70519],[-118.2072,50.70904],[-118.20976,50.71284],[-118.20983,50.71629],[-118.20736,50.7199],[-118.20947,50.72261],[-118.20785,50.72294],[-118.20756,50.72388],[-118.20929,50.72748],[-118.21121,50.72941],[-118.2072,50.73454],[-118.20677,50.73645],[-118.21403,50.7385],[-118.21833,50.74074],[-118.22016,50.74024],[-118.2278,50.74366],[-118.23576,50.75092],[-118.23563,50.75274],[-118.244,50.75517],[-118.24451,50.75752],[-118.24285,50.75988],[-118.24313,50.76162],[-118.24712,50.76571],[-118.25104,50.76767],[-118.25155,50.76935],[-118.24927,50.77415],[-118.24797,50.77491],[-118.24971,50.77859],[-118.25382,50.78114],[-118.25279,50.78171],[-118.25717,50.78336],[-118.25868,50.78841],[-118.25764,50.79283],[-118.2615,50.79447],[-118.25894,50.79577],[-118.25648,50.79561],[-118.25461,50.79747],[-118.25648,50.79844],[-118.25847,50.80097],[-118.25839,50.80227],[-118.25985,50.80441],[-118.26889,50.81111],[-118.26954,50.81355],[-118.26252,50.8151],[-118.26003,50.81778],[-118.2585,50.81809],[-118.26127,50.81952],[-118.26221,50.82127],[-118.26767,50.82319],[-118.26761,50.82451],[-118.27009,50.82536],[-118.26996,50.82692],[-118.27403,50.83],[-118.27446,50.83172],[-118.27229,50.83342],[-118.2701,50.83685],[-118.26818,50.83786],[-118.26801,50.83936],[-118.26969,50.84142],[-118.27192,50.84152],[-118.27325,50.84374],[-118.2778,50.84735],[-118.28044,50.84682],[-118.284,50.84762],[-118.28786,50.85052],[-118.28798,50.85185],[-118.28934,50.85283],[-118.28841,50.8544],[-118.28951,50.85676],[-118.29075,50.85772],[-118.29197,50.86051],[-118.29477,50.86198],[-118.29487,50.8648],[-118.29357,50.86576],[-118.2926,50.87146],[-118.28971,50.87423],[-118.28684,50.87564],[-118.28383,50.87519],[-118.28465,50.87808],[-118.28174,50.88015],[-118.27706,50.87915],[-118.27123,50.88211],[-118.26693,50.88304],[-118.26533,50.8862],[-118.27119,50.89056],[-118.26966,50.89307],[-118.2701,50.89681],[-118.27445,50.8987],[-118.28322,50.8946],[-118.28345,50.8914],[-118.2846,50.89019],[-118.2926,50.8901],[-118.29613,50.88846],[-118.30122,50.8886],[-118.30091,50.88818],[-118.30579,50.8879],[-118.3091,50.88674],[-118.31498,50.88809],[-118.31451,50.89514],[-118.31573,50.89694],[-118.31893,50.89904],[-118.3201,50.90128],[-118.31983,50.90293],[-118.31722,50.90449],[-118.31555,50.9046],[-118.31526,50.90944],[-118.31672,50.91369],[-118.31939,50.91466],[-118.32224,50.91788],[-118.32369,50.91848],[-118.32374,50.92335],[-118.32546,50.92621],[-118.32519,50.92842],[-118.32407,50.92988],[-118.32584,50.93059],[-118.32548,50.9351],[-118.32876,50.93963],[-118.32899,50.94546],[-118.33363,50.94596],[-118.33575,50.94842],[-118.34073,50.94893],[-118.33895,50.95076],[-118.34071,50.95131],[-118.33861,50.9521],[-118.3384,50.95364],[-118.34471,50.95243],[-118.35231,50.95244],[-118.35301,50.95463],[-118.35739,50.95584],[-118.35895,50.95754],[-118.35639,50.96562],[-118.35992,50.96787],[-118.36282,50.96748],[-118.36396,50.96818],[-118.36662,50.97149],[-118.36823,50.97558],[-118.36813,50.97919],[-118.37123,50.98357],[-118.37882,50.98935],[-118.37916,50.99172],[-118.38241,50.99719],[-118.38714,50.99825],[-118.38712,50.99919],[-118.39174,51.00166],[-118.39137,51.00223],[-118.39275,51.00365],[-118.3952,51.0036],[-118.40568,50.999],[-118.41045,50.99927],[-118.41507,50.9974],[-118.41821,50.99865],[-118.42142,50.99837],[-118.42298,50.99934],[-118.42371,51.00217],[-118.42847,51.00308],[-118.42601,51.00846],[-118.42177,51.01144],[-118.42591,51.01495],[-118.42548,51.01626],[-118.42856,51.01727],[-118.42512,51.01872],[-118.42216,51.01778],[-118.41898,51.02153],[-118.42604,51.03006],[-118.43074,51.03087],[-118.43507,51.03323],[-118.43477,51.03455],[-118.43023,51.0386],[-118.4314,51.04233],[-118.43417,51.046],[-118.43643,51.04766],[-118.43418,51.04999],[-118.435,51.05601],[-118.42793,51.05664],[-118.42399,51.05615],[-118.42068,51.06082],[-118.42145,51.06227],[-118.42805,51.06556],[-118.42798,51.067],[-118.43122,51.07114],[-118.43027,51.07244],[-118.4305,51.07414],[-118.43199,51.0739],[-118.4355,51.0711],[-118.43978,51.07035],[-118.44449,51.07535],[-118.45171,51.07743],[-118.45532,51.07634],[-118.45925,51.07651],[-118.46335,51.07952],[-118.46395,51.08189],[-118.46292,51.08621],[-118.46583,51.08666],[-118.46545,51.09122],[-118.46832,51.09192],[-118.47121,51.09145],[-118.47687,51.09381],[-118.47612,51.09545],[-118.47435,51.09626],[-118.4806,51.1015],[-118.48205,51.10357],[-118.48101,51.10632],[-118.48231,51.10868],[-118.47517,51.11306],[-118.47536,51.11443],[-118.47876,51.11836],[-118.47886,51.12],[-118.47399,51.12613],[-118.47578,51.1282],[-118.48011,51.12868],[-118.47997,51.13055],[-118.48228,51.13195],[-118.4834,51.13383],[-118.4857,51.13515],[-118.48982,51.13547],[-118.49028,51.1378],[-118.49156,51.13884],[-118.49076,51.14408],[-118.49003,51.14455],[-118.49226,51.14627],[-118.48894,51.15008],[-118.47339,51.15513],[-118.47294,51.15755],[-118.47472,51.16009],[-118.475,51.16583],[-118.47307,51.16987],[-118.47105,51.1714],[-118.48305,51.17488],[-118.48511,51.17649],[-118.49241,51.17631],[-118.50186,51.17867],[-118.50682,51.17815],[-118.51228,51.1787],[-118.51531,51.17768],[-118.52527,51.17834],[-118.53095,51.17758],[-118.53686,51.17784],[-118.55332,51.18506],[-118.5543,51.18634],[-118.5542,51.1877],[-118.56501,51.19376],[-118.56432,51.19533],[-118.56661,51.20315],[-118.55891,51.20326],[-118.55069,51.20507],[-118.54491,51.20822],[-118.54377,51.21095],[-118.54405,51.21435],[-118.54497,51.21689],[-118.54744,51.21761],[-118.55376,51.22217],[-118.56153,51.22645],[-118.56474,51.22935],[-118.56537,51.23108],[-118.56868,51.23245],[-118.57081,51.23719],[-118.5766,51.23995],[-118.57209,51.24375],[-118.57447,51.24643],[-118.57589,51.25066],[-118.57805,51.25302],[-118.57168,51.256],[-118.57079,51.25695],[-118.57118,51.25817],[-118.57058,51.25921],[-118.55787,51.26607],[-118.55801,51.26968],[-118.55584,51.2731],[-118.5512,51.27681],[-118.54959,51.28062],[-118.55473,51.28881],[-118.55056,51.2906],[-118.54461,51.2947],[-118.54033,51.30249],[-118.54612,51.30652],[-118.55785,51.3018],[-118.56536,51.30027],[-118.56728,51.3012],[-118.57598,51.29829],[-118.57737,51.297],[-118.57944,51.29786],[-118.58323,51.297],[-118.58877,51.29956],[-118.59096,51.30391],[-118.59366,51.30542],[-118.59636,51.30862],[-118.60395,51.31077],[-118.60431,51.31694],[-118.60716,51.31791],[-118.60822,51.32225],[-118.61583,51.32972],[-118.61673,51.33344],[-118.61551,51.33418],[-118.61567,51.33686],[-118.61188,51.3386],[-118.61071,51.33991],[-118.61391,51.34256],[-118.61274,51.34401],[-118.61411,51.34724],[-118.61322,51.34916],[-118.61565,51.35078],[-118.61336,51.35268],[-118.6155,51.35347],[-118.61536,51.35598],[-118.61653,51.35616],[-118.61547,51.35882],[-118.61713,51.36282],[-118.61726,51.36517],[-118.6158,51.36492],[-118.6081,51.36746],[-118.60765,51.36919],[-118.60469,51.37129],[-118.59047,51.37159],[-118.59089,51.37543],[-118.58944,51.37699],[-118.59108,51.38045],[-118.59045,51.38456],[-118.58074,51.38909],[-118.58016,51.39036],[-118.58047,51.39118],[-118.58411,51.3906],[-118.58618,51.39412],[-118.59806,51.39799],[-118.59879,51.40252],[-118.60577,51.4037],[-118.60834,51.40554],[-118.61452,51.40692],[-118.61899,51.40994],[-118.61871,51.41109],[-118.6207,51.41369],[-118.61748,51.41343],[-118.61284,51.41754],[-118.60835,51.41954],[-118.60717,51.42155],[-118.61363,51.42505],[-118.61024,51.42556],[-118.61021,51.42628],[-118.61224,51.43045],[-118.61113,51.43394],[-118.61313,51.43602],[-118.61405,51.44048],[-118.61761,51.44227],[-118.62719,51.44272],[-118.62944,51.44433],[-118.6337,51.44552],[-118.63133,51.44889],[-118.63169,51.45088],[-118.63336,51.453],[-118.63073,51.45827],[-118.63183,51.46027],[-118.63088,51.46183],[-118.63527,51.4641],[-118.64044,51.46256],[-118.64229,51.46318],[-118.64261,51.46262],[-118.64558,51.46282],[-118.65052,51.46073],[-118.65162,51.46195],[-118.65458,51.46211],[-118.66545,51.45882],[-118.67119,51.45878],[-118.67325,51.46143],[-118.67982,51.46112],[-118.68305,51.4629],[-118.68299,51.46473],[-118.6848,51.46444],[-118.68736,51.4661],[-118.68827,51.46775],[-118.68753,51.46935],[-118.69215,51.47096],[-118.69696,51.47391],[-118.69928,51.47484],[-118.70191,51.47421],[-118.70915,51.47617],[-118.71245,51.47611],[-118.71344,51.47804],[-118.71233,51.47986],[-118.71561,51.48236],[-118.71641,51.48719],[-118.71826,51.48998],[-118.71706,51.49314],[-118.71442,51.49412],[-118.70857,51.49352],[-118.70518,51.4944],[-118.70254,51.49764],[-118.69549,51.49901],[-118.69338,51.5001],[-118.69269,51.50312],[-118.69431,51.50499],[-118.69992,51.50861],[-118.70639,51.50866],[-118.7062,51.50918],[-118.70857,51.50974],[-118.70846,51.51072],[-118.70951,51.51109],[-118.71701,51.512],[-118.72274,51.51912],[-118.7251,51.51987],[-118.73137,51.52534],[-118.73761,51.52842],[-118.74604,51.52937],[-118.74817,51.52637],[-118.75679,51.52192],[-118.75775,51.52166],[-118.75886,51.52289],[-118.76334,51.52247],[-118.76457,51.52108],[-118.76942,51.52626],[-118.76995,51.52883],[-118.77203,51.53226],[-118.77637,51.53381],[-118.77776,51.53628],[-118.78305,51.5355],[-118.79293,51.52511],[-118.79985,51.52214],[-118.80262,51.52171],[-118.80404,51.52392],[-118.80455,51.52291],[-118.80942,51.52114],[-118.81194,51.52433],[-118.81032,51.52538],[-118.8153,51.52704],[-118.81983,51.52724],[-118.82203,51.52614],[-118.8269,51.52613],[-118.83007,51.52496],[-118.83089,51.52351],[-118.83259,51.52511],[-118.8328,51.52685],[-118.83392,51.52629],[-118.83605,51.52765],[-118.83932,51.52713],[-118.84388,51.52857],[-118.84042,51.53186],[-118.83877,51.53684],[-118.83287,51.54203],[-118.83188,51.54414],[-118.83237,51.54854],[-118.828,51.55125],[-118.82909,51.55261],[-118.82902,51.55662],[-118.82684,51.55732],[-118.82899,51.55803],[-118.82999,51.56133],[-118.82961,51.56312],[-118.82774,51.56469],[-118.82889,51.56561],[-118.8302,51.5655],[-118.82986,51.5688],[-118.82816,51.56906],[-118.82777,51.57009],[-118.82973,51.57547],[-118.82875,51.57755],[-118.83079,51.57885],[-118.8286,51.57962],[-118.82831,51.58299],[-118.82959,51.58442],[-118.8284,51.58691],[-118.82541,51.58819],[-118.81725,51.58885],[-118.81964,51.59352],[-118.81759,51.59555],[-118.81667,51.59899],[-118.81688,51.60305],[-118.8147,51.60555],[-118.81665,51.60791],[-118.81616,51.60974],[-118.82065,51.61313],[-118.81957,51.6138],[-118.81862,51.6167],[-118.82094,51.61909],[-118.8127,51.62068],[-118.81226,51.62192],[-118.81392,51.62464],[-118.81385,51.626],[-118.81625,51.628],[-118.81835,51.63131],[-118.82134,51.63224],[-118.82116,51.63423],[-118.82257,51.63597],[-118.82721,51.63513],[-118.82775,51.63411],[-118.8311,51.63397],[-118.84195,51.63534],[-118.84485,51.63682],[-118.84543,51.63876],[-118.84912,51.64084],[-118.84916,51.64271],[-118.85225,51.6432],[-118.85268,51.64469],[-118.85915,51.64611],[-118.86319,51.6457],[-118.86551,51.64634],[-118.86662,51.64556],[-118.86691,51.64163],[-118.87149,51.63955],[-118.87671,51.64414],[-118.88721,51.64624],[-118.89166,51.64798],[-118.89365,51.65206],[-118.89626,51.65353],[-118.89623,51.65465],[-118.90254,51.65559],[-118.90429,51.65493],[-118.90431,51.65757],[-118.90523,51.65901],[-118.90633,51.65905],[-118.90606,51.66488],[-118.90862,51.66684],[-118.90899,51.67073],[-118.91282,51.67363],[-118.9124,51.67462],[-118.91428,51.67684],[-118.91904,51.67996],[-118.9233,51.68032],[-118.92469,51.6812],[-118.92672,51.69185],[-118.92614,51.69439],[-118.9276,51.69771],[-118.9255,51.70028],[-118.92079,51.70149],[-118.91792,51.70139],[-118.91673,51.70566],[-118.9145,51.70832],[-118.91731,51.70996],[-118.91762,51.71162],[-118.91942,51.71354],[-118.92033,51.71916],[-118.90566,51.72405],[-118.9026,51.72425],[-118.89796,51.72844],[-118.89217,51.73048],[-118.88993,51.73241],[-118.88966,51.73693],[-118.89043,51.73987],[-118.88946,51.74245],[-118.89255,51.74322],[-118.89034,51.74511],[-118.89134,51.7465],[-118.89137,51.74925],[-118.89259,51.75188],[-118.89226,51.75441],[-118.89361,51.75626],[-118.89319,51.75776],[-118.89375,51.75877],[-118.89512,51.75874],[-118.89685,51.76014],[-118.89745,51.76327],[-118.89687,51.76577],[-118.89767,51.76798],[-118.89366,51.76968],[-118.89112,51.77214],[-118.89402,51.77435],[-118.89629,51.77868],[-118.89601,51.78368],[-118.89297,51.78542],[-118.89313,51.78618],[-118.89738,51.78582],[-118.90097,51.78652],[-118.90428,51.78577],[-118.91,51.78654],[-118.91736,51.78996],[-118.92172,51.79541],[-118.9252,51.7967],[-118.93487,51.79233],[-118.94503,51.79132],[-118.94529,51.79235],[-118.94442,51.79276],[-118.94497,51.79389],[-118.95192,51.80395],[-118.95412,51.80384],[-118.96052,51.80692],[-118.95982,51.80934],[-118.95798,51.81059],[-118.95806,51.81322],[-118.95716,51.81493],[-118.96199,51.81938],[-118.96155,51.82149],[-118.96406,51.82301],[-118.96877,51.82339],[-118.96954,51.82435],[-118.9668,51.82555],[-118.96234,51.82595],[-118.95526,51.83019],[-118.9517,51.83027],[-118.94785,51.83222],[-118.94784,51.83285],[-118.95023,51.8341],[-118.95267,51.83819],[-118.95297,51.83982],[-118.95071,51.84383],[-118.95214,51.84511],[-118.95253,51.84922],[-118.95354,51.85103],[-118.95938,51.85089],[-118.96197,51.85254],[-118.96308,51.85244],[-118.96565,51.85642],[-118.97275,51.85713],[-118.97688,51.86152],[-118.98296,51.86101],[-118.99205,51.86352],[-118.99212,51.86755],[-118.98385,51.86931],[-118.98345,51.87514],[-118.97339,51.87817],[-118.97013,51.87818],[-118.97023,51.87912],[-118.96869,51.87947],[-118.96775,51.881],[-118.9694,51.88346],[-118.96671,51.88439],[-118.96733,51.88712],[-118.96943,51.88977],[-118.96891,51.89338],[-118.97634,51.90039],[-118.97582,51.90727],[-118.97452,51.90977],[-118.97611,51.91006],[-118.97553,51.91058],[-118.97742,51.91127],[-118.97879,51.91295],[-118.98218,51.9139],[-118.98682,51.91819],[-118.99092,51.91823],[-118.99239,51.92106],[-118.98909,51.92529],[-118.98827,51.9313],[-118.98269,51.93508],[-118.97345,51.93279],[-118.96978,51.93402],[-118.96672,51.93391],[-118.9505,51.92969],[-118.94667,51.92739],[-118.94547,51.92524],[-118.94355,51.92481],[-118.94234,51.92482],[-118.93902,51.9271],[-118.93527,51.92772],[-118.92479,51.92519],[-118.91449,51.92481],[-118.90957,51.92642],[-118.90675,51.92829],[-118.90586,51.93048],[-118.90414,51.9319],[-118.90513,51.93292],[-118.90507,51.9348],[-118.90203,51.93759],[-118.90111,51.94002],[-118.89916,51.94135],[-118.89989,51.94272],[-118.89844,51.94589],[-118.89075,51.95137],[-118.89284,51.95438],[-118.89685,51.95771],[-118.90444,51.95803],[-118.90803,51.96114],[-118.90735,51.96161],[-118.91619,51.96384],[-118.91987,51.96681],[-118.9243,51.96668],[-118.92431,51.9661],[-118.92799,51.96666],[-118.93305,51.96542],[-118.94172,51.96702],[-118.94872,51.97001],[-118.95256,51.97048],[-118.95298,51.97208],[-118.95385,51.97238],[-118.96144,51.97218],[-118.96677,51.97433],[-118.97364,51.97553],[-118.97457,51.97646],[-118.97246,51.97852],[-118.97218,51.98122],[-118.96924,51.9843],[-118.97108,51.98772],[-118.96759,51.99156],[-118.9654,51.99208],[-118.96207,51.99818],[-118.95895,51.99763],[-118.95158,51.99868],[-118.95062,52.00059],[-118.94774,52.00205],[-118.9464,52.00439],[-118.94666,52.00576],[-118.94933,52.00887],[-118.94924,52.01385],[-118.94638,52.01529],[-118.94834,52.01796],[-118.9478,52.02246],[-118.94462,52.02444],[-118.94415,52.02649],[-118.93992,52.02919],[-118.94074,52.03112],[-118.93322,52.03513],[-118.92932,52.03584],[-118.92801,52.03759],[-118.9184,52.03924],[-118.91769,52.04082],[-118.91501,52.04284],[-118.91117,52.04371],[-118.90604,52.03911],[-118.89973,52.038],[-118.89287,52.03933],[-118.89054,52.04079],[-118.88331,52.04202],[-118.87482,52.04184],[-118.87219,52.04343],[-118.86522,52.04515],[-118.85486,52.04494],[-118.85385,52.04559],[-118.85439,52.04675],[-118.85296,52.04804],[-118.84842,52.04941],[-118.84779,52.05202],[-118.84936,52.05523],[-118.84846,52.05745],[-118.85022,52.06007],[-118.85218,52.06063],[-118.85482,52.06302],[-118.85752,52.06335],[-118.85981,52.06514],[-118.86365,52.06567],[-118.86573,52.06471],[-118.87038,52.06601],[-118.87024,52.06813],[-118.87415,52.07116],[-118.87227,52.07241],[-118.87136,52.07765],[-118.86216,52.08141],[-118.85541,52.08775],[-118.85262,52.08896],[-118.85948,52.0913],[-118.85981,52.09301],[-118.86397,52.09685],[-118.86443,52.09891],[-118.86676,52.10053],[-118.86739,52.10198],[-118.86352,52.10597],[-118.8633,52.10868],[-118.86137,52.1108],[-118.86195,52.11254],[-118.8588,52.11441],[-118.85265,52.12302],[-118.85079,52.12405],[-118.85301,52.12917],[-118.85217,52.13319],[-118.84583,52.13767],[-118.84521,52.13966],[-118.84124,52.14241],[-118.8356,52.14321],[-118.83587,52.14437],[-118.83465,52.14633],[-118.83523,52.15467],[-118.8329,52.15767],[-118.83622,52.16334],[-118.82167,52.16694],[-118.81721,52.17098],[-118.81148,52.17392],[-118.80703,52.17505],[-118.80417,52.17475],[-118.79912,52.1766],[-118.80692,52.17952],[-118.81729,52.18862],[-118.81988,52.19219],[-118.82317,52.1949],[-118.82347,52.19617],[-118.82757,52.19946],[-118.83861,52.20268],[-118.84183,52.20249],[-118.84731,52.20768],[-118.85192,52.21005],[-118.85224,52.21269],[-118.84993,52.21788],[-118.84703,52.21721],[-118.83941,52.21871],[-118.83582,52.22073],[-118.8355,52.22172],[-118.84123,52.22546],[-118.8399,52.22808],[-118.84072,52.22953],[-118.83967,52.23034],[-118.83884,52.23328],[-118.85169,52.23609],[-118.85486,52.2356],[-118.85706,52.23656],[-118.86539,52.23672],[-118.87325,52.23816],[-118.87784,52.24008],[-118.89116,52.23795],[-118.89762,52.23902],[-118.89382,52.2443],[-118.89054,52.24476],[-118.89047,52.24621],[-118.88935,52.24691],[-118.88569,52.25317],[-118.88635,52.25634],[-118.88558,52.25688],[-118.88547,52.25915],[-118.8836,52.2612],[-118.88064,52.26316],[-118.8716,52.26512],[-118.86959,52.26755],[-118.86607,52.26744],[-118.86135,52.2717],[-118.84497,52.27571],[-118.84459,52.27814],[-118.84566,52.28212],[-118.84475,52.28381],[-118.84167,52.28552],[-118.83922,52.28849],[-118.83193,52.29014],[-118.82387,52.29044],[-118.82039,52.29229],[-118.81988,52.29626],[-118.8141,52.29916],[-118.80658,52.30047],[-118.80452,52.30228],[-118.80049,52.30371],[-118.7941,52.30398],[-118.78772,52.30583],[-118.7882,52.30702],[-118.79004,52.30772],[-118.79068,52.31136],[-118.7939,52.3124],[-118.79832,52.31639],[-118.80414,52.31984],[-118.80925,52.32195],[-118.82033,52.32423],[-118.82638,52.32602],[-118.8268,52.32694],[-118.82789,52.3267],[-118.83644,52.32955],[-118.84295,52.33455],[-118.85651,52.33508],[-118.85882,52.33749],[-118.86415,52.33974],[-118.86547,52.34159],[-118.86901,52.34261],[-118.87709,52.34235],[-118.88433,52.34374],[-118.89262,52.34294],[-118.90301,52.34316],[-118.91921,52.3488],[-118.92138,52.35121],[-118.92666,52.35442],[-118.92702,52.36342],[-118.92812,52.36538],[-118.9376,52.37359],[-118.93649,52.37489],[-118.93649,52.38082],[-118.93791,52.38367],[-118.94,52.38527],[-118.93915,52.3875],[-118.93998,52.38817],[-118.93993,52.39075],[-118.93854,52.3933],[-118.93359,52.39695],[-118.93262,52.39863],[-118.93264,52.40313],[-118.9307,52.4052],[-118.93058,52.4092],[-118.92967,52.41056],[-118.93141,52.41121],[-118.9318,52.41229],[-118.92784,52.41444],[-118.92816,52.4159],[-118.92393,52.41927],[-118.92529,52.42241],[-118.92694,52.42318],[-118.93355,52.42346],[-118.93304,52.42815],[-118.93421,52.43007],[-118.94051,52.43119],[-118.94517,52.43376],[-118.94214,52.43642],[-118.94073,52.4416],[-118.93803,52.44508],[-118.93515,52.44699],[-118.93729,52.45329],[-118.93278,52.4539],[-118.93098,52.4578],[-118.92363,52.46379],[-118.91957,52.46488],[-118.91349,52.46478],[-118.91346,52.46605],[-118.91016,52.46943],[-118.90656,52.46872],[-118.90179,52.46944],[-118.89754,52.47246],[-118.89147,52.47235],[-118.88668,52.47463],[-118.88637,52.47688],[-118.88508,52.47882],[-118.88915,52.48224],[-118.88753,52.48565],[-118.88964,52.49186],[-118.89391,52.49157],[-118.89646,52.49231],[-118.90108,52.49761],[-118.9071,52.49891],[-118.90945,52.50264],[-118.91077,52.50622],[-118.90744,52.5087],[-118.90964,52.51282],[-118.90678,52.51876],[-118.90779,52.5234],[-118.91034,52.52739],[-118.91043,52.52986],[-118.91406,52.53082],[-118.91387,52.53223],[-118.91541,52.53333],[-118.91662,52.53636],[-118.91578,52.53779],[-118.92174,52.53988],[-118.92626,52.54021],[-118.93079,52.54431],[-118.93518,52.54548],[-118.93821,52.54791],[-118.93801,52.54902],[-118.93875,52.54955],[-118.9355,52.55196],[-118.93638,52.55435],[-118.93625,52.55811],[-118.93323,52.56008],[-118.92801,52.56052],[-118.92649,52.56417],[-118.92728,52.56817],[-118.9321,52.56872],[-118.93685,52.57104],[-118.9414,52.57166],[-118.95152,52.57707],[-118.95948,52.57566],[-118.96214,52.57773],[-118.96682,52.5794],[-118.9691,52.58103],[-118.9735,52.58043],[-118.98214,52.58335],[-118.98463,52.58283],[-118.99022,52.58438],[-118.99353,52.58597],[-118.99519,52.58773],[-118.99454,52.59157],[-118.99787,52.59264],[-118.99954,52.59496],[-118.99915,52.59878],[-119.00388,52.60108],[-119.00703,52.60129],[-119.01514,52.59813],[-119.01606,52.59547],[-119.01567,52.59314],[-119.01954,52.59153],[-119.02658,52.59189],[-119.02748,52.59318],[-119.03463,52.59428],[-119.04141,52.59872],[-119.03981,52.59943],[-119.04034,52.60271],[-119.03901,52.60433],[-119.0386,52.60717],[-119.04479,52.61319],[-119.04396,52.61652],[-119.0477,52.62055],[-119.04992,52.62129],[-119.05494,52.62521],[-119.05493,52.62757],[-119.05327,52.62961],[-119.05394,52.63313],[-119.05907,52.63576],[-119.06449,52.6358],[-119.06779,52.63762],[-119.06762,52.63977],[-119.07005,52.64174],[-119.07738,52.64455],[-119.07761,52.64617],[-119.07969,52.64768],[-119.07982,52.65127],[-119.08296,52.65746],[-119.08853,52.65887],[-119.09121,52.66053],[-119.0911,52.66267],[-119.09024,52.66361],[-119.09175,52.66468],[-119.10241,52.66651],[-119.10619,52.6731],[-119.1196,52.66993],[-119.13982,52.66674],[-119.14274,52.66423],[-119.14963,52.66059],[-119.15431,52.65573],[-119.16351,52.65067],[-119.17727,52.6447],[-119.18366,52.6397],[-119.18499,52.6382],[-119.18532,52.63092],[-119.18778,52.62825],[-119.18764,52.62604],[-119.1887,52.62396],[-119.18972,52.6179],[-119.19272,52.61446],[-119.1927,52.61206],[-119.19369,52.61231],[-119.19508,52.60965],[-119.19438,52.60647],[-119.1889,52.60212],[-119.19367,52.59902],[-119.19979,52.5979],[-119.20707,52.5993],[-119.21149,52.60181],[-119.21382,52.60444],[-119.21771,52.60517],[-119.2254,52.60517],[-119.2479,52.59849],[-119.25283,52.59799],[-119.26818,52.59943],[-119.27083,52.59782],[-119.27621,52.59714],[-119.28294,52.59819],[-119.29219,52.60274],[-119.29691,52.60348],[-119.29851,52.60145],[-119.30558,52.59701],[-119.31146,52.59582],[-119.32018,52.59586],[-119.32268,52.59479],[-119.32719,52.59465],[-119.33062,52.59325],[-119.33977,52.59152],[-119.34324,52.58856],[-119.35074,52.58772],[-119.354,52.58636],[-119.35786,52.58879],[-119.36094,52.59207],[-119.36543,52.59918],[-119.3659,52.60298],[-119.37249,52.60905],[-119.37257,52.61029],[-119.37629,52.61267],[-119.37771,52.61575],[-119.37181,52.61731],[-119.36985,52.6207],[-119.36711,52.62205],[-119.36583,52.62729],[-119.3667,52.62985],[-119.36533,52.6323],[-119.36513,52.637],[-119.36166,52.63943],[-119.36287,52.64101],[-119.36357,52.64866],[-119.3598,52.65132],[-119.36435,52.65552],[-119.3703,52.6563],[-119.37365,52.65431],[-119.37811,52.65425],[-119.3805,52.6517],[-119.38348,52.65022],[-119.38844,52.64979],[-119.39568,52.65123],[-119.40019,52.65107],[-119.4067,52.64942],[-119.40975,52.64744],[-119.41527,52.64723],[-119.41607,52.6466],[-119.41631,52.64378],[-119.41761,52.6412],[-119.42661,52.63653],[-119.4293,52.63721],[-119.4342,52.6366],[-119.44335,52.63695],[-119.4483,52.63952],[-119.45085,52.64561],[-119.45616,52.64557],[-119.45779,52.64671],[-119.45798,52.64807],[-119.45979,52.65023],[-119.46406,52.65123],[-119.46693,52.64969],[-119.46662,52.6491],[-119.46776,52.64802],[-119.47297,52.64783],[-119.47826,52.64424],[-119.48557,52.64213],[-119.48963,52.63835],[-119.49902,52.63865],[-119.50005,52.63617],[-119.50347,52.63209],[-119.51341,52.63067],[-119.51529,52.62906],[-119.5292,52.62889],[-119.53201,52.63204],[-119.53239,52.63723],[-119.53499,52.63931],[-119.53609,52.64163],[-119.53449,52.64394],[-119.53581,52.64718],[-119.54253,52.65439],[-119.54167,52.65609],[-119.54287,52.66037],[-119.54259,52.66442],[-119.54732,52.66468],[-119.56025,52.66106],[-119.5647,52.65766],[-119.57226,52.65568],[-119.57757,52.65167],[-119.57915,52.65474],[-119.57891,52.65744],[-119.58635,52.65904],[-119.58787,52.66031],[-119.58784,52.66114],[-119.59213,52.66286],[-119.59372,52.66406],[-119.59359,52.66509],[-119.59716,52.66675],[-119.60041,52.66994],[-119.60284,52.6701],[-119.60583,52.67516],[-119.60637,52.67819],[-119.61258,52.68067],[-119.61271,52.68186],[-119.61478,52.68376],[-119.61573,52.68696],[-119.61826,52.68991],[-119.61811,52.69159],[-119.61528,52.69507],[-119.61357,52.7],[-119.61377,52.70112],[-119.61742,52.70513],[-119.62595,52.70468],[-119.63126,52.70307],[-119.63946,52.70256],[-119.65264,52.69899],[-119.65832,52.69997],[-119.66515,52.69916],[-119.66978,52.70359],[-119.6737,52.70503],[-119.67796,52.7053],[-119.68057,52.70728],[-119.68174,52.71179],[-119.68479,52.71333],[-119.68461,52.71534],[-119.68315,52.71724],[-119.68422,52.71826],[-119.69022,52.71784],[-119.69483,52.71875],[-119.70026,52.72296],[-119.70029,52.72444],[-119.70889,52.73267],[-119.70924,52.73477],[-119.71513,52.73698],[-119.71802,52.73984],[-119.72036,52.74072],[-119.71842,52.75519],[-119.7226,52.75902],[-119.72127,52.76207],[-119.7234,52.76419],[-119.7285,52.76621],[-119.73885,52.77271],[-119.73583,52.7745],[-119.72804,52.77444],[-119.72414,52.7754],[-119.72364,52.78293],[-119.72479,52.78554],[-119.7168,52.78889],[-119.71401,52.7868],[-119.70202,52.78513],[-119.6953,52.78324],[-119.69311,52.78384],[-119.68876,52.78344],[-119.68263,52.78197],[-119.67892,52.78846],[-119.67101,52.78787],[-119.66109,52.78963],[-119.64879,52.78814],[-119.64986,52.78947],[-119.64952,52.79067],[-119.64497,52.79194],[-119.64516,52.79321],[-119.64291,52.79568],[-119.64681,52.79892],[-119.64658,52.80235],[-119.64261,52.80408],[-119.63258,52.80569],[-119.63205,52.80382],[-119.62752,52.80115],[-119.61921,52.80043],[-119.6138,52.79824],[-119.60432,52.7973],[-119.60192,52.79591],[-119.59722,52.79597],[-119.59333,52.79443],[-119.58835,52.7964],[-119.58605,52.79893],[-119.58654,52.79974],[-119.58417,52.8002],[-119.57365,52.79455],[-119.56893,52.79397],[-119.56614,52.79623],[-119.56118,52.79732],[-119.55382,52.79194],[-119.55104,52.78785],[-119.55175,52.78497],[-119.54976,52.78477],[-119.54779,52.7832],[-119.54709,52.77883],[-119.54396,52.77995],[-119.54369,52.78132],[-119.54144,52.78367],[-119.53745,52.78532],[-119.53095,52.78693],[-119.52367,52.78569],[-119.51523,52.78857],[-119.50339,52.78755],[-119.50007,52.78569],[-119.49628,52.78738],[-119.49073,52.78851],[-119.48684,52.78738],[-119.48316,52.78505],[-119.47044,52.78286],[-119.46617,52.7849],[-119.46077,52.78565],[-119.45532,52.78342],[-119.45604,52.781],[-119.45391,52.77424],[-119.45456,52.77186],[-119.45598,52.77123],[-119.4498,52.76935],[-119.44125,52.76315],[-119.43544,52.76287],[-119.42781,52.7593],[-119.42071,52.75819],[-119.41954,52.75972],[-119.41338,52.76288],[-119.40492,52.76026],[-119.39927,52.76182],[-119.39813,52.76513],[-119.3961,52.76538],[-119.39351,52.7679],[-119.38915,52.77027],[-119.38726,52.77316],[-119.38811,52.77478],[-119.38783,52.77627],[-119.37797,52.77298],[-119.36236,52.7711],[-119.35394,52.77145],[-119.34081,52.77341],[-119.33937,52.77509],[-119.34238,52.77896],[-119.33951,52.7834],[-119.33386,52.78655],[-119.33608,52.78873],[-119.336,52.79017],[-119.33466,52.79067],[-119.33007,52.79084],[-119.32782,52.7894],[-119.32827,52.78834],[-119.32264,52.78694],[-119.31422,52.78667],[-119.31299,52.78175],[-119.31124,52.77943],[-119.30406,52.77873],[-119.30265,52.77709],[-119.30336,52.77349],[-119.30086,52.77218],[-119.29503,52.77197],[-119.28967,52.77318],[-119.27571,52.77379],[-119.27152,52.77482],[-119.267,52.77415],[-119.26441,52.7752],[-119.26346,52.77648],[-119.26499,52.77726],[-119.26399,52.78109],[-119.26577,52.78192],[-119.26593,52.78501],[-119.26688,52.78599],[-119.26544,52.78891],[-119.26704,52.79095],[-119.26547,52.79387],[-119.25866,52.79534],[-119.2582,52.79578],[-119.25937,52.79902],[-119.25677,52.79969],[-119.25114,52.79837],[-119.24733,52.80016],[-119.2421,52.79865],[-119.24121,52.79694],[-119.23941,52.79657],[-119.23824,52.79675],[-119.23814,52.79751],[-119.23348,52.79683],[-119.2324,52.79833],[-119.22833,52.79702],[-119.22532,52.79749],[-119.22777,52.80254],[-119.22617,52.80673],[-119.22369,52.81023],[-119.22454,52.81202],[-119.22295,52.81588],[-119.2167,52.81761],[-119.20958,52.81762],[-119.20529,52.81999],[-119.19972,52.82523],[-119.19772,52.8284],[-119.19609,52.83794],[-119.18839,52.84417],[-119.18615,52.84797],[-119.18623,52.8523],[-119.17913,52.8582],[-119.17833,52.85836],[-119.17664,52.85624],[-119.17247,52.85369],[-119.16696,52.85405],[-119.16233,52.85593],[-119.15456,52.85595],[-119.1506,52.85513],[-119.14574,52.85276],[-119.1433,52.84951],[-119.13458,52.84522],[-119.13328,52.84338],[-119.1105,52.84027],[-119.10627,52.84211],[-119.10261,52.84237],[-119.10045,52.84413],[-119.09729,52.84492],[-119.09298,52.84832],[-119.08885,52.84926],[-119.08692,52.85111],[-119.08099,52.85005],[-119.07758,52.85103],[-119.06896,52.85075],[-119.06392,52.85389],[-119.04759,52.86044],[-119.04768,52.8643],[-119.04409,52.86573],[-119.04387,52.86839],[-119.04155,52.87106],[-119.03402,52.8707],[-119.02898,52.87168],[-119.02733,52.8704],[-119.0235,52.86965],[-119.01759,52.86545],[-119.01539,52.86812],[-119.00922,52.8715],[-119.0076,52.87389],[-119.00433,52.87563],[-118.99462,52.87782],[-118.99235,52.87764],[-118.98787,52.88066],[-118.98399,52.87942],[-118.97365,52.87315],[-118.96532,52.87137],[-118.96345,52.87015],[-118.95791,52.86892],[-118.95344,52.86922],[-118.94626,52.86827],[-118.93177,52.86362],[-118.92269,52.8627],[-118.92012,52.86161],[-118.91921,52.852],[-118.91542,52.84953],[-118.91224,52.84889],[-118.91328,52.8477],[-118.90833,52.84451],[-118.91304,52.84115],[-118.91023,52.83767],[-118.9078,52.83016],[-118.90799,52.82869],[-118.91068,52.82702],[-118.90964,52.82523],[-118.90773,52.82409],[-118.90118,52.81497],[-118.89236,52.81142],[-118.88515,52.8119],[-118.88129,52.81021],[-118.87707,52.80703],[-118.87544,52.80486],[-118.8675,52.80095],[-118.86515,52.79737],[-118.86041,52.79381],[-118.86103,52.7917],[-118.86468,52.78984],[-118.85923,52.78558],[-118.85868,52.78409],[-118.85126,52.78051],[-118.84951,52.77741],[-118.84061,52.77486],[-118.83772,52.7751],[-118.83623,52.77386],[-118.83081,52.77195],[-118.83008,52.76876],[-118.8204,52.76304],[-118.81148,52.76416],[-118.80848,52.76111],[-118.80411,52.75952],[-118.80013,52.75556],[-118.79039,52.75108],[-118.77936,52.7495],[-118.76577,52.74987],[-118.76305,52.74682],[-118.7601,52.74535],[-118.76095,52.74344],[-118.76375,52.74162],[-118.76082,52.74044],[-118.75287,52.74072],[-118.75098,52.74014],[-118.7526,52.73857],[-118.75194,52.73545],[-118.75301,52.73148],[-118.75157,52.72935],[-118.75321,52.7252],[-118.75154,52.7231],[-118.74953,52.71805],[-118.7509,52.71576],[-118.75043,52.71442],[-118.75109,52.71127],[-118.74777,52.71077],[-118.74445,52.70919],[-118.74447,52.7072],[-118.74308,52.7057],[-118.74335,52.70452],[-118.73103,52.70212],[-118.72572,52.69967],[-118.72384,52.69975],[-118.71914,52.69738],[-118.71791,52.69592],[-118.7162,52.69623],[-118.71378,52.69914],[-118.70943,52.69988],[-118.70545,52.70259],[-118.70165,52.70347],[-118.69941,52.70028],[-118.69942,52.69701],[-118.70008,52.69639],[-118.69861,52.69342],[-118.6946,52.69245],[-118.70088,52.68998],[-118.69058,52.68457],[-118.68986,52.68156],[-118.68825,52.67906],[-118.68193,52.67446],[-118.67535,52.67338],[-118.67272,52.67374],[-118.665,52.67212],[-118.66258,52.67285],[-118.65765,52.67059],[-118.65181,52.66955],[-118.64072,52.67083],[-118.6382,52.67215],[-118.62888,52.67005],[-118.62565,52.67249],[-118.61676,52.67368],[-118.61,52.67078],[-118.60038,52.66856],[-118.59172,52.66921],[-118.59049,52.66999],[-118.58685,52.66952],[-118.58215,52.67068],[-118.57893,52.67269],[-118.57334,52.67462],[-118.57243,52.67572],[-118.56868,52.67587],[-118.56376,52.68291],[-118.55908,52.68501],[-118.55822,52.68641],[-118.55826,52.68983],[-118.55707,52.69079],[-118.55454,52.69039],[-118.55192,52.68797],[-118.54653,52.68563],[-118.53827,52.68604],[-118.53115,52.68446],[-118.52742,52.68174],[-118.50033,52.68024],[-118.4998,52.67899],[-118.50039,52.67581],[-118.4966,52.67098],[-118.49406,52.66956],[-118.49366,52.66584],[-118.49002,52.66189],[-118.49663,52.65587],[-118.4998,52.65397],[-118.50119,52.65208],[-118.49788,52.65062],[-118.4936,52.6468],[-118.49541,52.64299],[-118.49823,52.64175],[-118.49738,52.63854],[-118.50139,52.6359],[-118.50543,52.63455],[-118.50667,52.63319],[-118.51033,52.63263],[-118.5168,52.6298],[-118.51972,52.6301],[-118.5244,52.62664],[-118.53121,52.62498],[-118.52905,52.62312],[-118.52845,52.61867],[-118.52589,52.61474],[-118.52553,52.61255],[-118.52324,52.6106],[-118.52256,52.60729],[-118.5215,52.60618],[-118.51976,52.60624],[-118.52265,52.60513],[-118.5296,52.6045],[-118.53219,52.60294],[-118.5344,52.60265],[-118.53723,52.59933],[-118.54338,52.59558],[-118.54164,52.59343],[-118.53599,52.59358],[-118.52997,52.58973],[-118.52943,52.58665],[-118.52719,52.58477],[-118.52692,52.58223],[-118.52558,52.58083],[-118.52388,52.5764],[-118.52472,52.57285],[-118.52346,52.57118],[-118.52561,52.56826],[-118.52548,52.56558],[-118.52136,52.56244],[-118.51524,52.56096],[-118.5104,52.56237],[-118.50126,52.56051],[-118.49481,52.5606],[-118.4924,52.55954],[-118.48441,52.55881],[-118.48047,52.5595],[-118.47561,52.55839],[-118.47433,52.55863],[-118.47287,52.56069],[-118.47058,52.56174],[-118.47088,52.56347],[-118.46901,52.56491],[-118.46155,52.56454],[-118.45682,52.56746],[-118.4503,52.56757],[-118.4444,52.5661],[-118.43188,52.56541],[-118.43003,52.56412],[-118.43025,52.56332],[-118.42891,52.56148],[-118.42872,52.55728],[-118.42438,52.55214],[-118.42462,52.55058],[-118.42807,52.5473],[-118.42346,52.54536],[-118.41825,52.54475],[-118.40854,52.5464],[-118.4045,52.54478],[-118.39448,52.54602],[-118.39231,52.54289],[-118.38928,52.54223],[-118.38937,52.53925],[-118.37878,52.53891],[-118.37585,52.53785],[-118.37691,52.53275],[-118.37395,52.53087],[-118.37063,52.53326],[-118.36796,52.53415],[-118.35992,52.52924],[-118.3547,52.53155],[-118.34729,52.53083],[-118.34687,52.53012],[-118.3495,52.52701],[-118.34754,52.51966],[-118.34202,52.51727],[-118.33627,52.51247],[-118.33304,52.51249],[-118.33088,52.51085],[-118.32599,52.50979],[-118.32376,52.50841],[-118.3167,52.50808],[-118.31114,52.51182],[-118.30772,52.51287],[-118.30503,52.51614],[-118.30036,52.5171],[-118.29309,52.521],[-118.29332,52.52244],[-118.29019,52.52487],[-118.28603,52.52364],[-118.28495,52.5239],[-118.28431,52.52599],[-118.28258,52.52608],[-118.27394,52.52321],[-118.26852,52.51892],[-118.26812,52.51803],[-118.26958,52.51541],[-118.26953,52.51352],[-118.26685,52.51023],[-118.26383,52.5088],[-118.26343,52.50455],[-118.26175,52.50367],[-118.25683,52.504],[-118.25487,52.5031],[-118.25393,52.50207],[-118.25367,52.49928],[-118.25215,52.49746],[-118.25047,52.49627],[-118.24603,52.49567],[-118.24078,52.49265],[-118.23547,52.48733],[-118.2331,52.48798],[-118.23235,52.4893],[-118.21478,52.48678],[-118.20471,52.48799],[-118.20175,52.48951],[-118.19824,52.48534],[-118.19717,52.47982],[-118.19501,52.47749],[-118.1975,52.47569],[-118.20309,52.47418],[-118.20562,52.47272],[-118.2088,52.46926],[-118.21159,52.46332],[-118.21562,52.46296],[-118.22132,52.46021],[-118.22935,52.45793],[-118.23018,52.45489],[-118.23659,52.45111],[-118.24214,52.45012],[-118.25048,52.45094],[-118.25036,52.44896],[-118.25311,52.44369],[-118.25297,52.44161],[-118.24929,52.43754],[-118.24822,52.4341],[-118.24234,52.43055],[-118.23733,52.42335],[-118.23964,52.41972],[-118.23738,52.41712],[-118.2376,52.4162],[-118.24172,52.41003],[-118.24263,52.40407],[-118.23976,52.40309],[-118.23212,52.40284],[-118.21881,52.39654],[-118.21858,52.3942],[-118.22056,52.39073],[-118.21901,52.38718],[-118.21932,52.38556],[-118.22532,52.3796],[-118.22273,52.37523],[-118.21872,52.375],[-118.21579,52.37258],[-118.21599,52.37193],[-118.20456,52.36942],[-118.1993,52.37296],[-118.19507,52.37103],[-118.18697,52.37226],[-118.18501,52.37387],[-118.18527,52.375],[-118.18427,52.37623],[-118.18403,52.37809],[-118.18553,52.37897],[-118.17975,52.384],[-118.17948,52.3871],[-118.17452,52.39131],[-118.17026,52.38906],[-118.16427,52.39191],[-118.15778,52.39312],[-118.14196,52.39212],[-118.14599,52.39953],[-118.14625,52.40215],[-118.13875,52.40662],[-118.13331,52.40514],[-118.12113,52.40356],[-118.0935,52.40589],[-118.09043,52.40471],[-118.0893,52.40342],[-118.08263,52.40393],[-118.07393,52.39982],[-118.07061,52.40036],[-118.06522,52.39776],[-118.06394,52.39881],[-118.05973,52.39957],[-118.0576,52.4012],[-118.05411,52.39905],[-118.05094,52.3989],[-118.04754,52.39764],[-118.04096,52.39815],[-118.04409,52.40224],[-118.04728,52.40369],[-118.05038,52.41034],[-118.05064,52.41262],[-118.05226,52.41423],[-118.05244,52.41604],[-118.05042,52.41797],[-118.04222,52.41672],[-118.03531,52.42143],[-118.03359,52.4268],[-118.03663,52.42862],[-118.03713,52.43187],[-118.03446,52.43552],[-118.03332,52.43866],[-118.03598,52.44114],[-118.05023,52.44406],[-118.05595,52.44845],[-118.05547,52.44924],[-118.05993,52.45482],[-118.05967,52.45546],[-118.05874,52.45644],[-118.04927,52.45574],[-118.0423,52.45773],[-118.03618,52.45739],[-118.02757,52.45486],[-118.02127,52.45802],[-118.01812,52.45859],[-118.0198,52.46131],[-118.02546,52.46514],[-118.026,52.46696],[-118.02525,52.47279],[-118.01769,52.47443],[-118.01627,52.47664],[-118.01578,52.4793],[-118.01188,52.48157],[-118.0104,52.48406],[-118.00861,52.485],[-118.00578,52.49072],[-118.00588,52.49325],[-117.99871,52.49396],[-117.99115,52.49689],[-117.98919,52.49422],[-117.98565,52.49291],[-117.98831,52.49062],[-117.98873,52.4886],[-117.98682,52.48733],[-117.98798,52.48561],[-117.98665,52.48378],[-117.98037,52.48172],[-117.97299,52.48308],[-117.97102,52.47988],[-117.97106,52.47858],[-117.97485,52.47127],[-117.97014,52.46739],[-117.96359,52.46393],[-117.96195,52.46162],[-117.95586,52.45854],[-117.95122,52.45815],[-117.94835,52.45256],[-117.94021,52.44991],[-117.93621,52.44715],[-117.93029,52.44687],[-117.92716,52.44583],[-117.92198,52.44732],[-117.91582,52.44665],[-117.91943,52.44193],[-117.91863,52.43948],[-117.91551,52.43663],[-117.90762,52.43362],[-117.89994,52.43226],[-117.89757,52.42987],[-117.89299,52.4283],[-117.89223,52.42715],[-117.87641,52.42659],[-117.87498,52.42348],[-117.87195,52.42203],[-117.87118,52.42087],[-117.85961,52.41884],[-117.85755,52.41776],[-117.85341,52.41353],[-117.84647,52.4155],[-117.84509,52.41854],[-117.83775,52.41887],[-117.8323,52.41823],[-117.82591,52.41901],[-117.81845,52.4177],[-117.81367,52.4133],[-117.80604,52.41151],[-117.80358,52.40952],[-117.7954,52.40912],[-117.79247,52.40787],[-117.78933,52.40999],[-117.7738,52.40995],[-117.76995,52.41129],[-117.77018,52.41292],[-117.76298,52.41386],[-117.76061,52.41212],[-117.75654,52.40559],[-117.74238,52.39934],[-117.74097,52.3983],[-117.74079,52.39666],[-117.73903,52.39486],[-117.73302,52.39409],[-117.72284,52.3899],[-117.72497,52.38955],[-117.72658,52.38822],[-117.72549,52.38427],[-117.72658,52.38381],[-117.72612,52.38254],[-117.72677,52.38207],[-117.71981,52.38064],[-117.71849,52.37856],[-117.71811,52.37233],[-117.71625,52.36482],[-117.70999,52.36346],[-117.70803,52.36247],[-117.70736,52.36049],[-117.70466,52.35938],[-117.70583,52.35665],[-117.71316,52.35237],[-117.71773,52.35183],[-117.72337,52.35462],[-117.72772,52.35493],[-117.731,52.34899],[-117.73101,52.34778],[-117.73854,52.3435],[-117.73799,52.34019],[-117.73955,52.33357],[-117.74651,52.32968],[-117.7462,52.326],[-117.74685,52.32427],[-117.74615,52.32281],[-117.75005,52.31943],[-117.75458,52.3179],[-117.76483,52.31933],[-117.76965,52.31757],[-117.77229,52.31901],[-117.77476,52.31924],[-117.77725,52.3151],[-117.78429,52.31142],[-117.78589,52.30798],[-117.7855,52.30681],[-117.79109,52.30452],[-117.79384,52.30231],[-117.79388,52.29997],[-117.7919,52.29376],[-117.80103,52.29056],[-117.81342,52.29138],[-117.82327,52.2906],[-117.82541,52.28875],[-117.82298,52.28362],[-117.82822,52.28206],[-117.83767,52.27572],[-117.84407,52.27307],[-117.84212,52.27174],[-117.8418,52.26921],[-117.83896,52.26621],[-117.83764,52.26322],[-117.83598,52.26196],[-117.83283,52.25448],[-117.82046,52.24638],[-117.81688,52.24224],[-117.81669,52.23899],[-117.81573,52.23771],[-117.81616,52.23562],[-117.81449,52.23371],[-117.81431,52.22958],[-117.81631,52.22535],[-117.81433,52.22247],[-117.80996,52.22052],[-117.80195,52.22025],[-117.79301,52.21831],[-117.78582,52.21568],[-117.77943,52.21536],[-117.76588,52.20901],[-117.7633,52.2067],[-117.75499,52.20475],[-117.75619,52.20304],[-117.75486,52.20153],[-117.75298,52.20107],[-117.74863,52.20287],[-117.74788,52.19995],[-117.7483,52.19601],[-117.74065,52.19122],[-117.73828,52.19081],[-117.73285,52.18791],[-117.72325,52.1898],[-117.71953,52.18881],[-117.71206,52.18929],[-117.70886,52.18789],[-117.69974,52.19122],[-117.69566,52.1917],[-117.69162,52.19584],[-117.68729,52.19605],[-117.68355,52.19807],[-117.67999,52.19838],[-117.67241,52.19737],[-117.67184,52.19829],[-117.66935,52.19885],[-117.66233,52.19885],[-117.65863,52.20037],[-117.65545,52.2057],[-117.64753,52.20925],[-117.64282,52.20478],[-117.64222,52.20032],[-117.63888,52.19869],[-117.63869,52.19572],[-117.63955,52.19397],[-117.63878,52.18901],[-117.63416,52.18527],[-117.63442,52.18252],[-117.63256,52.17864],[-117.63058,52.17597],[-117.62795,52.17484],[-117.62818,52.17413],[-117.62241,52.16826],[-117.62172,52.16592],[-117.61789,52.16262],[-117.61878,52.16055],[-117.61849,52.15928],[-117.62085,52.15799],[-117.6207,52.15506],[-117.61747,52.15506],[-117.6146,52.15393],[-117.61373,52.15089],[-117.61155,52.1488],[-117.60956,52.1437],[-117.60639,52.14254],[-117.60372,52.14018],[-117.59708,52.1396],[-117.58505,52.13601],[-117.58236,52.13424],[-117.58124,52.13129],[-117.57888,52.12911],[-117.57357,52.1284],[-117.57132,52.13008],[-117.56766,52.13023],[-117.55801,52.12807],[-117.55778,52.13196],[-117.56142,52.13563],[-117.55392,52.13634],[-117.55135,52.13753],[-117.53975,52.13782],[-117.53729,52.13898],[-117.53501,52.14138],[-117.5319,52.14046],[-117.52525,52.14187],[-117.5188,52.14947],[-117.51978,52.15668],[-117.5133,52.15793],[-117.50872,52.15796],[-117.50903,52.15418],[-117.49702,52.14771],[-117.48547,52.14652],[-117.48306,52.14512],[-117.46468,52.14253],[-117.46045,52.14374],[-117.4427,52.14492],[-117.44149,52.14728],[-117.43717,52.14646],[-117.43057,52.14685],[-117.4251,52.14616],[-117.42541,52.14243],[-117.41906,52.14161],[-117.41675,52.14017],[-117.41361,52.14019],[-117.41259,52.13904],[-117.41145,52.1398],[-117.40928,52.13926],[-117.40704,52.13983],[-117.4039,52.13762],[-117.40146,52.13837],[-117.39795,52.14192],[-117.39147,52.14368],[-117.3899,52.14348],[-117.39024,52.13943],[-117.38372,52.14008],[-117.38377,52.13737],[-117.35771,52.13609],[-117.33946,52.13858],[-117.33845,52.1405],[-117.33746,52.14868],[-117.33081,52.15648],[-117.30896,52.15305],[-117.30581,52.1504],[-117.30509,52.14842],[-117.30528,52.14452],[-117.30781,52.14169],[-117.30804,52.12922],[-117.30514,52.1202],[-117.29861,52.11386],[-117.2956,52.10591],[-117.29667,52.1015],[-117.2946,52.09898],[-117.29714,52.09491],[-117.29643,52.09031],[-117.29422,52.0873],[-117.29672,52.08302],[-117.30311,52.07855],[-117.30613,52.07482],[-117.29749,52.06836],[-117.29578,52.06542],[-117.28799,52.0628],[-117.28322,52.05966],[-117.26934,52.05608],[-117.26949,52.05307],[-117.27155,52.05091],[-117.27085,52.05076],[-117.271,52.04976],[-117.26924,52.04705],[-117.26219,52.04408],[-117.26264,52.04263],[-117.25985,52.04204],[-117.25765,52.03989],[-117.24359,52.03899],[-117.24122,52.03783],[-117.23367,52.04134],[-117.23245,52.03998],[-117.22902,52.03851],[-117.22685,52.03486],[-117.22381,52.03398],[-117.22193,52.03201],[-117.21402,52.02879],[-117.21594,52.02769],[-117.21903,52.02215],[-117.2247,52.01754],[-117.22946,52.01644],[-117.23549,52.01649],[-117.23719,52.01419],[-117.23724,52.0106],[-117.23357,52.00897],[-117.22792,52.00785],[-117.22397,52.00586],[-117.21947,52.00147],[-117.21695,51.99668],[-117.2114,51.99617],[-117.2032,51.99312],[-117.19735,51.98655],[-117.19867,51.98194],[-117.1963,51.97861],[-117.17976,51.97452],[-117.1697,51.97531],[-117.16385,51.97223],[-117.16085,51.97393],[-117.15573,51.97277],[-117.14931,51.97349],[-117.14499,51.97238],[-117.13949,51.96894],[-117.13264,51.96759],[-117.13206,51.9649],[-117.12222,51.95696],[-117.11272,51.95595],[-117.10331,51.95729],[-117.10206,51.95448],[-117.103,51.95097],[-117.10196,51.94757],[-117.09434,51.94043],[-117.08958,51.93823],[-117.08833,51.93859],[-117.08789,51.93564],[-117.08484,51.93275],[-117.07633,51.92926],[-117.07197,51.92406],[-117.06685,51.92283],[-117.06573,51.92122],[-117.06236,51.91974],[-117.05888,51.91952],[-117.05448,51.91753],[-117.05007,51.91392],[-117.04859,51.91213],[-117.04832,51.91034],[-117.04284,51.90799],[-117.0349,51.90231],[-117.0306,51.89874],[-117.02857,51.89558],[-117.02474,51.89506],[-117.01952,51.89127],[-117.02362,51.88807],[-117.02704,51.88227],[-117.02662,51.87934],[-117.02736,51.87752],[-117.02656,51.87628],[-117.02806,51.87442],[-117.02871,51.87188],[-117.03325,51.86858],[-117.0324,51.86368],[-117.03503,51.85998],[-117.03522,51.85535],[-117.03093,51.8522],[-117.03004,51.85059],[-117.02651,51.8485],[-117.0209,51.84237],[-117.00675,51.83602],[-116.99865,51.83596],[-116.9954,51.83702],[-116.99139,51.83637],[-116.98785,51.8375],[-116.98202,51.8365],[-116.98108,51.83535],[-116.98009,51.83306],[-116.98199,51.82915],[-116.98286,51.82823],[-116.98719,51.82694],[-116.98826,51.82403],[-116.98979,51.8227],[-116.98591,51.81982],[-116.98748,51.81799],[-116.98657,51.81553],[-116.99166,51.81164],[-116.98526,51.80625],[-116.97446,51.8037],[-116.97451,51.80103],[-116.96843,51.7968],[-116.96428,51.79033],[-116.96624,51.78927],[-116.96728,51.78761],[-116.96704,51.7854],[-116.96846,51.78247],[-116.96565,51.78052],[-116.96679,51.77891],[-116.9659,51.77589],[-116.96466,51.77492],[-116.96796,51.77344],[-116.96892,51.77167],[-116.97187,51.76997],[-116.9747,51.77002],[-116.9746,51.76693],[-116.97334,51.76513],[-116.97371,51.76184],[-116.97605,51.75972],[-116.96962,51.75567],[-116.96541,51.7548],[-116.96186,51.75216],[-116.96057,51.7492],[-116.96196,51.74813],[-116.95743,51.74612],[-116.95591,51.74464],[-116.95654,51.74282],[-116.95329,51.7436],[-116.95292,51.7421],[-116.94865,51.74264],[-116.94638,51.74199],[-116.94499,51.73388],[-116.9428,51.73235],[-116.93845,51.73048],[-116.92891,51.72832],[-116.92917,51.7266],[-116.92782,51.7238],[-116.93116,51.7209],[-116.92882,51.71752],[-116.9234,51.71658],[-116.91841,51.71314],[-116.92141,51.71031],[-116.91985,51.70813],[-116.9106,51.70862],[-116.90809,51.70702],[-116.90493,51.70651],[-116.90265,51.70299],[-116.89954,51.70256],[-116.89658,51.70253],[-116.89325,51.70551],[-116.88624,51.70678],[-116.88378,51.70634],[-116.88201,51.70456],[-116.87627,51.70558],[-116.86931,51.70438],[-116.86573,51.70514],[-116.86483,51.70662],[-116.86174,51.70849],[-116.8554,51.7093],[-116.8546,51.70696],[-116.85285,51.70569],[-116.84022,51.70544],[-116.83645,51.70403],[-116.82595,51.70455],[-116.82184,51.70555],[-116.82121,51.70688],[-116.81106,51.70527],[-116.81073,51.70996],[-116.80818,51.71338],[-116.80231,51.71686],[-116.80133,51.71828],[-116.80162,51.72004],[-116.79909,51.72163],[-116.79888,51.72406],[-116.80142,51.72421],[-116.80696,51.72653],[-116.81844,51.73416],[-116.82144,51.73762],[-116.81866,51.73955],[-116.81282,51.74044],[-116.81229,51.74401],[-116.80761,51.74725],[-116.80782,51.74992],[-116.79612,51.75847],[-116.79708,51.76011],[-116.79334,51.76388],[-116.78557,51.76347],[-116.78316,51.77012],[-116.77061,51.77733],[-116.7697,51.77906],[-116.76966,51.7817],[-116.7676,51.78331],[-116.76788,51.78385],[-116.76202,51.78661],[-116.76056,51.78901],[-116.76057,51.79106],[-116.75936,51.79271],[-116.75911,51.79486],[-116.7571,51.79681],[-116.75798,51.79727],[-116.75777,51.79903],[-116.75557,51.79948],[-116.75431,51.80146],[-116.74734,51.8017],[-116.74128,51.80512],[-116.72781,51.80518],[-116.72327,51.80354],[-116.72182,51.80111],[-116.71726,51.79885],[-116.71019,51.80238],[-116.70607,51.80204],[-116.69826,51.80322],[-116.69531,51.80459],[-116.69395,51.80677],[-116.68068,51.81275],[-116.66898,51.80699],[-116.66784,51.80547],[-116.66274,51.80556],[-116.65992,51.80457],[-116.65925,51.80295],[-116.65572,51.80133],[-116.65746,51.79883],[-116.65782,51.79657],[-116.65673,51.7949],[-116.65682,51.79347],[-116.6512,51.79209],[-116.64437,51.78672],[-116.64723,51.78251],[-116.64599,51.7788],[-116.64828,51.77612],[-116.64944,51.77602],[-116.64947,51.7727],[-116.64733,51.76922],[-116.65267,51.76703],[-116.65232,51.76412],[-116.65069,51.76262],[-116.65232,51.75802],[-116.65192,51.75426],[-116.64269,51.75366],[-116.63612,51.75016],[-116.63374,51.74334],[-116.63478,51.74095],[-116.63351,51.73873],[-116.63368,51.73672],[-116.63524,51.73573],[-116.63449,51.73324],[-116.63123,51.73159],[-116.62826,51.72889],[-116.61827,51.72483],[-116.60797,51.72552],[-116.60002,51.72393],[-116.59626,51.71791],[-116.58863,51.71577],[-116.58637,51.71381],[-116.58582,51.71172],[-116.58782,51.71029],[-116.58824,51.7082],[-116.58667,51.70588],[-116.58613,51.70139],[-116.58196,51.69811],[-116.58435,51.69649],[-116.58983,51.69577],[-116.59117,51.69424],[-116.58983,51.69267],[-116.58595,51.69128],[-116.58499,51.69019],[-116.58524,51.68935],[-116.58167,51.68724],[-116.58618,51.68627],[-116.58765,51.6838],[-116.58872,51.67927],[-116.59216,51.6779],[-116.5896,51.67571],[-116.58952,51.67215],[-116.58877,51.67174],[-116.59145,51.66808],[-116.59777,51.6654],[-116.59781,51.66396],[-116.5957,51.6612],[-116.58411,51.65367],[-116.58141,51.65288],[-116.57679,51.65321],[-116.57149,51.65237],[-116.57168,51.64901],[-116.57088,51.64645],[-116.56578,51.64481],[-116.56241,51.6427],[-116.55226,51.63961],[-116.54277,51.64145],[-116.53523,51.64047],[-116.5314,51.63896],[-116.52443,51.63384],[-116.52093,51.62859],[-116.52033,51.62485],[-116.51714,51.62469],[-116.5149,51.6234],[-116.51439,51.6219],[-116.51596,51.6199],[-116.51692,51.61615],[-116.51618,51.60904],[-116.51394,51.60745],[-116.50501,51.60745],[-116.50279,51.60831],[-116.49725,51.60788],[-116.4929,51.6056],[-116.49031,51.60565],[-116.48103,51.60809],[-116.47619,51.60727],[-116.46874,51.60436],[-116.46662,51.60175],[-116.46803,51.6004],[-116.46593,51.59826],[-116.46903,51.59387],[-116.46697,51.59118],[-116.46975,51.58925],[-116.47418,51.5894],[-116.47481,51.58855],[-116.47413,51.58769],[-116.47032,51.58744],[-116.46869,51.58603],[-116.46861,51.58372],[-116.47283,51.5802],[-116.4719,51.57526],[-116.47025,51.57339],[-116.4699,51.5701],[-116.46793,51.56961],[-116.46791,51.56872],[-116.46562,51.5673],[-116.46596,51.5652],[-116.46157,51.5632],[-116.45425,51.56141],[-116.45214,51.55959],[-116.44577,51.56126],[-116.44436,51.55994],[-116.44501,51.5594],[-116.44385,51.55753],[-116.44206,51.55679],[-116.43849,51.55811],[-116.43058,51.55425],[-116.42312,51.5547],[-116.41718,51.55381],[-116.40298,51.54608],[-116.39907,51.54642],[-116.39539,51.5482],[-116.39153,51.54652],[-116.39047,51.54515],[-116.39241,51.54362],[-116.38976,51.54071],[-116.3862,51.53453],[-116.38411,51.53308],[-116.38462,51.52982],[-116.39237,51.5272],[-116.39468,51.52522],[-116.39553,51.51606],[-116.39865,51.51263],[-116.39669,51.51011],[-116.39659,51.50765],[-116.39544,51.50523],[-116.39385,51.5048],[-116.39152,51.50197],[-116.38676,51.49308],[-116.38195,51.48885],[-116.3711,51.48288],[-116.36848,51.47755],[-116.36445,51.47513],[-116.36291,51.47174],[-116.35731,51.47118],[-116.35193,51.46932],[-116.34718,51.46931],[-116.33954,51.46493],[-116.32884,51.46424],[-116.32602,51.46338],[-116.32079,51.46355],[-116.31849,51.46534],[-116.31643,51.46584],[-116.31013,51.4636],[-116.29548,51.46214],[-116.29222,51.46084],[-116.29072,51.45639],[-116.28622,51.45354],[-116.28613,51.44974],[-116.28929,51.4483],[-116.28675,51.44401],[-116.28761,51.44231],[-116.28645,51.43965],[-116.28672,51.43557],[-116.28747,51.434],[-116.29514,51.43011],[-116.2956,51.42721],[-116.28388,51.40747],[-116.28679,51.40715],[-116.29127,51.40429],[-116.29545,51.4031],[-116.29598,51.40032],[-116.29418,51.39779],[-116.30405,51.3898],[-116.31269,51.38479],[-116.31137,51.38163],[-116.30845,51.37912],[-116.30547,51.37502],[-116.30429,51.37177],[-116.30247,51.37126],[-116.29722,51.36601],[-116.27977,51.36191],[-116.28089,51.36054],[-116.28056,51.35726],[-116.27884,51.35518],[-116.28314,51.35226],[-116.28458,51.35069],[-116.28439,51.34927],[-116.28669,51.34784],[-116.28731,51.34603],[-116.29009,51.34437],[-116.29097,51.34295],[-116.28919,51.34127],[-116.28954,51.33904],[-116.28823,51.33795],[-116.28834,51.33589],[-116.28728,51.33426],[-116.28429,51.33315],[-116.28297,51.3308],[-116.27622,51.32842],[-116.27551,51.32565],[-116.27624,51.3229],[-116.27559,51.3199],[-116.27087,51.31617],[-116.27067,51.31337],[-116.26669,51.31102],[-116.2623,51.31043],[-116.25772,51.30784],[-116.25025,51.30545],[-116.24528,51.30168],[-116.24043,51.30179],[-116.23752,51.30276],[-116.23541,51.30168],[-116.22888,51.30201],[-116.22675,51.29886],[-116.22202,51.29677],[-116.2197,51.29345],[-116.21414,51.29372],[-116.21235,51.29489],[-116.21003,51.29515],[-116.20889,51.29652],[-116.20356,51.29589],[-116.20066,51.29744],[-116.19921,51.29952],[-116.19583,51.30104],[-116.18956,51.30115],[-116.18823,51.29822],[-116.18206,51.29542],[-116.17938,51.29541],[-116.17473,51.29799],[-116.16333,51.29751],[-116.16129,51.29609],[-116.16044,51.2915],[-116.15722,51.2888],[-116.1533,51.28709],[-116.15511,51.28293],[-116.16014,51.27686],[-116.15909,51.27242],[-116.15511,51.26856],[-116.1547,51.26386],[-116.14894,51.2654],[-116.14492,51.26495],[-116.13687,51.26228],[-116.13426,51.26017],[-116.12819,51.26007],[-116.11956,51.25633],[-116.11569,51.25698],[-116.1116,51.25413],[-116.0979,51.25116],[-116.08942,51.25196],[-116.08904,51.2529],[-116.08409,51.25187],[-116.0805,51.25223],[-116.07544,51.24959],[-116.06523,51.24891],[-116.06438,51.24432],[-116.06347,51.24352],[-116.06355,51.2406],[-116.06114,51.23794],[-116.05164,51.23086],[-116.05088,51.22791],[-116.02999,51.22535],[-116.02569,51.22349],[-116.02384,51.22181],[-116.01781,51.22397],[-116.00812,51.22214],[-116.00372,51.21505],[-116.00846,51.21036],[-116.00432,51.20784],[-116.00562,51.20621],[-116.00505,51.20282],[-116.0002,51.19454],[-116.00441,51.1924],[-116.00672,51.1901],[-116.01619,51.18955],[-116.01857,51.18747],[-116.02211,51.18698],[-116.02266,51.18505],[-116.02217,51.18163],[-116.02466,51.17549],[-116.02788,51.17457],[-116.03157,51.17146],[-116.03615,51.16988],[-116.03403,51.16633],[-116.03005,51.16267],[-116.02492,51.16266],[-116.01874,51.15655],[-116.01504,51.15542],[-116.00916,51.15504],[-116.00855,51.1541],[-116.0083,51.15298],[-116.01008,51.15045],[-116.01083,51.1468],[-116.01005,51.14613],[-116.00981,51.14186],[-116.0146,51.13871],[-116.015,51.13709],[-116.0126,51.13351],[-116.01347,51.13081],[-116.01279,51.12925],[-116.01041,51.12664],[-116.00575,51.12903],[-115.99927,51.12905],[-115.99295,51.12767],[-115.99096,51.12568],[-115.9795,51.12471],[-115.97449,51.12267],[-115.96776,51.12144],[-115.9684,51.11622],[-115.95789,51.11525],[-115.95665,51.11209],[-115.95477,51.11129],[-115.95128,51.1069],[-115.95165,51.10545],[-115.9507,51.10415],[-115.9517,51.10258],[-115.94947,51.09884],[-115.94346,51.09706],[-115.93527,51.098],[-115.93278,51.09605],[-115.93347,51.09363],[-115.93066,51.08965],[-115.92814,51.08858],[-115.92605,51.08981],[-115.92412,51.08959],[-115.92003,51.08457],[-115.91438,51.08317],[-115.90834,51.08403],[-115.90483,51.08335],[-115.90505,51.08593],[-115.90659,51.08933],[-115.90512,51.09135],[-115.90115,51.09334],[-115.90071,51.08978],[-115.89833,51.08761],[-115.89557,51.08677],[-115.87838,51.08613],[-115.8735,51.08706],[-115.87221,51.08772],[-115.87268,51.08922],[-115.86886,51.08989],[-115.86731,51.08757],[-115.8645,51.08646],[-115.86324,51.082],[-115.85978,51.07952],[-115.85327,51.08091],[-115.8516,51.08239],[-115.84889,51.0828],[-115.84867,51.08137],[-115.84724,51.07981],[-115.84528,51.08023],[-115.84356,51.07766],[-115.84111,51.07629],[-115.83971,51.07778],[-115.83521,51.07617],[-115.83503,51.07688],[-115.82947,51.07972],[-115.81967,51.08262],[-115.81593,51.0864],[-115.8139,51.08606],[-115.8132,51.08377],[-115.81453,51.08312],[-115.81199,51.08246],[-115.81053,51.08085],[-115.80814,51.07981],[-115.808,51.07765],[-115.80477,51.0745],[-115.80516,51.07209],[-115.80401,51.0698],[-115.79744,51.07032],[-115.79014,51.07233],[-115.7866,51.07169],[-115.7865,51.06945],[-115.78244,51.06946],[-115.77833,51.06666],[-115.77219,51.06672],[-115.77042,51.06739],[-115.76909,51.06931],[-115.76077,51.07377],[-115.75813,51.07492],[-115.75427,51.07483],[-115.75344,51.07412],[-115.75865,51.07238],[-115.76026,51.07087],[-115.76106,51.06862],[-115.76334,51.06729],[-115.76577,51.06092],[-115.77423,51.05691],[-115.77316,51.05053],[-115.77029,51.04774],[-115.77171,51.04646],[-115.77191,51.04439],[-115.77333,51.04349],[-115.77007,51.04129],[-115.76897,51.03945],[-115.7652,51.03838],[-115.75612,51.03277],[-115.75216,51.03145],[-115.74485,51.03337],[-115.74292,51.03276],[-115.73687,51.02947],[-115.73803,51.02865],[-115.73611,51.02791],[-115.74046,51.02669],[-115.74021,51.02446],[-115.74128,51.02306],[-115.73622,51.02265],[-115.73463,51.02203],[-115.73324,51.02009],[-115.73124,51.02033],[-115.72985,51.01873],[-115.71877,51.01653],[-115.71824,51.01767],[-115.71452,51.01914],[-115.70472,51.01929],[-115.70506,51.02081],[-115.70272,51.02407],[-115.69893,51.02548],[-115.69572,51.02844],[-115.6937,51.02796],[-115.69186,51.02583],[-115.69341,51.02144],[-115.69323,51.01886],[-115.69009,51.01405],[-115.68201,51.00812],[-115.67846,51.00761],[-115.67868,51.00578],[-115.67491,51.00161],[-115.6702,50.99894],[-115.6611,51.00064],[-115.65011,50.99827],[-115.64665,50.99384],[-115.64272,50.9907],[-115.64218,50.98734],[-115.63951,50.98477],[-115.63172,50.98106],[-115.6288,50.98093],[-115.62794,50.97742],[-115.62551,50.9738],[-115.62629,50.97164],[-115.62596,50.97015],[-115.62259,50.96586],[-115.61604,50.96213],[-115.61304,50.95928],[-115.60837,50.9592],[-115.6093,50.94641],[-115.59701,50.94011],[-115.59873,50.939],[-115.59867,50.93699],[-115.60214,50.93513],[-115.61235,50.92597],[-115.60608,50.92317],[-115.60372,50.92005],[-115.59919,50.9187],[-115.59642,50.91607],[-115.58702,50.91666],[-115.58479,50.91611],[-115.58286,50.91396],[-115.57865,50.91336],[-115.57787,50.91005],[-115.57194,50.90808],[-115.57194,50.90644],[-115.56899,50.90294],[-115.567,50.89854],[-115.5648,50.89748],[-115.56185,50.8946],[-115.56614,50.89378],[-115.57217,50.89083],[-115.57842,50.88953],[-115.58199,50.89008],[-115.58868,50.8936],[-115.59158,50.8928],[-115.59309,50.89316],[-115.59995,50.89054],[-115.6005,50.88648],[-115.60573,50.88781],[-115.61061,50.88623],[-115.61387,50.88629],[-115.614,50.88482],[-115.61703,50.88158],[-115.6175,50.87997],[-115.62893,50.88024],[-115.63044,50.87934],[-115.63485,50.87894],[-115.6389,50.87678],[-115.64955,50.87373],[-115.65136,50.87082],[-115.65087,50.86717],[-115.64926,50.86592],[-115.65049,50.86414],[-115.64431,50.8584],[-115.64375,50.85654],[-115.64534,50.85475],[-115.64496,50.85098],[-115.64325,50.8467],[-115.64339,50.84139],[-115.64025,50.83923],[-115.63181,50.83739],[-115.62813,50.83488],[-115.62496,50.8345],[-115.61858,50.83617],[-115.61637,50.83892],[-115.60698,50.84583],[-115.6006,50.84451],[-115.59771,50.8406],[-115.59305,50.84124],[-115.58521,50.84015],[-115.57915,50.84169],[-115.57677,50.84061],[-115.57375,50.84041],[-115.57203,50.84148],[-115.57168,50.84266],[-115.56761,50.84391],[-115.5667,50.8401],[-115.56771,50.83812],[-115.56536,50.83437],[-115.56482,50.8297],[-115.56119,50.82723],[-115.5622,50.82642],[-115.56252,50.82475],[-115.56154,50.82186],[-115.5634,50.82132],[-115.56701,50.81577],[-115.56505,50.81357],[-115.56205,50.81205],[-115.56104,50.81041],[-115.56155,50.80772],[-115.5556,50.80506],[-115.55229,50.80185],[-115.55278,50.80028],[-115.55107,50.79817],[-115.54666,50.79597],[-115.53883,50.7972],[-115.53399,50.79392],[-115.53309,50.79225],[-115.53357,50.79101],[-115.53294,50.78808],[-115.52957,50.78748],[-115.52405,50.7833],[-115.51788,50.78112],[-115.51712,50.781],[-115.51574,50.78293],[-115.51599,50.7853],[-115.51349,50.78687],[-115.51061,50.78746],[-115.50285,50.78539],[-115.49826,50.78306],[-115.49233,50.77641],[-115.49257,50.77509],[-115.49178,50.77438],[-115.4863,50.77303],[-115.48366,50.77067],[-115.48577,50.76184],[-115.48488,50.75823],[-115.48238,50.75549],[-115.47673,50.75535],[-115.47127,50.75221],[-115.46554,50.75343],[-115.46251,50.75561],[-115.45877,50.75682],[-115.45237,50.7555],[-115.44824,50.75334],[-115.4376,50.75625],[-115.43466,50.75243],[-115.42774,50.74824],[-115.43005,50.74523],[-115.42522,50.74264],[-115.424,50.74],[-115.42066,50.73697],[-115.41765,50.73671],[-115.4134,50.734],[-115.41407,50.73136],[-115.41094,50.72811],[-115.41237,50.72617],[-115.41264,50.7237],[-115.41713,50.72151],[-115.4176,50.71489],[-115.41667,50.71243],[-115.41319,50.7115],[-115.40495,50.71267],[-115.39745,50.70962],[-115.39056,50.71004],[-115.38894,50.70948],[-115.38802,50.70809],[-115.38365,50.70756],[-115.38244,50.70542],[-115.37922,50.70526],[-115.37711,50.70813],[-115.37838,50.71166],[-115.37412,50.71305],[-115.37041,50.71314],[-115.3716,50.71703],[-115.36415,50.71769],[-115.36355,50.71913],[-115.36007,50.7213],[-115.35523,50.72271],[-115.35111,50.72104],[-115.34701,50.72214],[-115.33976,50.72205],[-115.33745,50.72395],[-115.32728,50.72266],[-115.32224,50.72437],[-115.32089,50.72534],[-115.32097,50.72675],[-115.316,50.72551],[-115.31483,50.72255],[-115.31172,50.72174],[-115.31293,50.71306],[-115.31063,50.70905],[-115.30271,50.70055],[-115.29852,50.70019],[-115.29433,50.69875],[-115.29692,50.69432],[-115.29858,50.68939],[-115.29915,50.68542],[-115.29821,50.68283],[-115.29542,50.67814],[-115.29501,50.6761],[-115.29056,50.67176],[-115.2899,50.66914],[-115.28619,50.6667],[-115.28398,50.66405],[-115.28402,50.66256],[-115.28644,50.66046],[-115.28364,50.6574],[-115.28187,50.65301],[-115.27537,50.64821],[-115.28283,50.64442],[-115.28326,50.64361],[-115.28258,50.64174],[-115.28408,50.64072],[-115.28465,50.6391],[-115.29004,50.63844],[-115.29799,50.63938],[-115.30582,50.63911],[-115.30844,50.6383],[-115.31318,50.63866],[-115.31385,50.63738],[-115.31064,50.63401],[-115.31084,50.63208],[-115.31257,50.62961],[-115.31226,50.62841],[-115.30784,50.62586],[-115.29821,50.62525],[-115.29954,50.62277],[-115.29667,50.61369],[-115.29292,50.61039],[-115.28994,50.60889],[-115.28564,50.60881],[-115.2829,50.60702],[-115.27963,50.60322],[-115.27958,50.60176],[-115.27153,50.59769],[-115.26747,50.59786],[-115.26343,50.59647],[-115.26026,50.59653],[-115.25756,50.59372],[-115.25204,50.58996],[-115.24885,50.58906],[-115.24084,50.58936],[-115.23621,50.58461],[-115.23238,50.57779],[-115.23758,50.57533],[-115.24214,50.57502],[-115.24371,50.57305],[-115.24171,50.56976],[-115.23921,50.56938],[-115.23671,50.56762],[-115.2359,50.56661],[-115.23577,50.56373],[-115.23288,50.56126],[-115.23061,50.55696],[-115.23065,50.55534],[-115.22952,50.5538],[-115.23292,50.54991],[-115.2321,50.54636],[-115.23066,50.54395],[-115.22604,50.54196],[-115.22225,50.53758],[-115.21691,50.53569],[-115.21194,50.532],[-115.20936,50.52794],[-115.20685,50.52842],[-115.20519,50.53119],[-115.20288,50.53269],[-115.20247,50.53406],[-115.20008,50.53373],[-115.19202,50.53553],[-115.18966,50.5387],[-115.1869,50.54021],[-115.18533,50.54422],[-115.19085,50.54932],[-115.19154,50.55156],[-115.19086,50.55549],[-115.18427,50.55601],[-115.1784,50.55838],[-115.17595,50.56358],[-115.17537,50.5682],[-115.17028,50.5691],[-115.15747,50.57344],[-115.15249,50.57144],[-115.14853,50.57127],[-115.13945,50.57455],[-115.13366,50.57207],[-115.11912,50.57048],[-115.11746,50.57269],[-115.10568,50.5762],[-115.10261,50.57575],[-115.10038,50.57742],[-115.09165,50.57898],[-115.08692,50.57781],[-115.08357,50.58031],[-115.08319,50.58164],[-115.07796,50.58464],[-115.07672,50.58678],[-115.06884,50.58528],[-115.06728,50.58377],[-115.05939,50.58083],[-115.05951,50.57893],[-115.05585,50.57443],[-115.05543,50.57241],[-115.04779,50.57675],[-115.03239,50.5804],[-115.02816,50.58343],[-115.02215,50.58476],[-115.01685,50.58312],[-115.01458,50.57656],[-115.01489,50.57156],[-115.01387,50.56933],[-115.00705,50.56258],[-115.00632,50.56016],[-115.00212,50.55616],[-115.00205,50.555],[-115.00008,50.55379],[-114.99977,50.55203],[-114.99731,50.54945],[-114.99335,50.54741],[-114.99228,50.54423],[-114.99081,50.54256],[-114.9837,50.53926],[-114.98107,50.53679],[-114.97878,50.53379],[-114.97879,50.52926],[-114.97423,50.52304],[-114.97008,50.52015],[-114.96588,50.51455],[-114.96407,50.51392],[-114.96272,50.51034],[-114.96067,50.50804],[-114.96099,50.50689],[-114.95918,50.5037],[-114.9563,50.50206],[-114.95493,50.49964],[-114.95139,50.49754],[-114.9506,50.49562],[-114.95099,50.49381],[-114.94718,50.49174],[-114.94788,50.49082],[-114.94591,50.48896],[-114.93812,50.48637],[-114.93851,50.4848],[-114.93708,50.48086],[-114.9332,50.47866],[-114.9339,50.47612],[-114.93308,50.4742],[-114.92922,50.47185],[-114.92787,50.46865],[-114.91968,50.4626],[-114.9176,50.46209],[-114.91655,50.45821],[-114.91341,50.45577],[-114.91393,50.45525],[-114.91281,50.4509],[-114.90552,50.4486],[-114.90061,50.44415],[-114.89842,50.44066],[-114.88868,50.43637],[-114.88305,50.43822],[-114.88381,50.44078],[-114.87926,50.43908],[-114.87738,50.43968],[-114.87598,50.43907],[-114.87498,50.43836],[-114.87593,50.43523],[-114.87506,50.43135],[-114.87396,50.43001],[-114.86927,50.42671],[-114.86488,50.4267],[-114.86178,50.4251],[-114.86035,50.42213],[-114.86068,50.42112],[-114.86275,50.42035],[-114.86482,50.41815],[-114.86549,50.41373],[-114.86394,50.4104],[-114.86136,50.40836],[-114.86647,50.40631],[-114.86697,50.40361],[-114.86508,50.40124],[-114.86373,50.39635],[-114.86196,50.39407],[-114.86048,50.39341],[-114.85943,50.39485],[-114.85708,50.39475],[-114.85325,50.39401],[-114.85325,50.39301],[-114.8399,50.39406],[-114.83221,50.39081],[-114.8262,50.39373],[-114.82057,50.38447],[-114.81895,50.38308],[-114.81494,50.38244],[-114.81426,50.37914],[-114.81872,50.37373],[-114.81818,50.37184],[-114.81606,50.37027],[-114.81,50.37071],[-114.80815,50.36966],[-114.80564,50.36617],[-114.79912,50.36173],[-114.79724,50.36194],[-114.79026,50.35855],[-114.78492,50.36285],[-114.77563,50.36286],[-114.77311,50.36195],[-114.76941,50.35896],[-114.76932,50.3527],[-114.7679,50.35019],[-114.77182,50.34803],[-114.77547,50.3439],[-114.78021,50.34246],[-114.79234,50.33657],[-114.7953,50.33207],[-114.79808,50.33078],[-114.79749,50.32667],[-114.79238,50.32267],[-114.78845,50.3224],[-114.78531,50.32091],[-114.78534,50.31856],[-114.78386,50.31786],[-114.78231,50.31539],[-114.78384,50.31241],[-114.78215,50.30099],[-114.77965,50.30002],[-114.76997,50.30262],[-114.76251,50.29971],[-114.75625,50.29933],[-114.75463,50.2965],[-114.75454,50.2926],[-114.75548,50.28945],[-114.75328,50.28556],[-114.75529,50.2818],[-114.75182,50.27546],[-114.75238,50.27348],[-114.75859,50.27245],[-114.761,50.269],[-114.76444,50.2661],[-114.7673,50.25902],[-114.76637,50.25531],[-114.76966,50.25255],[-114.77054,50.24982],[-114.76716,50.24599],[-114.76978,50.24371],[-114.76288,50.24026],[-114.76306,50.23635],[-114.76438,50.23496],[-114.75625,50.23179],[-114.75483,50.22861],[-114.7486,50.22447],[-114.74676,50.22171],[-114.74644,50.21893],[-114.74761,50.2162],[-114.74893,50.21511],[-114.74038,50.21175],[-114.73909,50.20843],[-114.73869,50.20385],[-114.73967,50.20261],[-114.73375,50.19707],[-114.73152,50.19347],[-114.7269,50.19111],[-114.72686,50.1866],[-114.72562,50.18309],[-114.73156,50.17658],[-114.73126,50.17195],[-114.7339,50.16968],[-114.7337,50.16774],[-114.73031,50.16611],[-114.72619,50.16237],[-114.72781,50.15779],[-114.72812,50.15124],[-114.72775,50.14876],[-114.72574,50.14564],[-114.72571,50.14205],[-114.728,50.13809],[-114.72758,50.13573],[-114.72831,50.13362],[-114.73189,50.12767],[-114.73366,50.12177],[-114.73442,50.1213],[-114.73237,50.11644],[-114.72965,50.1143],[-114.72163,50.11162],[-114.72082,50.10839],[-114.72151,50.10679],[-114.72062,50.10588],[-114.71083,50.10153],[-114.70923,50.09845],[-114.70445,50.09459],[-114.70425,50.09039],[-114.70487,50.0899],[-114.69956,50.08844],[-114.69673,50.08432],[-114.69477,50.07922],[-114.69298,50.07738],[-114.69238,50.07481],[-114.69307,50.07082],[-114.68708,50.06992],[-114.68337,50.06767],[-114.68151,50.06454],[-114.67916,50.06359],[-114.67333,50.06429],[-114.66595,50.06256],[-114.66758,50.05836],[-114.66657,50.0551],[-114.66681,50.05193],[-114.6685,50.05068],[-114.67714,50.04818],[-114.67376,50.04384],[-114.6668,50.04165],[-114.66449,50.04009],[-114.66811,50.0362],[-114.66319,50.03443],[-114.65878,50.02977],[-114.66121,50.02686],[-114.65862,50.01981],[-114.66239,50.01517],[-114.66292,50.01122],[-114.66423,50.00787],[-114.66623,50.00685],[-114.66603,50.00529],[-114.66763,50.00314],[-114.66753,50.00124],[-114.65863,49.99837],[-114.65246,49.99402],[-114.65465,49.9869],[-114.65394,49.98191],[-114.65147,49.97838],[-114.65143,49.97601],[-114.65367,49.97329],[-114.65396,49.96946],[-114.65522,49.96776],[-114.65698,49.96824],[-114.65979,49.96668],[-114.67752,49.96771],[-114.68117,49.9674],[-114.68296,49.96624],[-114.68277,49.96179],[-114.68405,49.95431],[-114.68772,49.94979],[-114.6889,49.94709],[-114.6905,49.94623],[-114.69329,49.94219],[-114.69107,49.94001],[-114.68899,49.93604],[-114.69066,49.93284],[-114.69929,49.9302],[-114.70045,49.9289],[-114.70557,49.92721],[-114.70704,49.92353],[-114.70424,49.92137],[-114.69551,49.91949],[-114.68726,49.91613],[-114.69008,49.90584],[-114.68888,49.90519],[-114.68852,49.90312],[-114.68698,49.90217],[-114.69018,49.89982],[-114.69123,49.89984],[-114.69185,49.89587],[-114.68925,49.89284],[-114.68479,49.88969],[-114.68515,49.88886],[-114.6824,49.88707],[-114.68025,49.8843],[-114.67349,49.88008],[-114.67196,49.8756],[-114.67216,49.87446],[-114.67334,49.87383],[-114.67038,49.86943],[-114.67153,49.86375],[-114.66267,49.86318],[-114.66126,49.86141],[-114.66116,49.85883],[-114.66265,49.85341],[-114.66077,49.85238],[-114.66009,49.85018],[-114.65307,49.84443],[-114.65333,49.84365],[-114.65218,49.8426],[-114.64978,49.83658],[-114.64763,49.83556],[-114.64662,49.83244],[-114.64283,49.83062],[-114.63985,49.82687],[-114.64218,49.82543],[-114.64038,49.82193],[-114.6455,49.81979],[-114.64748,49.81702],[-114.64154,49.80733],[-114.64295,49.80467],[-114.64191,49.80132],[-114.64021,49.79901],[-114.6425,49.79774],[-114.64235,49.7944],[-114.63733,49.78968],[-114.63797,49.78797],[-114.63635,49.78483],[-114.64176,49.78156],[-114.64079,49.77839],[-114.64519,49.77336],[-114.64579,49.77122],[-114.64812,49.76875],[-114.64913,49.7656],[-114.65098,49.76493],[-114.6557,49.76555],[-114.65956,49.76465],[-114.65903,49.76217],[-114.65768,49.76056],[-114.65091,49.75801],[-114.65047,49.75535],[-114.64456,49.75079],[-114.64361,49.74851],[-114.64178,49.74695],[-114.6433,49.74479],[-114.64606,49.74299],[-114.64347,49.74052],[-114.63729,49.73821],[-114.63486,49.73638],[-114.63284,49.7342],[-114.63263,49.73263],[-114.6334,49.7303],[-114.6378,49.72448],[-114.63621,49.72142],[-114.63844,49.71779],[-114.64215,49.71744],[-114.64632,49.71557],[-114.64709,49.70959],[-114.64769,49.70929],[-114.64704,49.70575],[-114.64604,49.70493],[-114.64746,49.70299],[-114.65261,49.69908],[-114.65609,49.6988],[-114.66061,49.69501],[-114.66991,49.69217],[-114.66915,49.69147],[-114.67072,49.68778],[-114.66992,49.68365],[-114.66805,49.68327],[-114.6684,49.68032],[-114.66475,49.67691],[-114.66931,49.67482],[-114.66984,49.67192],[-114.66322,49.66581],[-114.65708,49.66306],[-114.65741,49.66169],[-114.65636,49.65969],[-114.65067,49.65546],[-114.64888,49.65087],[-114.65063,49.64879],[-114.6511,49.64613],[-114.64956,49.6441],[-114.64348,49.64063],[-114.65018,49.63952],[-114.65268,49.63843],[-114.65352,49.63724],[-114.66088,49.63584],[-114.66727,49.63732],[-114.66981,49.63968],[-114.67504,49.64178],[-114.68126,49.63999],[-114.6819,49.63846],[-114.68725,49.63826],[-114.68786,49.63392],[-114.69237,49.63194],[-114.69822,49.63272],[-114.70043,49.6368],[-114.70272,49.63767],[-114.70223,49.63431],[-114.70501,49.63436],[-114.70753,49.63142],[-114.70957,49.63091],[-114.71676,49.63106],[-114.71975,49.62641],[-114.72406,49.62377],[-114.72873,49.62261],[-114.73215,49.62273],[-114.74012,49.62015],[-114.74738,49.61947],[-114.74688,49.61768],[-114.74795,49.61681],[-114.74817,49.61296],[-114.75105,49.61219],[-114.75334,49.60962],[-114.74887,49.60853],[-114.74648,49.6066],[-114.7455,49.60438],[-114.74743,49.60167],[-114.74659,49.60025],[-114.74072,49.59911],[-114.74001,49.5975],[-114.73758,49.5968],[-114.73656,49.59481],[-114.73678,49.59243],[-114.73402,49.58117],[-114.73332,49.58129],[-114.72947,49.57754],[-114.72416,49.5757],[-114.72573,49.57022],[-114.72547,49.5624],[-114.72141,49.55966],[-114.71539,49.55798],[-114.71055,49.55857],[-114.70848,49.55654],[-114.70566,49.55609],[-114.70518,49.55389],[-114.70275,49.55124],[-114.70167,49.55088],[-114.70026,49.55272],[-114.69681,49.55127],[-114.69619,49.54889],[-114.69338,49.54903],[-114.69337,49.55014],[-114.69099,49.55316],[-114.68509,49.55642],[-114.67959,49.55601],[-114.67533,49.55385],[-114.67178,49.5548],[-114.66647,49.55393],[-114.66599,49.55273],[-114.66297,49.55167],[-114.65581,49.54553],[-114.64711,49.54307],[-114.63856,49.54316],[-114.63814,49.54452],[-114.63038,49.54914],[-114.62207,49.54793],[-114.62018,49.54676],[-114.61765,49.54711],[-114.61356,49.55068],[-114.61205,49.55368],[-114.61049,49.55415],[-114.60799,49.55716],[-114.60781,49.55996],[-114.6051,49.55912],[-114.6023,49.56092],[-114.5961,49.5607],[-114.59262,49.5614],[-114.58806,49.56528],[-114.57841,49.55746],[-114.57339,49.55651],[-114.57368,49.55136],[-114.57223,49.54823],[-114.57381,49.54669],[-114.57371,49.54532],[-114.57156,49.54248],[-114.57128,49.53887],[-114.56946,49.53742],[-114.57318,49.5327],[-114.57349,49.52924],[-114.57254,49.52493],[-114.57753,49.5212],[-114.58301,49.52018],[-114.585,49.51185],[-114.59278,49.50537],[-114.59421,49.50248],[-114.59648,49.50164],[-114.59513,49.49959],[-114.59523,49.49598],[-114.59333,49.49325],[-114.59788,49.49115],[-114.59418,49.48549],[-114.59491,49.4844],[-114.59457,49.48201],[-114.5964,49.47934],[-114.59368,49.47272],[-114.59427,49.47157],[-114.59364,49.47084],[-114.59452,49.46923],[-114.59974,49.46699],[-114.60002,49.46164],[-114.59777,49.45887],[-114.59968,49.45395],[-114.60359,49.45192],[-114.59987,49.45009],[-114.59889,49.4487],[-114.59842,49.44549],[-114.60343,49.44319],[-114.60501,49.44168],[-114.60556,49.43979],[-114.60542,49.4386],[-114.59881,49.43376],[-114.59945,49.43021],[-114.60093,49.42788],[-114.60132,49.42452],[-114.59713,49.42054],[-114.59678,49.41697],[-114.59836,49.41228],[-114.59258,49.40501],[-114.59139,49.39675],[-114.58786,49.39346],[-114.58732,49.39186],[-114.58377,49.39089],[-114.57872,49.39159],[-114.57616,49.38991],[-114.57361,49.38968],[-114.57585,49.38661],[-114.57548,49.38576],[-114.57288,49.38233],[-114.56715,49.3792],[-114.56728,49.37733],[-114.55617,49.37696],[-114.55209,49.37817],[-114.54658,49.37731],[-114.54097,49.37842],[-114.53924,49.37959],[-114.52618,49.37689],[-114.52665,49.37552],[-114.53142,49.37264],[-114.53187,49.37161],[-114.52988,49.36825],[-114.52459,49.36263],[-114.52531,49.36011],[-114.524,49.35696],[-114.51711,49.35423],[-114.5114,49.35606],[-114.50652,49.35644],[-114.50138,49.35296],[-114.4952,49.35266],[-114.4929,49.35163],[-114.49194,49.34954],[-114.48706,49.34617],[-114.4869,49.34471],[-114.48472,49.34241],[-114.4839,49.33857],[-114.48117,49.33555],[-114.48202,49.32997],[-114.479,49.32627],[-114.49214,49.32251],[-114.49054,49.32001],[-114.49205,49.31646],[-114.4914,49.31383],[-114.48963,49.31232],[-114.4852,49.31069],[-114.47828,49.31293],[-114.46922,49.30558],[-114.4654,49.30396],[-114.46048,49.30349],[-114.45315,49.29745],[-114.45194,49.29412],[-114.44953,49.29087],[-114.44534,49.28902],[-114.44699,49.28796],[-114.44962,49.28167],[-114.45107,49.27992],[-114.44839,49.27546],[-114.44962,49.27224],[-114.44875,49.26929],[-114.44954,49.26806],[-114.44734,49.26431],[-114.43997,49.26491],[-114.43767,49.26306],[-114.43071,49.26139],[-114.42467,49.26223],[-114.41939,49.26151],[-114.41518,49.26215],[-114.41225,49.26028],[-114.40919,49.25945],[-114.40295,49.25902],[-114.39873,49.25721],[-114.39347,49.2572],[-114.39229,49.25636],[-114.39218,49.25499],[-114.38744,49.25111],[-114.38024,49.24952],[-114.37997,49.24824],[-114.3819,49.24683],[-114.39053,49.24511],[-114.39663,49.24297],[-114.40144,49.24241],[-114.40291,49.2408],[-114.40339,49.23588],[-114.40285,49.23234],[-114.40111,49.22867],[-114.40202,49.22728],[-114.40539,49.22616],[-114.40591,49.22476],[-114.40241,49.22256],[-114.39736,49.2219],[-114.39395,49.21943],[-114.39838,49.21548],[-114.40218,49.2133],[-114.39585,49.20884],[-114.38087,49.20361],[-114.37341,49.20242],[-114.36554,49.20348],[-114.36175,49.20225],[-114.36067,49.20185],[-114.35873,49.19826],[-114.35674,49.19659],[-114.3501,49.19467],[-114.34862,49.19338],[-114.34606,49.1934],[-114.33905,49.19616],[-114.33665,49.19939],[-114.32834,49.19895],[-114.31805,49.20032],[-114.3147,49.19468],[-114.31112,49.19224],[-114.30607,49.19091],[-114.30031,49.19103],[-114.29812,49.18891],[-114.29379,49.18808],[-114.28924,49.18397],[-114.28914,49.1802],[-114.28518,49.17863],[-114.27971,49.17903],[-114.27565,49.18099],[-114.27007,49.18156],[-114.26659,49.17939],[-114.26346,49.17929],[-114.26032,49.17749],[-114.2566,49.17705],[-114.25385,49.17929],[-114.25049,49.18409],[-114.24744,49.18636],[-114.24442,49.18659],[-114.24011,49.18441],[-114.23907,49.18451],[-114.23907,49.18512],[-114.236,49.18446],[-114.2329,49.18512],[-114.23188,49.18813],[-114.23062,49.18923],[-114.22262,49.1889],[-114.22087,49.18743],[-114.22055,49.1857],[-114.21847,49.18448],[-114.21677,49.18218],[-114.21618,49.17984],[-114.21377,49.17636],[-114.21394,49.17518],[-114.21169,49.17248],[-114.20773,49.17146],[-114.20453,49.16958],[-114.19663,49.1696],[-114.18523,49.16591],[-114.17469,49.16362],[-114.17206,49.16204],[-114.17191,49.16058],[-114.16995,49.15861],[-114.16212,49.15549],[-114.16155,49.15199],[-114.15951,49.14993],[-114.14996,49.14399],[-114.15744,49.13997],[-114.16122,49.13937],[-114.16665,49.13567],[-114.1626,49.13218],[-114.16007,49.12764],[-114.15845,49.12687],[-114.15807,49.1238],[-114.15522,49.12199],[-114.15324,49.11926],[-114.15027,49.11844],[-114.14994,49.11038],[-114.15147,49.10771],[-114.15179,49.10533],[-114.15387,49.10274],[-114.15333,49.09955],[-114.15169,49.09757],[-114.14773,49.0932],[-114.14415,49.09106],[-114.14082,49.0875],[-114.13274,49.08286],[-114.13132,49.07923],[-114.1157,49.07351],[-114.11387,49.07047],[-114.10604,49.06405],[-114.0993,49.06044],[-114.09241,49.05867],[-114.08909,49.05838],[-114.0805,49.06028],[-114.07695,49.05394],[-114.07214,49.0514],[-114.06639,49.04675],[-114.06418,49.04615],[-114.05787,49.04652],[-114.05576,49.03748],[-114.05615,49.03384],[-114.05436,49.02905],[-114.05719,49.02847],[-114.05372,49.02554],[-114.0545,49.02424],[-114.05902,49.02261],[-114.0571,49.02062],[-114.0583,49.01863],[-114.07175,49.00571],[-114.07219,49.00202],[-114.06984,49.0],[-120.8519,49.00002]]]}}]}